#ifndef BR3109_MP3_H_
#define BR3109_MP3_H_

const uint32_t FR9009_FIRMWARE[] = {/*version:fr9009_firmware_V3.2.15_20260721 2026-07-21 17:24  hash:f428ba09856c2ebae231151f2f0894ab064c5a5f**/
0x0005F958,
0x000010D5,
0x000010DD,
0x000048F1,
0x000010E1,
0x000010E3,
0x000010E5,
0x00000000,
0x00000000,
0x00000000,
0x00000000,
0x0000181D,
0x000010E9,
0x00000000,
0x000018B5,
0x000018C5,
0x00005175,
0x00005149,
0x00006165,
0x000090AD,
0x00007E6D,
0x00007E2D,
0x00006379,
0x000048C5,
0x000048A1,
0x00004971,
0x0000595D,
0x00005981,
0x000010EF,
0x000010EF,
0x000010EF,
0x000010EF,
0x00007DF9,
0x00002B9D,
0x00005BC9,
0x00006AE5,
0x00008151,
0x00004641,
0x000010EF,
0x000010EF,
0x000010EF,
0x000010EF,
0x000010EF,
0x000010EF,
0x000010EF,
0x000010EF,
0x000010EF,
0x000010EF,
0x00005ED1,
0x00004951,
0x00003D89,
0x00007EB1,
0x00007E95,
0x00008365,
0x000083BD,
0x0000843D,
0x00007FE1,
0x00007FB5,
0x00008341,
0x00008125,
0x0000838D,
0x000010EF,
0x000010EF,
0x000010EF,
0x00006B55,
0x00006925,
0x00006ABD,
0x00006991,
0x00006969,
0x00006D29,
0x00006D55,
0x00006B79,
0x00006945,
0x00006B35,
0x00006A75,
0x00006A99,
0x000010EF,
0x000010EF,
0x000010EF,
0x000010EF,
0x000010EF,
0x00004A11,
0x000010EF,
0x000010EF,
0x000010EF,
0x000010EF,
0x000010EF,
0x000010EF,
0x000010EF,
0x000010EF,
0x000010EF,
0x000010EF,
0x00008DED,
0x00008E1D,
0x00003315,
0x000047B9,
0x000010EF,
0x000010EF,
0x000010EF,
0x000010EF,
0x000010EF,
0x000010EF,
0xFFFFFFFF,
0xFFFFFFFF,
0xFFFFFFFF,
0xFFFFFFFF,
0xFFFFFFFF,
0xFFFFFFFF,
0xFFFFFFFF,
0xFFFFFFFF,
0xFFFFFFFF,
0xFFFFFFFF,
0xFFFFFFFF,
0xFFFFFFFF,
0xFFFFFFFF,
0xFFFFFFFF,
0xFFFFFFFF,
0xFFFFFFFF,
0xFFFFFFFF,
0xFFFFFFFF,
0xFFFFFFFF,
0xFFFFFFFF,
0xFFFFFFFF,
0xFFFFFFFF,
0xFFFFFFFF,
0xFFFFFFFF,
0xFFFFFFFF,
0xFFFFFFFF,
0xFFFFFFFF,
0xFFFFFFFF,
0xFFFFFFFF,
0xFFFFFFFF,
0xFFFFFFFF,
0xFFFFFFFF,
0xFFFFFFFF,
0xFFFFFFFF,
0xFFFFFFFF,
0xFFFFFFFF,
0xFFFFFFFF,
0xFFFFFFFF,
0xFFFFFFFF,
0xFFFFFFFF,
0xFFFFFFFF,
0xFFFFFFFF,
0xFFFFFFFF,
0xFFFFFFFF,
0xFFFFFFFF,
0xFFFFFFFF,
0xFFFFFFFF,
0xFFFFFFFF,
0xFFFFFFFF,
0xFFFFFFFF,
0xFFFFFFFF,
0xFFFFFFFF,
0xFFFFFFFF,
0xFFFFFFFF,
0xFFFFFFFF,
0xFFFFFFFF,
0xFFFFFFFF,
0xFFFFFFFF,
0xFFFFFFFF,
0xFFFFFFFF,
0xFFFFFFFF,
0xFFFFFFFF,
0xFFFFFFFF,
0xFFFFFFFF,
0xFFFFFFFF,
0xFFFFFFFF,
0xFFFFFFFF,
0xFFFFFFFF,
0xFFFFFFFF,
0xFFFFFFFF,
0xFFFFFFFF,
0xFFFFFFFF,
0xFFFFFFFF,
0xFFFFFFFF,
0xFFFFFFFF,
0xFFFFFFFF,
0xFFFFFFFF,
0xFFFFFFFF,
0xFFFFFFFF,
0xFFFFFFFF,
0xFFFFFFFF,
0xFFFFFFFF,
0xFFFFFFFF,
0xFFFFFFFF,
0xFFFFFFFF,
0xFFFFFFFF,
0xFFFFFFFF,
0xFFFFFFFF,
0xFFFFFFFF,
0xFFFFFFFF,
0xFFFFFFFF,
0xFFFFFFFF,
0xFFFFFFFF,
0xFFFFFFFF,
0xFFFFFFFF,
0xFFFFFFFF,
0xFFFFFFFF,
0xFFFFFFFF,
0xFFFFFFFF,
0xFFFFFFFF,
0xFFFFFFFF,
0xFFFFFFFF,
0xFFFFFFFF,
0xFFFFFFFF,
0xFFFFFFFF,
0xFFFFFFFF,
0xFFFFFFFF,
0xFFFFFFFF,
0xFFFFFFFF,
0xFFFFFFFF,
0xFFFFFFFF,
0xFFFFFFFF,
0xFFFFFFFF,
0xFFFFFFFF,
0xFFFFFFFF,
0xFFFFFFFF,
0xFFFFFFFF,
0xFFFFFFFF,
0xFFFFFFFF,
0xFFFFFFFF,
0xFFFFFFFF,
0xFFFFFFFF,
0xFFFFFFFF,
0xFFFFFFFF,
0xFFFFFFFF,
0xFFFFFFFF,
0xFFFFFFFF,
0xFFFFFFFF,
0xFFFFFFFF,
0xFFFFFFFF,
0xFFFFFFFF,
0xFFFFFFFF,
0xFFFFFFFF,
0xFFFFFFFF,
0xFFFFFFFF,
0xFFFFFFFF,
0xFFFFFFFF,
0xFFFFFFFF,
0xFFFFFFFF,
0xFFFFFFFF,
0xFFFFFFFF,
0xFFFFFFFF,
0xFFFFFFFF,
0xFFFFFFFF,
0xFFFFFFFF,
0xFFFFFFFF,
0xFFFFFFFF,
0xFFFFFFFF,
0xFFFFFFFF,
0xFFFFFFFF,
0xFFFFFFFF,
0xFFFFFFFF,
0xFFFFFFFF,
0x0002F720,
0xFFFFFFFF,
0xFFFFFFFF,
0xFFFFFFFF,
0xFFFFFFFF,
0xFFFFFFFF,
0xFFFFFFFF,
0xFFFFFFFF,
0xFFFFFFFF,
0xFFFFFFFF,
0xFFFFFFFF,
0xFFFFFFFF,
0xFFFFFFFF,
0xFFFFFFFF,
0xFFFFFFFF,
0xFFFFFFFF,
0xFFFFFFFF,
0xFFFFFFFF,
0xFFFFFFFF,
0xFFFFFFFF,
0xFFFFFFFF,
0xFFFFFFFF,
0xFFFFFFFF,
0xFFFFFFFF,
0xFFFFFFFF,
0xFFFFFFFF,
0xFFFFFFFF,
0xFFFFFFFF,
0xFFFFFFFF,
0xFFFFFFFF,
0xFFFFFFFF,
0xFFFFFFFF,
0xFFFFFFFF,
0xFFFFFFFF,
0xFFFFFFFF,
0xFFFFFFFF,
0xFFFFFFFF,
0xFFFFFFFF,
0xFFFFFFFF,
0xFFFFFFFF,
0xFFFFFFFF,
0xFFFFFFFF,
0xFFFFFFFF,
0xFFFFFFFF,
0xFFFFFFFF,
0xFFFFFFFF,
0xFFFFFFFF,
0xFFFFFFFF,
0xFFFFFFFF,
0xFFFFFFFF,
0xFFFFFFFF,
0xFFFFFFFF,
0xFFFFFFFF,
0xFFFFFFFF,
0xFFFFFFFF,
0xFFFFFFFF,
0xFFFFFFFF,
0xFFFFFFFF,
0xFFFFFFFF,
0xFFFFFFFF,
0xFFFFFFFF,
0xFFFFFFFF,
0xFFFFFFFF,
0xFFFFFFFF,
0xFFFFFFFF,
0xFFFFFFFF,
0xFFFFFFFF,
0xFFFFFFFF,
0xFFFFFFFF,
0xFFFFFFFF,
0xFFFFFFFF,
0xFFFFFFFF,
0xFFFFFFFF,
0xFFFFFFFF,
0xFFFFFFFF,
0xFFFFFFFF,
0xFFFFFFFF,
0xFFFFFFFF,
0xFFFFFFFF,
0xFFFFFFFF,
0xFFFFFFFF,
0xFFFFFFFF,
0xFFFFFFFF,
0xFFFFFFFF,
0xFFFFFFFF,
0xFFFFFFFF,
0xFFFFFFFF,
0xFFFFFFFF,
0xFFFFFFFF,
0xFFFFFFFF,
0xFFFFFFFF,
0xFFFFFFFF,
0xFFFFFFFF,
0xFFFFFFFF,
0xFFFFFFFF,
0xFFFFFFFF,
0xFFFFFFFF,
0xFFFFFFFF,
0xFFFFFFFF,
0xFFFFFFFF,
0xFFFFFFFF,
0xFFFFFFFF,
0xFFFFFFFF,
0xFFFFFFFF,
0xFFFFFFFF,
0xFFFFFFFF,
0xFFFFFFFF,
0xFFFFFFFF,
0xFFFFFFFF,
0xFFFFFFFF,
0xFFFFFFFF,
0xFFFFFFFF,
0xFFFFFFFF,
0xFFFFFFFF,
0xFFFFFFFF,
0xFFFFFFFF,
0xFFFFFFFF,
0xFFFFFFFF,
0xFFFFFFFF,
0xFFFFFFFF,
0xFFFFFFFF,
0xFFFFFFFF,
0xFFFFFFFF,
0xFFFFFFFF,
0xFFFFFFFF,
0xFFFFFFFF,
0xFFFFFFFF,
0xFFFFFFFF,
0xFFFFFFFF,
0xFFFFFFFF,
0xFFFFFFFF,
0xFFFFFFFF,
0xFFFFFFFF,
0xFFFFFFFF,
0xFFFFFFFF,
0xFFFFFFFF,
0xFFFFFFFF,
0xFFFFFFFF,
0xFFFFFFFF,
0xFFFFFFFF,
0xFFFFFFFF,
0xFFFFFFFF,
0xFFFFFFFF,
0xFFFFFFFF,
0xFFFFFFFF,
0xFFFFFFFF,
0xFFFFFFFF,
0xFFFFFFFF,
0xFFFFFFFF,
0xFFFFFFFF,
0xFFFFFFFF,
0xFFFFFFFF,
0xFFFFFFFF,
0xFFFFFFFF,
0xFFFFFFFF,
0xFFFFFFFF,
0xFFFFFFFF,
0xFFFFFFFF,
0xFFFFFFFF,
0xFFFFFFFF,
0xFFFFFFFF,
0xFFFFFFFF,
0xFFFFFFFF,
0xFFFFFFFF,
0xFFFFFFFF,
0xFFFFFFFF,
0xFFFFFFFF,
0xFFFFFFFF,
0xFFFFFFFF,
0xFFFFFFFF,
0xFFFFFFFF,
0xFFFFFFFF,
0xFFFFFFFF,
0xFFFFFFFF,
0xFFFFFFFF,
0xFFFFFFFF,
0xFFFFFFFF,
0xFFFFFFFF,
0xFFFFFFFF,
0xFFFFFFFF,
0xFFFFFFFF,
0xFFFFFFFF,
0xFFFFFFFF,
0xFFFFFFFF,
0xFFFFFFFF,
0xFFFFFFFF,
0xFFFFFFFF,
0xFFFFFFFF,
0xFFFFFFFF,
0xFFFFFFFF,
0xFFFFFFFF,
0xFFFFFFFF,
0xFFFFFFFF,
0xFFFFFFFF,
0xFFFFFFFF,
0xFFFFFFFF,
0xFFFFFFFF,
0xFFFFFFFF,
0xFFFFFFFF,
0xFFFFFFFF,
0xFFFFFFFF,
0xFFFFFFFF,
0xFFFFFFFF,
0xFFFFFFFF,
0xFFFFFFFF,
0xFFFFFFFF,
0xFFFFFFFF,
0xFFFFFFFF,
0xFFFFFFFF,
0xFFFFFFFF,
0xFFFFFFFF,
0xFFFFFFFF,
0xFFFFFFFF,
0xFFFFFFFF,
0xFFFFFFFF,
0xFFFFFFFF,
0xFFFFFFFF,
0xFFFFFFFF,
0xFFFFFFFF,
0xFFFFFFFF,
0xFFFFFFFF,
0xFFFFFFFF,
0xFFFFFFFF,
0xFFFFFFFF,
0xFFFFFFFF,
0xFFFFFFFF,
0xFFFFFFFF,
0xFFFFFFFF,
0xFFFFFFFF,
0xFFFFFFFF,
0xFFFFFFFF,
0xFFFFFFFF,
0xFFFFFFFF,
0xFFFFFFFF,
0xFFFFFFFF,
0xFFFFFFFF,
0xFFFFFFFF,
0xFFFFFFFF,
0xFFFFFFFF,
0xFFFFFFFF,
0xFFFFFFFF,
0xFFFFFFFF,
0xFFFFFFFF,
0xFFFFFFFF,
0xFFFFFFFF,
0xFFFFFFFF,
0xFFFFFFFF,
0xFFFFFFFF,
0xFFFFFFFF,
0xFFFFFFFF,
0xFFFFFFFF,
0xFFFFFFFF,
0xFFFFFFFF,
0xFFFFFFFF,
0xFFFFFFFF,
0xFFFFFFFF,
0xFFFFFFFF,
0xFFFFFFFF,
0xFFFFFFFF,
0xFFFFFFFF,
0xFFFFFFFF,
0xFFFFFFFF,
0xFFFFFFFF,
0xFFFFFFFF,
0xFFFFFFFF,
0xFFFFFFFF,
0xFFFFFFFF,
0xFFFFFFFF,
0xFFFFFFFF,
0xFFFFFFFF,
0xFFFFFFFF,
0xFFFFFFFF,
0xFFFFFFFF,
0xFFFFFFFF,
0xFFFFFFFF,
0xFFFFFFFF,
0xFFFFFFFF,
0xFFFFFFFF,
0xFFFFFFFF,
0xFFFFFFFF,
0xFFFFFFFF,
0xFFFFFFFF,
0xFFFFFFFF,
0xFFFFFFFF,
0xFFFFFFFF,
0xFFFFFFFF,
0xFFFFFFFF,
0xFFFFFFFF,
0xFFFFFFFF,
0xFFFFFFFF,
0xFFFFFFFF,
0xFFFFFFFF,
0xFFFFFFFF,
0xFFFFFFFF,
0xFFFFFFFF,
0xFFFFFFFF,
0xFFFFFFFF,
0xFFFFFFFF,
0xFFFFFFFF,
0xFFFFFFFF,
0xFFFFFFFF,
0xFFFFFFFF,
0xFFFFFFFF,
0xFFFFFFFF,
0xFFFFFFFF,
0xFFFFFFFF,
0xFFFFFFFF,
0xFFFFFFFF,
0xFFFFFFFF,
0xFFFFFFFF,
0xFFFFFFFF,
0xFFFFFFFF,
0xFFFFFFFF,
0xFFFFFFFF,
0xFFFFFFFF,
0xFFFFFFFF,
0xFFFFFFFF,
0xFFFFFFFF,
0xFFFFFFFF,
0xFFFFFFFF,
0xFFFFFFFF,
0xFFFFFFFF,
0xFFFFFFFF,
0xFFFFFFFF,
0xFFFFFFFF,
0xFFFFFFFF,
0xFFFFFFFF,
0xFFFFFFFF,
0xFFFFFFFF,
0xFFFFFFFF,
0xFFFFFFFF,
0xFFFFFFFF,
0xFFFFFFFF,
0xFFFFFFFF,
0xFFFFFFFF,
0xFFFFFFFF,
0xFFFFFFFF,
0xFFFFFFFF,
0xFFFFFFFF,
0xFFFFFFFF,
0xFFFFFFFF,
0xFFFFFFFF,
0xFFFFFFFF,
0xFFFFFFFF,
0xFFFFFFFF,
0xFFFFFFFF,
0xFFFFFFFF,
0xFFFFFFFF,
0xFFFFFFFF,
0xFFFFFFFF,
0xFFFFFFFF,
0xFFFFFFFF,
0xFFFFFFFF,
0xFFFFFFFF,
0xFFFFFFFF,
0xFFFFFFFF,
0xFFFFFFFF,
0xFFFFFFFF,
0xFFFFFFFF,
0xFFFFFFFF,
0xFFFFFFFF,
0xFFFFFFFF,
0xFFFFFFFF,
0xFFFFFFFF,
0xFFFFFFFF,
0xFFFFFFFF,
0xFFFFFFFF,
0xFFFFFFFF,
0xFFFFFFFF,
0xFFFFFFFF,
0xFFFFFFFF,
0xFFFFFFFF,
0xFFFFFFFF,
0xFFFFFFFF,
0xFFFFFFFF,
0xFFFFFFFF,
0xFFFFFFFF,
0xFFFFFFFF,
0xFFFFFFFF,
0xFFFFFFFF,
0xFFFFFFFF,
0xFFFFFFFF,
0xFFFFFFFF,
0xFFFFFFFF,
0xFFFFFFFF,
0xFFFFFFFF,
0xFFFFFFFF,
0xFFFFFFFF,
0xFFFFFFFF,
0xFFFFFFFF,
0xFFFFFFFF,
0xFFFFFFFF,
0xFFFFFFFF,
0xFFFFFFFF,
0xFFFFFFFF,
0xFFFFFFFF,
0xFFFFFFFF,
0xFFFFFFFF,
0xFFFFFFFF,
0xFFFFFFFF,
0xFFFFFFFF,
0xFFFFFFFF,
0xFFFFFFFF,
0xFFFFFFFF,
0xFFFFFFFF,
0xFFFFFFFF,
0xFFFFFFFF,
0xFFFFFFFF,
0xFFFFFFFF,
0xFFFFFFFF,
0xFFFFFFFF,
0xFFFFFFFF,
0xFFFFFFFF,
0xFFFFFFFF,
0xFFFFFFFF,
0xFFFFFFFF,
0xFFFFFFFF,
0xFFFFFFFF,
0xFFFFFFFF,
0xFFFFFFFF,
0xFFFFFFFF,
0xFFFFFFFF,
0xFFFFFFFF,
0xFFFFFFFF,
0xFFFFFFFF,
0xFFFFFFFF,
0xFFFFFFFF,
0xFFFFFFFF,
0xFFFFFFFF,
0xFFFFFFFF,
0xFFFFFFFF,
0xFFFFFFFF,
0xFFFFFFFF,
0xFFFFFFFF,
0xFFFFFFFF,
0xFFFFFFFF,
0xFFFFFFFF,
0xFFFFFFFF,
0xFFFFFFFF,
0xFFFFFFFF,
0xFFFFFFFF,
0xFFFFFFFF,
0xFFFFFFFF,
0xFFFFFFFF,
0xFFFFFFFF,
0xFFFFFFFF,
0xFFFFFFFF,
0xFFFFFFFF,
0xFFFFFFFF,
0xFFFFFFFF,
0xFFFFFFFF,
0xFFFFFFFF,
0xFFFFFFFF,
0xFFFFFFFF,
0xFFFFFFFF,
0xFFFFFFFF,
0xFFFFFFFF,
0xFFFFFFFF,
0xFFFFFFFF,
0xFFFFFFFF,
0xFFFFFFFF,
0xFFFFFFFF,
0xFFFFFFFF,
0xFFFFFFFF,
0xFFFFFFFF,
0xFFFFFFFF,
0xFFFFFFFF,
0xFFFFFFFF,
0xFFFFFFFF,
0xFFFFFFFF,
0xFFFFFFFF,
0xFFFFFFFF,
0xFFFFFFFF,
0xFFFFFFFF,
0xFFFFFFFF,
0xFFFFFFFF,
0xFFFFFFFF,
0xFFFFFFFF,
0xFFFFFFFF,
0xFFFFFFFF,
0xFFFFFFFF,
0xFFFFFFFF,
0xFFFFFFFF,
0xFFFFFFFF,
0xFFFFFFFF,
0xFFFFFFFF,
0xFFFFFFFF,
0xFFFFFFFF,
0xFFFFFFFF,
0xFFFFFFFF,
0xFFFFFFFF,
0xFFFFFFFF,
0xFFFFFFFF,
0xFFFFFFFF,
0xFFFFFFFF,
0xFFFFFFFF,
0xFFFFFFFF,
0xFFFFFFFF,
0xFFFFFFFF,
0xFFFFFFFF,
0xFFFFFFFF,
0xFFFFFFFF,
0xFFFFFFFF,
0xFFFFFFFF,
0xFFFFFFFF,
0xFFFFFFFF,
0xFFFFFFFF,
0xFFFFFFFF,
0xFFFFFFFF,
0xFFFFFFFF,
0xFFFFFFFF,
0xFFFFFFFF,
0xFFFFFFFF,
0xFFFFFFFF,
0xFFFFFFFF,
0xFFFFFFFF,
0xFFFFFFFF,
0xFFFFFFFF,
0xFFFFFFFF,
0xFFFFFFFF,
0xFFFFFFFF,
0xFFFFFFFF,
0xFFFFFFFF,
0xFFFFFFFF,
0xFFFFFFFF,
0xFFFFFFFF,
0xFFFFFFFF,
0xFFFFFFFF,
0xFFFFFFFF,
0xFFFFFFFF,
0xFFFFFFFF,
0xFFFFFFFF,
0xFFFFFFFF,
0xFFFFFFFF,
0xFFFFFFFF,
0xFFFFFFFF,
0xFFFFFFFF,
0xFFFFFFFF,
0xFFFFFFFF,
0xFFFFFFFF,
0xFFFFFFFF,
0xFFFFFFFF,
0xFFFFFFFF,
0xFFFFFFFF,
0xFFFFFFFF,
0xFFFFFFFF,
0xFFFFFFFF,
0xFFFFFFFF,
0xFFFFFFFF,
0xFFFFFFFF,
0xFFFFFFFF,
0xFFFFFFFF,
0xFFFFFFFF,
0xFFFFFFFF,
0xFFFFFFFF,
0xFFFFFFFF,
0xFFFFFFFF,
0xFFFFFFFF,
0xFFFFFFFF,
0xFFFFFFFF,
0xFFFFFFFF,
0xFFFFFFFF,
0xFFFFFFFF,
0xFFFFFFFF,
0xFFFFFFFF,
0xFFFFFFFF,
0xFFFFFFFF,
0xFFFFFFFF,
0xFFFFFFFF,
0xFFFFFFFF,
0xFFFFFFFF,
0xFFFFFFFF,
0xFFFFFFFF,
0xFFFFFFFF,
0xFFFFFFFF,
0xFFFFFFFF,
0xFFFFFFFF,
0xFFFFFFFF,
0xFFFFFFFF,
0xFFFFFFFF,
0xFFFFFFFF,
0xFFFFFFFF,
0xFFFFFFFF,
0xFFFFFFFF,
0xFFFFFFFF,
0xFFFFFFFF,
0xFFFFFFFF,
0xFFFFFFFF,
0xFFFFFFFF,
0xFFFFFFFF,
0xFFFFFFFF,
0xFFFFFFFF,
0xFFFFFFFF,
0xFFFFFFFF,
0xFFFFFFFF,
0xFFFFFFFF,
0xFFFFFFFF,
0xFFFFFFFF,
0xFFFFFFFF,
0xFFFFFFFF,
0xFFFFFFFF,
0xFFFFFFFF,
0xFFFFFFFF,
0xFFFFFFFF,
0xFFFFFFFF,
0xFFFFFFFF,
0xFFFFFFFF,
0xFFFFFFFF,
0xFFFFFFFF,
0xFFFFFFFF,
0xFFFFFFFF,
0xFFFFFFFF,
0xFFFFFFFF,
0xFFFFFFFF,
0xFFFFFFFF,
0xFFFFFFFF,
0xFFFFFFFF,
0xFFFFFFFF,
0xFFFFFFFF,
0xFFFFFFFF,
0xFFFFFFFF,
0xFFFFFFFF,
0xFFFFFFFF,
0xFFFFFFFF,
0xFFFFFFFF,
0xFFFFFFFF,
0xFFFFFFFF,
0xFFFFFFFF,
0xFFFFFFFF,
0xFFFFFFFF,
0xFFFFFFFF,
0xFFFFFFFF,
0xFFFFFFFF,
0xFFFFFFFF,
0xFFFFFFFF,
0xFFFFFFFF,
0xFFFFFFFF,
0xFFFFFFFF,
0xFFFFFFFF,
0xFFFFFFFF,
0xFFFFFFFF,
0xFFFFFFFF,
0xFFFFFFFF,
0xFFFFFFFF,
0xFFFFFFFF,
0xFFFFFFFF,
0xFFFFFFFF,
0xFFFFFFFF,
0xFFFFFFFF,
0xFFFFFFFF,
0xFFFFFFFF,
0xFFFFFFFF,
0xFFFFFFFF,
0xFFFFFFFF,
0xFFFFFFFF,
0xFFFFFFFF,
0xFFFFFFFF,
0xFFFFFFFF,
0xFFFFFFFF,
0xFFFFFFFF,
0xFFFFFFFF,
0xFFFFFFFF,
0xFFFFFFFF,
0xFFFFFFFF,
0xFFFFFFFF,
0xFFFFFFFF,
0xFFFFFFFF,
0xFFFFFFFF,
0xFFFFFFFF,
0xFFFFFFFF,
0xFFFFFFFF,
0xFFFFFFFF,
0xFFFFFFFF,
0xFFFFFFFF,
0xFFFFFFFF,
0xFFFFFFFF,
0xFFFFFFFF,
0xFFFFFFFF,
0xFFFFFFFF,
0xFFFFFFFF,
0xFFFFFFFF,
0xFFFFFFFF,
0xFFFFFFFF,
0xFFFFFFFF,
0xFFFFFFFF,
0xFFFFFFFF,
0xFFFFFFFF,
0xFFFFFFFF,
0xFFFFFFFF,
0xFFFFFFFF,
0xFFFFFFFF,
0xFFFFFFFF,
0xFFFFFFFF,
0xFFFFFFFF,
0xFFFFFFFF,
0xFFFFFFFF,
0xFFFFFFFF,
0xFFFFFFFF,
0xFFFFFFFF,
0xFFFFFFFF,
0xFFFFFFFF,
0xFFFFFFFF,
0xFFFFFFFF,
0xFFFFFFFF,
0xFFFFFFFF,
0xFFFFFFFF,
0xFFFFFFFF,
0xFFFFFFFF,
0xFFFFFFFF,
0xFFFFFFFF,
0xFFFFFFFF,
0xFFFFFFFF,
0xFFFFFFFF,
0xFFFFFFFF,
0xFFFFFFFF,
0xFFFFFFFF,
0xFFFFFFFF,
0xFFFFFFFF,
0xFFFFFFFF,
0xFFFFFFFF,
0xFFFFFFFF,
0xFFFFFFFF,
0xFFFFFFFF,
0xFFFFFFFF,
0xFFFFFFFF,
0xFFFFFFFF,
0xFFFFFFFF,
0xFFFFFFFF,
0xFFFFFFFF,
0xFFFFFFFF,
0xFFFFFFFF,
0xFFFFFFFF,
0xFFFFFFFF,
0xFFFFFFFF,
0xFFFFFFFF,
0xFFFFFFFF,
0xFFFFFFFF,
0xFFFFFFFF,
0xFFFFFFFF,
0xFFFFFFFF,
0xFFFFFFFF,
0xFFFFFFFF,
0xFFFFFFFF,
0xFFFFFFFF,
0xFFFFFFFF,
0xFFFFFFFF,
0xFFFFFFFF,
0xFFFFFFFF,
0xFFFFFFFF,
0xFFFFFFFF,
0xFFFFFFFF,
0xFFFFFFFF,
0xFFFFFFFF,
0xFFFFFFFF,
0xFFFFFFFF,
0xFFFFFFFF,
0xFFFFFFFF,
0xFFFFFFFF,
0xFFFFFFFF,
0xFFFFFFFF,
0xFFFFFFFF,
0xFFFFFFFF,
0xFFFFFFFF,
0xFFFFFFFF,
0xFFFFFFFF,
0xFFFFFFFF,
0xFFFFFFFF,
0xFFFFFFFF,
0xFFFFFFFF,
0x2B011C4B,
0x4770BF98,
0x03F0E92D,
0x089B1C91,
0x8004F8B1,
0x9002F8B1,
0xF831880A,
0x4480CC02,
0x44024481,
0xF8D94484,
0xF8D87000,
0x68156000,
0x4000F8DC,
0x6000F8C9,
0x7000F8C8,
0x5000F8CC,
0xF8D96014,
0xF8D87004,
0x68556004,
0x4004F8DC,
0x6004F8C9,
0x7004F8C8,
0x5004F8CC,
0x31086054,
0xD1D51E5B,
0x03F0E8BD,
0x1C4B4770,
0xBF982B01,
0xE92D4770,
0x1C9103F0,
0xF8B1089B,
0xF8B18004,
0x880A9002,
0xCC02F831,
0x0858EB00,
0x0959EB00,
0x0252EB00,
0x0C5CEB00,
0x7000F8D9,
0x6000F8D8,
0xF8DC6815,
0xF8C94000,
0xF8C86000,
0xF8CC7000,
0x60145000,
0x1E5B3108,
0xE8BDD1DF,
0x477003F0,
0xD00CF8DF,
0xFBD2F001,
0x47004800,
0x0001B5C5,
0x0005F958,
0x47804806,
0x47004806,
0xE7FEE7FE,
0xE7FEE7FE,
0xE7FEE7FE,
0xE7FEE7FE,
0xE7FEE7FE,
0x00007DD9,
0x000010C1,
0x41F0E92D,
0xED2D4606,
0x468C8B02,
0x68738800,
0x0480EB01,
0x46270845,
0x0085EB01,
0x0285EB04,
0x0895EA5F,
0xBF00D07D,
0x3A00EDD1,
0x1A00EDD4,
0x2A01ED91,
0x3A01ED94,
0x6AA1EE73,
0x4A02ED91,
0x1A03ED91,
0x2A02EDD4,
0x5A03EDD4,
0x8A00ED90,
0x7A01ED90,
0x0A02ED90,
0x6A03ED90,
0x5A00ED92,
0x4A01EDD2,
0x7A02EDD2,
0x0A03EDD2,
0x6A00EDC1,
0x6A03EE72,
0x3AE1EE73,
0x1AC7EE74,
0x6A01EDC1,
0x6A22EE74,
0x2A62EE74,
0x4AC0EE37,
0x6A02EDC1,
0x6A25EE71,
0x6A03EDC1,
0x6A43EE72,
0x2A65EE31,
0x1A05EE38,
0x3A48EE35,
0x1A00ED80,
0x1A24EE37,
0x1A01ED80,
0x1A27EE30,
0x1A02ED80,
0x1A20EE36,
0x1A03ED80,
0x1AC6EE30,
0x0A00ED93,
0x0A01EDD3,
0x4A80EE63,
0x5AA0EE26,
0x5A80EE66,
0x3AA0EE63,
0x4A85EE74,
0x3AE3EE75,
0x4A00EDC4,
0x4A20EE63,
0x3A01EDC4,
0x3A80EE61,
0x0AA0EE61,
0x0A00EE23,
0x1AE3EE74,
0x0A80EE30,
0x1A00EDC2,
0x0A01ED82,
0x0A02ED93,
0x0A03EDD3,
0x3A80EE62,
0x3A20EE22,
0xE024E000,
0x1AA0EE62,
0x2A00EE22,
0x2A83EE73,
0x31103010,
0x1A61EE72,
0x2A02EDC4,
0x2A20EE24,
0x1A03EDC4,
0x1A00EE61,
0x0A20EE61,
0x0A00EE24,
0xEE323310,
0x34101A61,
0x0A80EE30,
0x1A02ED82,
0x0A03ED82,
0xF1B83210,
0xF47F0801,
0x4629AF5D,
0x46602302,
0xF0006872,
0x6872FB37,
0xECBD4629,
0x46388B02,
0x41F0E8BD,
0xF0002302,
0xE92DBB2D,
0xED2D4FF3,
0xB0878B04,
0x8800980B,
0xEB010847,
0xEB000087,
0xEB060687,
0xE9CD0587,
0xF8DD5600,
0xF1A5802C,
0xEB0C0C04,
0xE9CD0387,
0xEA4F0102,
0xF8D80957,
0x27048004,
0x9704E9CD,
0x0A00EDD1,
0x0A00ED96,
0x1A01ED90,
0x3A01ED95,
0x2A80EE70,
0x3AC0EE70,
0x0A01EDD1,
0x0A01ED96,
0x1F321F04,
0x2A80EE30,
0x1AC0EE70,
0x0A23EE31,
0x0A00EDD0,
0x5A41EE32,
0x1AC1EE33,
0x4A43EE30,
0x4AE0EE71,
0x0A00ED95,
0x1AA1EE70,
0x5A43EE35,
0x5A80EE74,
0x4AE0EE72,
0x0AA2EE70,
0x1AC0EE71,
0x1A03EE31,
0x4AC0EE74,
0x0A80EE30,
0xF1082706,
0xED810A08,
0xED900A00,
0xEDD50A01,
0xF1080A01,
0xEE300B10,
0xF1080A02,
0xEE300818,
0xED810A20,
0xED800A01,
0xEDC04A00,
0xEDC65A01,
0xED864A00,
0xED855A01,
0xEDC51A00,
0xF8DD1A01,
0x30089010,
0x35083108,
0xF1A93608,
0xEA5F0902,
0xF0000959,
0xBF008107,
0x0A00EDD1,
0x0A00ED96,
0x1A01EDD0,
0x4A01EDD5,
0x2A80EE30,
0x5AC0EE30,
0x0A01EDD1,
0x0A01ED96,
0x2A80EE70,
0x1AC0EE30,
0x0A85EE31,
0x0A00EDD5,
0x4A64EE30,
0x0A00ED90,
0x3A40EE31,
0x1A01EE30,
0x5A20EE73,
0x3A40EE32,
0x0A02EE30,
0x1A60EE31,
0x3A60EE73,
0x0A20EE30,
0x3AE1EE32,
0x1A61EE75,
0x0A00ED81,
0x0A01ED90,
0x0A01EDD5,
0x3A64EE33,
0x0A22EE30,
0x1AA4EE71,
0x0A20EE30,
0x0A01ED81,
0x2A00EDD4,
0x4A00EDDC,
0x0A01ED54,
0x0A01ED1C,
0x7AA4EE32,
0x9AE4EE32,
0x2AE4EE72,
0x8A01ED52,
0x7A80EE70,
0x2AC0EE30,
0x2AE8EE72,
0x0A00EDD2,
0x0A00ED93,
0x8A01ED13,
0x5AC0EE30,
0x6A88EE72,
0x2AE8EE77,
0x6A02EE35,
0x5AC8EE32,
0x2A60EE77,
0x4AC0EE72,
0x2AC0EE70,
0x0A87EE70,
0x2AC2EE72,
0x0A80EE30,
0x2A68EE38,
0x0A00ED84,
0x0A01ED12,
0x0A01ED53,
0x2A49EE32,
0x0A27EE30,
0x0A20EE30,
0x0A01ED04,
0x0A00ED9A,
0x0A01EDDA,
0x7A00EE64,
0x7AA0EE25,
0x5A80EE65,
0x4A20EE24,
0x7A87EE37,
0x4AC4EE35,
0x7A00ED80,
0x4A01ED80,
0x4AA0EE26,
0x5A00EE66,
0x0A20EE66,
0x0A80EE26,
0xEE343008,
0x31084A65,
0x0A80EE30,
0x4A00ED82,
0xED023C08,
0xED9B0A01,
0xEDDB0A00,
0xF8DD0A01,
0xEE23E014,
0xEE634A80,
0xEE235A20,
0xEE633A00,
0x3A083AA0,
0x4A25EE34,
0x0B8EEB0B,
0x3A63EE33,
0x4A00ED86,
0x0A08F10A,
0x3A01ED86,
0x3A64EEB1,
0xEE633608,
0xEE253A00,
0xEE253A20,
0xEE640A00,
0xEE330AA0,
0xEE303AC3,
0xED8C0AC0,
0xED0C3A00,
0xED980A01,
0xEDD80A00,
0xEB080A01,
0xEE610887,
0xEE213A80,
0xEE213A20,
0xEE611A00,
0xF1AC1AA0,
0xEE330C08,
0xEE313A83,
0xED851A61,
0xEE623A00,
0xED851A80,
0xEE221A01,
0xEE621A20,
0xEE220AA0,
0x35080A00,
0x1A61EE31,
0x0A80EE30,
0x1A00ED83,
0x0A01ED03,
0xF1B93B08,
0xF47F0901,
0xBF00AEFB,
0x0A00EDD1,
0x0A00ED96,
0x1A01ED91,
0x5A01EDD0,
0x2A80EE30,
0x0AC0EE70,
0x0A01ED96,
0x5A01ED95,
0xEE712304,
0xEE711A00,
0xEE354A40,
0xED900AA0,
0xEE311A00,
0xEE704AE5,
0xEE300AE5,
0xED953A45,
0xEE340A00,
0xEE304A45,
0xEE745A85,
0xEE722AC1,
0xEE713A41,
0xEE310A24,
0xEE721A02,
0xEE732A80,
0xEE703AC0,
0xEE310AC0,
0xED810A00,
0xED900A00,
0xED950A01,
0xEE301A01,
0xEE300A21,
0xED810A01,
0xED9A0A01,
0xED9A0A00,
0xEE631A01,
0xEE221A00,
0xEE222A81,
0xEE230A80,
0xEE711A01,
0xEE301A82,
0xEDC00A41,
0xED801A00,
0xED9B0A01,
0xED9B0A00,
0xEE631A01,
0xEE241A80,
0xEE242A01,
0xEE230A00,
0xEE711A81,
0xEE301A82,
0xEDC60A41,
0xED861A00,
0xED980A01,
0xED980A01,
0xEE601A00,
0xEE251A80,
0xEE602A01,
0xEE250A81,
0xEE320A00,
0xEE301A21,
0xED850AC0,
0xED851A00,
0x980B0A01,
0xE9DD6842,
0xF0000103,
0x980BF923,
0x99042304,
0x98026842,
0xF91CF000,
0x2304980B,
0x68429904,
0xF0009801,
0x980BF915,
0x23049904,
0x98006842,
0xECBDB007,
0xB0028B04,
0x4FF0E8BD,
0xB908F000,
0x41F0E92D,
0x46988804,
0x460D4617,
0x2A014606,
0x1D28D120,
0xF1A0B1F4,
0xF0140108,
0xD0060F01,
0x0A02ED91,
0x0A40EEB1,
0x0A02ED81,
0xEA5F3108,
0xD00F0C54,
0x0A02ED91,
0x0A40EEB1,
0x0A02ED81,
0x0A04ED91,
0x0A40EEB1,
0x0A04ED81,
0xF1BC3110,
0xD1EF0C01,
0x7F80F5B4,
0xDC08D01B,
0xD0132C10,
0xD0162C20,
0xD0192C40,
0xD00D2C80,
0xF5B4E01C,
0xD0137F00,
0x6F80F5B4,
0xF5B4D006,
0xD0086F00,
0x5F80F5B4,
0xE00FD00A,
0x46304629,
0xFCCCF7FF,
0x4629E00A,
0xF7FF4630,
0xE005FD8E,
0x23014621,
0x68724628,
0xF8B4F000,
0x0F00F1B8,
0x89B1D004,
0x68B24628,
0xFC3CF7FF,
0xBF182F01,
0x81F0E8BD,
0x4A10EE00,
0x1A00EEB7,
0xEEF82C00,
0xEE810A40,
0xBF080A20,
0x81F0E8BD,
0x0008F1A5,
0x0F01F014,
0xEDD0D00E,
0xEE600A02,
0xEDC00A80,
0xEDD00A02,
0xEEF10A03,
0xEE600A60,
0xEDC00A80,
0x30080A03,
0xBF080861,
0x81F0E8BD,
0x0A02EDD0,
0x0A80EE60,
0x0A02EDC0,
0x0A03EDD0,
0x0A60EEF1,
0x0A80EE60,
0x0A03EDC0,
0x0A04EDD0,
0x0A80EE60,
0x0A04EDC0,
0x0A05EDD0,
0x0A60EEF1,
0x0A80EE60,
0x0A05EDC0,
0x1E493010,
0xE8BDD1E0,
0x000081F0,
0x0F04F01E,
0xF3EFBF0C,
0xF3EF8008,
0x69818009,
0x1C02F811,
0xB501BB91,
0x100FE890,
0xE8BD47E0,
0xE88C5000,
0x4B240003,
0x0006E893,
0xBF084291,
0xB9414770,
0x0F10F01E,
0x4920D110,
0xF0206808,
0x60080001,
0xE92CE00A,
0xF01E0FF0,
0xBF080F10,
0x8A10ED2C,
0xC038F8C1,
0xE022F881,
0xF892601A,
0x6B901022,
0x0EFFF061,
0x0F10F01E,
0xECB0BF08,
0xE8B08A10,
0xF3800FF0,
0x47708809,
0x68134A10,
0xD8FA4299,
0xF852B501,
0xC80FC021,
0xE8BD47E0,
0xF8CC5000,
0x47700000,
0xF01BB501,
0xE8BDFA33,
0xF3EF4001,
0xE7BE8C09,
0xF01BB501,
0xE8BDFC9B,
0xF3EF4001,
0xE7B68C09,
0x00000F40,
0xE000EF34,
0x0002DED4,
0x4FFFE92D,
0x8B10ED2D,
0xED9FB082,
0x460BFAFE,
0x08DB461C,
0x0C00F04F,
0x0503EB0C,
0x0803EB05,
0x0903EB08,
0x0603EB09,
0x0A03EB06,
0x07CCEB00,
0x06C6EB00,
0x1A00ED97,
0x0A00EDD6,
0x0B03EB0A,
0x05C5EB00,
0x0ACAEB00,
0x0A20EE31,
0x1A60EE71,
0x2A00ED95,
0x0A00EDDA,
0x0E03EB0B,
0x08C8EB00,
0x1A20EE32,
0x0BCBEB00,
0x2A60EE32,
0x2A00EDD8,
0x0A00EDDB,
0x09C9EB00,
0x0ECEEB00,
0x3A00ED99,
0x4A00ED9E,
0x3AA0EE72,
0x2AE0EE72,
0x0A04EE73,
0x3A44EE33,
0x6A63EE70,
0x3A23EE70,
0x0A60EE31,
0x0A20EE71,
0x1AA0EE33,
0x0AE0EE73,
0x1A00ED87,
0x0A00EDC6,
0x1A01ED97,
0x0A01EDD6,
0x3A01EDD5,
0x4A01ED98,
0x6A20EE31,
0x0A60EE71,
0x1A01ED9A,
0x5A01ED99,
0x4A81EE73,
0x3AC1EE73,
0x1A01ED9B,
0x7A01EE34,
0x1A41EE34,
0x4A01ED9E,
0x5A04EE75,
0x4A44EE35,
0x5A47EE36,
0x6A07EE36,
0x7AE5EE34,
0x4AA5EE74,
0x5A24EE76,
0x4A64EE76,
0x5A01EDC7,
0x4A01EDC6,
0x4A87EE76,
0x4A00EDC8,
0x4AC7EE76,
0x4A00EDCB,
0x4A40EE75,
0x0A00EE35,
0x4A01EDC8,
0x0A01ED8B,
0x0A43EE32,
0x2A03EE32,
0x0A0FEE20,
0x4A0FEE62,
0x2AC4EE33,
0x458C44A4,
0x3A0FEE22,
0x2A84EE33,
0x4AC3EE30,
0x3A0FEE62,
0x3A83EE30,
0x2AC0EE31,
0x0A80EE31,
0x0A63EE71,
0x1A23EE31,
0x1AE4EE72,
0x2AA4EE72,
0x3A01EE70,
0x0A41EE30,
0x3A00EDC5,
0x0A00ED8E,
0x0A20EE32,
0x0A00ED8A,
0x0A60EE32,
0x0A00ED89,
0x0A62EE33,
0x0A01ED85,
0x0A22EE33,
0x0A01ED8E,
0x0A61EE34,
0x0A01ED8A,
0x0A21EE34,
0x0A01ED89,
0xAF2EF4FF,
0xBF3F2B08,
0xECBDB002,
0xB0048B10,
0x8FF0E8BD,
0x0C00F04F,
0xC004F8CD,
0x0C01F04F,
0xC000F8CD,
0xC004F8DD,
0x44AC9D15,
0x058CEA4F,
0x070CEB05,
0xC004F8CD,
0x090CEB07,
0x084CEA4F,
0x060CEB08,
0x0A0CEB09,
0x0CCCEB02,
0x08C8EB02,
0x06C6EB02,
0x05C5EB02,
0x07C7EB02,
0x09C9EB02,
0x0ACAEB02,
0xDA00ED9C,
0x8A01ED9C,
0xCA00EDD8,
0xCA00ED96,
0xBA00EDD5,
0xBA00ED97,
0xAA00EDD9,
0x8A00EDDA,
0x7A01EDD8,
0xAA01ED96,
0x7A01ED95,
0x6A01EDD7,
0x6A01ED99,
0x9A01EDDA,
0xC000F8DD,
0x0703EB0C,
0xEB0518FD,
0xEB0A0A03,
0xEB080803,
0xEB060603,
0xEB000B03,
0xEB0009CC,
0xEDD908C8,
0xED980A00,
0xEB000A00,
0xEB0007C7,
0xEDD706C6,
0xED961A00,
0xEE701A00,
0xEB0B3A80,
0xEE700E03,
0xEE310AC0,
0xEB000A81,
0xEB0005C5,
0xEE310BCB,
0xEDD51AC1,
0xED9B1A00,
0xEB002A00,
0xEB000ACA,
0xEE310ECE,
0xEE714A82,
0xED9A1AC2,
0xEDDE2A00,
0xEE322A00,
0xEE323A22,
0xEE732A62,
0xEE732AC4,
0xEE303A84,
0xEE305A43,
0xEE330A03,
0xEE733A80,
0xED89DAC0,
0xED993A00,
0xED980A01,
0xEDD73A01,
0xED953A01,
0xEE704A01,
0xEE30EA03,
0xED963A43,
0xED9A0A01,
0xEDDEEA01,
0xEE334A01,
0xEE739A80,
0xED9B3AC0,
0xEE740A01,
0xEE345A00,
0xEE3E4A40,
0xEE7E0A24,
0xEE3E4A64,
0xEE7EEAE5,
0xEE795AA5,
0xEE39EA40,
0xEE329A00,
0xEE720AAE,
0xEE752AEE,
0xEE35EA89,
0xEE7E9AC9,
0xEDC95A45,
0xEE3EEA01,
0xEE2B5A05,
0xEE67EAAD,
0xEE2BEA09,
0xEE679A89,
0xEE3EDA2D,
0xEE39EA2E,
0xED889A6D,
0xEE67EA00,
0xED88DAA5,
0xEE2C9A01,
0xEE6C9A80,
0xEE275AA5,
0xEE390A80,
0xEE359A2D,
0xED850AC0,
0xEE669A00,
0xED855A05,
0xEE2A0A01,
0xEE2A0AA2,
0xEE665A85,
0xEE302A22,
0xED8B0A25,
0xEE350A00,
0xEE730A62,
0xED8B2AA4,
0xEE310A01,
0xEE310A42,
0xEE331A02,
0xEE622AE4,
0xEE203A8F,
0xEE210A0F,
0xEE221A0F,
0xEE702A0F,
0xEE302AC0,
0xEE710A80,
0xEE710AC1,
0xEE331A81,
0xEE331A42,
0xEE342A02,
0xEE343A63,
0xEE704A23,
0xEE303A04,
0xE0014A44,
0x3F3504F3,
0x4A83EE72,
0x2AC3EE72,
0x3A61EE32,
0x0A21EE32,
0x1A60EE71,
0x0A20EE71,
0x2A23EE2D,
0x1A03EE28,
0x3A03EE2D,
0x3A23EE68,
0xEE3244A4,
0xEE281A01,
0x458C2A84,
0x1A00ED87,
0x1A63EE33,
0x3A84EE29,
0x1A01ED87,
0x1A80EE29,
0x0A80EE28,
0x1A01EE32,
0x0A43EE30,
0x2AA4EE26,
0x1A00ED8E,
0x0A01ED8E,
0x0A24EE2B,
0x1AA1EE26,
0x1A21EE6B,
0x0A01EE30,
0x1A22EE2C,
0x0A00ED86,
0x0AC2EE31,
0x1A22EE6A,
0x0A01ED86,
0x0A20EE2A,
0x0A20EE6C,
0x0A00EE31,
0x0A00ED8A,
0x0AE1EE30,
0x0A01ED8A,
0xAED8F4FF,
0xC000F8DD,
0x0C01F10C,
0xC000F8CD,
0xF63F4563,
0xF8DDAE91,
0xF64FC054,
0xEA0474FF,
0xF8CD0CCC,
0x2B07C054,
0xADA0F63F,
0xECBDB002,
0xB0048B10,
0x8FF0E8BD,
0x5FF0E92D,
0x20004605,
0x469B4692,
0x46064688,
0x24404681,
0x4628E01B,
0x46474641,
0xF0004622,
0x4653FBB3,
0x1AC0465A,
0xD3104191,
0x46184611,
0xF0004622,
0x1A2DFB9A,
0x0801EB67,
0x4622464F,
0x21002001,
0xFB91F000,
0x0900EB17,
0x1E20414E,
0x0401F1A4,
0x4648DCDF,
0x462A4631,
0xE8BD4643,
0xE92D9FF0,
0x240041F0,
0x46251B06,
0x0600F171,
0x2401DA05,
0xEBD02700,
0xEB670007,
0x1E160101,
0x0600F173,
0x2700DA05,
0x0207EBD2,
0xEB672501,
0xF7FF0303,
0x4686FFB5,
0x4617460E,
0x42AC469C,
0x2500D004,
0x0E05EBD0,
0x0601EB65,
0x2000B124,
0x0700EBD2,
0x0C03EB60,
0x46314670,
0x4663463A,
0x81F0E8BD,
0x4A074906,
0x43506808,
0x0239F243,
0x60084410,
0x47700840,
0x60084901,
0x00004770,
0x00000C78,
0x41C64E6D,
0x0301EA40,
0xD003079B,
0xC908E009,
0xC0081F12,
0xD2FA2A04,
0xF811E003,
0xF8003B01,
0x1E523B01,
0x4770D2F9,
0xE001B2D2,
0x2B01F800,
0xD2FB1E49,
0x22004770,
0xB510E7F6,
0x460A4613,
0x46194604,
0xFFF0F7FF,
0xBD104620,
0xF8101C42,
0x29001B01,
0x1A80D1FB,
0xE92D4770,
0x46804FFE,
0x0003EA81,
0x460C0FC0,
0xF0219000,
0xF0234100,
0xEBB84500,
0x41A90002,
0x4640D205,
0x46904621,
0x460B461C,
0xF0234602,
0x43104000,
0x0D27D047,
0x000AF3C7,
0x510AF3C3,
0x1A409002,
0x28409001,
0xF3C3DA6B,
0xF4400013,
0x98001B80,
0xB1204692,
0xEBD22300,
0xEB630A03,
0x98010B0B,
0xF1C04659,
0x46500240,
0xFADFF000,
0x460D4606,
0x46594650,
0xF0009A01,
0xEB10FAF7,
0x41610008,
0xEA872400,
0xEA845211,
0x431A73E7,
0x9A00D040,
0x9A01B362,
0xEA4F2A01,
0xDC155207,
0xEB611B00,
0xF04F0102,
0xEA024200,
0xE9CD5207,
0x1C004200,
0x1180F541,
0x462B4632,
0xFB2EF000,
0xE8BDB003,
0x46408FF0,
0xE7F94621,
0xEB611B00,
0x1C000102,
0x1380F541,
0x415B1800,
0xF5A21820,
0xEB471700,
0xEA400103,
0x19B670D5,
0xE011416D,
0xEA4F086D,
0xEA450636,
0xEA4F75C0,
0x1B005207,
0x0102EB61,
0xF5411C00,
0x08491180,
0x0030EA4F,
0x41511900,
0x462B4632,
0xE8BDB003,
0xF0004FF0,
0x9800BAEE,
0x00402201,
0xEBD02300,
0xEB630202,
0x980073E0,
0xEA4F4621,
0xEBB874E0,
0xEB610000,
0xE7E90104,
0x4300F083,
0xF081E75B,
0xE7584100,
0x4FFEE92D,
0x0403EA81,
0x4400F004,
0x4100F021,
0xF04F9400,
0xF0230B00,
0xEA504300,
0xD05E0401,
0x0403EA52,
0xF3C3D05B,
0xF3C1540A,
0x442C550A,
0x34F3F2A4,
0xFBA09401,
0xF3C15402,
0xF4410113,
0xF3C31180,
0xF4430313,
0xFB011380,
0xFB004402,
0x0A844E03,
0xEA440A97,
0xEA475481,
0xFBA45783,
0x95026807,
0xFB050A8D,
0xEA4F8507,
0xFB042C93,
0x0527540C,
0xEA4F9D02,
0xEA475806,
0xEBB53716,
0xEB6E0508,
0x0E870C07,
0xEA470E92,
0xEA421781,
0xFBA71283,
0xEBB60102,
0xEB64010B,
0x0D2B0400,
0x330CEA43,
0xEB44185E,
0x46DA501C,
0xFBE74651,
0xF3C50102,
0xEA4F0413,
0xEA43330B,
0xEA4F5314,
0x9C013204,
0x0306EA43,
0x040CF1A4,
0x9C009402,
0xB400E9CD,
0xFA7AF000,
0xE8BDB003,
0x20008FF0,
0xE7F94601,
0x4DF0E92D,
0x0403EA81,
0x4B00F004,
0x4500F021,
0xF04F4614,
0xF0230A00,
0xEA504100,
0xD0200205,
0x0201EA54,
0xF3C5D01D,
0x4602570A,
0x0313F3C5,
0x0013F3C1,
0x560AF3C1,
0x1580F440,
0x1380F443,
0x0806EBA7,
0x46D61B10,
0x38FDF208,
0x0005EB73,
0xF108D302,
0xE0010801,
0x415B1892,
0x0F00F1B8,
0x2000DA03,
0xE8BD4601,
0x20008DF0,
0x1180F44F,
0x46844606,
0x1B17E00E,
0x0705EB73,
0x1B12D305,
0x0305EB63,
0xEA4C4306,
0x08490C01,
0x0030EA4F,
0x415B1892,
0x0701EA50,
0xEA52D1ED,
0xD0120003,
0x0004EA82,
0x0105EA83,
0xD0054308,
0x41AB1B10,
0x2201D206,
0xE0062300,
0xF04F2200,
0xE0024300,
0x0201F06F,
0xEB1A1053,
0xEB4C0006,
0xEB105108,
0xEB41000A,
0xE8BD010B,
0xF0004DF0,
0xB530B9F6,
0xF1711E04,
0xDB040400,
0x4400F04F,
0xEB644240,
0x1E140101,
0x0400F173,
0x461CDB05,
0x4300F04F,
0xEB634252,
0x1A800304,
0xD3014199,
0xBD302001,
0xBD302000,
0x1E04B530,
0x0400F171,
0xF04FDB04,
0x42404400,
0x0101EB64,
0xF1731E14,
0xDB050400,
0xF04F461C,
0x42524300,
0x0304EB63,
0x418B1A10,
0x2001D201,
0x2000BD30,
0xB530BD30,
0xF1711E04,
0xDB040400,
0x4400F04F,
0xEB644240,
0x1E140101,
0x0400F173,
0x461CDB05,
0x4300F04F,
0xEB634252,
0x1A100304,
0xD301418B,
0xBD302001,
0xBD302000,
0x1E04B530,
0x0400F171,
0xF04FDB04,
0x42404400,
0x0101EB64,
0xF1731E14,
0xDB050400,
0xF04F461C,
0x42524300,
0x0304EB63,
0x41991A80,
0x2001D201,
0x2000BD30,
0xB4F0BD30,
0x0FCB17CA,
0x40514050,
0xF14118C6,
0xEA4F0500,
0x463172C3,
0xF04F0028,
0xD0030396,
0xBCF023B6,
0xB949F000,
0x21004630,
0xB430E7F9,
0x23964604,
0x46210008,
0x23B6D004,
0x2200BC30,
0xB93BF000,
0x21004620,
0xB50EE7F8,
0xEA800FC1,
0x440870E0,
0x210007CA,
0x4333F240,
0x000EE88D,
0x460B460A,
0xF966F000,
0xBD00B003,
0xF240B50E,
0x91024133,
0xE9CD2100,
0x460A1100,
0xF000460B,
0xB003F959,
0xB53EBD00,
0x0FCB17CA,
0x40502400,
0x18C04051,
0x07DA4161,
0x4333F240,
0xE9CD9400,
0x46222301,
0xF0004623,
0xB003F945,
0xB510BD30,
0x4400F000,
0x4000F020,
0xF3C00DC2,
0xF4400016,
0x2A7F0000,
0x2000DA02,
0xBD104601,
0x2A962100,
0xF1C2DC03,
0x40D00296,
0x3A96E002,
0xF8B3F000,
0xD0F22C00,
0xEBD02300,
0xEB630003,
0xBD100101,
0x4000F020,
0xF3C00DC2,
0xF4400016,
0x2A7F0000,
0x2000DA02,
0x47704601,
0x2A962100,
0xF1C2DC03,
0x40D00296,
0x3A964770,
0xB895F000,
0xF3C1B570,
0xF001520A,
0x24004500,
0x0113F3C1,
0x33FFF240,
0x1180F441,
0xDA01429A,
0xBD702000,
0x4333F240,
0xF2A2429A,
0xDC034233,
0xF0004252,
0xE000F88B,
0x432C4090,
0x4240D0F1,
0xF3C1BD70,
0xB510520A,
0x0113F3C1,
0x33FFF240,
0x1180F441,
0xDA01429A,
0xBD102000,
0x4333F240,
0xF2A2429A,
0xDC034233,
0xF0004252,
0xBD10F86F,
0xBD104090,
0x520AF3C1,
0x0113F3C1,
0x33FFF240,
0x1180F441,
0xDA02429A,
0x46012000,
0xF2404770,
0x429A4333,
0x4233F2A2,
0x4252DC02,
0xB856F000,
0xB845F000,
0x4200F000,
0x4000F030,
0x0DC1D00A,
0x7160F501,
0x0016F3C0,
0x5101EA42,
0x074008C2,
0x47704311,
0x46012000,
0xF0014770,
0xB4304300,
0x4100F021,
0x0201EA50,
0x0D0AD006,
0x7260F5A2,
0x0113F3C1,
0xDC022A00,
0x2000BC30,
0x0F444770,
0x04C1EA44,
0x18E000C1,
0xEB00BC30,
0xF00050C2,
0xB530B847,
0x4601460B,
0x22202000,
0xE0092401,
0xF502FA21,
0xD305429D,
0xF502FA03,
0xFA041B49,
0x4428F502,
0xF1A21E15,
0xDCF10201,
0x2A20BD30,
0x3A20DB04,
0xF102FA00,
0x47702000,
0xF1C24091,
0xFA200320,
0x4319F303,
0x47704090,
0xDB042A20,
0xFA213A20,
0x2100F002,
0xFA214770,
0x40D0F302,
0x0220F1C2,
0x43084091,
0x47704619,
0xDB062A20,
0x3A2017CB,
0xF002FA41,
0x73E0EA43,
0xFA41E006,
0x40D0F302,
0x0220F1C2,
0x43084091,
0x47704619,
0xBFA82900,
0x1C404770,
0xBF080049,
0x0001F020,
0xB4104770,
0xFC80FAB0,
0xF00CFA00,
0x0401EA50,
0xBC10BF04,
0xB1494770,
0x0420F1CC,
0xF404FA21,
0xF10CFA11,
0x2101BF18,
0x43084321,
0x010CEBA3,
0xEA4F1DCB,
0xEA4F6100,
0xBF422010,
0xBC102000,
0xEB004770,
0x441050C3,
0xBFA42900,
0x4770BC10,
0x00491C40,
0xF020BF08,
0xBC100001,
0xB5104770,
0xF1731E14,
0xDA080400,
0xF1411C40,
0x18920100,
0x431A415B,
0xF020D101,
0xBD100001,
0x4DF0E92D,
0x469B4692,
0xFAB1B111,
0xE002F281,
0xF280FAB0,
0x46903220,
0xFF7BF7FF,
0x460F4604,
0x000AEA40,
0x010BEA41,
0x465A4653,
0xD0134308,
0xEA534611,
0xD0190001,
0x0240F1C8,
0xF7FF4650,
0x4605FF77,
0x4650460E,
0x46424659,
0xFF61F7FF,
0xD0054308,
0xE0042001,
0x46394620,
0x8DF0E8BD,
0x43052000,
0x76E0EA46,
0x4337432C,
0x0563980A,
0xEBA00AE4,
0x22000008,
0xEA440AFD,
0x300A5447,
0x2000D502,
0xE7E94601,
0x19100501,
0xE9DD4169,
0x19004508,
0xE8BD4169,
0xE7A24DF0,
0xF021B570,
0x43034300,
0xF3C1D00C,
0x2400550A,
0x0504EBD5,
0x0304EB64,
0x1AAD17D6,
0xDB0241B3,
0x46012000,
0x1820BD70,
0x5102EB41,
0xE92DBD70,
0x23004DF0,
0x1A1B461A,
0xDB03418A,
0x46012000,
0x8DF0E8BD,
0x520AF3C1,
0x0113F3C1,
0x1580F441,
0x0B00F04F,
0xD10207D1,
0x416D1800,
0x27001E52,
0xF2404604,
0x463811FF,
0x0A62EB01,
0x4680463E,
0x20004602,
0x1180F44F,
0xFF0CF7FF,
0x417119C2,
0xEB4618BB,
0xEBB40001,
0xEB750C03,
0xD3040C00,
0xEB651AE4,
0x46170500,
0x1924460E,
0x0001F108,
0x4680416D,
0xDDE32834,
0xEB4619F9,
0x1B090006,
0xD20341A8,
0x32FFF04F,
0xE0014613,
0x46132200,
0x0007EB1B,
0x510AEB46,
0x4DF0E8BD,
0xBF3BF7FF,
0x41F0E92D,
0xF0214605,
0x460C4000,
0xD0094328,
0x500AF3C4,
0x4133F240,
0xDD054288,
0x46214628,
0x81F0E8BD,
0xE7FB4628,
0x31FEF240,
0xDC104288,
0xEA4FDB0C,
0xEA403004,
0xEA505015,
0xD0053105,
0xF0044810,
0x43014100,
0xE7E92000,
0x46012000,
0xF2A0E7E6,
0x42464033,
0x0240F1C6,
0x46214628,
0xFEA1F7FF,
0x46884607,
0x46214628,
0xF7FF4632,
0x4643FEA9,
0xF7FF463A,
0x4632FEFE,
0x41F0E8BD,
0xBE91F7FF,
0x3FF00000,
0x1E04B530,
0x0400F171,
0xF04FDB04,
0x42404400,
0x0101EB64,
0xF1731E14,
0xDB050400,
0xF04F461C,
0x42524300,
0x0304EB63,
0xBF08428B,
0xBD304282,
0x1E04B530,
0x0400F171,
0xF04FDB04,
0x42404400,
0x0101EB64,
0xF1731E14,
0xDB050400,
0xF04F461C,
0x42524300,
0x0304EB63,
0xBF084299,
0xBD304290,
0x47702000,
0x4D074C06,
0x68E0E006,
0x0301F040,
0x0007E894,
0x34104798,
0xD3F642AC,
0xFC20F7FE,
0x0002F380,
0x0002F3B0,
0x188CB570,
0x5B01F810,
0x0307F015,
0xF810D101,
0x112A3B01,
0xF810D106,
0xE0032B01,
0x6B01F810,
0x6B01F801,
0xD1F91E5B,
0xD405072B,
0x1E522300,
0xF801D40D,
0xE7FA3B01,
0x3B01F810,
0x1C921ACB,
0xF813E003,
0xF8015B01,
0x1E525B01,
0x42A1D5F9,
0x2000D3D8,
0x0000BD70,
0x4FFEE92D,
0xA03C4681,
0x0B00F04F,
0x31FFF04F,
0x238D2200,
0x0A01F04F,
0x487B9002,
0xB000F8CD,
0x20019001,
0xFA8AF017,
0x21032001,
0xF0022200,
0xF8DFFC8F,
0x4A348D64,
0x0140E9D8,
0xF1411880,
0xF0030100,
0xF009F901,
0xF0090402,
0x26010701,
0xE0372500,
0x2001B1CF,
0xF0042101,
0x2001FAA9,
0x22012100,
0xE9CD2304,
0xF01EBB00,
0x2004FD6F,
0xFBBEF006,
0xF04F2800,
0xBF180005,
0xF0064655,
0x2800FBB7,
0xF045BF18,
0xB1D40502,
0x21022001,
0xFA8EF004,
0x21002001,
0x23042202,
0xBB00E9CD,
0xFD54F01E,
0xF0062002,
0x2800FBA3,
0x0003F04F,
0xF045BF18,
0xF0060504,
0x2800FB9B,
0xF045BF18,
0x3E010508,
0xD1C52E00,
0x21034648,
0xF0002203,
0xF022F8A5,
0xF898FE25,
0xF8981000,
0x20022090,
0xBF1C2900,
0x460A2001,
0xF004B2D1,
0x4628FA61,
0xE8BDB003,
0xBF008FF0,
0x5F434441,
0x696C6143,
0x74617262,
0x006E6F69,
0x00B71B00,
0x47F0E92D,
0xA038B0B0,
0xF04F2400,
0x220031FF,
0x73B5F44F,
0x48399002,
0x90019400,
0xF0172001,
0xF10DFA07,
0x49360878,
0x46402248,
0xFA40F7FF,
0x0930F10D,
0x22484933,
0xF7FF4648,
0x4832FA39,
0xAF04AE08,
0x0A0CF10D,
0x000EE890,
0x900B68C0,
0xC00EA808,
0xE890482D,
0x68C0000E,
0xE9CD9007,
0xE9CD2305,
0x2C014103,
0x2C00D839,
0x0004F04F,
0x012CF04F,
0xF04F4642,
0xBF080312,
0xF0052010,
0xBB68F953,
0xF04F2C00,
0xF04F0008,
0x464A012C,
0x0312F04F,
0x2020BF08,
0xF946F005,
0x2C00BB00,
0x0540F04F,
0x0100F04F,
0xF04F4632,
0xBF080304,
0x7580F44F,
0xF0054628,
0xB988F937,
0x21304628,
0x2304463A,
0xF930F005,
0x4628B950,
0x46522164,
0xF0052301,
0x3401F929,
0xD0C42800,
0x2000E000,
0xE8BDB030,
0xBF0087F0,
0x5F434441,
0x5F434144,
0x5F676572,
0x74696E69,
0x00000000,
0x0002F1FE,
0x0002D3D0,
0x0002D418,
0x0002DD70,
0x0002DD80,
0x4FFEE92D,
0x46044E23,
0x4040F04F,
0x86B8F8DF,
0x6902EA4F,
0x6A01EA4F,
0x466D2700,
0xF04F9001,
0xF506406E,
0x90003B80,
0x2001E023,
0x422040B8,
0xF04FD01E,
0x21017040,
0xF04F9001,
0x9000406E,
0x47C04628,
0x46302F00,
0x0101F04F,
0xF500BF08,
0xE9CD3000,
0x46280A00,
0x2F0047C0,
0xF04F4658,
0xBF080101,
0x3040F506,
0x0900E9CD,
0x47C04628,
0x2F023701,
0x4846D1D9,
0xF0216801,
0x60017180,
0xF0416801,
0x60017180,
0xF0216801,
0x60017180,
0x8FFEE8BD,
0xE2020034,
0xA004B580,
0xFEFAF026,
0xF44F4807,
0x60013100,
0xBF00BD80,
0x41444441,
0x414E455F,
0x5F454C42,
0x6E515249,
0x0000000D,
0xE000E280,
0x460CB5FE,
0xB19C4605,
0xF0004620,
0x4607FFC1,
0xB1772600,
0xF04FA01D,
0x220031FF,
0x73F0F44F,
0x6000E9CD,
0x97022005,
0xF918F017,
0xE000463E,
0xB1BD2600,
0x21034628,
0xF01E2204,
0x4628FF1B,
0xFE6EF7FF,
0xB16F4607,
0x2100A018,
0xF44F2200,
0xE9CD73F4,
0x20051000,
0x31FFF04F,
0xF0179702,
0x433EF8FD,
0x46214F19,
0xF0206838,
0x60387080,
0xF0406838,
0x60387080,
0xF0004628,
0x6838F829,
0x7080F020,
0x46306038,
0xBDF0B003,
0x5F434144,
0x696C6143,
0x74617262,
0x206E6F69,
0x6C696166,
0x303A6465,
0x0D782578,
0x0000000A,
0x5F434441,
0x696C6143,
0x74617262,
0x206E6F69,
0x6C696166,
0x303A6465,
0x0D782578,
0x0000000A,
0x40000030,
0x4FF0E92D,
0xF240B0A5,
0xF44F1205,
0xF000638A,
0xF04F0402,
0x25000BFF,
0xF04F2600,
0xF04F0800,
0xFB100A00,
0xFB11F202,
0x431AF303,
0x681F4BB3,
0x601A970A,
0x681A4BB2,
0x7280F042,
0xF001601A,
0x22010302,
0x931B9417,
0x0353EA82,
0x0254EA82,
0xF0009215,
0xF0010201,
0x93160001,
0xF080901A,
0x92190001,
0xF0829014,
0x90130001,
0x902220FF,
0x902120FF,
0x902020FF,
0x901F20FF,
0x901E20FF,
0x901D20FF,
0x90122000,
0x900E2000,
0x90112000,
0x900D2000,
0x90102000,
0x900C2000,
0x900F2000,
0x900B2000,
0x901C20FF,
0x0F1FF1BA,
0x817BF200,
0xF8CD9819,
0xB318B060,
0x4078F44F,
0x0B8CF10D,
0x9470F8DF,
0x476EF04F,
0x90242101,
0x97234658,
0x4C8C47C8,
0xF5042101,
0xE9CD3000,
0x46580823,
0xF44F47C8,
0x97234078,
0x90242101,
0x47C84658,
0x3040F504,
0xE9CD2101,
0x46580823,
0x9C1747C8,
0xF8DFB31C,
0xF44F2430,
0xF10D4078,
0xF04F098C,
0x2101476E,
0x46489024,
0x46149723,
0x487947A0,
0x46832101,
0xE9CD4648,
0x47A0B823,
0x4078F44F,
0x21019723,
0x46489024,
0xF50B47A0,
0x21013080,
0x0823E9CD,
0x47A04648,
0x981A9C17,
0x486EB1A0,
0x2101AF23,
0xF04F9024,
0x9023406E,
0xF01D4638,
0x48F3F8B5,
0xF5002101,
0x90233000,
0x0005EA46,
0x46389024,
0xF8AAF01D,
0xB190981B,
0xAF2348EA,
0x90242101,
0x406EF04F,
0x46389023,
0xF89EF01D,
0x210148E7,
0xEA469023,
0x90240005,
0xF01D4638,
0x2001F895,
0xFB4CF00C,
0xB3409819,
0x7080F44F,
0xF0042168,
0x9B1EFEA7,
0x0F80F410,
0xBF084619,
0x9A0E4651,
0x0201F082,
0x0203EA62,
0xBF080612,
0xF410460B,
0x931E1F00,
0x46199B1D,
0x4651BF08,
0xF0829A12,
0xEA620201,
0x06120203,
0x460BBF08,
0xF3C0931D,
0x910E5180,
0x5040F3C0,
0xB33C9012,
0x21682040,
0xFE7EF004,
0xF4109B20,
0x46190F80,
0x4651BF08,
0xF0829A0D,
0xEA620201,
0x06120203,
0x460BBF08,
0x1F00F410,
0x9B1F9320,
0xBF084619,
0x9A114651,
0x0201F082,
0x0203EA62,
0xBF080612,
0x931F460B,
0x5180F3C0,
0xF3C0910D,
0x90115040,
0xB340981A,
0x7080F44F,
0xF004217C,
0x9B22FE53,
0x4F80F010,
0xBF084619,
0x9A0C4651,
0x0201F082,
0x0203EA62,
0xBF080612,
0xF010460B,
0x93225F00,
0x46199B21,
0x4651BF08,
0xF0829A10,
0xEA620201,
0x06120203,
0x460BBF08,
0xF3C09321,
0x910C7180,
0x7040F3C0,
0x981B9010,
0x2040B380,
0xF004217C,
0x9B1CFE29,
0x4F80F010,
0xBF084619,
0x9A0B4651,
0x0201F082,
0x0203EA62,
0xBF080612,
0xF8DD460B,
0xF010B060,
0x931C5F00,
0xBF084659,
0x9A0F4651,
0x0201F082,
0x020BEA62,
0xBF080612,
0xF3C0468B,
0x910B7180,
0x7040F3C0,
0xE009900F,
0x40090010,
0x40000030,
0xE2020064,
0x0003FF00,
0xB060F8DD,
0x991E981D,
0x02FEF06F,
0x5500F505,
0x7680F506,
0x6800F508,
0x0A01F10A,
0xF080FA52,
0xF181FA52,
0xF080FAB0,
0xF181FAB1,
0x09490940,
0x99134308,
0x991F4308,
0xF181FA52,
0xF181FAB1,
0x43080949,
0xFA529920,
0xFAB1F181,
0x0949F181,
0x99154308,
0x99214308,
0xF181FA52,
0xF181FAB1,
0x43080949,
0xFA529922,
0xFAB1F181,
0x0949F181,
0x99144308,
0xFA524308,
0xFAB1F18B,
0x0949F181,
0x991C4308,
0xF181FA52,
0xF181FAB1,
0x43080949,
0x43089916,
0xF47F07C0,
0x9819AE81,
0xB350465F,
0xAC234A61,
0x4878F44F,
0x4A6EF04F,
0x46202101,
0x8090F8CD,
0xA08CF8CD,
0x47A84615,
0x21014858,
0xF5064606,
0x90233000,
0xB2C0981D,
0x902402C0,
0x47A84620,
0x21014620,
0xA823E9CD,
0xF50647A8,
0x21013040,
0x981E9023,
0x02C0B2C0,
0x46209024,
0x47A89C17,
0xB33C46BB,
0xAC234A4B,
0x4878F44F,
0x4A6EF04F,
0x46202101,
0x8090F8CD,
0xA08CF8CD,
0x47A84615,
0x21014842,
0x981F4606,
0xB2C09623,
0x902402C0,
0x47A84620,
0x21014620,
0xA823E9CD,
0xF50647A8,
0x21013080,
0x98209023,
0x02C0B2C0,
0x46209024,
0x46BB47A8,
0xB1D0981A,
0xAC234833,
0x90242101,
0x406EF04F,
0x46209023,
0xFF30F01C,
0x99214830,
0x3000F500,
0x9023B2C9,
0x03499822,
0xEA41B2C0,
0x21012000,
0x46209024,
0xFF20F01C,
0x981B46BB,
0x4825B1B8,
0x2101AC23,
0xF04F9024,
0x9023406E,
0xF01C4620,
0x991CFF13,
0xB2C94821,
0xB2F89023,
0xEA410209,
0x21013040,
0x46209024,
0xFF06F01C,
0x481846BB,
0x2400A51C,
0x68084601,
0x7080F020,
0x48136008,
0x6001990A,
0xF18BFA5F,
0xB2C0981C,
0x1008E9CD,
0x99219822,
0x9B1F9A20,
0x9E1D9F1E,
0xB2C9B2C0,
0xB2DBB2D2,
0xB2F6B2FF,
0x00F0E88D,
0x3204E9CD,
0x1006E9CD,
0xF04F2001,
0x220031FF,
0x73B1F44F,
0xFE3AF016,
0xE8BDB025,
0xBF008FF0,
0x40090010,
0x40000030,
0x0003FF00,
0xE2020064,
0xE206000C,
0x0001FF65,
0x20786966,
0x61746164,
0x6425203A,
0x20642520,
0x25206425,
0x64252064,
0x20642520,
0x25206425,
0x0A0D2064,
0x00000000,
0x2001B5B0,
0xF003213F,
0x2002FE0F,
0xF00321C3,
0x4D0DFE0B,
0x22002000,
0xBF082840,
0xF000BDB0,
0xF0000103,
0x00CC033F,
0xFA032903,
0xEA42F304,
0xD1060203,
0x01FCF000,
0xF8C3194B,
0x514A2084,
0x30012200,
0xBF00E7E8,
0x40088C80,
0x9001B5E0,
0xF44FAA01,
0x21083000,
0xF0042301,
0x4806FD63,
0xF01C2104,
0xF44FFE83,
0x217C3000,
0xFC9AF004,
0x301FF36F,
0xBD80B002,
0x0002DCB4,
0xA019B51C,
0xF04F2400,
0x220031FF,
0xE9CD23AD,
0x20024000,
0xFDCCF016,
0x6D414817,
0x42814817,
0x2028D901,
0x4816E00B,
0xD9024281,
0x20502200,
0x4A14E006,
0x70A0F44F,
0xBF884291,
0x220020A0,
0x0301FBA0,
0x3101FB02,
0xE9C24A0F,
0xF000013E,
0xA00EF821,
0x31FFF04F,
0x23BA2200,
0x4000E9CD,
0xF0162002,
0xBD1CFDA5,
0x20474643,
0x4C504242,
0x2E2E2E4C,
0x00000000,
0x00000C00,
0x07A12000,
0x03D09000,
0x01E84800,
0x00035000,
0x656E6F44,
0x00000A0D,
0xF0062200,
0xF006B821,
0x0000B81F,
0xA004B580,
0xFB3EF026,
0xF44F4806,
0x60014180,
0xBF00BD80,
0x445F4242,
0x49414D4F,
0x52495F4E,
0x00000D51,
0xE000E288,
0x43F0E92D,
0x4E7FB085,
0xF8504630,
0x40081988,
0x4288497D,
0x6830D30E,
0xF020497C,
0x42884040,
0x6830D808,
0xF020497A,
0x65084040,
0xF0206830,
0xE0024040,
0x49764877,
0xF8DF6508,
0xF8C881D4,
0xF0000054,
0xF8C8FD71,
0xF242004C,
0xF8D87110,
0xFBB00050,
0xF004F0F1,
0xF004FD59,
0xF8D8FBEB,
0xF0050050,
0xF8D8FD53,
0x21010058,
0xFCCEF016,
0x040CF108,
0x22204968,
0xF7FE4620,
0xF8DFFD75,
0x4D67919C,
0x20022700,
0x31FFF04F,
0x231E2200,
0x7900E9CD,
0xF8D847A8,
0xA1620000,
0x231F2200,
0xF0009101,
0x9104010F,
0x2103F3C0,
0xF3C09103,
0xF04F4003,
0x970031FF,
0x20029002,
0xA06047A8,
0x31FFF04F,
0x23202200,
0x7000E9CD,
0x94022002,
0xA16047A8,
0x002CF108,
0x23212200,
0x7100E9CD,
0x20029002,
0x31FFF04F,
0x200247A8,
0x31FFF04F,
0x23222200,
0x7900E9CD,
0xF00447A8,
0xF004FB7D,
0xF002FB85,
0xF7FFFEA7,
0xF8D8FAD7,
0xF0040050,
0xF000F9C7,
0xF7FFFEC5,
0xE007FF0F,
0xF0106870,
0xD1065F80,
0xF01B2010,
0x3701FB27,
0xD9F52F04,
0x2001E002,
0xF930F002,
0xF0106870,
0xD0485F80,
0x4D4A4C49,
0x21012004,
0x204AF8B4,
0xF8B447A8,
0x2004204C,
0x47A82102,
0x20018862,
0x47A82101,
0x200188A2,
0x47A82102,
0x2092F8B4,
0x21012002,
0xF8B447A8,
0x20022094,
0x47A82102,
0xFC4AF000,
0xF0032003,
0x2003FB71,
0xF7FF2103,
0xF8D4FB7F,
0x21030120,
0x3203F3C0,
0xF01E2003,
0x2003FAB1,
0xFBF4F003,
0xF0042003,
0x2003FF7B,
0xFA94F003,
0xF0042003,
0xF022FDE9,
0xF7FFF889,
0x2003FE7F,
0xF0042100,
0x2003FA15,
0xF0052100,
0xF001FA3F,
0xF005FA79,
0xF8D8F8C9,
0x2321004C,
0x2200A124,
0xF04F2800,
0xBF080002,
0xE9CD232E,
0xF04F2100,
0x220031FF,
0x23599302,
0xFC76F016,
0xE8BDB005,
0xBF0083F0,
0x40000008,
0x00989680,
0x3B9ACA00,
0x00000C00,
0x07530000,
0x0002DD50,
0x0002E381,
0x00019E25,
0x6D726946,
0x65726177,
0x72655620,
0x25203A20,
0x64252E64,
0x0D64252E,
0x0000000A,
0x6C697542,
0x676E6964,
0x6D695420,
0x25203A65,
0x000A0D73,
0x74737543,
0x72656D6F,
0x666E4920,
0x25203A6F,
0x000A0D73,
0x00035000,
0x00005239,
0x0A0D0A0D,
0x74696E49,
0x696C6169,
0x6974617A,
0x65206E6F,
0x2520646E,
0x0D0A0D63,
0x0000000A,
0x4A2CB580,
0x5F80F5B0,
0xF5A0BFC8,
0xF8D25000,
0xFBA220E0,
0x17C0C300,
0x3E00FB02,
0x5000F44F,
0xF201FA00,
0x46714660,
0xF7FE17D3,
0xBD80FC12,
0x4FF0E92D,
0x4C1EB087,
0xA078F8DF,
0x0900F04F,
0x0B74F20F,
0x27012600,
0xE02B6020,
0x5026F854,
0x0086EB04,
0x0A38ED9A,
0x60410869,
0x21011E78,
0xF800FA01,
0x3048EA4F,
0x0A10EE01,
0x1AC1EEB8,
0x0A40EEB8,
0x0A01EE80,
0x0A10EE10,
0xFF28F7FE,
0x0B10EC41,
0xF04F2001,
0x220031FF,
0x95062315,
0x9B00E9CD,
0x8008F8CD,
0x0B04ED8D,
0xFBDCF016,
0x37013601,
0xD1D12E05,
0xB0072000,
0x8FF0E8BD,
0x00000DF8,
0x00035000,
0x2D2D2D09,
0x2D2D2D2D,
0x6964202D,
0x64253A76,
0x30253A09,
0x0966362E,
0x0A0D6425,
0x00000000,
0x4FF0E92D,
0x4604B087,
0xF0002902,
0x290180CC,
0xF44FD118,
0x2C015080,
0xF04FAA06,
0xF04F0130,
0xBF080301,
0x5000F44F,
0xFAA0F004,
0x21004620,
0xFAA2F002,
0x1E604974,
0x2020F851,
0x9A06B912,
0x2020F841,
0x26004D71,
0x8828E00C,
0x7F00F410,
0x8928D003,
0x7F00F410,
0xF247D106,
0xF00B5030,
0x3601FEE9,
0xD9F02E01,
0xF4108828,
0xD0037F00,
0xF4108928,
0xD1127F00,
0x89298828,
0x23A32200,
0x2040F3C0,
0x48629002,
0x20009001,
0xF3C19000,
0xF04F2040,
0x900331FF,
0xF0162005,
0xF8DFFB71,
0x4F5CB178,
0x0800F04F,
0x6951F244,
0xF04F2500,
0x26000A00,
0x0F3FF1BA,
0x80A1F200,
0x21012002,
0xFBCAF002,
0x20002100,
0xE0082200,
0x3012F937,
0x42983201,
0x4618BFC8,
0xBFB84299,
0xF5B24619,
0xD1F35F80,
0xD5002900,
0x28004249,
0x4240D500,
0xBFC84281,
0x2E3F4608,
0xF5B0D834,
0xDD034FFA,
0xF04F3608,
0xE01F35FF,
0xDB024548,
0x25023601,
0xF241E01A,
0x42883189,
0x2500DB0E,
0x31FFF04F,
0x23C62200,
0x5B00E9CD,
0x0602E9CD,
0xE9CD2001,
0xF0164504,
0xE02DFB25,
0x2E01B1A6,
0xF04F4631,
0xBF180505,
0x1A762102,
0x8B00E9CD,
0x0602E9CD,
0xF04F2001,
0x220031FF,
0xE9CD23C6,
0xF0164504,
0xE00EFB0F,
0x22002100,
0xE9CD23C6,
0xE9CD1B00,
0x20010602,
0x31FFF04F,
0x4504E9CD,
0xFB00F016,
0x2E40B13D,
0xBF284620,
0x00B12640,
0xF9F4F002,
0x2500E000,
0xB32E2000,
0xF10AB32D,
0x2E400A01,
0xAF88F4FF,
0xF014E01F,
0x4C170601,
0x6820D00B,
0x9006B148,
0xF44FAA06,
0x21305000,
0xF0042301,
0x2000FA5B,
0x25006020,
0x6860B1CE,
0x9006B1B8,
0xF44FAA06,
0x21305080,
0xF0042301,
0x2500FA4D,
0xE00C6065,
0xA20D2600,
0x23CF00B1,
0x0015E88D,
0x20019103,
0x31FFF04F,
0xF0162200,
0x4628FAC1,
0xE8BDB007,
0xBF008FF0,
0x00054978,
0x40000010,
0x0002EDB9,
0x20010000,
0x0002EDD6,
0x2078726F,
0x6E696167,
0x20686320,
0x78257830,
0x74616420,
0x64253A61,
0x00000A0D,
0x4FF0E92D,
0x4604B087,
0x2C014864,
0x0334F100,
0xF100BF08,
0x29020318,
0x681B681A,
0x2507F3C3,
0x809AF000,
0x2901B2D2,
0xD1119206,
0x4A5D6801,
0xF3C12301,
0x605101C0,
0x0A098981,
0x680160D1,
0x1100F3C1,
0x49566091,
0x700B8D00,
0x61100A00,
0x27004E55,
0x8830E00C,
0x7F00F410,
0x8930D003,
0x7F00F410,
0xF247D106,
0xF00B5030,
0x3701FDC7,
0xD9F02F01,
0xF4108830,
0xD0037F00,
0xF4108930,
0xD1127F00,
0x89318830,
0x23FB2200,
0x2040F3C0,
0x48469002,
0x20009001,
0xF3C19000,
0xF04F2040,
0x900331FF,
0xF0162005,
0x4F41FA4F,
0x9018F8DD,
0x1800F20F,
0xF2442600,
0xE04A6A50,
0xF189FA5F,
0xF0034620,
0x2002FA3F,
0xF0022101,
0x2000FAA9,
0x0B00F04F,
0xE0082100,
0x2011F937,
0x45933101,
0x4693BFC8,
0xBFB84290,
0xF5B14610,
0xD1F35F80,
0xE9CD2800,
0xE9CD9403,
0xD5006800,
0xF1BB4240,
0xF04F0F00,
0xF04F31FF,
0xF2400200,
0xBF48130F,
0x0B00F1CB,
0xBFC84558,
0x20014683,
0xB008F8CD,
0xFA12F016,
0x4FFAF5BB,
0xF06FDD02,
0xE00F0007,
0xDD0245D3,
0x30FFF04F,
0xF242E00A,
0x45837010,
0x9806DC27,
0xEBA02102,
0x28020009,
0x4608BF28,
0x45A94481,
0xE01CD2B2,
0x780A4911,
0xD1182A01,
0x68534A10,
0xF3636807,
0x600707C3,
0x89878993,
0xEA47B2FF,
0x81832303,
0x68076893,
0x1704F363,
0x8A126007,
0xB2DB8D03,
0x2202EA43,
0x20008502,
0x20007008,
0xE8BDB007,
0xBF008FF0,
0x40088864,
0x00054980,
0x0003F710,
0x40000010,
0x0002EDB9,
0x20010000,
0x6B616550,
0x2C642520,
0x646E4920,
0x25207865,
0x63202C64,
0x64252068,
0x00000A0D,
0x461DB5FE,
0x460F4616,
0x2D1F4604,
0x1E60D80D,
0x43081E71,
0x2802B2C0,
0x4620D207,
0x462A4631,
0xD8122D0E,
0xF818F005,
0xA00FE011,
0x31FFF04F,
0x237D2200,
0x20009002,
0x48109000,
0x20059001,
0xF99AF016,
0x0001F06F,
0xF003E00B,
0xB940FFD1,
0x21002001,
0x46232200,
0x7600E9CD,
0xF0029502,
0xB003FB55,
0xBF00BDF0,
0x5F706143,
0x676E6953,
0x6F4D656C,
0x65536564,
0x00000074,
0x0002EFD0,
0xF1A1B510,
0xF04F0C01,
0x23000E00,
0x4291B25A,
0x4670BFDC,
0xEBACBD10,
0xFA200402,
0x3301F202,
0x0201F002,
0xEA4E40A2,
0xE7EF0E02,
0x4605B57F,
0x2400A02A,
0x31FFF04F,
0x23CD2200,
0x482B9002,
0x90019400,
0xF0162001,
0x2003F957,
0x22032103,
0xF898F000,
0x88304E26,
0x0010F040,
0x88308030,
0x0020F040,
0x88308030,
0x0040F040,
0x88308030,
0x0080F040,
0x88308030,
0x6080F440,
0x88308030,
0x6000F440,
0x07E88030,
0x2008D00D,
0xFC34F005,
0x20064604,
0xBF182C00,
0xF0052401,
0x2800FC2D,
0xF044BF18,
0x88300404,
0x6080F420,
0x88308030,
0x6000F420,
0x88308030,
0x0040F020,
0x88308030,
0x0080F020,
0x88308030,
0x0010F020,
0x88308030,
0x0020F020,
0x46208030,
0xBD70B004,
0x5F434144,
0x696C6143,
0x74617262,
0x006E6F69,
0x0002F1FE,
0x40090010,
0x4FFEE92D,
0xAC014E49,
0xF44F4605,
0xF04F6980,
0x2101486E,
0xF8CD4620,
0xF8CD9008,
0x47B08004,
0xF04F481A,
0x21010A00,
0x4705EA40,
0x46204683,
0xF8CD9701,
0x47B0A008,
0x21014620,
0x7901E9CD,
0x462047B0,
0xE9CD2101,
0x47B07A01,
0x1700F44F,
0x21014620,
0x8004F8CD,
0x47B09702,
0x002CF10B,
0xEA402101,
0x46204505,
0x5A01E9CD,
0x462047B0,
0xE9CD2101,
0x47B05701,
0x21014620,
0x5A01E9CD,
0x200047B0,
0xE8BDB003,
0xBF008FF0,
0xE2000008,
0x4FFEE92D,
0x8968F8DF,
0xF04F4604,
0xF04F4040,
0xEA4F496E,
0xEA4F6A42,
0x26007B81,
0x9001466D,
0x9000F8CD,
0x2001E027,
0x422040B0,
0xF04FD022,
0x21014040,
0x9000E9CD,
0x47C04628,
0x2E004F16,
0x0101F04F,
0xF507BF08,
0xF0473700,
0xE9CD0064,
0x46280B00,
0xF04F47C0,
0xF8CD60C0,
0x21019000,
0x46289001,
0xF04747C0,
0x21010008,
0x0A00E9CD,
0x47C04628,
0x2E023601,
0x484CD1D5,
0xF0216801,
0x60017180,
0xF0416801,
0x60017180,
0xF0216801,
0x60017180,
0x8FFEE8BD,
0xE2060000,
0x0001FF65,
0x49094808,
0x60816041,
0x60014908,
0x62414908,
0x62C16281,
0x48076301,
0xF0017801,
0x700101F8,
0xBF004770,
0x4008B008,
0x0001FFFF,
0x00010100,
0x08007800,
0x40088018,
0xA003B580,
0xFE04F025,
0x21044805,
0xBD806001,
0x4F5F4344,
0x54534646,
0x5152495F,
0x0000000D,
0xE000E284,
0x4E2AB57C,
0x23004604,
0x2124F8D6,
0x013EE9D6,
0x0201F364,
0x2124F8C6,
0xF7FD2214,
0xF004FFF9,
0x00490203,
0xFAB23A01,
0x0952F282,
0xF08240D0,
0x4091021F,
0xF8C64308,
0xF7FF00E0,
0x491CFC09,
0x2C002002,
0xBF08466D,
0x680A2001,
0x0203F022,
0x60084310,
0x2101200F,
0xF04F9001,
0x9000406E,
0xF01C4628,
0x4813F8A9,
0xF04F2C00,
0x90000101,
0x0007F04F,
0x2008BF08,
0x46289001,
0xF89CF01C,
0x2C002208,
0x0300F04F,
0x2205BF08,
0x013EE9D6,
0xFFBEF7FD,
0x2C002103,
0x00E4F8C6,
0x0010F04F,
0x2105BF08,
0xFEA0F01A,
0xBF00BD7C,
0x00035000,
0x40000030,
0xE210003C,
0x68004802,
0x4080F3C0,
0xBF004770,
0x400000B0,
0x2804B51F,
0xA020D30F,
0x2200A124,
0xE9CD2309,
0x90022100,
0xF04F2005,
0x220031FF,
0xFFC8F015,
0x0001F06F,
0x4C17E02C,
0x0F01F010,
0x3C04F854,
0x2309F360,
0x3C04F844,
0x6823D007,
0x0303EAC1,
0x68236023,
0x0101EAC3,
0x07816021,
0x6861D507,
0x0101EAC2,
0x68616061,
0x0102EAC1,
0xB9706061,
0xF64F6820,
0x438871FF,
0x68206020,
0x6020B280,
0xF36F6860,
0x6060000F,
0xB2806860,
0x20006060,
0xBD10B004,
0x4008000C,
0x4D676944,
0x445F7875,
0x46785470,
0x61447869,
0x00006174,
0x45207325,
0x0A0D5252,
0x00000000,
0x4FFEE92D,
0x46904606,
0x2500468A,
0xF0002E0E,
0x2E0F808C,
0x8117F040,
0x0000F44F,
0xAF014D8C,
0x496EF04F,
0xF8CD2101,
0x24018000,
0x46389002,
0x9004F8CD,
0x498747A8,
0x0B00F04F,
0x0008F101,
0x21014688,
0x4006EA40,
0x0B01E9CD,
0x47A84638,
0xF8CD4883,
0x21019004,
0x46389002,
0xF04F47A8,
0xF1BA4062,
0xF04F0F00,
0xEA400101,
0x90014006,
0xBF08487C,
0x7010F44F,
0x46389002,
0x463847A8,
0xE9CD2101,
0x47A89401,
0x0004F108,
0xEA402101,
0xE9CD4006,
0x46380B01,
0xF04F47A8,
0xF8CD4040,
0x21019004,
0x46389002,
0xF10847A8,
0x21010038,
0x4006EA40,
0x0B01E9CD,
0x47A84638,
0x4400F04F,
0x21014638,
0x9004F8CD,
0x47A89402,
0x4606EA48,
0x21014638,
0x6B01E9CD,
0x463847A8,
0xE9CD2101,
0x47A89401,
0x21014638,
0x6401E9CD,
0x200F47A8,
0xFC14F005,
0x49594C58,
0x42086860,
0x8820D103,
0x0F07F010,
0x200FD003,
0xF0192101,
0x9800FD35,
0xF0002800,
0x200A8097,
0x0F00F1BA,
0xF44FBF08,
0xF00B60FA,
0x8820FA4B,
0xF44FE085,
0x4C487070,
0xF04FAF01,
0x21014B6E,
0x0901F04F,
0x46389002,
0xB004F8CD,
0x950247A0,
0x21014D42,
0x000CF105,
0x4006EA40,
0x46389001,
0xF44F47A0,
0xF8CD7000,
0x2101B004,
0x46389002,
0xF10547A0,
0xF1BA0028,
0xF04F0F00,
0xEA400101,
0x90014006,
0xBF184650,
0x7000F44F,
0x46389002,
0xF44F47A0,
0xF8CD0080,
0x2101B004,
0x46389002,
0xF10547A0,
0xF1BA0054,
0xF04F0F00,
0xEA400101,
0x90014006,
0xBF184650,
0x0080F44F,
0x46389002,
0xF24247A0,
0xF8CD0033,
0x2101B004,
0x46389002,
0xF04F47A0,
0xF1BA4062,
0xF04F0F00,
0xEA400101,
0xF04F4506,
0x95010022,
0x2012BF08,
0x46389002,
0x463847A0,
0xE9CD2101,
0x47A0B901,
0x21014638,
0x5901E9CD,
0x200E47A0,
0xFB8CF005,
0x49154C14,
0x420868E0,
0x8920D103,
0x0F07F010,
0x200ED003,
0xF0192101,
0xF1B8FCAD,
0xD00F0F00,
0xF1BA200A,
0xBF080F00,
0x60FAF44F,
0xF9C4F00B,
0xF4008920,
0xF04F7000,
0xEA814100,
0xE0005580,
0x46282500,
0xE8BDB003,
0xBF008FF0,
0x0001FF65,
0xE2000004,
0x40000010,
0x007FFFFF,
0x03020640,
0x03000440,
0xB0B3B5F0,
0x4912460E,
0x4604AF1A,
0x46382264,
0xFE86F7FD,
0x490FAD01,
0x46282264,
0xFE80F7FD,
0xBF082E00,
0xF014463D,
0xD0060F02,
0x7000F44F,
0x462A2104,
0xF0032319,
0x0760FDAF,
0x2080D505,
0x462A2104,
0xF0032319,
0xB033FDA7,
0xBF00BDF0,
0x0002D460,
0x0002D4C4,
0xB092B570,
0x4934AC01,
0x46202220,
0xFE5CF7FD,
0xF04F4832,
0x23006180,
0x20006D45,
0xF7FD462A,
0x492FFDDF,
0x5A10EE01,
0x0A2EED9F,
0x2A2EED9F,
0x3A00EEB6,
0x4B2F4A2E,
0x1A41EEB8,
0xF1F5FBB1,
0x0A00EE21,
0xEE014D2C,
0xEE801A10,
0xF04F0A02,
0xEEB83101,
0xEE301A41,
0xEE310A03,
0xEEBD1A03,
0xEEBD1AC1,
0x90110AC0,
0x0A10EE11,
0x491F4348,
0x000FE9CD,
0x0A10EE10,
0x43024301,
0xAB0B4318,
0x920A9109,
0x900EC307,
0x012CF8D5,
0x7100F3C0,
0xF7FF2002,
0xF8D5FF89,
0xF3C0012C,
0x20047140,
0xFF82F7FF,
0x4E15AD11,
0x7000F44F,
0x23012168,
0x47B0462A,
0x21682080,
0x2301462A,
0xF44F47B0,
0x21807000,
0x23104622,
0x208047B0,
0x46222180,
0x47B02310,
0xBD70B012,
0x0002D528,
0x00000C00,
0x3D090000,
0x3D0637BD,
0x49742400,
0x2A3F0000,
0x935F0000,
0x479F0000,
0x00035000,
0x00007D1D,
0x4602B5BC,
0xF44F2000,
0x23000100,
0xFD68F7FD,
0x9001AC01,
0x7000F44F,
0x23012180,
0xF0034622,
0x4605FD0F,
0x21802080,
0x23014622,
0xFD08F003,
0xB0024328,
0x0000BDB0,
0x4FFEE92D,
0x4FBE4688,
0x280049BE,
0xF018D06D,
0xF0000F02,
0x46BB80DB,
0xF04F4FBB,
0x4EBB4A6E,
0x460CAD01,
0xF8CD2101,
0xF507A004,
0x90027000,
0x47B04628,
0x3080F504,
0xE9CD2101,
0x46280701,
0xF04F47B0,
0xF8CD6080,
0x2101A004,
0x46289002,
0x4FAF47B0,
0x0900F04F,
0x21014628,
0xF8CD9701,
0x47B09008,
0x4040F04F,
0xA004F8CD,
0x90022101,
0x47B04628,
0x0038F107,
0x465F2101,
0xF04F9001,
0x90024080,
0x47B04628,
0xF8CD2001,
0x2101A004,
0x46289002,
0xF50747B0,
0x21013000,
0x0901E9CD,
0x47B04628,
0xF8CD207F,
0x2101A004,
0x46289002,
0x489847B0,
0x90012101,
0x90022070,
0x47B04628,
0x2100200F,
0xF01A2200,
0x200FFE75,
0xF0002102,
0x4891FC0F,
0x48C36D41,
0x012FF890,
0xD46606C0,
0x42814890,
0x4A90D366,
0xF04FE067,
0x4D874080,
0x46B9AC01,
0xF04F468A,
0x2101476E,
0x90022601,
0x97014620,
0xF50A47A8,
0xF04F3080,
0x21010800,
0x46209001,
0x8008F8CD,
0x462047A8,
0xE9CD2101,
0x47A87601,
0x3000F509,
0xE9CD2101,
0x46200601,
0xF44F47A8,
0x97011000,
0x90022101,
0x47A84620,
0x0058F10A,
0xE9CD2101,
0x46200801,
0x462047A8,
0xE9CD2101,
0x47A87601,
0x21014620,
0x9601E9CD,
0xF44F47A8,
0x21804000,
0xFB8EF003,
0x0007F000,
0xFBB02403,
0xEB01F1F4,
0x1A400141,
0x0002F1C0,
0x200FB2C1,
0xFBB4F000,
0x4080F44F,
0xF0032180,
0xF000FB7B,
0xFBB00007,
0xEB01F1F4,
0x1A400141,
0x0002F1C0,
0x200EB2C1,
0xFBA2F000,
0x485BE0A3,
0xD2014281,
0xE0042004,
0x20004A59,
0xBF384291,
0xB2C12001,
0xF001200F,
0x494EFDBD,
0x7048EA5F,
0x8091F140,
0x0030F242,
0xAC014D4C,
0xF04F460E,
0x21014B6E,
0x0801F04F,
0x46209002,
0xB004F8CD,
0xF24247A8,
0x96010020,
0x90022101,
0x47A84620,
0x70E0F44F,
0xB004F8CD,
0x90022101,
0x47A84620,
0x0010F106,
0xF44F46BA,
0x21017780,
0x46209001,
0x47A89702,
0x21014620,
0xB701E9CD,
0xF10647A8,
0xF04F0018,
0x21010900,
0x46209001,
0x9008F8CD,
0xF44F47A8,
0x46207700,
0xF8CD2101,
0x9702B004,
0xF10647A8,
0x2101002C,
0x0701E9CD,
0x47A84620,
0x1700F44F,
0x21014620,
0xB004F8CD,
0x47A89702,
0x0058F106,
0xE9CD2101,
0x46200701,
0x462047A8,
0xE9CD2101,
0x47A8B801,
0x21014620,
0xA901E9CD,
0x207F47A8,
0xB004F8CD,
0x90022101,
0x47A84620,
0x0008F10A,
0x90012101,
0x90022070,
0x47A84620,
0x2100200E,
0xF01A2200,
0x200EFD7D,
0xF0002102,
0x4815FB17,
0x48476D41,
0x012FF890,
0xD4040680,
0x42814814,
0x4A14D304,
0x4810E005,
0xD2014281,
0xE0042004,
0x20004A0E,
0xBF384291,
0xB2C12001,
0xF001200E,
0x2000FD27,
0xE8BDB003,
0xBF008FF0,
0xE2070078,
0xE20E0000,
0x05020400,
0x0001FF65,
0xE20F0004,
0xE2090080,
0x00000C00,
0x051A2700,
0x0A883A60,
0x050DF200,
0x0A6E49C0,
0x4D1BB5B0,
0xF648482C,
0xF648134C,
0x6AA91450,
0x58C3682A,
0xF0005900,
0xF40100FE,
0x0E126170,
0x0F02F090,
0x4813D109,
0x021FF002,
0xEA003201,
0x42820043,
0x2200BF28,
0xB298E006,
0xD3072811,
0x0010F102,
0x021FF000,
0xF3626828,
0x6028601C,
0x0008F041,
0x480862A8,
0xB1186800,
0x7180F44F,
0xFED4F018,
0xF44F48BE,
0x60011100,
0xBF00BDB0,
0x400902A0,
0x0001FFFE,
0x00056AC4,
0x4A0DB580,
0x5380F44F,
0x5E00F44F,
0xFB936812,
0xFB9EF3F2,
0xFB02F2F2,
0x48083200,
0x30E0F8D0,
0x0C03FBA2,
0xFB0217D2,
0xFA0ECC03,
0x17D3F201,
0xF7FD4661,
0xBD80FB96,
0x00000C94,
0x00035000,
0xEBB22200,
0xBF1C4FD0,
0x30FFF04F,
0xB5104770,
0x4C624A09,
0x68132901,
0xEA24BF19,
0x40180000,
0x0104EA03,
0x68114308,
0xF36F4020,
0x43080112,
0x20006010,
0xBF00BD10,
0x4000C010,
0xEBB12100,
0xBF1C4FD0,
0x30FFF04F,
0x49544770,
0x0200EA21,
0x68034818,
0x6803401A,
0x0312F36F,
0x6002431A,
0x420A6802,
0x8C00D10C,
0x71FFF640,
0xD1074208,
0xF44F48B0,
0x60014100,
0x8F4FF3BF,
0x8F6FF3BF,
0x47702000,
0xEBB12100,
0xBF1C4FD0,
0x30FFF04F,
0x4A084770,
0x68134941,
0x40084318,
0xF36F6811,
0x43080112,
0x4100F44F,
0x48036010,
0x20006001,
0xBF004770,
0x4000C030,
0xE000E108,
0xF010B580,
0x4802FB6D,
0x4100F44F,
0xBD806001,
0xE000E288,
0xEBB32300,
0xBF1C4FD0,
0x30FFF04F,
0xB5B04770,
0x4D2E4B11,
0x681C2900,
0xEA25BF19,
0x40210100,
0x0105EA04,
0x681C4301,
0xEA012A01,
0xF36F0105,
0xEA410412,
0x60190104,
0x685C4908,
0xEA25BF19,
0x40200000,
0x0205EA04,
0x685A4310,
0x40114028,
0x60584308,
0xBDB02000,
0x4000C038,
0xFFF80000,
0xBF842904,
0x30FFF04F,
0x00894770,
0xB2C9220F,
0xFA024088,
0x4A06F101,
0xEA236813,
0x43080101,
0x0D096811,
0x501FF361,
0x20006010,
0xBF004770,
0x4000C008,
0xEBB22200,
0xBF1C4FD0,
0x30FFF04F,
0xB5104770,
0x4C094A0A,
0x68132900,
0xEA03BF19,
0x43080104,
0x0000EA24,
0x68114018,
0xF36F4020,
0x43080112,
0x20006010,
0xBF00BD10,
0x0007FFFF,
0x4000C00C,
0x68004811,
0xB580B128,
0xF0182101,
0xE8BDFDCF,
0x48C84080,
0x60012108,
0xF44F4839,
0x60017180,
0xBF004770,
0x68004808,
0xB580B128,
0xF0182101,
0xE8BDFDBD,
0x48054080,
0x60812108,
0x60012180,
0x6001482F,
0xBF004770,
0x00056AB4,
0x40000038,
0xF0104670,
0xD1020F04,
0x8008F3EF,
0xF3EFE001,
0xB5F88009,
0x69806801,
0x2300A207,
0x3200E9CD,
0x23192200,
0x1002E9CD,
0xF04F2005,
0xF01531FF,
0xE8BDFA81,
0xE7FE408F,
0x64726148,
0x6C756146,
0x61485F74,
0x656C646E,
0x524C2072,
0x3830253A,
0x63702078,
0x3830253A,
0x0A0D2078,
0x00000000,
0xA003B580,
0xF820F025,
0x21024804,
0xBD806001,
0x50544E49,
0x5152495F,
0x0000000D,
0xE000E284,
0xA004B580,
0xF810F025,
0xF44F4809,
0x60017100,
0xBF00BD80,
0x5F544E49,
0x5F495047,
0x6E515249,
0x5152495F,
0x646E6148,
0x0D72656C,
0x00000000,
0xE000E280,
0x2064B570,
0x22002100,
0xFCDEF018,
0x4C0B4D0A,
0x4E0D4A0C,
0x480A6028,
0x0108F104,
0x602047B0,
0x480A6829,
0x47B04A0A,
0x480A6060,
0x21004A0A,
0x60A047B0,
0xBD702000,
0x0005E954,
0x0003F690,
0x000217CD,
0x0002DCD4,
0x0001D4F1,
0x00025CA9,
0x0002DCF8,
0x000251F9,
0x0002DD1C,
0xF01EB580,
0xE8BDF9A3,
0xF0134080,
0x0000BCE7,
0x78014870,
0x0101F041,
0x48057001,
0x60012102,
0x8F4FF3BF,
0x8F6FF3BF,
0x1100F8C0,
0xBF004770,
0xE000E188,
0x4E60B5FE,
0x1040F648,
0xF0105830,
0xD030000F,
0x78A14C5D,
0xF0402901,
0x4D5C8089,
0xF01168E9,
0xF0000F10,
0x78218083,
0xD0452900,
0x70221C4A,
0x7861B2D2,
0xF1012A02,
0x70610101,
0xB2CAD371,
0xD86E2A09,
0xBF1807C9,
0x2802BDFE,
0x6828D007,
0x4070F020,
0x68286028,
0x3080F420,
0x484C6028,
0xF8C5494C,
0x200000AC,
0x00ACF8C5,
0x70206069,
0x4846BDFE,
0x6FC26841,
0x3F80F412,
0x4A42D005,
0x78D24B45,
0x420A435A,
0x4941D008,
0x10ACF8C0,
0xF8C02100,
0x493F10AC,
0xBDFE6041,
0x680B493F,
0x0F02F013,
0x6082D142,
0x7802483D,
0x02FEF002,
0x20027002,
0xBDFE6008,
0x6FE96868,
0x3F80F411,
0x78E1D008,
0x43514A34,
0xD1034201,
0xF012686A,
0xD1417F80,
0x2700A133,
0xF2402200,
0xE9CD2305,
0x90027100,
0xF04F2001,
0xF01531FF,
0x2002F981,
0xFB10F013,
0x28006829,
0x3180F441,
0x68296029,
0x4170F041,
0xD0126029,
0x2200A12B,
0x230AF240,
0x7100E9CD,
0x20019002,
0x31FFF04F,
0xF968F015,
0xB2C8BDFE,
0xBF242810,
0x80202000,
0xF648BDFE,
0x58301040,
0x000FF000,
0xD10A2802,
0xF00A2032,
0x6828FCB1,
0x4070F020,
0x68286028,
0x3080F420,
0x20016028,
0xBDFE7020,
0x20004A0D,
0xF8C57060,
0xF8C520AC,
0x480D00AC,
0xF0126802,
0xD1DD0F02,
0x490B60A9,
0xF002780A,
0x700A02FE,
0x60012102,
0xBF00BDFE,
0x00035000,
0x0003F76C,
0x4008C408,
0x000F0F0F,
0xF100FFFF,
0x10001110,
0xE000E108,
0x40000040,
0x6473656A,
0x72726520,
0x2578303A,
0x0D583830,
0x0000000A,
0x6473656A,
0x72726520,
0x72646320,
0x2578303A,
0x0D583830,
0x0000000A,
0x4605B5FE,
0xF1A5460C,
0xB2C1000E,
0xD8202902,
0xA011B247,
0x416EF04F,
0xF850AE01,
0x91010027,
0x90022101,
0xF01B4630,
0xA00EF99B,
0xF850A113,
0xF8510027,
0xEA401027,
0xF0404005,
0x90014062,
0xF850A00B,
0x40880024,
0x90022101,
0xF01B4630,
0x2000F987,
0xBDF0B003,
0x001C0000,
0x00038000,
0x00003800,
0x00000040,
0x00000058,
0x00000048,
0x00000003,
0x00000001,
0x00000000,
0x00000012,
0x0000000F,
0x0000000B,
0x4FF0E92D,
0x4605B08F,
0x4688489D,
0x4681499D,
0x0C08F850,
0xE9CD2000,
0xE9CD000C,
0x1F28000A,
0x2001BF18,
0xA90C6BCE,
0xFD66F014,
0x46282D04,
0xBF18A90A,
0xF01B2002,
0xE9DDFBCD,
0xE9DD120C,
0x1A58370A,
0xBF481B84,
0x2C634264,
0xF20FDC5E,
0x24002C64,
0xE9CD9508,
0xE9CD4C00,
0xE9CD6002,
0xE9CD3704,
0x20011206,
0x31FFF04F,
0xF44F2200,
0xF015730C,
0x2D04F891,
0x464DD157,
0x7000F44F,
0x682F2180,
0xB008F8D5,
0xFF42F002,
0x1902F3C0,
0x21802080,
0xFF3CF002,
0x1A02F3C0,
0x0E00F04F,
0x0F06F1B9,
0xF1A9D31C,
0xF1A90205,
0xFA270425,
0x2C00F302,
0x2300BFA8,
0xF702FA03,
0x2700BFA8,
0xBFA8602F,
0x0E00F04F,
0xFA0E2C00,
0xF1C9F102,
0xFA230225,
0xEA42F202,
0xBFA80E01,
0xFE04FA03,
0xF1BA2200,
0xD3780F06,
0x0305F1AA,
0x0C25F1AA,
0xF403FA2B,
0x0F00F1BC,
0x2400BFA8,
0xFB03FA04,
0xF04FBFA8,
0xF8C50B00,
0xE057B008,
0x2200A15E,
0x34FFF04F,
0x2332F240,
0x2100E9CD,
0x6002E9CD,
0xF04F2005,
0x220031FF,
0x464EE0A4,
0x21802080,
0xF8D668B7,
0xF002B000,
0x4605FEEB,
0x7000F44F,
0xF0022180,
0xF3C0FEE5,
0xF3C51A02,
0xF04F1902,
0xF1B90E00,
0xD31C0F06,
0x0205F1A9,
0x0425F1A9,
0xF302FA27,
0xBFA82C00,
0xFA032300,
0xBFA8F702,
0x60B72700,
0xF04FBFA8,
0x2C000E00,
0xF102FA0E,
0x0225F1C9,
0xF202FA23,
0x0E01EA42,
0xFA03BFA8,
0x2200FE04,
0x0F06F1BA,
0xF1AAD31F,
0xF1AA0305,
0xFA2B0C25,
0xF1BCF403,
0xBFA80F00,
0xFA042400,
0xBFA8FB03,
0x0B00F04F,
0xB000F8C6,
0x2200BFA8,
0x0F00F1BC,
0xF203FA02,
0x0325F1CA,
0xF303FA24,
0x0203EA42,
0xFA04BFA8,
0xF1CAF20C,
0xF1C9030A,
0xF1C30109,
0xF1C10520,
0xFA020620,
0xFA0EF403,
0xFA0BF001,
0xFA07F303,
0xFA2BF101,
0xFA27F505,
0x4325F606,
0x0415F06F,
0xF06F4330,
0xEBA40616,
0xEBA6040A,
0x2C000609,
0xFA0BBFA8,
0x2E00F504,
0xFA07BFA8,
0x2C00F006,
0x0400F04F,
0x2300BFA8,
0xBFA82E00,
0x1AC92100,
0x090941A8,
0x0F04F018,
0x7300EA41,
0x31FFF04F,
0x4827BF1C,
0xEA5F6003,
0xBF1C7088,
0x60034825,
0x7E04E9CD,
0xB206E9CD,
0x9A08E9CD,
0x22009302,
0x7317F44F,
0x48209400,
0x20019001,
0xFF90F014,
0xB00F4620,
0x8FF0E8BD,
0x40000014,
0x00035000,
0x2046494C,
0x636E7973,
0x72726520,
0x7266202C,
0x65737165,
0x25203A74,
0x75632064,
0x6E657272,
0x64253A74,
0x0D7A6820,
0x0000000A,
0x2046494C,
0x636E7973,
0x65726620,
0x74657371,
0x6425203A,
0x73657220,
0x253A7465,
0x7A682064,
0x6C6C2520,
0x6C252064,
0x3020646C,
0x0D782578,
0x0000000A,
0x40084048,
0x40088044,
0x0002EEEF,
0x4606B570,
0x460D4614,
0x0F04F016,
0x4844D00D,
0x4084F8C0,
0x0088F890,
0x0003F000,
0xD1042801,
0x46214628,
0xFFA0F002,
0x2000E000,
0xD10207F1,
0xD40407B1,
0x493ABD70,
0x07B163CC,
0x4938D502,
0x40CCF8C1,
0xF8914936,
0xF0022040,
0x2A010203,
0xF891D006,
0xF00110D0,
0x29010103,
0xBD70BF18,
0x46214628,
0x4070E8BD,
0xBC88F001,
0xF010B510,
0xD01B0F04,
0xC960F8DF,
0x0E03F002,
0xF89C2A01,
0xF0033088,
0xEA4303FC,
0xF88C030E,
0xD10D3088,
0xF0114C24,
0xBF1E0F01,
0xF4236823,
0x60234300,
0xBF420789,
0xF4216861,
0x60614100,
0xD01907C1,
0xF0024B1B,
0x2A010103,
0x4040F893,
0x04FCF004,
0x0104EA41,
0x1040F883,
0x4917D10C,
0xF023680B,
0x600B0301,
0xF443680B,
0x600B5380,
0xF443680B,
0x600B7380,
0xD5190780,
0xF002490D,
0x2A010003,
0x30D0F891,
0x03FCF003,
0x0003EA40,
0x00D0F881,
0x4809D10C,
0xF0216841,
0x60410101,
0xF4416841,
0x60415180,
0xF4416841,
0x60417180,
0xBD102000,
0x00035000,
0x40084018,
0x4008801C,
0xED9FB570,
0xED9F2A1E,
0xED9F1A1C,
0xED9F4A1E,
0xED9F3A1C,
0x4B1D5A1D,
0xEEB44E1D,
0xEE300AC2,
0xEEF11A01,
0xBFB8FA10,
0x0A41EEB0,
0x0AC4EEB4,
0x1A03EE30,
0xFA10EEF1,
0xEEB0BFB8,
0xF0101A40,
0xEE210F04,
0xEE800A05,
0xEEBD0A04,
0xEE100AC0,
0xD0062A10,
0xEA024D0F,
0x682C0103,
0x43214034,
0x07806029,
0x490CD006,
0x0003EA02,
0x4032680A,
0x60084310,
0xBD702000,
0x43B40000,
0xC3340000,
0xC3B40000,
0x43340000,
0x4A000000,
0x003FFFFF,
0xFFC00000,
0x40084044,
0x40088040,
0xA005B580,
0xFC24F024,
0x21204813,
0x48136001,
0x60012102,
0xBF00BD80,
0x5F304F4C,
0x4F4C4E55,
0x44454B43,
0x5152495F,
0x0000000D,
0xA005B580,
0xFC0EF024,
0x21404808,
0x48086001,
0x60012101,
0xBF00BD80,
0x5F314F4C,
0x4F4C4E55,
0x44454B43,
0x5152495F,
0x0000000D,
0x40000038,
0xE000E280,
0x4605B570,
0xF015460C,
0xD1010F01,
0xE0102600,
0x2080F44F,
0xF0022120,
0xF014FCED,
0xD1040F02,
0x0050EA04,
0x0601F000,
0xF010E003,
0xBF180660,
0x07A82601,
0x4630D401,
0xF44FE010,
0x21202080,
0xFCD8F002,
0xF0144601,
0xF3C10F01,
0xBF0820C0,
0xF0144630,
0xBF180F02,
0x4000F3C1,
0xD5150769,
0x0F01F014,
0xF44FD007,
0x21046000,
0xFCC2F002,
0xEA212101,
0x07A12090,
0xBD70BF58,
0x6080F44F,
0xF0022104,
0x2101FCB7,
0x2090EA21,
0x0000BD70,
0x4FFEE92D,
0x46144683,
0xF01B4688,
0xF0000F01,
0xF01880E3,
0xD06F0F01,
0x4600F04F,
0x406EF04F,
0x5F04F8DF,
0x2101AF01,
0x90019602,
0x47A84638,
0xF084FAB4,
0xEA4F2101,
0xEA4F1A50,
0x900270CA,
0x4681482C,
0xF8CD4638,
0x47A89004,
0x4008F04F,
0x90022101,
0x406EF04F,
0x46389001,
0xF10947A8,
0x2C000004,
0x0101F04F,
0xBF089001,
0x6600F04F,
0x7F80F5B4,
0xBF084638,
0x96022600,
0xF04F47A8,
0x2002466E,
0x96012101,
0x46389002,
0xF10947A8,
0x2C000020,
0x0101F04F,
0x46209001,
0x2001BF18,
0x90020040,
0x47A84638,
0x5000F44F,
0x21019601,
0x466EF04F,
0x46389002,
0xF10947A8,
0x2101001C,
0xEA4F9001,
0x9002304A,
0x47A84638,
0x300CF44F,
0x21019601,
0x46389002,
0xF10947A8,
0x21010028,
0x1E609001,
0xF080FAB0,
0x04400940,
0x46389002,
0xE00147A8,
0xE2120000,
0x7088EA5F,
0xF04FD56C,
0xF04F4600,
0x4DE2406E,
0x2101AF01,
0x90019602,
0x47A84638,
0x210148DD,
0xF1094681,
0x90010008,
0xF084FAB4,
0x1A50EA4F,
0x70CAEA4F,
0x46389002,
0xF04F47A8,
0x21014008,
0xF04F9002,
0x9001406E,
0x47A84638,
0x002CF109,
0xF04F2C00,
0x90010101,
0xF04FBF08,
0xF5B46600,
0x46387F80,
0x2600BF08,
0x47A89602,
0x466EF04F,
0x21012060,
0x90029601,
0x47A84638,
0x0020F109,
0xF04F2C00,
0x90010101,
0xBF184620,
0x01802001,
0x46389002,
0xF44F47A8,
0x96015080,
0xF04F2101,
0x9002466E,
0x47A84638,
0x001CF109,
0x90012101,
0x300AEA4F,
0x46389002,
0xF44F47A8,
0x96013098,
0x90022101,
0x47A84638,
0x0028F109,
0x90012101,
0xFAB01E60,
0x0940F080,
0x90020400,
0x47A84638,
0x708BEA5F,
0x80BAF140,
0x0F01F018,
0xF44FD05A,
0x4DA910C4,
0xF04FAF01,
0x2101496E,
0x46389002,
0x9004F8CD,
0x4EA347A8,
0xF04F2C00,
0xF1060101,
0x90010010,
0x2000F44F,
0xF44FBF08,
0xF5B41084,
0xBF087F80,
0x90022000,
0x47A84638,
0x6000F44F,
0x9004F8CD,
0x90022101,
0x47A84638,
0x0020F106,
0xF04F2C00,
0x90010101,
0xBF184620,
0x02C02001,
0x46389002,
0xF44F47A8,
0xF8CD3000,
0x21019004,
0x46389002,
0xF10647A8,
0x2101001C,
0xFAB49001,
0x0940F084,
0x90020440,
0x47A84638,
0x4030F44F,
0x9004F8CD,
0x90022101,
0x47A84638,
0x0028F106,
0x90012101,
0xFAB01E60,
0x0940F080,
0x900203C0,
0x47A84638,
0x7088EA5F,
0xF44FD558,
0x4D7A10C4,
0xF04FAF01,
0x2101496E,
0x46389002,
0x9004F8CD,
0x487447A8,
0xF04F2C00,
0x46820101,
0x0018F10A,
0xF44F9001,
0xBF082000,
0x1084F44F,
0x7F80F5B4,
0x2000BF08,
0x46389002,
0xF44F47A8,
0x46383680,
0xF8CD2101,
0x96029004,
0xF10A47A8,
0x2C000020,
0x0101F04F,
0x46209001,
0x2001BF18,
0x90020400,
0x47A84638,
0x21014638,
0x9601E9CD,
0xF10A47A8,
0x2101001C,
0xFAB49001,
0x0940F084,
0x90020400,
0x47A84638,
0x40E0F44F,
0x9004F8CD,
0x90022101,
0x47A84638,
0x0028F10A,
0x90012101,
0xFAB01E60,
0x0940F080,
0x90020380,
0x47A84638,
0x704BEA5F,
0x8093F140,
0x4F4E494D,
0x0F01F018,
0xAE01D047,
0xABBCF8DF,
0xF04F9102,
0x2101496E,
0xF8CD4630,
0x47D09004,
0x3080F507,
0x46212C00,
0xFAB49001,
0xBF18F084,
0x09472101,
0xEA4002B8,
0xEA4030C7,
0x1E614001,
0xF181FAB1,
0x2101094D,
0x70C5EA40,
0x46309002,
0xF44F47D0,
0xF8CD4000,
0x21019004,
0x46309002,
0x483347D0,
0x46832101,
0x001CF10B,
0x03F89001,
0x90024F32,
0x47D04630,
0x2003F44F,
0x9004F8CD,
0x90022101,
0x47D04630,
0x0028F10B,
0x90012101,
0x900204E8,
0x47D04630,
0xEA5F4927,
0xD5427088,
0x4E24AD01,
0xF04F9102,
0x2101486E,
0xF8CD4628,
0x47B08004,
0xF084FAB4,
0x1E619701,
0xEA4F2C00,
0xBF181750,
0xFAB12401,
0x02B8F181,
0x30C7EA40,
0x4004EA40,
0x2101094C,
0x70C4EA40,
0x46289002,
0xF44F47B0,
0xF8CD4080,
0x21018004,
0x46289002,
0x480F47B0,
0x46812101,
0x001CF109,
0x03B89001,
0x46289002,
0xF44F47B0,
0xF8CD2086,
0x21018004,
0x46289002,
0xF10947B0,
0x21010028,
0x04A09001,
0x46289002,
0x200047B0,
0xE8BDB003,
0xBF008FF0,
0xE2120000,
0x0001FF65,
0x80018400,
0xE20A0004,
0x780A491A,
0xD0304282,
0x49197008,
0x489DB198,
0xF44F4A18,
0xF8D07380,
0xFBB000E4,
0x320DF2F2,
0x0242F3C2,
0x1302EA43,
0x2304800B,
0x0242EB03,
0xF0F2FBB0,
0x4810E008,
0x6D004A10,
0xF2F2FBB0,
0x0320F042,
0x800B40D0,
0x23072200,
0x710B710A,
0x717AF44F,
0xF1F1FBB0,
0xEBB23901,
0xBF186F11,
0x4A074770,
0x48076010,
0x47706001,
0x00054981,
0x40000028,
0x0EE6B280,
0x00000C00,
0x0BEBC200,
0x00000E10,
0xE000E014,
0x4605B570,
0x460C4E43,
0x0F01F015,
0x6830D01B,
0xF4204621,
0x60303080,
0xF0182001,
0x6830FDAF,
0x2C004976,
0x3080F440,
0x46206030,
0x2001BF18,
0x212CF8D1,
0x637EF002,
0x627FF022,
0x5000EA43,
0xF8C14310,
0x07A8012C,
0x2002D528,
0xF0192102,
0x2001FAAD,
0x22002103,
0xF0092300,
0x6830F825,
0x3000F420,
0x200F6030,
0xF976F019,
0x46212002,
0xFD84F018,
0x22FD6830,
0xF4402C00,
0x60303000,
0xF8D0485E,
0xEA02112C,
0xF0215211,
0xBF18617F,
0x0202F042,
0x5102EA41,
0x112CF8C0,
0xD4030768,
0xF8D04856,
0xE028012C,
0x21002004,
0xFA7EF019,
0x21032004,
0x23002200,
0xFFF6F008,
0xF4206830,
0x60302080,
0xF019200E,
0x2004F947,
0xF0184621,
0x6830FD55,
0x22FB4949,
0xF4402C00,
0x60302080,
0x012CF8D1,
0x5210EA02,
0x607FF020,
0xF042BF18,
0xEA400204,
0xF8C15002,
0xF020012C,
0xF0100110,
0xBF18607F,
0xEA412001,
0x493C1000,
0x012CF8C1,
0xBD702000,
0x40000030,
0xF100B510,
0xE8510128,
0xB9122F00,
0x8F2FF3BF,
0x1E53E004,
0x3400E841,
0xE7F4B104,
0x302CB18A,
0xE00B2101,
0xE8D21C82,
0xE8C23F4F,
0xB1041F44,
0xF013E7F9,
0xBF080FFF,
0x3008BD10,
0x28006800,
0x2000D1F0,
0x4684BD10,
0x3F30F85C,
0xB510B193,
0x0E00F04F,
0x78CBE005,
0x429C78D4,
0x6853D20F,
0x461A4696,
0xD1F62A00,
0xE9C12200,
0xF1002E01,
0xE007022C,
0xE9C12200,
0x62C12201,
0xE9C1E00A,
0x32082E01,
0x0F00F1BE,
0xBF186011,
0x0C04F10E,
0x4010E8BD,
0x1000F8CC,
0xE8503028,
0x1C4A1F00,
0x2300E840,
0xE7F8B103,
0xE9D14770,
0xF1022C01,
0x2A000308,
0xF100BF08,
0xF8C3032C,
0xE9D1C000,
0x1D0B2101,
0xBF082900,
0x0330F100,
0x4770601A,
0x4601B580,
0x23004803,
0x20E4F8D0,
0xF7FC2000,
0xBD80FA64,
0x00035000,
0xA004B580,
0xF81AF024,
0xF44F48AC,
0x60016180,
0xBF00BD80,
0x5F30314E,
0x48515249,
0x6C646E61,
0x000D7265,
0xA004B580,
0xF808F024,
0xF44F48A3,
0x60016100,
0xBF00BD80,
0x5F31314E,
0x48515249,
0x6C646E61,
0x000D7265,
0xB087B5F0,
0x46054F2C,
0x4694460C,
0x68382C03,
0x1082F3C0,
0x4929D806,
0x185E4A29,
0xBF984296,
0xD91E2D03,
0x2600A027,
0x31FFF04F,
0xE9CD2200,
0xE9CD6000,
0xE9CD5402,
0x2001C304,
0xF0142374,
0xA02EFA1F,
0x31FFF04F,
0x23752200,
0x48DA9002,
0x6000E9CD,
0xF0142005,
0xF06FFA13,
0xB0070001,
0x4461BDF0,
0xD8DD4291,
0xF5072101,
0x930066FF,
0x4663462A,
0xF000FA01,
0x4630B2C1,
0xFF58F003,
0x46294630,
0xF0034622,
0x6938FFBB,
0x0F03F015,
0xF014BF18,
0xD1060103,
0x0004F040,
0x69786138,
0x0004F040,
0xF020E005,
0x61380004,
0xF0206978,
0x61780004,
0xE7D22000,
0x40084008,
0x1AD27480,
0x35A4E900,
0x5F6F636E,
0x64256863,
0x74202C09,
0x68635F78,
0x2C096425,
0x65726620,
0x4B5F4171,
0x253A7A68,
0x7A682064,
0x6572662C,
0x4B5F4271,
0x253A7A68,
0x7A682064,
0x00000A0D,
0x5F4F434E,
0x68437854,
0x00746553,
0x4C1AB5B0,
0x68224D1A,
0x0220F022,
0x68226022,
0x0201F042,
0x08C26022,
0x7241EA42,
0x2C90F845,
0xF042782A,
0x702A0202,
0x69E3221F,
0xD3032A02,
0xF4133A01,
0xD1F82300,
0xFC13F7FC,
0xED9F6821,
0xEE010A0D,
0xF0210A10,
0xEE810101,
0x60210A00,
0xEEBC7829,
0xF0010AC0,
0x210E00FD,
0xEE107028,
0xF0020A10,
0x2000FB4F,
0xBF00BDB0,
0x400902A0,
0x400000AC,
0x447A0000,
0xF0042200,
0xF004B81F,
0x0000B81D,
0x4602B51C,
0x460B2001,
0x200E9000,
0xFFF0F017,
0xF1B44604,
0xDC0A3FFF,
0xF04F2000,
0x220031FF,
0x9000235A,
0x90014803,
0xF0142005,
0x4620F963,
0xBD10B002,
0x0002EFB1,
0x4604B51F,
0xD3102C04,
0xF04FA010,
0x220031FF,
0x73A7F44F,
0x20009002,
0x48769000,
0x20059001,
0xF94CF014,
0x0001F06F,
0x07E0E00E,
0x2001D004,
0x22012102,
0xF864F004,
0xD50407A0,
0x21022002,
0xF0042201,
0x2000F85D,
0xBD10B004,
0x5F58524F,
0x786C7043,
0x43726946,
0x7261656C,
0x00000000,
0x4C0CB510,
0x22082104,
0xEA016820,
0x68212010,
0x2191EA02,
0x48084301,
0xF0176800,
0x4807FC33,
0xA0076020,
0xFED4F023,
0xF44F4809,
0x60012180,
0xBF00BD10,
0x400900B0,
0x00056AC8,
0x0E492400,
0x5F58524F,
0x42414E45,
0x495F454C,
0x000D5152,
0xE000E280,
0x43FEE92D,
0xF1B14680,
0xF04F00F0,
0xF04F0400,
0xF04F0500,
0xBF980700,
0x000FF001,
0xBF882808,
0xEBA02401,
0x280400C4,
0x2501BF88,
0x0085EBA0,
0xBF882802,
0xEBA02701,
0xFA0F0047,
0xF341F980,
0xF016100F,
0x4606FC59,
0xF0164648,
0x046AFC55,
0x1160F44F,
0x36DFF36F,
0x0F01F018,
0x4284EA42,
0x4180EA01,
0x30C0EA4F,
0xEA424C1A,
0xB2804207,
0xEA424F17,
0xEA400206,
0xEA400002,
0xD0100601,
0x406EF04F,
0x9702AD01,
0x90012101,
0xF01A4628,
0xF504F95B,
0x21013080,
0x0601E9CD,
0xF01A4628,
0xEA5FF953,
0xD50F7088,
0xF04F4625,
0xAC01406E,
0x21019702,
0x46209001,
0xF946F01A,
0x21014620,
0x5601E9CD,
0xF940F01A,
0xB0032000,
0x83F0E8BD,
0x003FFFFF,
0xE20C0030,
0x4604B51F,
0xD3102C04,
0xF04FA012,
0x220031FF,
0x1321F240,
0x20009002,
0x48D19000,
0x20059001,
0xF886F014,
0x0401F06F,
0x07E0E010,
0x2001D004,
0x22002102,
0xFF9EF003,
0xD40107A0,
0xE0052400,
0x21022002,
0x24002200,
0xFF94F003,
0xB0044620,
0xBF00BD10,
0x5F58524F,
0x43636551,
0x43726946,
0x7261656C,
0x00000000,
0x0002EFD0,
0xF44FB580,
0x28015180,
0xF44FBF08,
0x46085100,
0xF0012130,
0xF3C0FF13,
0x210042C2,
0xE003B912,
0x08523101,
0xD1FB2A00,
0x32C0F3C0,
0xEB012300,
0x0BC20C02,
0x30DFF36F,
0xE003B910,
0x08403301,
0xD1FB2800,
0x607FF44F,
0x1101F240,
0x0A18ED9F,
0x1003EA00,
0x0302F002,
0xF0021AC9,
0xF0020304,
0x1AC90208,
0xFA5F1A89,
0x1A89F28C,
0xEE011A08,
0xEEB80A10,
0xEE811A41,
0xEE100A00,
0xF7FC0A10,
0xEC41FB5D,
0xF0200B10,
0xED9FFF7B,
0xEC511B07,
0xEC530B10,
0xF7FC2B11,
0xF7FCF927,
0x4240FAFF,
0xBF00BD80,
0xBF00BF00,
0x00000000,
0x40D38800,
0x43808000,
0x4604B510,
0xED9F4248,
0xEE001A0E,
0xEEB80A10,
0xEEB22AC0,
0xEEC20A04,
0xF0210A01,
0xED9FFED7,
0xF2401A09,
0xEE201101,
0xEEBD0A01,
0xEE100AC0,
0x1A090A10,
0xF7FF4620,
0x2000FEE7,
0xBF00BD10,
0x469C4000,
0x43808000,
0x6800481A,
0xBF004770,
0x78014819,
0xD1052901,
0x70012100,
0xF04F4804,
0x60016180,
0x68014813,
0x0101F041,
0x47706001,
0xE000ED04,
0x30FFF04F,
0x00004770,
0x490BB140,
0xFBB16809,
0x1E41F0F0,
0xEBB02000,
0xD0026F11,
0x30FFF04F,
0x4A064770,
0x701323FF,
0x23064A05,
0x60516013,
0x60904904,
0x47707008,
0x00000E10,
0xE000ED23,
0xE000E010,
0x00054982,
0xA003B580,
0xFD60F023,
0x21014807,
0xBD806001,
0x4F5F4150,
0x57505256,
0x52495F52,
0x61486E51,
0x656C646E,
0x00000D72,
0xE000E284,
0x2804B5FE,
0xA02CD30F,
0x31FFF04F,
0x23292200,
0x20009002,
0x48EF9000,
0x20059001,
0xFF84F013,
0x0001F06F,
0x4C23E043,
0xF010220F,
0x61E20701,
0xF894D00A,
0x23012020,
0x0201F042,
0x2020F884,
0xEA236822,
0xE0010252,
0x23002200,
0x0602F010,
0xF894D00D,
0xF0435024,
0xF0450310,
0xF8840501,
0x68255024,
0x3F00F415,
0xF042BF08,
0x07800202,
0xB2D8BF1C,
0xB11960E0,
0xF000B2D0,
0xE000F827,
0xB14F2000,
0xF0116821,
0xBF020F02,
0x1020F894,
0x01FEF001,
0x1020F884,
0x6821B14E,
0x3F00F411,
0xF894BF02,
0xF0011024,
0xF88401FE,
0xB0031024,
0xBF00BDF0,
0x40094008,
0x59414C50,
0x5F504143,
0x756E614D,
0x74536C61,
0x00747261,
0x2804B51F,
0xA01CD30F,
0x31FFF04F,
0x23102200,
0x20009002,
0x48BC9000,
0x20059001,
0xFF1EF013,
0x0001F06F,
0x2200E023,
0x4C12B180,
0xD00F2801,
0xF04F2803,
0xBF020104,
0xF0006820,
0xF1C00001,
0x68200202,
0x3090EA21,
0xE0071D03,
0xE00E2000,
0x23006820,
0x0001F000,
0x0202F1C0,
0xB10A69E0,
0xD0FB4010,
0x200069E1,
0x4019B10B,
0xB004D0F6,
0xBF00BD10,
0x40094008,
0x59414C50,
0x5F504143,
0x74696157,
0x656E6F44,
0x00000000,
0x0002EFD0,
0x47FCE92D,
0x4604460E,
0x0507F006,
0xD02F2C0E,
0xD0492C0F,
0xD1702C10,
0x4040F44F,
0x8664F8DF,
0xF04F466F,
0x2101496E,
0x46389001,
0x9000F8CD,
0x493447C0,
0x900103A8,
0x0010F101,
0x2101468A,
0x4004EA40,
0x46389000,
0x251047C0,
0x21014638,
0x9000F8CD,
0x47C09501,
0x001CF10A,
0xEA402101,
0x90004004,
0x0086EA05,
0x46389001,
0xE04247C0,
0x21034628,
0xFD2EF7FD,
0xF04F4605,
0x466E406E,
0x90002101,
0x70E0F44F,
0x46309001,
0xFF3EF019,
0x2101481C,
0xEA403008,
0x90004004,
0x900101A8,
0xF0194630,
0xE026FF33,
0x4040F04F,
0x466E4F16,
0x486EF04F,
0xF04F2101,
0x90010901,
0xF8CD4630,
0x47B88000,
0x07A8490F,
0xF1019001,
0x468A0034,
0xEA402101,
0x90004004,
0x47B84630,
0x21014630,
0x8900E9CD,
0xEA4A47B8,
0x21014004,
0x08A89000,
0x46309001,
0x200047B8,
0xF04FE001,
0xB00230FF,
0x87F0E8BD,
0xE2000008,
0x0001FF65,
0xA005B580,
0xFC16F023,
0x2110488B,
0x488B6001,
0x60012104,
0xBF00BD80,
0x5F4C4C50,
0x4F4C4E55,
0x44454B43,
0x5152495F,
0x0000000D,
0xF5ADB510,
0x466C7D02,
0xF44F4906,
0x46207202,
0xFE80F7FB,
0x21414620,
0xFEDCF019,
0x7D02F50D,
0xBF00BD10,
0x0002D568,
0x9C09B5BF,
0x3C011E5D,
0xB2ED4325,
0xBF982D01,
0xD9102801,
0xF04FA03C,
0x220031FF,
0x90022361,
0x90002000,
0x9001483C,
0xF0132005,
0xF06FFE1F,
0xB0040001,
0xF8DDBDB0,
0xF1BCC028,
0xD2E90F20,
0xF8DD4C2C,
0xF000E020,
0x2B010001,
0xF02568A5,
0x60A54500,
0xD1186825,
0x0301F025,
0x4B294318,
0x68206020,
0x0041F361,
0x68206020,
0x0082F362,
0x60204A23,
0x0007F00E,
0xF0216821,
0xEA410170,
0x02001100,
0x210C6021,
0xF425E020,
0xEA433380,
0x4B1A4000,
0xF0016020,
0x68210001,
0x3100F421,
0x4040EA41,
0xF0026020,
0x4A130001,
0xF4216821,
0xEA412180,
0x60204080,
0x0007F00E,
0xF4216821,
0xEA4101E0,
0x06005100,
0x211C6021,
0xF1BC6825,
0xEA030F0F,
0xEA400305,
0xF04F0003,
0x60200300,
0x2301BF38,
0xFA032000,
0x6823F101,
0x4311401A,
0xE79E6021,
0x40094008,
0xEFFFFFFF,
0xF8FFFFFF,
0xFFFFEFFF,
0xFFFFF8FF,
0x79616C50,
0x5F706143,
0x65646F4D,
0x00746553,
0x0002EFD0,
0x461DB5FE,
0x46164604,
0xF06F460F,
0x2D1F0001,
0x1E61D81D,
0x43111E72,
0x2901B2C9,
0x2003D817,
0x46312C01,
0xBF08462A,
0x2D0E2002,
0xD802B2C0,
0xFBC2F002,
0xF001E001,
0xB940FB8B,
0x21012000,
0x46232200,
0x7600E9CD,
0xF7FF9502,
0xB003FF4B,
0xB5FEBDF0,
0x4604461D,
0x460F4616,
0x0001F06F,
0xD81D2D1F,
0x1E721E61,
0xB2C94311,
0xD8172901,
0x2C012003,
0x462A4631,
0x2002BF08,
0xB2C02D0E,
0xF002D802,
0xE001FB99,
0xFB62F001,
0x2000B940,
0x22002100,
0xE9CD4623,
0x95027600,
0xFF22F7FF,
0xBDF0B003,
0xA005B580,
0xFB0CF023,
0x21014806,
0x48066001,
0x60012140,
0xBF00BD80,
0x59534552,
0x495F434E,
0x000D5152,
0x40000038,
0xE000E280,
0x47FCE92D,
0x46154606,
0xF016460C,
0xD0740F01,
0x0F01F014,
0xF44FD038,
0x466F6000,
0x90012101,
0x406EF04F,
0x46389000,
0xFDCAF019,
0x2D0048BF,
0x0101F04F,
0x3080F500,
0x46289000,
0xF640BF18,
0x90010001,
0xF0194638,
0x48B9FDBB,
0xF04F2D00,
0x88400101,
0xF44FBF18,
0xB2827080,
0xF7FE2001,
0x49B4FF19,
0x2D002003,
0x2001BF18,
0x880A2D00,
0x0203F022,
0x0002EA40,
0xD0058008,
0xF0002001,
0x2001FCAD,
0xFAC6F000,
0xD53607A0,
0x6000F44F,
0x2101466F,
0xF04F9001,
0x9000406E,
0xF0194638,
0x48A2FD8F,
0xF04F2D00,
0x90000101,
0xBF184628,
0x0001F640,
0x46389001,
0xFD82F019,
0x2D00489C,
0x0102F04F,
0xBF188880,
0x7080F44F,
0x2001B282,
0xFEE0F7FE,
0x200C4997,
0xBF182D00,
0x2D002004,
0xF022880A,
0xEA40020C,
0x80080002,
0x2002D005,
0xFC74F000,
0xF0002002,
0xEA5FFA8D,
0xD5787886,
0x0F01F014,
0xF04FD03A,
0x466F6000,
0x90012101,
0x406EF04F,
0x46389000,
0xFD52F019,
0x2D004883,
0x0101F04F,
0x3080F500,
0x46289000,
0x2000BF1C,
0x0001F6C0,
0x46389001,
0xFD42F019,
0x2D00487C,
0x0101F04F,
0x0092F8B0,
0xF44FBF18,
0xB2827080,
0xF7FE2002,
0x4977FE9F,
0x2D002003,
0x2001BF18,
0x880A2D00,
0x0203F022,
0x0002EA40,
0xD0058008,
0xF7FF2001,
0x2001FBED,
0xFB24F7FF,
0xD53807A0,
0x6000F04F,
0x2101466F,
0xF04F9001,
0x9000406E,
0xF0194638,
0x4865FD15,
0xF04F2D00,
0x90000101,
0xBF1C4628,
0xF6C02000,
0x90010001,
0xF0194638,
0x485FFD07,
0xF04F2D00,
0xF8B00102,
0xBF180094,
0x7080F44F,
0x2002B282,
0xFE64F7FE,
0x200C4959,
0xBF182D00,
0x2D002004,
0xF022880A,
0xEA40020C,
0x80080002,
0x2002D005,
0xFBB2F7FF,
0xF7FF2002,
0x0770FAE9,
0x8085F140,
0x0F01F014,
0x20FFD03F,
0x466E4F4D,
0x496EF04F,
0x90012101,
0xF8CD4630,
0x47B89000,
0x2D004849,
0x0101F04F,
0x3080F500,
0xF04F9000,
0xBF180008,
0x9001208F,
0x47B84630,
0xF8CD20F0,
0x21019000,
0x46309001,
0x484047B8,
0xF04F2D00,
0x90000101,
0x0080F04F,
0x2000BF18,
0x46309001,
0x483647B8,
0xF04F2D00,
0xF8B00101,
0xBF18004A,
0x7080F44F,
0x2004B282,
0xFE12F7FE,
0x2001B12D,
0xFF22F001,
0xF0012001,
0x07A0FD23,
0x20FFD53F,
0x466E4F2C,
0x496EF04F,
0x90012101,
0xF8CD4630,
0x47B89000,
0x2D004828,
0x0101F04F,
0x46829000,
0x0008F04F,
0x208FBF18,
0x46309001,
0x20F047B8,
0x9000F8CD,
0x90012101,
0x47B84630,
0x000CF10A,
0xF04F2D00,
0x90000101,
0x0080F04F,
0x2000BF18,
0x46309001,
0x481547B8,
0xF04F2D00,
0xF8B00102,
0xBF18004C,
0x7080F44F,
0x2004B282,
0xFDD0F7FE,
0x2002B12D,
0xFEE0F001,
0xF0012002,
0xF1B8FCE1,
0xD00C0F00,
0x2000B10D,
0x4808E004,
0x0120F8D0,
0x3003F3C0,
0x4620B2C2,
0xF01B2101,
0x2000F9BB,
0xE8BDB002,
0xBF0087F0,
0xE20C0034,
0x00035000,
0x40088048,
0x0001FF65,
0xE20A0050,
0xE20B005C,
0x4C1AB5B0,
0x68624D1A,
0xF0426822,
0x60220220,
0xF0426822,
0x60220201,
0xEA4208C2,
0xF8457241,
0x782A2C98,
0x0201F042,
0x221F702A,
0x2A026A63,
0x3A01D303,
0x3300F413,
0xF7FBD1F8,
0x6821FDF4,
0x0A0CED9F,
0x0A10EE01,
0x0101F021,
0x0A00EE81,
0x78296021,
0x0AC0EEBC,
0x00FEF001,
0x7028210F,
0x0A10EE10,
0xFD30F001,
0xBDB02000,
0x400902A0,
0x400000AC,
0x447A0000,
0xF0032200,
0xF7FFBB4F,
0xF003BFFB,
0x0000BB4B,
0x4602B51C,
0x460B2001,
0x200F9000,
0xF9D0F017,
0xF1B44604,
0xDC0A3FFF,
0xF04F2000,
0x220031FF,
0x9000230A,
0x90014803,
0xF0132005,
0x4620FB43,
0xBD10B002,
0x0002EFB2,
0x2A0168C2,
0xF3EFDB14,
0xB6728210,
0x68C36842,
0x60C33B01,
0x60431C53,
0x700A7812,
0x1200E9D0,
0x440B6903,
0xBF28429A,
0x20006041,
0xE001B662,
0x70FFF64F,
0x4770B200,
0x73FFF64F,
0xB139B140,
0xDB052A02,
0xE9C02300,
0x60811100,
0x610260C3,
0x4770B218,
0xF3EFB510,
0xB6728210,
0x690268C3,
0xDA034293,
0xF8524602,
0xE00E3F08,
0x60C31E53,
0xC000F8D0,
0x0E02EB0C,
0xF8524602,
0x1C5C3F08,
0xBF384574,
0xF8C046A4,
0x1C5CC004,
0x68C46084,
0x60C43401,
0x68017019,
0x69006883,
0x42834408,
0x0000F04F,
0x6011BF28,
0xBD10B662,
0xD3122803,
0xA023B5F8,
0x31FFF04F,
0xF2402200,
0x90021351,
0x90002000,
0x90014880,
0xF0132005,
0xF06FFAD7,
0xB0040001,
0x2802BD80,
0x2801D017,
0xF04FBF1C,
0x477030FF,
0x68014815,
0xEA016802,
0x68025152,
0x11D2EA01,
0xD11307C9,
0x68026801,
0x09096800,
0x6152EA01,
0x2010EA01,
0x480CE014,
0x68026801,
0xEA010849,
0x68025192,
0x2192EA01,
0xD00107C9,
0x47702001,
0x68026801,
0x09496800,
0x6192EA01,
0x20D0EA01,
0x0F8007C0,
0xBF004770,
0x40090008,
0x524F5852,
0x68435F58,
0x6E457349,
0x00000000,
0x00004770,
0x4C08B510,
0x46082900,
0x2001BF18,
0xF0027C22,
0x431002FE,
0x42487420,
0xF816F7FF,
0x20006020,
0xBF00BD10,
0x40088044,
0xA004B580,
0xF836F023,
0xF44F489C,
0x60013100,
0xBF00BD80,
0x415F5852,
0x495F4347,
0x000D5152,
0xA004B580,
0xF826F023,
0xF04F4894,
0x60017180,
0xBF00BD80,
0x435F5852,
0x5F524946,
0x0D515249,
0x00000000,
0xA004B580,
0xF814F023,
0xF44F488B,
0x60011180,
0xBF00BD80,
0x435F5852,
0x46584C50,
0x435F5249,
0x495F3148,
0x000D5152,
0xA004B580,
0xF800F023,
0xF44F48ED,
0x60012100,
0xBF00BD80,
0x435F5852,
0x46584C50,
0x435F5249,
0x495F3248,
0x000D5152,
0x4604B51F,
0xD3102C04,
0xF04FA010,
0x220031FF,
0x133FF240,
0x20009002,
0x48D49000,
0x20059001,
0xFA24F013,
0x0001F06F,
0x07E0E00E,
0x2001D004,
0x22012101,
0xF93CF003,
0xD50407A0,
0x21012002,
0xF0032201,
0x2000F935,
0xBD10B004,
0x435F5852,
0x46786C70,
0x6C437269,
0x00726165,
0x4604B51F,
0xD30F2C04,
0xF04FA010,
0x220031FF,
0x900223BB,
0x90002000,
0x900148ED,
0xF0132005,
0xF06FF9F7,
0xE00E0001,
0xD00407E0,
0x21012001,
0xF0032201,
0x07A0F8B7,
0x2002D504,
0x22012101,
0xF8B0F003,
0xB0042000,
0xBF00BD10,
0x435F5852,
0x46786C70,
0x65537269,
0x00000074,
0x0002EFD0,
0xA004B580,
0xFF8EF022,
0xF04F48BF,
0x60016180,
0xBF00BD80,
0x445F5852,
0x4F435F43,
0x495F5252,
0x000D5152,
0xA004B580,
0xFF7CF022,
0xF04F48B6,
0x60016100,
0xBF00BD80,
0x445F5852,
0x4D5F4345,
0x52495F52,
0x00000D51,
0xA004B580,
0xFF6AF022,
0xF44F48AD,
0x60012180,
0xBF00BD80,
0x445F5852,
0x435F4749,
0x5F53504D,
0x0D515249,
0x00000000,
0x4C0BB510,
0x68602202,
0xEA026821,
0xF3C021D1,
0x43012040,
0x68004807,
0xFCA6F016,
0x60604806,
0xF022A006,
0x4809FF47,
0x2100F44F,
0xBD106001,
0x400900AC,
0x00056AC8,
0x0D249200,
0x455F5852,
0x4C42414E,
0x52495F45,
0x00000D51,
0xE000E280,
0xA004B580,
0xFF2EF022,
0xF04F488F,
0x60017100,
0xBF00BD80,
0x485F5852,
0x52495F42,
0x00000D51,
0xA004B580,
0xFF1EF022,
0xF44F4887,
0x60013180,
0xBF00BD80,
0x495F5852,
0x4E4F4346,
0x52495F56,
0x00000D51,
0xA004B580,
0xFF0CF022,
0xF44F487E,
0x60010100,
0xBF00BD80,
0x495F5852,
0x505F5249,
0x4D435348,
0x495F5350,
0x000D5152,
0xE000E284,
0x4604B57F,
0xD30F2C04,
0xF04FA041,
0x220031FF,
0x9002232D,
0x90002000,
0x900148B5,
0xF0132005,
0xF06FF92F,
0xE06B0001,
0xF0002000,
0x4935F90B,
0xF8D14E36,
0xF0400518,
0xF8C1507C,
0x07E00518,
0xD02A4831,
0x223F680B,
0x45C0F106,
0x0308F043,
0x898B600B,
0x437FF443,
0x698B818B,
0x0307F362,
0xF44F618B,
0x698A6380,
0x427FF422,
0x6D8A618A,
0x020FF042,
0x6D8A658A,
0x727CF442,
0x6DCA658A,
0x020CF363,
0x6DCA65CA,
0x65CA402A,
0xF3636802,
0x6002020E,
0x40326802,
0x07A26002,
0x680AD52F,
0xF10623C3,
0xF04245C0,
0x600A0210,
0xF4428D0A,
0x850A427F,
0xF3636B4A,
0x23840207,
0x6B4A634A,
0x220FF363,
0x6380F44F,
0x6D8A634A,
0x2270F442,
0x6D8A658A,
0x727CF042,
0x6E0A658A,
0x020CF363,
0x6E0A660A,
0x660A402A,
0x1400F8D0,
0x010EF363,
0x1400F8C0,
0x1400F8D0,
0xF8C04031,
0x20001400,
0xBD70B004,
0x40088864,
0x400893FC,
0x8000FFFF,
0x4D5F5852,
0x414D4347,
0x69614758,
0x7465536E,
0x00000000,
0x4604B51F,
0xD30F2C04,
0xF04FA011,
0x220031FF,
0x9002239D,
0x90002000,
0x9001486C,
0xF0132005,
0xF06FF89D,
0xE0100401,
0xD00407E0,
0x21012001,
0xF0022200,
0x07A0FF5D,
0x2400D401,
0x2002E005,
0x22002101,
0xF0022400,
0x4620FF53,
0xBD10B004,
0x515F5852,
0x72694643,
0x00746553,
0x0002EFD0,
0xA004B580,
0xFE34F022,
0xF44F4812,
0x60011100,
0xBF00BD80,
0x515F5852,
0x435F4345,
0x5F524946,
0x0D515249,
0x00000000,
0xE000E284,
0xA004B580,
0xFE1EF022,
0xF44F4807,
0x60010180,
0xBF00BD80,
0x515F5852,
0x515F4345,
0x5F524946,
0x0D515249,
0x00000000,
0xE000E284,
0x4604B51F,
0xD3102C04,
0xF04FA012,
0x220031FF,
0x7389F44F,
0x20009002,
0x48F39000,
0x20059001,
0xF840F013,
0x0401F06F,
0x07E0E010,
0x2001D004,
0x22002101,
0xFF58F002,
0xD40107A0,
0xE0052400,
0x21012002,
0x24002200,
0xFF4EF002,
0xB0044620,
0xBF00BD10,
0x515F5852,
0x46436365,
0x6C437269,
0x00726165,
0x0002EFD0,
0x38014A26,
0xF180FAB0,
0xEA4F6813,
0xF0231151,
0xEA430304,
0x60110181,
0x2001BF18,
0xF0216811,
0xEA410108,
0x601101C0,
0xF0216811,
0xEA410110,
0x60101000,
0x47702000,
0x4605B57F,
0x460C2000,
0xF7FF2600,
0x2D04FFDD,
0xA015D30E,
0x31FFF04F,
0x231B2200,
0x90029600,
0x900148C9,
0xF0122005,
0xF06FFFED,
0xE0170001,
0x480C07E8,
0x6801D008,
0x0108F041,
0x89816001,
0xEA41B2C9,
0x81812104,
0xD50807A9,
0xF0416801,
0x60010110,
0xB2C98D01,
0x2104EA41,
0x20008501,
0xBD70B004,
0x40088864,
0x6D5F5852,
0x735F6367,
0x00007465,
0x0002EFD0,
0x4FF0E92D,
0x4681B085,
0xF019460C,
0xF0040801,
0x46470501,
0x462FBF18,
0x0F00F1B8,
0xF3C4BF14,
0x26000640,
0x0F03F1B9,
0xF3C4D103,
0x20030580,
0xF1B9E004,
0xF0400F02,
0x200180B5,
0xF000FA24,
0x0A01F000,
0x1B4AEA4F,
0x21032003,
0xF0002200,
0x4870FA3D,
0xB907B10C,
0x496FB3D5,
0xF0225842,
0xEA420280,
0x504212C7,
0xF0027902,
0xEA4202FB,
0x71020287,
0xF4228802,
0xEA424280,
0x80023287,
0x20A8F8B0,
0x0204F022,
0x0287EA42,
0x20A8F8A0,
0xF4225842,
0xEA427280,
0x50422205,
0xF0017901,
0xEA4101EF,
0x71011105,
0x10A8F8B0,
0x0108F021,
0x01C5EA41,
0x10A8F8A0,
0xF0218801,
0xEA410140,
0x80011187,
0xF0017901,
0xEA4101BF,
0x71011187,
0xB916B11C,
0x0F00F1BA,
0x494FD03A,
0xF4225842,
0xEA426280,
0x50422286,
0xF0027902,
0xEA4202F7,
0x710202C6,
0xF36F8802,
0xEA4232DF,
0x800232C6,
0x20A8F8B0,
0x0240F022,
0x1286EA42,
0x20A8F8A0,
0xF4225842,
0xEA426200,
0x504222CA,
0xF0017901,
0xEA4101DF,
0x7101010B,
0x10A8F8B0,
0x0180F021,
0x11CAEA41,
0x10A8F8A0,
0xF0218801,
0xEA410180,
0x800111C6,
0xF0017901,
0xEA41017F,
0x710111C6,
0xEA474A32,
0xF1B80105,
0x5A830F00,
0x0304F023,
0x0181EA43,
0xEA465281,
0x5A83010A,
0x0308F023,
0x01C1EA43,
0xD0045281,
0x0103F004,
0xF0002001,
0xEA5FF8A9,
0xD5097089,
0x0F03F1B9,
0x0002F04F,
0x08A4BF08,
0x0103F004,
0xF89CF000,
0xB0052000,
0x8FF0E8BD,
0x0B00F04F,
0x0F04F1B9,
0xA110D311,
0x2200A00A,
0x7386F44F,
0xB100E9CD,
0x0902E9CD,
0xF04F2005,
0x940431FF,
0xFEE0F012,
0x0001F06F,
0xF04FE7E5,
0x25000A00,
0xBF00E736,
0x69646152,
0x724F5F6F,
0x4D785278,
0x61756E61,
0x006E456C,
0x50207325,
0x4D415241,
0x52524520,
0x70797420,
0x78303A65,
0x63207825,
0x78303A68,
0x0A0D7825,
0x00000000,
0x4009016C,
0xFFFFFE9C,
0xFFFFFEA4,
0x4605B57F,
0xD30F2D04,
0xF04FA024,
0x220031FF,
0x900223F6,
0x90002000,
0x900148A3,
0xF0122005,
0xF06FFEA5,
0xE0340401,
0x21032004,
0x086E2200,
0xF0002400,
0x4818F93B,
0xF3656801,
0x60011186,
0x89022140,
0x1185EA01,
0x0240F022,
0x81014311,
0x0101F005,
0x2168F890,
0x02FEF002,
0xF8804311,
0x68011168,
0x2149F366,
0x01F16001,
0xB2C98902,
0x0280F022,
0x81014311,
0x0102F005,
0x2168F890,
0x02FDF002,
0xF8804311,
0x20041168,
0xF0004629,
0x4620F811,
0xBD70B004,
0x40090008,
0x69646152,
0x78545F6F,
0x756E614D,
0x6E456C61,
0x00000000,
0x0002EFD0,
0x41FFE92D,
0x4605460C,
0x0040F3C4,
0xD30F2C04,
0xF04FA073,
0x220031FF,
0x9002234C,
0x90002000,
0x90014874,
0xF0122005,
0xF06FFE47,
0xE0CE0001,
0xEA4F4E6A,
0xF0150854,
0xF0000F03,
0xF004809D,
0xB10C0101,
0xD0422900,
0xD00807EA,
0xF0226832,
0x430A0201,
0x68326032,
0x0210F022,
0x07AA6032,
0x6832D507,
0x0201F022,
0x68326032,
0x1204F364,
0x89326032,
0x7280F422,
0x2201EA42,
0xF8B68132,
0xF4222164,
0xEA427280,
0xF8A62201,
0xF8B62164,
0xF4222164,
0xEA425280,
0xF8A63201,
0xF8B62164,
0xF4222164,
0xEA424280,
0xF8A63281,
0xF8B62164,
0xF422220C,
0xEA427280,
0xF8A62201,
0xF8B6220C,
0xF422220C,
0xEA427200,
0xF8A62141,
0xF005120C,
0xB10C0701,
0xD0442800,
0x6830B13F,
0x0041F368,
0x68306030,
0x0020F020,
0x07A86030,
0x6830D507,
0x0002F020,
0x68306030,
0x1045F368,
0x89316030,
0x0001F008,
0xF4212C00,
0xEA417100,
0x81312140,
0x1164F8B6,
0x7100F421,
0x2140EA41,
0x1164F8A6,
0x1164F8B6,
0x5100F421,
0x3140EA41,
0x1164F8A6,
0x1164F8B6,
0x31DFF36F,
0x31C8EA41,
0x1164F8A6,
0x120CF8B6,
0x6180F421,
0x2180EA41,
0x120CF8A6,
0x120CF8B6,
0x6100F421,
0x20C0EA41,
0x020CF8A6,
0x1C78D038,
0x22004621,
0xFB10F7FF,
0x0002F1C7,
0x22014621,
0xFB0AF7FF,
0xD5270768,
0xF3646830,
0x60300082,
0x6080F44F,
0xEA008931,
0xF4212084,
0x43016180,
0xF8B68131,
0xF4211164,
0x43086180,
0x0164F8A6,
0xF3686830,
0x603000C3,
0x6000F44F,
0xEA008931,
0xF42120C8,
0x43016100,
0xF8B68131,
0xF4211164,
0x43086100,
0x0164F8A6,
0xB0042000,
0x81F0E8BD,
0x21034628,
0xE7CB2200,
0x40090008,
0x69646152,
0x68635F6F,
0x655F6E61,
0x6C62616E,
0x00000065,
0x0002EFD0,
0x4FFEE92D,
0x46814F09,
0x468A4615,
0x0F01F019,
0xF0406838,
0x60384000,
0xF085FAB5,
0x1650EA4F,
0x46834803,
0x80CDF000,
0xBF00E004,
0x40090008,
0xE20C0034,
0x0F01F01A,
0x8938D05C,
0x462C2D00,
0x0804F10D,
0x0101F04F,
0x7080F440,
0xF8B78138,
0xF4400164,
0xF8A77080,
0xF8B70164,
0xF4400164,
0xF8A74080,
0xF8B70164,
0xF440020C,
0xF8A77080,
0x8938020C,
0x0001F020,
0x0006EA40,
0x68388138,
0x1000F420,
0x5046EA40,
0xF8B76038,
0xF0200164,
0xEA400004,
0xF8A70086,
0xF8B70164,
0xF0200164,
0xEA400040,
0xF8A71086,
0xF8B70164,
0xF020020C,
0xEA400001,
0xF8A70006,
0xBF18020C,
0xF8D72401,
0xF42000A4,
0xEA401000,
0xF8C75044,
0xF44F00A4,
0x90027080,
0x406EF04F,
0x46409001,
0xFD90F018,
0x21014658,
0x3080F500,
0x02209001,
0x46409002,
0xFD86F018,
0x708AEA5F,
0x8938D55A,
0x462C2D00,
0x0804F10D,
0x0101F04F,
0x7000F440,
0xF8B78138,
0xF4400164,
0xF8A77000,
0xF8B70164,
0xF4400164,
0xF8A74000,
0xF8B70164,
0xF440020C,
0xF8A76080,
0x8938020C,
0x0002F020,
0x0046EA40,
0x68388138,
0x0080F420,
0x5086EA40,
0xF8B76038,
0xF0200164,
0xEA400008,
0xF8A700C6,
0xF8B70164,
0xF0200164,
0xEA400080,
0xF8A710C6,
0xF8B70164,
0xF020020C,
0xEA400010,
0xF8A71006,
0xBF18020C,
0xF8D72401,
0xF02000A4,
0xEA407080,
0xF8C76004,
0xF44F00A4,
0x90027080,
0x406EF04F,
0x46409001,
0xFD30F018,
0x21014658,
0x02209001,
0x46409002,
0xFD28F018,
0x462A2D00,
0x0001F04F,
0xBF184651,
0xF7FF2201,
0xEA5FF9E9,
0xF1407089,
0xF01A809A,
0xD0450F01,
0xF10D8938,
0x21010804,
0x7080F440,
0xF8B78138,
0xF4400164,
0xF8A75080,
0xF8B70164,
0xF440020C,
0xF8A77000,
0x8938020C,
0x0001F020,
0x81384330,
0xF0206838,
0xEA407000,
0x60386046,
0x0164F8B7,
0x0010F020,
0x1006EA40,
0x0164F8A7,
0x020CF8B7,
0x0002F020,
0x0046EA40,
0x020CF8A7,
0x7080F04F,
0xF04F9002,
0x9001406E,
0xF0184640,
0x4658FCE1,
0xF04F2D00,
0xF5000101,
0x90013080,
0xBF184628,
0x06002001,
0x46409002,
0xFCD2F018,
0x708AEA5F,
0x8938D544,
0x0804F10D,
0xF4402101,
0x81387000,
0x0164F8B7,
0x5000F440,
0x0164F8A7,
0x020CF8B7,
0x6000F440,
0x020CF8A7,
0xF0208938,
0xEA400002,
0x81380046,
0xF0206838,
0xEA406080,
0x60386086,
0x0164F8B7,
0x0020F020,
0x1046EA40,
0x0164F8A7,
0x020CF8B7,
0x0020F020,
0x1046EA40,
0x020CF8A7,
0x7080F04F,
0xF04F9002,
0x9001406E,
0xF0184640,
0x2D00FC97,
0xF8CD4628,
0xF04FB004,
0xBF180101,
0x06002001,
0x46409002,
0xFC8AF018,
0x462A2D00,
0x0002F04F,
0xBF184651,
0xF7FF2201,
0xEA5FF94B,
0xF1407049,
0x485A8087,
0x0F01F01A,
0xD0404681,
0x2D008938,
0xF10D462C,
0xF04F0804,
0xF4400101,
0x81386080,
0x0164F8B7,
0x6080F440,
0x0164F8A7,
0xF0208938,
0xEA400010,
0x81381006,
0xF4206838,
0xEA400000,
0x603850C6,
0x0164F8B7,
0x0001F020,
0x0006EA40,
0x0164F8A7,
0x2401BF18,
0x00A4F8D7,
0x1080F420,
0x5004EA40,
0x00A4F8C7,
0x4000F04F,
0xF04F9002,
0x9001406E,
0xF0184640,
0x4648FC41,
0xF5002101,
0x90013080,
0x900207E0,
0xF0184640,
0xEA5FFC37,
0xD53D708A,
0x2D008938,
0xF04FAC01,
0xF4400101,
0x81386000,
0x0164F8B7,
0x6000F440,
0x0164F8A7,
0xF0208938,
0xEA400020,
0x81381046,
0xF0206838,
0xEA407080,
0x60386006,
0x0164F8B7,
0x0002F020,
0x0046EA40,
0xF8A7462E,
0xBF180164,
0xF8D72601,
0xF42000A4,
0xEA400000,
0xF8C750C6,
0xF04F00A4,
0x90024000,
0x406EF04F,
0x46209001,
0xFBFEF018,
0xF8CD07F0,
0x21019004,
0x46209002,
0xFBF6F018,
0xF44F4817,
0xB15D2100,
0xF44F6001,
0x60011180,
0xF8D048A2,
0xF4211148,
0xF8C00170,
0xE00D1148,
0x1080F8C0,
0x1180F44F,
0x8F4FF3BF,
0x8F6FF3BF,
0x1080F8C0,
0x8F4FF3BF,
0x8F6FF3BF,
0xF6484897,
0xF0051140,
0x58420301,
0x3280F422,
0x4203EA42,
0x20005042,
0xE8BDB003,
0xBF008FF0,
0xE20A0054,
0xE000E100,
0x4FF0E92D,
0x493BB093,
0x4604AD07,
0x46282230,
0xFB5AF7FA,
0x21064628,
0xFBB6F018,
0x4A10EE02,
0x0A35ED9F,
0x1A35ED9F,
0xEEB84835,
0xEE822A42,
0x42840A00,
0x0A01EE30,
0x0AC0EEBC,
0x6A10EE10,
0x2E02D33F,
0x482FD105,
0x4802F240,
0x46822602,
0x2E1FE016,
0x2E03D80A,
0xBF08492C,
0x06302604,
0x30C6EA40,
0x0201EA40,
0xE00200F0,
0x20F84A26,
0xEA40261F,
0xF6403006,
0x46920104,
0x0801EA40,
0xF04F4823,
0x4F23496E,
0x2101AD05,
0x9014F8CD,
0x46289006,
0x482047B8,
0x90052101,
0x46284683,
0xA018F8CD,
0x481D47B8,
0x9014F8CD,
0x90062101,
0x47B84628,
0x0004F10B,
0xE9CD2101,
0x46280805,
0x4D1747B8,
0xFBB06D68,
0x6568F0F6,
0xFD18F7FC,
0xA1146D68,
0x23A62200,
0x2100E9CD,
0x4602E9CD,
0x31FFF04F,
0x90042200,
0xF0122001,
0xB013FAAD,
0x8FF0E8BD,
0x0002D770,
0x4D3EBC20,
0x3F7FFFEF,
0x0BEBC201,
0x00402000,
0x1F8FC000,
0x00804000,
0x3FFFF000,
0x0001FF65,
0xE2120060,
0x0003FFFF,
0x00000C00,
0x20666572,
0x2D2D2D2D,
0x2D2D2D2D,
0x20642520,
0x64097A68,
0x203A7669,
0x202C6425,
0x726C6C70,
0x203A6665,
0x68206425,
0x000A0D7A,
0x2906B57F,
0xA039D310,
0x31FFF04F,
0xF44F2200,
0x900273B1,
0x90002000,
0x90014879,
0xF0122005,
0xF06FFA6B,
0xE0540001,
0xC0ACF8DF,
0x0F01F010,
0x1341EB0C,
0x7C1E7F1A,
0x0580F3C2,
0xF0064A27,
0xF8920607,
0xF004404C,
0xEA4504FE,
0xF8820504,
0x7C15504C,
0x05F8F005,
0x0605EA46,
0x74164D21,
0xD01A4E1F,
0x695C0149,
0x1001F85C,
0x68596011,
0xEA046051,
0x69540106,
0x4321402C,
0x0180F041,
0x49196151,
0x1120F8D1,
0x4170F401,
0x5F00F491,
0x6951BF02,
0x0108F041,
0x07806151,
0xE9D3D518,
0x699B0102,
0x60D16090,
0x0006EA03,
0x40296991,
0xF0404308,
0x61900080,
0xF8D0480B,
0xF4000120,
0xF4904070,
0xBF025F00,
0xF0406990,
0x61900008,
0xB0042000,
0xBF00BD70,
0x0002DFB8,
0x40088008,
0x0001BF7C,
0xFFFE4003,
0x00035000,
0x524F7852,
0x77425F78,
0x00746553,
0x0FF0F012,
0x2803D019,
0x1E4BD817,
0x2B01B2DB,
0xF012D813,
0xD11003E0,
0x2901231E,
0x0242EA03,
0xF002FA00,
0xF1024A0E,
0xBF040204,
0x0224F248,
0x0208F2C4,
0x20006010,
0xB5F84770,
0xF04FA009,
0x220031FF,
0x73DDF44F,
0x20009002,
0x482E9000,
0x20059001,
0xF9D4F012,
0x0001F06F,
0xBD80B004,
0x40088024,
0x61507852,
0x505F6874,
0x4D79616C,
0x5365646F,
0x00007465,
0xF002B51F,
0x2B1003F0,
0x1E44D116,
0x431C1E4B,
0x2C02B2E4,
0x4C1FD210,
0xBF182901,
0x28012301,
0xD11A8821,
0x0001F021,
0x80204318,
0x88210110,
0xF021B2C0,
0xE01C01F0,
0xF04FA010,
0x220031FF,
0x13A7F240,
0x20009002,
0x48119000,
0x20059001,
0xF99AF012,
0x0001F06F,
0xF021E00E,
0xEA400002,
0x80200043,
0x6070F44F,
0xEA008821,
0xF4212002,
0x43086170,
0x20008020,
0xBD10B004,
0x61507852,
0x545F6874,
0x61437061,
0x63725370,
0x00746553,
0x0002EFD0,
0x4008802C,
0x6080F44F,
0x60012100,
0x60014901,
0xBF004770,
0xC0DE00D0,
0xF5ADB510,
0x466C7D0C,
0xF44F4906,
0x4620720C,
0xF9A4F7FA,
0x21464620,
0xFA00F018,
0xF50D2000,
0xBD107D0C,
0x0002D7A0,
0xF002B510,
0x4C07F99F,
0x68204907,
0x60204308,
0x707AF44F,
0xFCA8F007,
0xF36F6820,
0x60200013,
0xBF00BD10,
0x40000070,
0x000FFFFF,
0x460CB5F8,
0xF0024605,
0xB120F957,
0x34FFF04F,
0xB0014620,
0xF002BDF0,
0x3001F9A7,
0xB125D0F6,
0x68014871,
0x0113F365,
0x4D706001,
0x4000F444,
0xF0028028,
0x4C0EF9CD,
0xD0E93001,
0x27008828,
0xF002802F,
0x3001F9C5,
0x882ED0E2,
0xF002802F,
0x3001F9BF,
0x882CD0DC,
0xF92EF002,
0xD1D52800,
0xEA444861,
0x68014406,
0x0113F36F,
0xE7CF6001,
0xDEADBEEF,
0x4FF8E92D,
0x4690461D,
0x4607460E,
0xF91AF002,
0xD0453001,
0xF96EF002,
0xD0413001,
0x4A3A4955,
0x6808B12F,
0x571FF36F,
0x43384010,
0x48526008,
0xF4464689,
0x46924100,
0xF04F006A,
0x27000E00,
0x80012600,
0xEA412101,
0x491C0C45,
0xE021468B,
0xE000F8A0,
0xB2BC3701,
0xD91742A2,
0x42AC7903,
0xF013D214,
0xD1F30302,
0xB2B5E010,
0x8804B155,
0xD10907EB,
0x4321465B,
0x0345EA03,
0xF8434443,
0xE0021C04,
0xE0008801,
0x36010421,
0xF0137903,
0xD1EA0F04,
0x45ACB2B5,
0xF002D8DD,
0xB120F8D3,
0x30FFF04F,
0xE8BDB001,
0xF8D98FF0,
0xEA000000,
0xF8C9000A,
0x20000000,
0xBF00E7F4,
0x0001FFFC,
0x4614B5F8,
0x4606460D,
0xF8BCF002,
0x4F29B998,
0xB12E490D,
0xF36F6838,
0x4008561F,
0x60384330,
0x460E4825,
0x35DFF36F,
0x80050C21,
0x80048001,
0xF8A8F002,
0xF04FB118,
0xB00130FF,
0x6838BDF0,
0x60384030,
0xE7F82000,
0xFFF00000,
0x461CB5F8,
0x460E4615,
0xF0024607,
0xB118F895,
0x30FFF04F,
0xBDF0B001,
0x4813B127,
0xF3676801,
0x60010113,
0xF36F4F11,
0x803E36DF,
0x76FFF64F,
0xF002E00C,
0x3001F93F,
0x8868D0EA,
0xF0028038,
0x3001F939,
0xCD01D0E4,
0x80383C01,
0xD1F04234,
0xF872F002,
0xD1DB2800,
0x68014803,
0x0113F36F,
0x20006001,
0xBF00E7D6,
0x4000006C,
0x40010008,
0x41F0E92D,
0x4614461F,
0x46054688,
0xF44FB18F,
0xFBB07078,
0x3801F0F7,
0xF5004378,
0xE0056084,
0x463A1BC6,
0xF7FA4631,
0x4630F877,
0x6F84F5B0,
0xB145D8F6,
0xF508B13C,
0x46296084,
0xE8BD4622,
0xF7FA41F0,
0xE8BDB869,
0x000081F0,
0x68014804,
0x0170F441,
0x48036001,
0x60014903,
0xBF004770,
0xE000ED88,
0x00000E10,
0x07530000,
0xA004B580,
0xFDCCF021,
0xF44F48EA,
0x60013180,
0xBF00BD80,
0x5F444454,
0x41434F4C,
0x59535F4C,
0x495F434E,
0x0D6E5152,
0x00000000,
0x600849D9,
0xBF004770,
0x68014805,
0x60013101,
0x21024816,
0x48DC6001,
0x60012120,
0xBF004770,
0x00056ACC,
0x680A4906,
0x0202F042,
0x6148600A,
0x22204804,
0x8A086002,
0x7080F440,
0x47708208,
0x40000034,
0xE000E100,
0xA005B580,
0xFD92F021,
0x21044806,
0x48CC6001,
0x60012110,
0xBF00BD80,
0x454D4954,
0x495F3252,
0x000D5152,
0x40000038,
0xA003B580,
0xFD7EF021,
0x211048AB,
0xBD806001,
0x46435854,
0x495F5249,
0x000D5152,
0xA003B580,
0xFD70F021,
0x210848A4,
0xBD806001,
0x42485854,
0x52495F30,
0x00000D51,
0xF6404805,
0x68014203,
0x60014311,
0xF0416841,
0x60410103,
0x47702000,
0x4009016C,
0x4C08B510,
0x46082900,
0x2001BF18,
0xF02289A2,
0x43100201,
0x460881A0,
0xFD20F7FD,
0x20006020,
0xBF00BD10,
0x40084048,
0x47F0E92D,
0xF1B14681,
0xF04F00F0,
0xF04F0500,
0xF04F0400,
0xF04F0600,
0xBF980800,
0x000FF001,
0xBF882808,
0xEBA02501,
0x280400C5,
0x2401BF88,
0x0084EBA0,
0xBF882802,
0xEBA02601,
0xFA0F0046,
0xF341FA80,
0xF014100F,
0x4607FADD,
0xF0144650,
0xF44FFAD9,
0xF36F2140,
0xF01937DF,
0xEA010F01,
0xEA4F4080,
0xEA414104,
0xEA4131C5,
0xEA414146,
0xEA410107,
0xD0060600,
0x6000F44F,
0x46322158,
0xFE9EF7FF,
0xEA5F4680,
0xBF5C7089,
0xE8BD4640,
0xF44F87F0,
0x21586080,
0xE8BD4632,
0xF7FF47F0,
0x0000BE8F,
0xA004B580,
0xFCEEF021,
0xF44F48F2,
0x60017100,
0xBF00BD80,
0x435F5854,
0x5F584C50,
0x52494643,
0x3148435F,
0x5152495F,
0x0000000D,
0xA004B580,
0xFCD8F021,
0xF44F48E7,
0x60017180,
0xBF00BD80,
0x435F5854,
0x5F584C50,
0x52494643,
0x3248435F,
0x5152495F,
0x0000000D,
0xD3122803,
0xA012B5F8,
0x31FFF04F,
0xF44F2200,
0x900273B9,
0x90002000,
0x9001483E,
0xF0112005,
0xF06FFEFB,
0xB0040001,
0x2802BD80,
0x2801D008,
0xF04FBF11,
0x480530FF,
0xF3C06800,
0x47700080,
0x68004802,
0x00C0F3C0,
0xBF004770,
0x40090008,
0x435F5854,
0x45734968,
0x0000006E,
0x4604B51F,
0xD3102C04,
0xF04FA010,
0x220031FF,
0x135DF240,
0x20009002,
0x48ED9000,
0x20059001,
0xFECCF011,
0x0001F06F,
0x07E0E00E,
0x2001D004,
0x22012104,
0xFDE4F001,
0xD50407A0,
0x21042002,
0xF0012201,
0x2000FDDD,
0xBD10B004,
0x435F5854,
0x46786C70,
0x6C437269,
0x00726165,
0x4604B51F,
0xD30F2C04,
0xF04FA010,
0x220031FF,
0x900223CA,
0x90002000,
0x900148F9,
0xF0112005,
0xF06FFE9F,
0xE00E0001,
0xD00407E0,
0x21042001,
0xF0012201,
0x07A0FD5F,
0x2002D504,
0x22012104,
0xFD58F001,
0xB0042000,
0xBF00BD10,
0x435F5854,
0x46786C70,
0x65537269,
0x00000074,
0x0002EFD0,
0xA004B580,
0xFC36F021,
0xF44F48CB,
0x60016100,
0xBF00BD80,
0x445F5854,
0x475F4749,
0x5F4E4941,
0x0D515249,
0x00000000,
0xE000E284,
0x4D0DB5B0,
0x22202110,
0x6828682C,
0x1010EA01,
0xEA026829,
0x43011191,
0x68004808,
0xF96EF015,
0x46214807,
0xA0076028,
0xF808F01E,
0xF44F480B,
0x60011180,
0xBF00BDB0,
0x400900B0,
0x00056AC8,
0x30924900,
0x455F5854,
0x4C42414E,
0x52495F45,
0x78302051,
0x78383025,
0x00000A0D,
0xE000E280,
0x4FFEE92D,
0x485A4682,
0x2600460C,
0xF8DF495B,
0x45829164,
0x468B4858,
0x2601BF88,
0x070FF1B4,
0x2701BF18,
0x504CF8B0,
0x004AF8B0,
0xD1234287,
0x0000F899,
0xD01F42B0,
0x406EF04F,
0x0804F10D,
0xF8892101,
0x90016000,
0x3040F44F,
0x46409002,
0xFEB0F017,
0x49464658,
0x3080F500,
0x458A9001,
0x0000F04F,
0xBF884946,
0xF8512001,
0x21010020,
0x46409002,
0xFE9EF017,
0xD11F42AF,
0x0001F899,
0xD01B42B0,
0x406EF04F,
0x6001F889,
0x2101AE01,
0xF44F9001,
0x90023040,
0xF0174630,
0x4934FE8B,
0xF8CD2000,
0x458AB004,
0xBF884935,
0xF8512001,
0x21010020,
0x46309002,
0xFE7CF017,
0x20004931,
0xBF88458A,
0x2C0F2001,
0xF899D102,
0xE0031009,
0xD14B2C0E,
0x100AF899,
0xBF084281,
0x8FFEE8BD,
0x010AF109,
0xF8DF2C0F,
0xAE0184C8,
0xF109BF08,
0xF04F0109,
0x7008496E,
0x2101203F,
0x46309002,
0x9004F8CD,
0x4F2047C0,
0xF04F2C0F,
0xF04F0101,
0xF1070503,
0xBF080018,
0x000CF107,
0x481B9001,
0x46834582,
0x0003F04F,
0x2015BF38,
0x46309002,
0xF04F47C0,
0x2C0F6070,
0x9004F8CD,
0x0101F04F,
0xF04FBF08,
0x90024070,
0x47C04630,
0x970145DA,
0x0018F04F,
0x0101F04F,
0x2505BF38,
0xBF082C0F,
0xFA05201C,
0x9002F000,
0x47C04630,
0x8FFEE8BD,
0x0030D3FF,
0x00000E14,
0x00035000,
0xE20A005C,
0x0002DDC4,
0x004C4B3F,
0xE2120010,
0x004C4B40,
0xA004B580,
0xFB28F021,
0xF44F4844,
0x60016180,
0xBF00BD80,
0x495F5854,
0x4E4F4346,
0x52495F56,
0x00000D51,
0xA003B580,
0xFB16F021,
0x2120483B,
0xBD806001,
0x495F5854,
0x505F5249,
0x4D435348,
0x495F5350,
0x000D5152,
0xE000E284,
0x78014809,
0x01FEF001,
0x78017001,
0x0101F041,
0x48067001,
0x5180F44F,
0xF3BF6001,
0xF3BF8F4F,
0xF8C08F6F,
0x47701100,
0x40000040,
0xE000E184,
0xA003B580,
0xFAEAF021,
0x21404825,
0xBD806001,
0x515F5854,
0x52494643,
0x5152495F,
0x0000000D,
0x4604B51F,
0xD30F2C04,
0xF04FA011,
0x220031FF,
0x900223AC,
0x90002000,
0x90014845,
0xF0112005,
0xF06FFD13,
0xE0100401,
0xD00407E0,
0x21042001,
0xF0012200,
0x07A0FBD3,
0x2400D401,
0x2002E005,
0x22002104,
0xF0012400,
0x4620FBC9,
0xBD10B004,
0x515F5854,
0x72694643,
0x00746553,
0x0002EFD0,
0xA003B580,
0xFAAAF021,
0x21804805,
0xBD806001,
0x515F5854,
0x5F524946,
0x0D515249,
0x00000000,
0xE000E284,
0x4604B51F,
0xD3102C04,
0xF04FA012,
0x220031FF,
0x7398F44F,
0x20009002,
0x48249000,
0x20059001,
0xFCD0F011,
0x0401F06F,
0x07E0E010,
0x2001D004,
0x22002104,
0xFBE8F001,
0xD40107A0,
0xE0052400,
0x21042002,
0x24002200,
0xFBDEF001,
0xB0044620,
0xBF00BD10,
0x515F5854,
0x46436365,
0x6C437269,
0x00726165,
0x0002EFD0,
0x2804B5F8,
0xA00BD30F,
0x31FFF04F,
0x23632200,
0x20009002,
0x480B9000,
0x20059001,
0xFC9EF011,
0x0001F06F,
0x2104E003,
0xFC34F001,
0xB0042000,
0xBF00BD80,
0x515F5854,
0x46516365,
0x6C437269,
0x00726165,
0x0002EFD0,
0xF44FB580,
0x28016180,
0xF44FBF08,
0x46086100,
0xF7FF2158,
0xF3C0FB3B,
0x21004281,
0xE003B912,
0x08523101,
0xD1FB2A00,
0x22004603,
0x33DFF36F,
0xE003B913,
0x085B3201,
0xD1FB2B00,
0xB2C92304,
0x0A19ED9F,
0x3C90EA03,
0xEA032302,
0xF5C34310,
0xEBA37380,
0x23080C0C,
0x3010EA03,
0x0000EBAC,
0xF44F1A40,
0xEA01617F,
0x1A401102,
0x0A10EE01,
0x1A41EEB8,
0x0A00EE21,
0x0A10EE10,
0xFF86F7F9,
0x0B10EC41,
0xFBA4F01E,
0x1B05ED9F,
0x0B10EC51,
0x2B11EC53,
0xFD50F7F9,
0xFF28F7F9,
0xBD804240,
0x00000000,
0x40D38800,
0x3B800000,
0x4604B510,
0xED9F4248,
0xEE001A0D,
0xEEB80A10,
0xEEB22AC0,
0xEEC20A04,
0xF01F0A01,
0xED9FFB03,
0xEE201A08,
0xEEBD0A01,
0xEE100AC0,
0xF5C00A10,
0x46207180,
0x4010E8BD,
0xBC8CF7FF,
0x469C4000,
0x43800000,
0xED2DB570,
0x460C8B0E,
0xD40606C0,
0xECBD2002,
0xE8BD8B0E,
0xF0004070,
0xED9FB8A9,
0xED9F8A1F,
0xED9F9A1F,
0x2500AA1F,
0xBA04EEB1,
0xD8282D02,
0xEEB04626,
0xEEB0DA4A,
0xEEB0EA49,
0xE013CA48,
0xF0012000,
0xEEB4FD03,
0x3E01EAC0,
0xCA00EE3C,
0xFA10EEF1,
0xDAC0EEB4,
0xEEB0BFC8,
0xEEF1EA40,
0xBFB8FA10,
0xDA40EEB0,
0xD1E92E00,
0xD30A2C02,
0x0A4EEE3D,
0xEEB43501,
0xEEF10ACB,
0xDAD5FA10,
0xEEB0E001,
0xEE00CA48,
0xEEB84A10,
0xEE8C0A40,
0xECBD0A00,
0xBD708B0E,
0x00000000,
0x47C34F80,
0xC7C34F80,
0x47FCE92D,
0x81C8F8DF,
0x21014A2B,
0x0054F8D8,
0xE0040880,
0xF3F7FBB0,
0xD3034293,
0xB2CF3101,
0xD9F72F0F,
0x0080F24F,
0x466C4E24,
0x4A6EF04F,
0xF04F2101,
0x90010901,
0xF8CD4620,
0x47B0A000,
0x4D1F2080,
0xF04F2F01,
0xEA400101,
0x95003007,
0x0338BF88,
0x46209001,
0xF44F47B0,
0x46205780,
0xF8CD2101,
0x9701A000,
0xF1A547B0,
0x21010038,
0x0700E9CD,
0x47B04620,
0x46204F12,
0xF8CD2101,
0x9701A000,
0x462047B0,
0xE9CD2101,
0x47B05700,
0x21014620,
0xA900E9CD,
0x200047B0,
0x21019500,
0x46209001,
0xF8D847B0,
0xB110004C,
0xF0012000,
0xE8BDF9A7,
0xBF0087FC,
0x00989680,
0x0001FF65,
0xE2110050,
0x02000041,
0x4607B5F8,
0x4840B147,
0xB1586CC0,
0x3000F44F,
0xF7FF217C,
0xE01FFA0D,
0x7800483C,
0xED9FBBB8,
0xE06E0A3D,
0x3000F44F,
0xF7FF2150,
0x4605FA01,
0x3000F44F,
0xF0252150,
0xF7FF0220,
0xF045FA93,
0xF44F0220,
0x21503000,
0xFA8CF7FF,
0x3000F44F,
0xF7FF217C,
0x0C00F9ED,
0x4B2D492C,
0x301FF36F,
0x684C784A,
0x5012F833,
0x0012F823,
0x23643201,
0xF6F3FBB2,
0x2213FB06,
0x1B62704A,
0x60484410,
0x28637808,
0x3001BF9C,
0x07F97008,
0x491ED139,
0xB3116CC9,
0x49204A1D,
0xED9FB2C0,
0xEE014A20,
0xED920A10,
0xE9D10A01,
0xEEB82100,
0xEEB81A41,
0xEE032A40,
0x1A502A10,
0x0A19ED9F,
0x1A01EE82,
0x3AC3EEB8,
0x0A10EE02,
0x2AC2EEB8,
0x1A43EE31,
0x1A02EE81,
0x0A04EE01,
0x490CE013,
0xED9FB2C0,
0xED9F1A11,
0xEE032A11,
0xED910A10,
0xEEB80A01,
0xEEB80A40,
0xEE203A43,
0xEE800A01,
0xEE300A03,
0xB0010A02,
0xBF00BDF0,
0x00000C00,
0x0003F764,
0x00054984,
0xC97423F0,
0x0003F744,
0x44363CCD,
0x43EE851F,
0xBECF837B,
0x4472A1EC,
0x4809B580,
0xF0172102,
0x2006FB61,
0xFCCEF7FA,
0x0A10EE02,
0x1A05ED9F,
0x0A05ED9F,
0x2A42EEB8,
0x0A01EE02,
0xBF00BD80,
0x0002DD40,
0xBE734D6A,
0x44347F5C,
0x0793B510,
0xF100D412,
0x07D00328,
0xE853D118,
0x42080F00,
0xF3BFD103,
0x20008F2F,
0xEA20E005,
0xE8430201,
0xB1042400,
0xBD10E7F1,
0x07D26A80,
0x0301EA00,
0x2B00D115,
0xBD10BF18,
0xBD102000,
0x0F00E853,
0x0201EA00,
0xD003428A,
0x8F2FF3BF,
0xE0052000,
0x0201EA20,
0x2400E843,
0xE7EFB104,
0x428BBD10,
0x2000BF18,
0x0000BD10,
0x4A12B580,
0x0E00F04F,
0x0C44F102,
0xE0064662,
0x4291691A,
0x1A89D30B,
0x020CF103,
0x6813469E,
0xD1F52B00,
0xE9C02200,
0x6101E202,
0xE9C0E006,
0x6101E302,
0x691A6098,
0x61191A51,
0x0F00F1BE,
0xF10EBF18,
0xF8CC0C0C,
0xBD800000,
0x00000F2C,
0x41FFE92D,
0xBF282804,
0xD2532906,
0x010A4F33,
0x58BB4C34,
0xEB074A32,
0x46A41101,
0x7B0F4C34,
0x099E6815,
0xF36646A6,
0xF0071588,
0xF0070601,
0x60150702,
0xF0057F15,
0x432E05FE,
0x77164D2A,
0xF0067F16,
0x433706FD,
0x07C77717,
0xD0174F27,
0x46A86814,
0xF3634676,
0x60140402,
0x0405EA03,
0x403D6815,
0x60154325,
0x5401E9D1,
0x46656055,
0x69144025,
0x43254034,
0x0580F045,
0x46456115,
0xD5150780,
0xF3636890,
0x60900002,
0x0005EA03,
0x403B6893,
0x60904318,
0x0101E9D1,
0xEA0160D0,
0x6951000C,
0x010EEA01,
0xF0404308,
0x61500080,
0xE00F2000,
0xF04FA00F,
0x220031FF,
0x7399F44F,
0x20009002,
0x48509000,
0x20059001,
0xF9E6F011,
0x0001F06F,
0xE8BDB004,
0xBF0081F0,
0x0002F330,
0x40084008,
0x33007F7B,
0x3FFFFE38,
0xC00001C7,
0xCCFF8004,
0x61507854,
0x425F6874,
0x74655377,
0x00000000,
0xD8062803,
0xB2DB1E4B,
0xD8022B01,
0x0FF0F012,
0xB5F8D012,
0xF04FA012,
0x220031FF,
0x1367F240,
0x20009002,
0x48379000,
0x20059001,
0xF9B4F011,
0x0001F06F,
0xBD80B004,
0x29012302,
0xEA43490D,
0xBF080382,
0x2A070093,
0xD802B2DB,
0x60084098,
0xF1A3E003,
0x40900220,
0x20006048,
0xBF004770,
0x61507854,
0x505F6874,
0x4D79616C,
0x5365646F,
0x00007465,
0x40084038,
0x2A0FB51F,
0x1E44D816,
0x431C1E4B,
0x2C02B2E4,
0x4C1FD210,
0xBF182901,
0x28012301,
0xD11A8821,
0x0001F021,
0x80204318,
0x88210110,
0xF021B2C0,
0xE01C01F0,
0xF04FA010,
0x220031FF,
0x73AAF44F,
0x20009002,
0x48119000,
0x20059001,
0xF968F011,
0x0001F06F,
0xF021E00E,
0xEA400002,
0x80200043,
0x6070F44F,
0xEA008821,
0xF4212002,
0x43086170,
0x20008020,
0xBD10B004,
0x61507854,
0x545F6874,
0x61437061,
0x63725370,
0x00746553,
0x0002EFD0,
0x40084040,
0x6800480C,
0x000FF000,
0xBF004770,
0x0101F000,
0x0F02F010,
0x020FF04F,
0xF1C14806,
0xBF080100,
0x0203F001,
0x5180F44F,
0x48896002,
0x20006001,
0xBF004770,
0x4008545C,
0x47F0E92D,
0x8B02ED2D,
0x42504606,
0x0A7CED9F,
0x460D4699,
0x0A10EE01,
0x1AC1EEB8,
0x0A00EE81,
0x0A10EE10,
0xFC52F7F9,
0x0B71ED9F,
0x0B11EC41,
0xF9C6F01E,
0x1B70ED9F,
0x0B10EC51,
0x2B11EC53,
0xFA1AF7F9,
0xFC55F7F9,
0x4F6F4B6E,
0x8028F8DD,
0x0A10EE08,
0x0F01F016,
0x2D00D05E,
0xBF18462C,
0x88382401,
0xF0202D02,
0xEA400001,
0x80380004,
0x2D01D022,
0x6938D140,
0x0AC8EEBC,
0xEE10469A,
0xF3611A10,
0x61380017,
0x0050F897,
0x0001F040,
0x0050F887,
0x6879485D,
0xF3604448,
0x46480116,
0xF0016079,
0x7B39FDCB,
0x000FF000,
0xF0014653,
0x430801F0,
0xE01F7338,
0xEEBC69B8,
0x4A540AC8,
0x1A10EE10,
0x0017F361,
0x02C0F502,
0xF89761B8,
0xF0400050,
0xF8870002,
0x484C0050,
0xF5A069F9,
0xEA0000C0,
0x40110009,
0x61F84308,
0xF0206CF8,
0xEA4000FF,
0x64F80008,
0xF0054946,
0xF8910003,
0xF002208C,
0x431002FC,
0x008CF881,
0xF4208818,
0xEA407080,
0x80182004,
0xD55E07B0,
0x462C2D00,
0x2401BF18,
0x2D028838,
0x7080F420,
0x2004EA40,
0xD0228038,
0xD1402D01,
0xEEBC6B78,
0x461E0AC8,
0x1A10EE10,
0x0017F361,
0xF8976378,
0xF0400050,
0xF8870004,
0x6AB80050,
0x0016F369,
0x464862B8,
0xFD6CF001,
0x1030F897,
0x000FF000,
0xF0014633,
0x430801F0,
0x0030F887,
0x6BF8E01F,
0x0AC8EEBC,
0xEE104A23,
0xF3611A10,
0xF5020017,
0x63F802C0,
0x0050F897,
0x0008F040,
0x0050F887,
0x6C39481B,
0x00C0F5A0,
0x0009EA00,
0x43084011,
0x6CF86438,
0x407FF420,
0x2008EA40,
0x491664F8,
0x0003F005,
0x208CF891,
0x02FCF002,
0xF8814310,
0x8818008C,
0x7000F420,
0x2044EA40,
0x200F8018,
0x5180F44F,
0x480D6578,
0x20006001,
0x8B02ECBD,
0x87F0E8BD,
0x00000000,
0x40240000,
0x00000000,
0x41500000,
0x461C4000,
0x40084054,
0x40085408,
0x007FFFFF,
0xFF800000,
0x00035000,
0xE000E104,
0xF04FB5B0,
0x4D642040,
0x68287804,
0xF7FD4621,
0x7A28FCFF,
0xD00607C0,
0xD0012C0D,
0xD1022C0A,
0xF0146868,
0x480BFABF,
0x5180F44F,
0xBDB06001,
0xA004B580,
0xFDBAF020,
0xF44F4806,
0x60015100,
0xBF00BD80,
0x54524155,
0x58545F30,
0x5152495F,
0x0000000D,
0xE000E288,
0x00000000,
0x4604B5F8,
0x21032005,
0xFCECF7FB,
0x483E493F,
0x4A10EE00,
0x1A00EEB6,
0xFBB4880A,
0xF022F0F0,
0x4302023F,
0x800A3001,
0x0A40EEB8,
0xEE20880A,
0xEE010A01,
0xEEB80A10,
0xF4421AC1,
0xEE807080,
0xEEBC0A01,
0x80080AC0,
0x4A10EE10,
0xF7F94620,
0xED9FFA59,
0xF44F0B25,
0x4F2D0261,
0xFBB42600,
0xEC53F4F2,
0x60FE2B10,
0xF8CAF7F9,
0x0B20ED9F,
0xEC53603C,
0xF7F92B10,
0x4604F935,
0x460D6838,
0xFA40F7F9,
0x460B4602,
0x46294620,
0xF8B2F7F9,
0x0B19ED9F,
0x2B10EC53,
0xF8B2F7F9,
0x0B18ED9F,
0x2B10EC53,
0xF805F7F9,
0xFAA3F7F9,
0x20606078,
0x4A224918,
0x200960B8,
0x20306138,
0xF2406178,
0x60F83001,
0x6010481E,
0x1100E9C0,
0xF44F6081,
0x60C661C0,
0x48106101,
0x5180F44F,
0x7A106001,
0x0002F040,
0xBDF47210,
0x00000000,
0x3FB00000,
0x00000000,
0x412C2000,
0x00000000,
0x40500000,
0x00000000,
0x3FE00000,
0x0BEBC200,
0x40000094,
0x40004024,
0x0005E354,
0xE000E108,
0xC01CF8DF,
0x3008F89C,
0x0F02F013,
0x4A05D0FA,
0xF0436002,
0xF88C0001,
0xF8CC0008,
0x47701004,
0x00056AB8,
0x00054A4C,
0x43FEE92D,
0x9028F8DD,
0x46884C3C,
0xF1B94605,
0xD01C0F00,
0xD00E2D04,
0xD00E2D02,
0xD1152D01,
0xF5044939,
0x1A513030,
0x0100F173,
0xF504BF38,
0x46043032,
0x4C32E00B,
0x4833E009,
0x1A104C31,
0x0000F173,
0xF504BF38,
0xE0006400,
0x48304C2F,
0x476EF04F,
0x2101AE01,
0x90029701,
0xF0164630,
0x482CFFBB,
0xE9CD2101,
0x46300401,
0xFFB4F016,
0x0F00F1B9,
0x2D01D005,
0x2D08D01A,
0x2D02D001,
0xF44FD137,
0xAE016000,
0xE9CD2101,
0x46307001,
0xFFA2F016,
0x21014820,
0xF0099001,
0x02C00001,
0x46309002,
0xFF98F016,
0xD00F2D02,
0xD1202D01,
0xAD012070,
0x90022101,
0x406EF04F,
0x46289001,
0xFF8AF016,
0xF5004815,
0xE00A3000,
0xAD012070,
0x90022101,
0x406EF04F,
0x46289001,
0xFF7CF016,
0x9001480E,
0x1008EA4F,
0x90022101,
0xF0164628,
0x2000FF73,
0xE8BDB003,
0xBF0083F0,
0x00400800,
0x00480C00,
0x0262C800,
0x3B9ACA00,
0x02680C00,
0x0BFAFC00,
0xE20F001C,
0xE20E004C,
0xE2070080,
0xA004B580,
0xFC72F020,
0x21084806,
0x48066001,
0xBD806001,
0x54434157,
0x474F4448,
0x5152495F,
0x0000000D,
0x40000038,
0xE000E280,
0x4FF0E92D,
0x4682B08F,
0xF04F2700,
0x207F466E,
0xB464F8DF,
0x2101AD0D,
0x770AE9CD,
0x900E960D,
0x47D84628,
0x21014C7B,
0x003CF104,
0x400AEA40,
0xE9CD9006,
0x4628070D,
0xF44F47D8,
0x46285880,
0x960D2101,
0x8038F8CD,
0xEA4447D8,
0x4628440A,
0xE9CD2101,
0x47D8480D,
0x21014628,
0x470DE9CD,
0xF44F47D8,
0x46285900,
0x960D2101,
0x9038F8CD,
0x462847D8,
0xE9CD2101,
0x47D8470D,
0x21014628,
0x490DE9CD,
0x462847D8,
0xE9CD2101,
0x47D8470D,
0x680148F8,
0x7180F021,
0x68016001,
0x7180F041,
0x68016001,
0x7180F021,
0x46286001,
0xE9CD2101,
0x47D8680D,
0x21014628,
0x480DE9CD,
0x200147D8,
0xF04F2514,
0xF8CD0800,
0xFA00A010,
0x9007F00A,
0xEA404851,
0x9008400A,
0x400AEA4F,
0xE0589005,
0xAC0D2001,
0xFA002101,
0x4620F908,
0x9038F8CD,
0xFECCF016,
0x21019808,
0x090DE9CD,
0xF0164620,
0x4604FEC5,
0xD15E2C00,
0xB2A99807,
0x2302AA0A,
0xFD12F7FE,
0x2C004604,
0xF007D15B,
0xF6430B10,
0x960D70FF,
0x0A34F10D,
0xFA002101,
0x900EF00B,
0xE9DD4650,
0x9509640A,
0x4FCF463D,
0x483847B8,
0x46229905,
0xEA002300,
0x302C0048,
0x0CF14308,
0x4062F040,
0x0370900D,
0xFDC4F7F8,
0x309FF36F,
0xF04F2101,
0xFA00466E,
0x900EF00B,
0x47B84650,
0x21014650,
0x690DE9CD,
0x980647B8,
0xE9CD2101,
0x4650090D,
0x462F47B8,
0xF1089D09,
0x37100801,
0xF1B83508,
0x960D0F02,
0xAC0DD9A2,
0x21012508,
0x950E4620,
0xFE72F016,
0x21019808,
0x050DE9CD,
0xF0164620,
0x4604FE6B,
0x9804B1F4,
0x31FFF04F,
0x23452200,
0x9804E00A,
0x31FFF04F,
0x23292200,
0x9804E004,
0x31FFF04F,
0x232E2200,
0x20009003,
0x480E9000,
0x48A89002,
0x20059001,
0xFDAEF010,
0xB00F4620,
0x8FF0E8BD,
0x24009804,
0x31FFF04F,
0x23472200,
0x90039400,
0x90024804,
0x9001489F,
0xE7EB2001,
0xE2000034,
0xE600006C,
0x0002EFA6,
0x1FFFFFFC,
0x9001B51C,
0xF44FAA01,
0x21083000,
0xF7FE2301,
0x203CFD07,
0xF8E2F006,
0x2080F44F,
0xF7FE2160,
0x4604FC3F,
0x2080F44F,
0xF4242160,
0xF7FE0260,
0xF44FFCD1,
0x217C3000,
0xFC32F7FE,
0xF44F9001,
0x21602080,
0xF7FE4622,
0x9801FCC5,
0x301FF36F,
0xBD10B002,
0x41FFE92D,
0x8088F8DF,
0x460D4606,
0x46142000,
0xE9C82700,
0xF7FC653E,
0xEA5FF9B5,
0xF04F0355,
0xE9CD0010,
0xEA4F7400,
0xF0140236,
0x4604FC1F,
0x3FFFF1B4,
0x2010DD18,
0xFD1AF014,
0x23D9A215,
0x7200E9CD,
0x0102E9CD,
0xF04F2001,
0x220031FF,
0xFD40F010,
0x68014817,
0x7180F041,
0x68016001,
0x7180F021,
0xE0096001,
0xF04FA013,
0x220031FF,
0xE9CD23D1,
0x20057000,
0xFD2CF010,
0x0124F8D8,
0x0003F000,
0xFCEAF7FA,
0xB0044620,
0x81F0E8BD,
0x00035000,
0x4C504242,
0x7266204C,
0x69207165,
0x6C252073,
0x6809646C,
0x2121217A,
0x0A0D2121,
0x00000000,
0x40000030,
0x4C504242,
0x7369204C,
0x746F6E20,
0x636F6C20,
0x2164656B,
0x21212121,
0x00000A0D,
0x4FF0E92D,
0x4604B087,
0xFBF8F7FA,
0xF8DF4846,
0xAD05B11C,
0x6600F44F,
0x4A6EF04F,
0xF0216801,
0x60017180,
0xF0416801,
0x60017180,
0xF0216801,
0x60017180,
0x21014628,
0xF8CD9606,
0x47D8A014,
0x46284F3B,
0xEA472101,
0xE9CD4804,
0x47D88605,
0x1680F44F,
0x21014628,
0xA014F8CD,
0x47D89606,
0x002CF107,
0xEA402101,
0x46284904,
0x9605E9CD,
0xF04F47D8,
0x46284700,
0xF8CD2101,
0x9706A014,
0x492C47D8,
0x4004EA41,
0x2101468A,
0x0705E9CD,
0x47D84628,
0xF10A4606,
0x2101000C,
0x4004EA40,
0x0705E9CD,
0x47D84628,
0x0506EA50,
0x2000D00C,
0xF04F9403,
0x220031FF,
0x9000236D,
0x9002481E,
0x9001481E,
0xE00B2005,
0xF04F2000,
0x220031FF,
0x9403236F,
0x48189000,
0x48199002,
0x20019001,
0xFC8EF010,
0x6000F44F,
0xF04FAC05,
0x2101466E,
0x46209006,
0x47D89605,
0x46202700,
0xF8CD2101,
0x97068014,
0xF44F47D8,
0x96051080,
0x90062101,
0x47D84620,
0x21014620,
0x9705E9CD,
0x462847D8,
0xE8BDB007,
0xBF008FF0,
0x40000030,
0x0001FF65,
0xE2000008,
0xE6000070,
0x0002EF9B,
0x0002EF79,
0x0002EF8B,
0x460CB5B0,
0xF00E4605,
0xB128FD85,
0x46214628,
0x40B0E8BD,
0xBDD0F00B,
0x46214628,
0x40B0E8BD,
0xBA3DF018,
0x4FF0E92D,
0x4EFEB0C5,
0x1050F648,
0x38015C30,
0xF0C02803,
0xF8D68103,
0xF000012C,
0x2802000F,
0x8101F000,
0xF0402801,
0x200180F9,
0xF7FB2101,
0x4681FDF5,
0x21022004,
0xFDF0F7FB,
0xF8964680,
0xF0150128,
0x4604FB59,
0x0F0FF014,
0x80E7F040,
0x014AE9D6,
0x010FF021,
0x0F01F010,
0x112CF8C6,
0x2001D020,
0xF0142102,
0xF8D6FE71,
0x4D8C011C,
0x0001F040,
0x011CF8C6,
0xF4206828,
0x60287000,
0xF4406828,
0x60287080,
0x707AF44F,
0xFF5EF005,
0x21036828,
0x7080F420,
0x20036028,
0xFB36F7F9,
0x0128F8D6,
0x0F06F010,
0x80B4F000,
0xF44FAD03,
0x46287184,
0xFC49F7F8,
0xF8D74F7A,
0xF8D7B000,
0x6838A004,
0x0080F020,
0x68786038,
0x0080F020,
0x20006078,
0xEB07E006,
0xF8D10180,
0xF84513EC,
0x30011020,
0xD1F62842,
0xFE04F016,
0x0C4AE9D6,
0xF8D62102,
0xEA21211C,
0x33020300,
0xF8C6431A,
0xF3CC211C,
0xF8CD1241,
0xB142A008,
0xF0002A01,
0xBF080006,
0xF0142100,
0xF8D6FE19,
0xF04F0128,
0xF1B90A04,
0xBF080F00,
0x0A02F04F,
0x0F0AEA10,
0xF010D02C,
0xD1290008,
0x21032001,
0xFD8EF019,
0xF1B92102,
0xF04F0F00,
0xBF080001,
0xF0192104,
0xF8D6FEA7,
0xF1B8011C,
0xF0400F00,
0xF8C60030,
0xF04F011C,
0xBF080004,
0x45822002,
0xF896D10E,
0x28030048,
0x2001D10A,
0x22032104,
0xF910F019,
0x011CF8D6,
0x7040F440,
0x011CF8C6,
0x0128F896,
0xD5140700,
0x21032001,
0xFD60F019,
0x0128F8D6,
0x22032101,
0x0007F000,
0xFFFCF018,
0xB9344604,
0x011CF8D6,
0xF0402400,
0xF8C60038,
0xF896011C,
0xF8DD011C,
0x06C08008,
0x2000D50B,
0x31FFF04F,
0xF44F2200,
0x900073B9,
0x90014833,
0xF0102001,
0xF8D6FB5B,
0xF010012C,
0xBF186F7F,
0x0080F010,
0xF015D001,
0x2000FB91,
0xF855E006,
0xEB071020,
0x30010280,
0x13ECF8C2,
0xD1F62842,
0xB000F8C7,
0x8004F8C7,
0xF8C62000,
0xE0000128,
0x46202400,
0xE8BDB045,
0x20048FF0,
0x24042101,
0xFCF6F7FB,
0xF8D64605,
0xF44F012C,
0xEA017140,
0xF44F2710,
0x2F006140,
0x2701BF18,
0x2F10EA11,
0xF047BF18,
0x2D000702,
0x2402BF08,
0xF0154620,
0x4604FA4D,
0x0F0FF014,
0xF8D6D1DB,
0x2D01012C,
0x000FF020,
0x012CF8C6,
0xB2F8D102,
0xFA3EF01C,
0x25004807,
0x31FFF04F,
0xF2402200,
0x9500138D,
0x20019001,
0xFB02F010,
0x5128F8C6,
0xBF00E7C1,
0x0002E3CF,
0x40000030,
0x4008801C,
0x0002E3BE,
0xD02A280E,
0xD019280F,
0xBF182810,
0x49214770,
0x680B4A21,
0xF5B34013,
0xD3232F08,
0x4013680B,
0x1F84F5B3,
0x680BD324,
0xF5B34013,
0xD3251F02,
0x400A6809,
0xF5B22102,
0xE0250F81,
0x688A4915,
0x6F08F1B2,
0x688AD30E,
0x5F84F1B2,
0x688AD310,
0x5F02F1B2,
0x688AD312,
0x490EE013,
0xF1B2690A,
0xD2016F08,
0xE0112100,
0xF1B2690A,
0xD2015F84,
0xE00B2101,
0xF1B2690A,
0xD2015F02,
0xE0052104,
0x2102690A,
0x4F81F1B2,
0x2104BF38,
0xF7FCB2C9,
0xBF00BBC7,
0x4000000C,
0x00FF8000,
0x4616B57F,
0x4604460D,
0xD30D2E04,
0xF04FA02C,
0x220031FF,
0x90022312,
0x90002000,
0x900148DC,
0xF0102005,
0xBD7FFA95,
0xD01F07F0,
0x0105FB83,
0xFCEDF7F8,
0xED9F4920,
0xEE021A21,
0xED910A10,
0xF44F0A38,
0xEEB85100,
0xEE810A40,
0xEE200A00,
0xEEBD0A02,
0xEE100AC0,
0x61600A10,
0xF36168E0,
0x60E0000F,
0xF2C268E0,
0x60E00000,
0xBF5807B0,
0x9808BD7F,
0x0105FB80,
0xFCC9F7F8,
0xED9F490E,
0xEE021A0F,
0xED910A10,
0xF44F0A38,
0xEEB85100,
0xEE810A40,
0xEE200A00,
0xEEBD0A02,
0xEE100AC0,
0x61A00A10,
0xF3616920,
0x6120000F,
0xF2C26920,
0x61200000,
0xBF00BD7F,
0x00035000,
0x4F800000,
0x434E5F5F,
0x72465F4F,
0x65537165,
0x00000074,
0x2903B118,
0x2A04BF98,
0xB5F8D30E,
0xF04FA038,
0x220031FF,
0x9002233B,
0x90002000,
0x900148E5,
0xF0102005,
0xBD8FFA2D,
0x3F08F850,
0x0301F023,
0x07D36003,
0xC000F8D0,
0xF02CD10E,
0x60030302,
0xF0436803,
0x60030310,
0xF0236803,
0x60030304,
0xF0236803,
0xE0190308,
0x0302F04C,
0x0F01F011,
0x68036003,
0x0310F043,
0xF8D06003,
0xF04CC000,
0xBF080304,
0x0304F02C,
0x0F02F011,
0xF8D06003,
0xF04CC000,
0xBF080308,
0x0308F02C,
0x07926003,
0xF4236803,
0x60037380,
0xD40F6803,
0x7100F423,
0x68016001,
0x5180F441,
0x68016001,
0x6180F421,
0x68016001,
0x6100F421,
0x47706001,
0x7200F443,
0x0F01F011,
0x68026002,
0x5280F442,
0x68026002,
0x6380F442,
0xF422BF08,
0xF0116380,
0x60030F02,
0xF4426802,
0xBF086300,
0x6300F422,
0x47706003,
0x434E5F5F,
0x754F5F4F,
0x53684374,
0x00007465,
0xED2DB570,
0x4D1D5B08,
0x24002000,
0x200A47A8,
0x4E1B47A8,
0x20116030,
0x607047A8,
0x47A82012,
0x5600E9D6,
0x1A17ED9F,
0x8A17ED9F,
0x1BA91A28,
0x0A10EE00,
0x1A10EE02,
0x0AC0EEB8,
0x2AC2EEB8,
0x0A02EE80,
0x8A01EE00,
0x0A10EE18,
0xFCD4F7F8,
0x0B10EC41,
0xF04FA00D,
0x220031FF,
0xE9CD2369,
0x20014000,
0x5602E9CD,
0x0B04ED8D,
0xF988F010,
0x0A48EEB0,
0x5B08ECBD,
0xBF00BD70,
0x000092FD,
0x0003F744,
0xC4363CCD,
0x43EE851F,
0x5F737356,
0x756C6176,
0x30312865,
0x203D2029,
0x202C6425,
0x706D6574,
0x6665725F,
0x37312876,
0x203D2029,
0x202C6425,
0x706D6574,
0x25203D20,
0x0D66362E,
0x0000000A,
0x460CB5FE,
0x27004606,
0xE9CD200E,
0x46327200,
0xF0144623,
0x4605F81F,
0x3FFFF1B5,
0x480BDC09,
0x31FFF04F,
0x236D2200,
0x90019700,
0xF0102005,
0x4630F945,
0xF44F4621,
0x2300727A,
0xF90AF7F8,
0xF7FE210E,
0x4628FB01,
0xBDF0B003,
0x0002EFB1,
0x2803B51F,
0xA026D30D,
0x31FFF04F,
0x23782200,
0x20009002,
0x488C9000,
0x20059001,
0xF926F010,
0x1E4BBD1F,
0x2B024C1C,
0xB18AD207,
0x43C0F504,
0xBF082801,
0x43B8F504,
0xF504E015,
0x290453C0,
0xB162D111,
0xBF182801,
0x6480F504,
0xE00A4623,
0x43E0F504,
0xBF082801,
0x43D8F504,
0x2801E003,
0xF504BF18,
0x689853E0,
0x61CFF64F,
0x490B4008,
0x60984308,
0x0220F8B3,
0x00FFF040,
0x0220F8A3,
0x0220F8B3,
0x407FF440,
0x0220F8A3,
0x30FFF04F,
0xB00460D8,
0xBF00BD10,
0x40084C00,
0xFFFF0100,
0x43515F5F,
0x53726946,
0x00007465,
0x0002EFD0,
0x2803B57F,
0xA036D30D,
0x31FFF04F,
0x23DC2200,
0x20009002,
0x48609000,
0x20059001,
0xF8CEF010,
0x1E4BBD7F,
0x2B024C2D,
0xB18AD207,
0x43C0F504,
0xBF082801,
0x43B8F504,
0xF504E015,
0x290453C0,
0xB162D111,
0xBF182801,
0x6480F504,
0xE00A4623,
0x43E0F504,
0xBF082801,
0x43D8F504,
0x2801E003,
0xF504BF18,
0xF50353E0,
0x29017CFC,
0x0278F103,
0x0000F04F,
0x4E80F44F,
0x0400F04F,
0x0500F04F,
0xF503BF08,
0xBF087CDC,
0x0238F103,
0xBF082C40,
0x191EBD7F,
0xD1072901,
0xF8C661B0,
0xF8C60098,
0xF5060118,
0xE00876CC,
0xF8C665B0,
0xF8C600D8,
0xEB030158,
0xF5060685,
0x2C2076EC,
0xD1096030,
0xF36E6816,
0x6016060F,
0x6000F8DC,
0x060FF36E,
0x6000F8CC,
0x35013404,
0xBF00E7D8,
0x40084C00,
0x65515F5F,
0x69464363,
0x656C4372,
0x00007261,
0x0002EFD0,
0x2804B51F,
0xA023D30D,
0x31FFF04F,
0x233B2200,
0x20009002,
0x48239000,
0x20059001,
0xF854F010,
0x4A1BBD1F,
0xF0002901,
0xF0000E02,
0xF04F0001,
0xF44F0300,
0xF04F4C80,
0xBF080100,
0x4290F502,
0xBF082940,
0xB160BD1F,
0x29001854,
0xD0016523,
0xE0066123,
0xC050F8C4,
0x69146113,
0x040FF36C,
0xF1BE6114,
0xD0110F00,
0x29001854,
0x30D4F8C4,
0xF8C4D002,
0xE0093094,
0xC0D4F8C4,
0x3094F8C2,
0x4094F8D2,
0x040FF36C,
0x4094F8C2,
0xE7D73104,
0x40085800,
0x65515F5F,
0x69465163,
0x656C4372,
0x00007261,
0x0002EFD0,
0x460CB5FE,
0x27004606,
0xE9CD200F,
0x46327200,
0xF0134623,
0x4605FED1,
0x3FFFF1B5,
0x480BDC09,
0x31FFF04F,
0x231F2200,
0x90019700,
0xF00F2005,
0x4630FFF7,
0xF44F4621,
0x2300727A,
0xFFBCF7F7,
0xF7FE210F,
0x4628F9B3,
0xBDF0B003,
0x0002EFB2,
0x4912B51F,
0x7010F242,
0x72FFF64F,
0xF013780B,
0xD0170F10,
0x42101E43,
0xD1F74618,
0xF820F000,
0xF04F2099,
0x220031FF,
0xF04F2399,
0x900334FF,
0x9002A007,
0x9001486A,
0x90002000,
0xF00F2005,
0xE000FFC7,
0x46202400,
0xBD10B004,
0x4001000C,
0x50535F5F,
0x425F6D49,
0x57797375,
0x00746961,
0x68014811,
0x5100F441,
0x68016001,
0x5100F421,
0x6B016001,
0x0113F36F,
0x6B416301,
0x0113F36F,
0xF8906341,
0xF041103C,
0xF8800101,
0x4807103C,
0x74012102,
0x410FF240,
0x79018001,
0x01F0F001,
0x0102F041,
0x47707101,
0x4000003C,
0x40010000,
0x4913B51F,
0x7010F242,
0x72FFF64F,
0xF013790B,
0xD0190F04,
0x4210880B,
0x0301F1A0,
0xD1F54618,
0xFFC6F7FF,
0xF04F2061,
0x220031FF,
0xF04F2361,
0x900334FF,
0x9002A007,
0x9001483D,
0x90002000,
0xF00F2005,
0xE000FF6D,
0x46202400,
0xBD10B004,
0x40010008,
0x50535F5F,
0x525F6D49,
0x66694678,
0x656C436F,
0x00007261,
0x4912B51F,
0x7010F242,
0x72FFF64F,
0xF013780B,
0xD1170F04,
0x42101E43,
0xD1F74618,
0xFF94F7FF,
0xF04F2086,
0x220031FF,
0xF04F2386,
0x900334FF,
0x9002A007,
0x90014824,
0x90002000,
0xF00F2005,
0xE000FF3B,
0x46202400,
0xBD10B004,
0x4001000C,
0x50535F5F,
0x525F6D49,
0x66694678,
0x6961576F,
0x00000074,
0x4912B51F,
0x7010F242,
0x72FFF64F,
0xF013780B,
0xD1170F02,
0x42101E43,
0xD1F74618,
0xFF62F7FF,
0xF04F2074,
0x220031FF,
0xF04F2374,
0x900334FF,
0x9002A007,
0x9001480B,
0x90002000,
0xF00F2005,
0xE000FF09,
0x46202400,
0xBD10B004,
0x4001000C,
0x50535F5F,
0x545F6D49,
0x66694678,
0x6961576F,
0x00000074,
0x0002EFEB,
0x20004601,
0x2A205C0A,
0x2A09BF1C,
0x30014770,
0x0000E7F8,
0x2006B51C,
0x2108AA01,
0x90012301,
0x3000F44F,
0xFE5EF7FD,
0x2080F44F,
0xF7FD2160,
0x4604FD99,
0x2080F44F,
0xF4242160,
0xF7FD0260,
0xF44FFE2B,
0x217C3000,
0xFD8CF7FD,
0xF44F9001,
0x21602080,
0xF7FD4622,
0x9801FE1F,
0x1A06ED9F,
0x0A06ED9F,
0x301FF36F,
0x0A10EE02,
0x2A42EEB8,
0x0A01EE02,
0xBD10B002,
0xBE734D6A,
0x44347F5C,
0x4FF0E92D,
0xF8DFB087,
0x460CB738,
0x46104681,
0xF89B4619,
0xF10BA000,
0xF01A0504,
0xBF080F02,
0x0594F10B,
0xF917F7F8,
0x0A10EE00,
0x1ABDED9F,
0x0002F10B,
0x0F01F01A,
0xF10BBF08,
0xF8DB0092,
0xEE801140,
0xEEBD0A01,
0xB1C10AC0,
0xF89B8806,
0xF8BB014E,
0x882F114C,
0x0F00F1B9,
0x4300EA41,
0x8051E9DB,
0x204CF8BB,
0xC04AF8BB,
0x0619D00A,
0xF1B9D005,
0xD0070F01,
0x417FF010,
0xF04FD104,
0xE31530FF,
0xD0FA0E01,
0xE9CD1EA5,
0xFAB96701,
0x9203F789,
0x1A10EE10,
0xF685FAB5,
0x0976097F,
0x0E07EA56,
0x0640F04F,
0x2638BF18,
0xF1C69406,
0xFA280420,
0xFA00F706,
0x433AF204,
0x0720F1A6,
0xBFA82F00,
0xF207FA20,
0x407FF023,
0x0340F1C6,
0xF1A62C00,
0xFA000440,
0xFA20F303,
0xF1A6F004,
0xBFA80460,
0x2C002300,
0xBFA89C06,
0x2E402000,
0xEA42BF38,
0x2E000003,
0x73E4F50B,
0x32FFF04F,
0x4640BF08,
0x0F00F1BE,
0xF50BBF18,
0x2C0273A8,
0xF280FA52,
0xBF184648,
0xF1B92501,
0xBF180F00,
0xF8CD2001,
0x4028C010,
0x90052500,
0xF853E016,
0x42880025,
0xEB03D304,
0x687F0785,
0xD911428F,
0xD8044288,
0x0785EB03,
0x428F687F,
0x4288D20A,
0xF853D219,
0x42880022,
0x3501D914,
0xDBE64295,
0xE0102500,
0xF8DD1A08,
0xF105E040,
0xBF480201,
0x1BC94240,
0xBF489F11,
0x42814249,
0xBFB8463B,
0xE0044615,
0x9F114615,
0xE040F8DD,
0xF648463B,
0x4F651050,
0x0000F81B,
0x0F03F090,
0x2B01D107,
0x1F20D124,
0xF080FAB0,
0x90000940,
0xF1B9E011,
0x46480F00,
0x2001BF18,
0x90052B01,
0x1F20D11C,
0x0F03F1B9,
0xF080FAB0,
0x1050EA4F,
0xF0409000,
0x99018272,
0x0002F06F,
0x0903F04F,
0x0801F04F,
0xF081FA10,
0xF080FAB0,
0xE01B0940,
0x0F00F1B9,
0xBF184648,
0x90052001,
0x90002000,
0xF1B99801,
0xB2800F03,
0x4548BF18,
0xEBA0D154,
0xF1A90009,
0xF89B0103,
0xFAB0A000,
0xFAB1F080,
0x0940F181,
0x1851EA4F,
0x71CAEA5F,
0xEA40D125,
0x28010008,
0x1C78D144,
0xEA002601,
0x2802000E,
0xF89BD141,
0xF0100090,
0xD03C0001,
0x0500F8DF,
0x78002B00,
0x4628BF08,
0xB2C19A05,
0xFA5100C9,
0xF44FF080,
0xFB125107,
0xEB01B101,
0xF2441040,
0x5842614C,
0x21022001,
0xEA0EE019,
0x28010007,
0xF8DFD120,
0x2B0004CC,
0xBF087800,
0x9A054628,
0x00C9B2C1,
0xF080FA51,
0x5107F44F,
0xB101FB12,
0x1040EB01,
0x614CF244,
0x20015842,
0xF0042101,
0xE9DDFFC3,
0xE005E310,
0xF04F2600,
0xE0020800,
0x0800F04F,
0x98022601,
0xEBA0B280,
0xFAB00009,
0x0940F080,
0x0A00EA48,
0x0F01F1BA,
0xF89BD146,
0x07800000,
0x1C78D424,
0x000EEA00,
0xD13D2802,
0x0090F89B,
0x0002F010,
0xF8DFD038,
0x2B000454,
0xBF087840,
0x9A054628,
0x00C9B2C1,
0xF080FA51,
0x5107F44F,
0xB101FB12,
0x1040EB01,
0x61DCF244,
0x20025842,
0xE01D2102,
0x447A0000,
0x00800001,
0x0007EA0E,
0xD1192801,
0x0414F8DF,
0x78402B00,
0x4628BF08,
0xB2C19A05,
0xFA5100C9,
0xF44FF080,
0xFB125107,
0xEB01B101,
0xF2441040,
0x584261DC,
0x21012002,
0xFF68F004,
0xE310E9DD,
0xFA1F9804,
0xEBA0FC85,
0xFAB00009,
0x0940F080,
0x0400EA48,
0xD12C2C01,
0x0048F89B,
0xD02807C0,
0x0F03F1B9,
0xD0054628,
0x03B8F8DF,
0x78802B00,
0x4660BF08,
0x710EEA5F,
0x49E9D51B,
0x0F03F1B9,
0x0208F101,
0xBF084613,
0x0340F101,
0x29009900,
0x5107F44F,
0x4613BF08,
0xFB129A05,
0xB2C2B101,
0xFA5200D2,
0xEB01F080,
0xF8D01040,
0x601802C8,
0x98039B11,
0x0009EBA0,
0xF080FAB0,
0xEA480940,
0x2F010700,
0xF89BD12B,
0x07800048,
0xF1B9D527,
0x46280F03,
0x48D3D004,
0x78C02B00,
0x4660BF08,
0x710EEA5F,
0x49CED51B,
0x0F03F1B9,
0x020CF101,
0xBF084613,
0x0344F101,
0x29009900,
0x5107F44F,
0x4613BF08,
0xFB129A05,
0xB2C2B101,
0xFA5200D2,
0xEB01F080,
0xF8D01040,
0x60180358,
0x2E009B11,
0xF89BD06E,
0x07C00000,
0xF89BD12E,
0x07C00090,
0xEA5FD05A,
0xD51550CE,
0xF44F9905,
0x46665007,
0xB000FB11,
0x01CCEB0C,
0x1041EB00,
0x51C0F244,
0x99004408,
0x0101F081,
0xFFAAF008,
0xF8DD9B11,
0x46B4E040,
0x708EEA5F,
0x9905D53E,
0x5007F44F,
0xB000FB11,
0x01CCEB0C,
0x1041EB00,
0x6148F244,
0x49A95840,
0xE02F6048,
0x604EEA5F,
0x9905D513,
0x5007F44F,
0xFB114666,
0xEB0CB000,
0xEB0001CC,
0xF2441041,
0x440851C0,
0xF0089900,
0x9B11FF81,
0xE040F8DD,
0xEA5F46B4,
0xD01570CE,
0xF44F9905,
0x9B005007,
0x0201F088,
0xB000FB11,
0x01CCEB0C,
0x9B114293,
0x1041EB00,
0x6148F244,
0x49925840,
0x6048BF04,
0x60083108,
0x9A06488E,
0x0108F100,
0xBF082A02,
0x2B001D01,
0x4601BF08,
0x7005700D,
0x0F00F1BA,
0xF89BD06F,
0x07800000,
0xF89BD42E,
0x07800090,
0xEA5FD55B,
0xD51550CE,
0xF44F9905,
0x46665007,
0xB000FB11,
0x01CCEB0C,
0x1041EB00,
0x6150F244,
0x99004408,
0x0101F081,
0xFF38F008,
0xF8DD9B11,
0x46B4E040,
0x708EEA5F,
0x9905D53F,
0x5007F44F,
0xB000FB11,
0x01CCEB0C,
0x1041EB00,
0x61D8F244,
0x49705840,
0xE0306108,
0x604EEA5F,
0x9905D513,
0x5007F44F,
0xFB114666,
0xEB0CB000,
0xEB0001CC,
0xF2441041,
0x44086150,
0xF0089900,
0x9B11FF0F,
0xE040F8DD,
0xEA5F46B4,
0xD01670CE,
0xF44F9905,
0x9B005007,
0x0201F088,
0xB000FB11,
0x01CCEB0C,
0x9B114293,
0x1041EB00,
0x61D8F244,
0x49595840,
0x6108BF06,
0x310C3114,
0x48556008,
0xF1009A06,
0x2A020109,
0x1D41BF08,
0xBF082B00,
0x700D1C41,
0xB3447045,
0x0048F89B,
0xD02407C0,
0x60CEEA5F,
0x9905D515,
0x5007F44F,
0x46642B00,
0xB000FB11,
0x01CCEB0C,
0x1041EB00,
0xF5009900,
0xBF087010,
0xF0082101,
0x9B11FECB,
0xE040F8DD,
0x484046A4,
0xF1009A06,
0x2A02010A,
0x1D81BF08,
0xBF082B00,
0x700D1C81,
0xB3277085,
0x0048F89B,
0xD5200780,
0x60CEEA5F,
0x9905D511,
0x5007F44F,
0xFB112B00,
0xEB0CB000,
0xEB0001CC,
0x99001041,
0x7034F500,
0x2101BF08,
0xFEA2F008,
0x482D9B11,
0xF1009A06,
0x2A02010B,
0x1DC1BF08,
0xBF082B00,
0x700D1CC1,
0x200070C5,
0xE8BDB007,
0x98018FF0,
0x4548B280,
0x9902D003,
0x4549B289,
0x2100D116,
0x4A1E4548,
0x2114BF08,
0xB2809802,
0xF04F4548,
0xBF080030,
0x0128F041,
0xBF082C04,
0x6813200C,
0xEA234008,
0x9B110101,
0x60104308,
0x45489804,
0x9803D003,
0xF47F4548,
0x9804AD7D,
0xF44F9B03,
0xEBA07100,
0x454B0009,
0xF080FAB0,
0x1050EA4F,
0x0240EA4F,
0xEA41BF08,
0x49090240,
0x2002F240,
0xBF082C04,
0x680B2000,
0xEA234010,
0x9B110202,
0x60084310,
0xBF00E55E,
0x00035000,
0x40090170,
0x40084020,
0x00000C80,
0x4008B014,
0xF04F211F,
0xB2CB0C01,
0xD3042B02,
0xF203FA0C,
0x42023901,
0x0858D0F7,
0x00004770,
0x4FF0E92D,
0xF8DFB087,
0x460E912C,
0x1150F648,
0x4680461D,
0xF81918A8,
0x29021001,
0x2904D004,
0xF1B8D105,
0xD1020F04,
0x115DF648,
0xF648E001,
0x4449115C,
0x780CB2C7,
0xD30C2F11,
0xA145A03E,
0x23AF2200,
0x2100E9CD,
0x20059002,
0x31FFF04F,
0xF00F2200,
0x4843FAD3,
0x0103F008,
0x1C4CF648,
0x1E50F648,
0x0B01F06F,
0x0A08F04F,
0x8010F8CD,
0xF0089106,
0xEB000104,
0x91051005,
0x200CF839,
0x429AB2E3,
0x2400BF98,
0x200EF859,
0xD23D42BD,
0xF882FA5F,
0x0F01F1B8,
0xF1B8BF18,
0xD12E0F03,
0xEB06B2E2,
0x01121302,
0x685B58B2,
0x417CF022,
0x1C08F840,
0xEA410E91,
0xF36F1183,
0xF840215F,
0xF8191C04,
0xFA5B200E,
0x2902F182,
0xB2D1D304,
0xD1102904,
0xB1719906,
0xEA4AB2E1,
0x18721101,
0x68525871,
0x437CF021,
0xEA410E89,
0x60031182,
0x215FF36F,
0x30106041,
0x35013401,
0xF1B8E7BE,
0xD1E00F04,
0x29009905,
0xE7DCD1CA,
0x2802B2D0,
0x2804D004,
0x9804D105,
0xD1022804,
0x105DF648,
0xF648E001,
0xF809105C,
0x20004000,
0xE8BDB007,
0xBF008FF0,
0x00035000,
0x61665F5F,
0x6F687473,
0x75615F70,
0x665F6F74,
0x73716572,
0x7465735F,
0x00000000,
0x70207325,
0x6D617261,
0x72726520,
0x00000A0D,
0x400902D4,
0x4FFEE92D,
0x46884604,
0x49844F83,
0x9D0C4696,
0x0903F1B4,
0x0B01F1A4,
0xEA4F46CA,
0xBF180C45,
0x0A01F04F,
0xF8D16838,
0x687A10E0,
0x0F03F1BB,
0xF1F3FBB1,
0xF10AFA21,
0x0217F361,
0x4A78607A,
0x44116879,
0xF361697A,
0x617A0217,
0x72C4F44F,
0xF00168B9,
0x60B9417F,
0xF00168F9,
0x60F9417F,
0xF3626939,
0x61390117,
0xEA00496E,
0xD3510601,
0xD0022C04,
0xF0402C00,
0xF0448099,
0x28040004,
0x1F21D146,
0x0F01F018,
0xF081FAB1,
0x1050EA4F,
0x4A65D018,
0xF8922C04,
0xF0033038,
0xEA4303FE,
0xF8820300,
0xF8923038,
0xF0033034,
0xEA4303FE,
0xF8820300,
0xBF183034,
0x68132101,
0x0301F023,
0x60114319,
0x7148EA5F,
0x4958D522,
0x8F8A2C04,
0x0201F022,
0x0002EA40,
0x6B888788,
0x0001F020,
0xF040BF08,
0x63880001,
0x4000F44F,
0x2000BF08,
0xF01E680A,
0xF4220F01,
0xBF184200,
0xF01E4302,
0x600A0F02,
0xF422684A,
0xBF184200,
0x604A4302,
0xD84B2C03,
0xD8492C03,
0xD0472C02,
0x46714640,
0xE9CD2200,
0x46F3BC01,
0xFBBEF7FA,
0xF089FAB9,
0x09424659,
0xF0134640,
0x2102FDFB,
0x46202C00,
0x2106BF08,
0xBF082C03,
0x2C002106,
0x2001BF18,
0xFC18F7F9,
0x0F11F014,
0x200FD003,
0xF0122100,
0xF014FFD1,
0xD0030F22,
0x2100200E,
0xFFCAF012,
0x2C00492F,
0xBF184620,
0x2C032001,
0xF422880A,
0xEA427280,
0x800A2200,
0xF422890A,
0xBF087280,
0x2200EA42,
0x2C004827,
0x5839810A,
0x2140F421,
0xF441BF08,
0x50392140,
0xBC01E9DD,
0x20024922,
0xBF082C03,
0xF1BC2012,
0xEB010F20,
0xBF884145,
0x11F8F44F,
0x43304308,
0xFA5F6038,
0x2802F08B,
0x6838D808,
0x0120F06F,
0xF0202201,
0x603850F8,
0xE0042005,
0x20184915,
0x0A20F04F,
0xEA02221F,
0xFA02020A,
0x683AF000,
0x43084011,
0x60382100,
0x4080F44F,
0xF802F7FD,
0xF6484ADF,
0x50501148,
0xB0032000,
0x8FF0E8BD,
0x400902A0,
0x00035000,
0x00FFFFF8,
0xFFE0FFEC,
0x4008801C,
0x40084018,
0x40000010,
0xFFFFFD68,
0xFFFF0000,
0xE0FFFFFF,
0x2201B510,
0xFA022900,
0xD009F400,
0x21004620,
0xF7F92200,
0x4620FDF3,
0x4010E8BD,
0xBDC8F7F9,
0xE8BD4620,
0xF7F94010,
0x0000BD9F,
0xED9F4918,
0xED9F1A17,
0x28042A18,
0x0A01EE20,
0x41D8F501,
0x0A02EE80,
0xF644BF04,
0xF2C40100,
0xEEBD0108,
0x69480AC0,
0xF101B110,
0xE00D001C,
0xB1106988,
0x0020F101,
0x6A48E008,
0xF101B110,
0xE003002C,
0xB1506A88,
0x0030F101,
0xEE106802,
0xF36F1A10,
0xF36F519F,
0x43110215,
0x47706001,
0x4A000000,
0x40084800,
0x43340000,
0x4FF0E92D,
0x4EAAB0C7,
0x1050F648,
0x38015C30,
0xF0C02803,
0xF8D6810D,
0xF000012C,
0x2802000F,
0x810BF000,
0xF0402801,
0x20018103,
0xF7FA2101,
0x4681FA87,
0x21022004,
0xFA82F7FA,
0xF8964680,
0xF0130128,
0x4604FFEB,
0x0F0FF014,
0x80F1F040,
0x014AE9D6,
0x010FF021,
0x0F01F010,
0x112CF8C6,
0x2001D020,
0xF0132102,
0xF8D6FB03,
0x4D92011C,
0x0001F040,
0x011CF8C6,
0xF4206828,
0x60287000,
0xF4406828,
0x60287080,
0x707AF44F,
0xFBF0F004,
0x21036828,
0x7080F420,
0x20036028,
0xFFC8F7F7,
0x0128F8D6,
0x0F06F010,
0x80BEF000,
0xF44FAD05,
0x46287184,
0xF8DBF7F7,
0xF8D74F80,
0xF8D7B000,
0x6838A004,
0x0080F020,
0x68786038,
0x0080F020,
0x20006078,
0xEB07E006,
0xF8D10180,
0xF84513EC,
0x30011020,
0xD1F62842,
0xFA96F015,
0x0C4AE9D6,
0xF8D62102,
0xEA21211C,
0x33020300,
0xF8C6431A,
0xF3CC211C,
0xF8CD1241,
0xB142A010,
0xF0002A01,
0xBF080006,
0xF0132100,
0xF8D6FAAB,
0xF04F0128,
0xF1B90A04,
0xBF080F00,
0x0A02F04F,
0x0F0AEA10,
0xF010D036,
0xD1330008,
0x21032001,
0xFA20F018,
0x21012004,
0xF8CD2201,
0xF04FB00C,
0xF0170B04,
0x2102FDB9,
0x0F00F1B9,
0x0001F04F,
0x2104BF08,
0xFB30F018,
0x011CF8D6,
0x0F00F1B8,
0x0030F040,
0x011CF8C6,
0xF04FBF08,
0x45DA0B02,
0xB00CF8DD,
0xF896D10E,
0x28030048,
0x2001D10A,
0x22022104,
0xFD98F017,
0x011CF8D6,
0x7040F440,
0x011CF8C6,
0x0128F896,
0xD5140700,
0x21032001,
0xF9E8F018,
0x0128F8D6,
0x22032101,
0x0007F000,
0xFC84F017,
0xB9344604,
0x011CF8D6,
0xF0402400,
0xF8C60038,
0xF896011C,
0xF8DD011C,
0x06C08010,
0x2000D50B,
0x31FFF04F,
0xF2402200,
0x90001311,
0x90014834,
0xF00E2001,
0xF8D6FFE3,
0xF010012C,
0xBF186F7F,
0x0080F010,
0xF014D001,
0x2000F819,
0xF855E006,
0xEB071020,
0x30010280,
0x13ECF8C2,
0xD1F62842,
0xB000F8C7,
0x8004F8C7,
0xF8C62000,
0xE0000128,
0x46202400,
0xE8BDB047,
0x20048FF0,
0x24042101,
0xF97EF7FA,
0xF8D64605,
0xF44F012C,
0xEA017140,
0xF44F2710,
0x2F006140,
0x2701BF18,
0x2F10EA11,
0xF047BF18,
0x2D000702,
0x2402BF08,
0xF0134620,
0x4604FED5,
0x0F0FF014,
0xF8D6D1DB,
0x2D01012C,
0x000FF020,
0x012CF8C6,
0xB2F8D102,
0xFEC6F01A,
0x25004808,
0x31FFF04F,
0xF44F2200,
0x95007396,
0x20019001,
0xFF8AF00E,
0x5128F8C6,
0xBF00E7C1,
0x00035000,
0x0002E3CF,
0x40000030,
0x4008801C,
0x0002E3BE,
0x4FF8E92D,
0x8B02ED2D,
0x4688B0A0,
0xF04F4606,
0x20000900,
0x4617461C,
0x8058F8CD,
0x907CF8CD,
0x991DE9CD,
0xF8B2F7FC,
0x21002003,
0xFF9EF7FB,
0x982D9D2E,
0x31FFF04F,
0x23C82200,
0xE9CD9506,
0xF8DF7004,
0xE9CD0718,
0xF04F6802,
0xE9CD0801,
0x20019000,
0xFF50F00E,
0x2002495E,
0x5F02F015,
0x4B5D9A2C,
0x8A5DED9F,
0x0A32F04F,
0x0B00F04F,
0x2003BF08,
0x0F80F415,
0x4640BF18,
0x2C004029,
0xBF089115,
0x2A002401,
0x7100F405,
0x9411B2C0,
0x2202BF08,
0xF0059114,
0x900D4180,
0xF0059119,
0x91130110,
0x5100F405,
0xF0059117,
0x91120104,
0x0108F005,
0xF8DF9118,
0xE1AC16A8,
0x0B01F10B,
0x0F07EA1B,
0x81A7F000,
0xF1BB9811,
0x46140F01,
0xF04F9210,
0x46D00501,
0x4604BF08,
0x2807982D,
0x0020F851,
0x465CBF38,
0xBF084218,
0x98182502,
0xFA5FB128,
0x2100F08B,
0xF0012200,
0xFA5FFDDB,
0x4650FA8B,
0xF842F7FC,
0xB2E8B2E4,
0x46214655,
0xF7FB900F,
0xF8DFFF2B,
0x49310650,
0x00E0F8D0,
0x1201FBA0,
0x17C21A10,
0x4192EB11,
0xF1404622,
0x0B890000,
0x4080EA41,
0x17C14240,
0x0100E9CD,
0x4629982D,
0xF9EEF016,
0xB1109812,
0xF00D4628,
0x9815FDA1,
0xF5B046C2,
0xD1035F80,
0x46292004,
0xF91AF00E,
0xB1F09818,
0x6000F20F,
0x9000F8CD,
0x31FFF04F,
0x23ED2200,
0x0B01E9CD,
0xF00E2002,
0x9817FEBB,
0x990DB920,
0xF00E4628,
0xE002FF13,
0xF00F4628,
0xA81DFC25,
0x0AC0EEBD,
0x004BEB00,
0x1A10EE10,
0x98137181,
0xF20FB350,
0xF8CD50D8,
0xF04F9000,
0x220031FF,
0xE9CD23FF,
0x20020B01,
0xFE9AF00E,
0xB9689817,
0x46292004,
0xFE9EF00A,
0xBF00E00E,
0x20801000,
0x01200010,
0x3D000000,
0xFFFFFDC0,
0x46292004,
0x0A48EEB0,
0xF98CF00B,
0xEEBDA81D,
0xEB000AC0,
0xEE10004B,
0x71C11A10,
0xB1689819,
0x46292004,
0xF00C2215,
0xA81DFB79,
0x0AC0EEBD,
0xAA10EE10,
0x004BEB00,
0xA007F880,
0x28009814,
0x80C6F000,
0x903CF8DD,
0x46484621,
0xF824F7FA,
0xE9CD940E,
0x46066A07,
0x220048DE,
0x7394F44F,
0xF8D84680,
0x90090028,
0xF8D82000,
0x910A1004,
0x1000F8D8,
0xF20F9000,
0x90015040,
0x910B2002,
0x31FFF04F,
0xFE46F00E,
0xA91AB2B6,
0xF00E4630,
0xF01AFAF1,
0xE9DDFA31,
0xF7FB011A,
0x950CFAD9,
0x54E0F8DF,
0xF04F4CCC,
0xF04F33FF,
0xF8D53AFF,
0xFBA000E0,
0xFB001204,
0x17C22003,
0x4192EB11,
0x0000F140,
0xEA410B89,
0x42404080,
0xFBB2F7FA,
0x0028F8C8,
0xF8D82302,
0xF0200004,
0xF8C80001,
0xF8D80004,
0xF0200000,
0xF8C80001,
0xF8D50000,
0xFBA000E0,
0xFB001204,
0x17C2200A,
0x4192EB11,
0x0000F140,
0x2E000B89,
0x4080EA41,
0x0000F1C0,
0x71E0EA4F,
0x0100E9CD,
0xF04F4648,
0xE9DD0100,
0xBF086A07,
0x9C0E2304,
0xF0164622,
0x4648F8ED,
0xF0084621,
0x4648FBA3,
0x221A4621,
0xFAEEF00C,
0xF04F9809,
0x9C2D0900,
0xF44F2200,
0xF8C8739C,
0xF8D80028,
0x990A0004,
0x0000F361,
0x0004F8C8,
0x0000F8D8,
0xF361990B,
0xF04F0000,
0xF8C831FF,
0xF20F0000,
0xF8CD4070,
0xE9CD9000,
0x20020B01,
0xFDC8F00E,
0xF9B8F01A,
0x00E0F8D5,
0xF04F4992,
0x9D0C33FF,
0x1201FBA0,
0x2003FB00,
0xEB1117C2,
0xF1404192,
0x0B890000,
0x4080EA41,
0x17C14240,
0x0100E9CD,
0x46294620,
0xF0169A0E,
0x2004F8C1,
0xF0084629,
0x2004FB5B,
0x221A4629,
0xFAA6F00C,
0xF992F01A,
0x0F13F1BA,
0xF8DFDC21,
0xA9010424,
0x9000F8CD,
0xF2402200,
0xE8811347,
0x20020C01,
0x31FFF04F,
0xFD8EF00E,
0xF7FD4628,
0x4877F8A9,
0x0F01F1BB,
0x0160F04F,
0x3240F04F,
0xF8C0BF19,
0x200A9004,
0x9000F8C0,
0xF7FC200B,
0x2000FCD1,
0xFEC2F7FB,
0x21002002,
0xFDAEF7FB,
0x49D39A10,
0xF1BB4BD3,
0xF47F0F02,
0x982EAE4F,
0x8ADDED9F,
0x0B00F04F,
0xF4002400,
0xF0006180,
0xF0000840,
0x91150501,
0x0100F400,
0xE0A59118,
0x42341C7C,
0x80A2F000,
0x46312001,
0xF7FB46B2,
0xB2E6FD8D,
0x46312001,
0xFF10F7F9,
0xF04F2800,
0xBF080902,
0x0904F04F,
0xA0DFB305,
0xB000F8CD,
0x31FFF04F,
0xF44F2200,
0xE9CD73B2,
0x20020401,
0xFD3AF00E,
0xB9889818,
0x991748B7,
0x0148F8D0,
0x43084020,
0x2001D10A,
0xF0154631,
0xEEBDF9D7,
0xA91D0AC0,
0x0A10EE10,
0x0017F801,
0xF389FA5F,
0x21002001,
0xE9CD4632,
0xF016BB00,
0xF1B8F825,
0xD0210F00,
0xF8CD48CF,
0xF04FB000,
0x220031FF,
0x136DF240,
0x0401E9CD,
0xF00E2002,
0x9817FD0D,
0x2001B920,
0xF00A4631,
0xE005FD11,
0x46312001,
0x0A48EEB0,
0xF808F00B,
0xEEBDA81D,
0xEB000AC0,
0xEE100047,
0x70411A10,
0xB1609819,
0x46312001,
0xF00C2219,
0xA91DF9F5,
0x0AC0EEBD,
0x0A10EE10,
0x0147EB01,
0x98157048,
0x48B7B1A8,
0xB000F8CD,
0x31FFF04F,
0xF44F2200,
0xE9CD73BD,
0x20020401,
0xFCDAF00E,
0x46312001,
0xFA8AF008,
0x46312001,
0xF00C221A,
0xF01AF9D5,
0xB195F8C1,
0xB9209818,
0xF8D04881,
0x42040148,
0x2001D00B,
0x22014631,
0xFB46F015,
0x0AC0EEBD,
0xEE10A91D,
0xF8010A10,
0x20010017,
0xF7FB2100,
0x4656FCF1,
0x2F024627,
0xAF56F47F,
0xED9F982E,
0x99168A80,
0x0A00F04F,
0x0904F04F,
0x0B00F04F,
0x6600F400,
0x7480F400,
0x0702F000,
0xBF00E0B1,
0x4008801C,
0xFFFFFDC0,
0x40084028,
0x0801F10B,
0x0F01EA18,
0x80A2F000,
0xF7FB2002,
0xB31FFCCB,
0xF8CD488C,
0xF04FA000,
0x220031FF,
0x1393F240,
0x0801E9CD,
0xF00E2002,
0x9818FC83,
0x485CB9A0,
0xF8D09917,
0xEA000148,
0x43080009,
0xFA5FD10C,
0x2002F188,
0xF91EF015,
0xEEBDA81D,
0xEB000AC0,
0xEE10004B,
0x71011A10,
0xF588FA5F,
0x46292002,
0xFE28F7F9,
0xF04F2800,
0xE9CD0302,
0xF04FAA00,
0xF04F0002,
0x462A0100,
0x2304BF08,
0xFF52F015,
0x4871B30C,
0xA000F8CD,
0x31FFF04F,
0xF44F2200,
0xE9CD73CF,
0x20020801,
0xFC4AF00E,
0xB9209817,
0x46292002,
0xFC4EF00A,
0x2002E005,
0xEEB04629,
0xF00A0A48,
0xA81DFF45,
0x0AC0EEBD,
0x004BEB00,
0x1A10EE10,
0x98197141,
0x2002B160,
0x22194629,
0xF932F00C,
0xEEBDA91D,
0xEE100AC0,
0xEB010A10,
0x7148014B,
0x4859B1AE,
0xA000F8CD,
0x31FFF04F,
0xF2402200,
0xE9CD13AB,
0x20020801,
0xFC18F00E,
0x46292002,
0xF9C8F008,
0x46292002,
0xF00C221A,
0xF019F913,
0xB1A7FFFF,
0xB9289818,
0xF8D04820,
0xEA190148,
0xD00C0F00,
0x46292002,
0xF0152201,
0xA91DFA83,
0x0AC0EEBD,
0x0A10EE10,
0x014BEB01,
0x20027108,
0xF7FB2100,
0x9916FC2D,
0x0904F109,
0xF1B946C3,
0xF47F0F0C,
0x4811AF51,
0x20024604,
0xF8947821,
0x29002090,
0x2001BF1C,
0xB2D1460A,
0xFC18F7FB,
0x0048F894,
0xFD24F7FB,
0x2100A81D,
0x230C220C,
0xFB88F7FC,
0xECBDB020,
0xB0018B02,
0x8FF0E8BD,
0x0002E6FE,
0x0002DEAC,
0x01200010,
0x00035000,
0x0A0D0A0D,
0x0A0D0A0D,
0x696C6143,
0x25585420,
0x4F4C2064,
0x000A0D4C,
0x0A0D0A0D,
0x0A0D0A0D,
0x696C6143,
0x25585420,
0x000A0D64,
0x3D000000,
0x0A0D0A0D,
0x0A0D0A0D,
0x6F666562,
0x74206572,
0x61632078,
0x6320696C,
0x20696C61,
0x2078726F,
0x786C7063,
0x0D726966,
0x0000000A,
0x0A0D0A0D,
0x0A0D0A0D,
0x64255854,
0x6C616320,
0x70632069,
0x6966786C,
0x000A0D72,
0x0002E64C,
0x0A0D0A0D,
0x0A0D0A0D,
0x64255852,
0x20434420,
0x7366666F,
0x0A0D7465,
0x00000000,
0x0002E682,
0x0002E6AB,
0x0002E6E4,
0x0002E696,
0x0002E6C7,
0x4FF0E92D,
0x4604B085,
0x2C10495C,
0xF44FD172,
0xF8DF0080,
0xAE038188,
0xF04F468B,
0x2101496E,
0x46309004,
0x900CF8CD,
0x495D47C0,
0xF1012500,
0x468A0008,
0xEA402101,
0xE9CD4004,
0x46300503,
0xF44F47C0,
0xF8CD4040,
0x2101900C,
0x46309004,
0xEA4A47C0,
0x21014004,
0x0503E9CD,
0x47C04630,
0x46302710,
0xF8CD2101,
0x9704900C,
0xF10A47C0,
0x2101000C,
0x4004EA40,
0x0503E9CD,
0x47C04630,
0x4A00F04F,
0x21014630,
0x900CF8CD,
0xA010F8CD,
0xF10B47C0,
0x21014022,
0x4404EA40,
0xE9CD4630,
0x47C04503,
0x21014630,
0x9A03E9CD,
0x463047C0,
0xE9CD2101,
0x47C04A03,
0xF0032064,
0x2010FE6B,
0xF818F7FE,
0x30B8F640,
0xFE64F003,
0x0000F8DB,
0x5F80F010,
0xA033D14B,
0x31FFF04F,
0xF2402200,
0xE9CD43D7,
0x20055000,
0xFAFAF00E,
0x4500F04F,
0xE03C2710,
0x2C0F4822,
0xBF184688,
0x68003004,
0xD10D2801,
0x25032600,
0xD00C0628,
0x21014620,
0xF7F82201,
0x4606FB61,
0x2E003D01,
0xE011D1F4,
0x36FFF04F,
0xB16EE000,
0x25002703,
0xD00B0638,
0x21004620,
0xF7F82201,
0x4606FB4F,
0x2E003F01,
0xE00FD1F4,
0xE00D2500,
0x2100A00E,
0xF2402200,
0xE9CD43F6,
0x20051000,
0x31FFF04F,
0xF00E9402,
0x4635FABF,
0x2C0F2740,
0xBF0846C3,
0xF8CB2720,
0x4628702C,
0xE8BDB005,
0xBF008FF0,
0x4000000C,
0x00000D18,
0x206C6C70,
0x64256469,
0x636F6C20,
0x2064656B,
0x0D727265,
0x0000000A,
0x0001FF65,
0xE2000018,
0x69204242,
0x6F6E2073,
0x6F6C2074,
0x64656B63,
0x21212121,
0x000A0D21,
0x4FF0E92D,
0x4604B087,
0xF04FA029,
0x460D0800,
0x31FFF04F,
0xF2402200,
0xE9CD1399,
0x20028000,
0xFA80F00E,
0xF8DF17E8,
0x2700B09C,
0x7090EB05,
0x0AA0EA4F,
0x70D5EB05,
0x42AF1045,
0xB007BFA4,
0x8FF0E8BD,
0x6027F854,
0xEB0445BA,
0xAB020287,
0xBF14B230,
0xF8B44241,
0xF8D21080,
0xE9CD9040,
0xB2098B00,
0xF289FA0F,
0x9205C307,
0xF04F2002,
0x220031FF,
0x13ADF240,
0xFA54F00E,
0x71FFF64F,
0x4029EA4F,
0xE9CD1432,
0xF44F8B00,
0xEA2673D7,
0x42490101,
0xE9CD1409,
0xE9CD2102,
0x20020004,
0x31FFF04F,
0xF00E2200,
0x3701FA3D,
0xBF00E7C5,
0x09204949,
0x20515120,
0x51492009,
0x51200920,
0x000A0D49,
0x0002E881,
0x4FF8E92D,
0x5B10ED2D,
0xF06F4682,
0x46880307,
0x9B6FED9F,
0xAA70ED9F,
0x21004691,
0xBA00EEB6,
0xCA00EEB0,
0x0B00F04F,
0x0004F8DA,
0x7656F50A,
0x0408F10A,
0xF8CD4642,
0x91059000,
0x94019204,
0x77D0EB00,
0x0387EA03,
0x445318F7,
0x73ACF503,
0x93029703,
0xF854E09B,
0x2800002B,
0x4240D500,
0xFC7FF7F6,
0x460B4602,
0xFA63F7F6,
0xF8DA4607,
0x460D0108,
0xFC75F7F6,
0x460B4602,
0x46294638,
0xFB70F7F6,
0x2B19EC53,
0xFBF6F7F6,
0xD06F2800,
0xED909802,
0xEC510B00,
0x46020B10,
0xF7F6460B,
0x4605FAEF,
0x460F9803,
0x0B00ED90,
0x0B10EC51,
0x460B4602,
0xFAE4F7F6,
0x460B4602,
0x46394628,
0xFA37F7F6,
0xFD19F7F6,
0x0B80ED16,
0xED964607,
0xEC518B00,
0x46020B10,
0xF7F6460B,
0x4605FAD1,
0xEC51460C,
0x46020B18,
0xF7F6460B,
0x4602FAC9,
0x4628460B,
0xF7F64621,
0xF7F6FA1C,
0xEE00FCFE,
0xEE010A10,
0xEE307A10,
0xEE810A0A,
0xEEB08A00,
0xF01C0A48,
0xEEB4FD8E,
0xEEF10A40,
0xD003FA10,
0x0A48EEB0,
0xFD85F01C,
0x0ACCEEB4,
0x0A00ED89,
0xFA10EEF1,
0xEEB4DA06,
0xEEB00ACB,
0xEEF11A4B,
0xDD08FA10,
0x0ACCEEB4,
0x1A4CEEB0,
0xFA10EEF1,
0xEEB0BFB8,
0x98041A40,
0x1A00ED89,
0x28009C01,
0xED98BF1E,
0xEE210A00,
0xED890A00,
0xE0050A00,
0xF8C92000,
0x98050000,
0x90053001,
0x0004F8DA,
0x0904F109,
0x0804F108,
0xF10B3608,
0x45830B01,
0xAF61F6FF,
0x9E009905,
0xEB012700,
0x105973D1,
0x0363EA6F,
0xEB064403,
0xF8560080,
0xF8562021,
0x38043023,
0xF846E004,
0xF8402027,
0x37013904,
0xDBF8428F,
0x5B10ECBD,
0xE8BDB001,
0xBF008FF0,
0xC0000000,
0x3FEA0AAA,
0x2EDBE6FF,
0x4FF0E92D,
0x4617B085,
0xA038F8DD,
0x46804689,
0x4619B1E7,
0x46389C0F,
0x23004652,
0xF910F007,
0xF8DFB30C,
0x4638B6D0,
0x47D84651,
0x0480F107,
0x46204651,
0xF50747D8,
0x46517580,
0x47D84628,
0x76C0F507,
0x46304651,
0xE01247D8,
0xF5032701,
0xF50370C0,
0xF1037180,
0xE9CD0280,
0xE9CD7300,
0x90042102,
0xF507E00F,
0xF50776C0,
0xF1077580,
0x46380480,
0x22024651,
0xFAB2F007,
0xE9CD2001,
0xA8020700,
0xFA5FC070,
0x4648F38A,
0x22014641,
0xFD1CF007,
0xE8BDB005,
0xBF008FF0,
0x4FF8E92D,
0x8B10ED2D,
0xED9FB09E,
0x920A0BDF,
0x1308E9CD,
0x8BDEED9F,
0x0A08F100,
0x7656F500,
0xF04F901D,
0x68450B00,
0x9B10EC58,
0x0BDAED9F,
0x0B10EC51,
0x1012E9CD,
0xE054951C,
0x002BF85A,
0xD5002800,
0xF7F64240,
0x4602FB50,
0xF7F6460B,
0x4604F934,
0x460F981D,
0x0108F8D0,
0xFB45F7F6,
0x460B4602,
0x46394620,
0xFA40F7F6,
0x4643464A,
0xFAE1F7F6,
0xED16BB98,
0xED960B80,
0xEC519B00,
0x46020B10,
0xF7F6460B,
0x4604F9BF,
0xEC51460F,
0x46020B19,
0xF7F6460B,
0x4602F9B7,
0x4620460B,
0xF7F64639,
0x9D13F90A,
0x9E12961B,
0x460C4607,
0x4633462A,
0xFADAF7F6,
0xBF042800,
0x462F4634,
0x6B18EC55,
0x46214638,
0x462B4632,
0xFACEF7F6,
0xBF1C2800,
0x463E4625,
0x6B18EC45,
0x9D1C9E1B,
0xF10B3608,
0x45AB0B01,
0xED9FDBA8,
0xEC510BAD,
0xEC530B18,
0xF7F62B10,
0xE9CDF9F9,
0x98381005,
0xEE081E41,
0xF7F61A10,
0xE9CDFB01,
0xF44F1003,
0xED9F7054,
0xED9F9B9F,
0xED9FABA4,
0xED9FBBA5,
0xED9FCBA6,
0x2600DBA7,
0xB024F8DD,
0xA028F8DD,
0x07C5EB00,
0x9074F8DD,
0xEA49EEB0,
0x0004F1AB,
0x61ABF509,
0xEA69EEF0,
0xF1AA9002,
0x90010004,
0x8AC8EEB8,
0x90072000,
0x2D02E1A9,
0xDB21911B,
0x0086EB09,
0x688046A8,
0xD5002800,
0xF7F64240,
0x4602FABC,
0xF7F6460B,
0x4604F8A0,
0x0108F8D9,
0xF7F6460D,
0x4602FAB2,
0x4620460B,
0xF7F64629,
0xEC53F9AD,
0xF7F62B1A,
0x991BFA33,
0x46452800,
0x80BDF000,
0x97179808,
0x2804961A,
0xED11D104,
0x4634FB80,
0xE00E460F,
0x0007EB09,
0xED90460F,
0x1BA80B00,
0xEC511E44,
0xEC530B1B,
0xF7F62B10,
0xEC41F915,
0xEB090B1F,
0xED9000C4,
0xEC510B56,
0x46020B10,
0x9010460B,
0xF7F69111,
0x4604F90D,
0xEC51460D,
0x46020B1F,
0x900B460B,
0xF7F6910C,
0x4622F903,
0xF7F6462B,
0xF8DDF858,
0xF8DDB04C,
0x46068048,
0x465A460C,
0xF7F64643,
0xED97FA27,
0x90180B00,
0xFB80ED97,
0x0B10EC51,
0x460B4602,
0x910F900E,
0xF8E8F7F6,
0xEC51468A,
0x46059B1F,
0x464A4648,
0x9119460B,
0xF8DEF7F6,
0x460B4602,
0x46514628,
0xF831F7F6,
0x98184607,
0x4643465A,
0x2800460D,
0xBF084638,
0x94184644,
0x465EBF08,
0xF7F69615,
0x2800F9FB,
0x0B1BEC51,
0xBF08464A,
0x95164645,
0x465FBF08,
0x97149B19,
0xF8B6F7F6,
0x981C4683,
0xA028F8DD,
0x460F9E1A,
0xB064F8CD,
0x2801970D,
0x981DD01E,
0x0086EB00,
0x28006880,
0x4240D500,
0xFA19F7F6,
0x460B4602,
0xFFFDF7F5,
0x981D4604,
0xF8D0460D,
0xF7F60108,
0x4602FA0E,
0x4620460B,
0xF7F64629,
0xEC53F909,
0xF7F62B1D,
0xBB28F9AA,
0x9054F8DD,
0x8060F8DD,
0x0B1EEC51,
0x4643464A,
0xFFE1F7F5,
0xB050F8DD,
0x46049F16,
0xEC51460D,
0x465A0B19,
0xF7F5463B,
0xEC45FFD6,
0x465C4B1E,
0x0B19EC41,
0x464D46C3,
0x2000E00C,
0x0026F84B,
0x0026F84A,
0x30019807,
0xE0BB9007,
0xF8DDAF14,
0xCFB0B060,
0x2B1CEC53,
0x46594628,
0xF8D4F7F6,
0x460B4602,
0x46394620,
0xF973F7F6,
0xF8DDB938,
0x2000B024,
0x0026F84B,
0x0026F84A,
0xB38EE09D,
0x3205E9DD,
0x46594628,
0xF963F7F6,
0x9801BB50,
0xB024F8DD,
0x0026F850,
0x0026F84A,
0xF8509802,
0xE0880026,
0xC0000000,
0x3FEA0AAA,
0x00000000,
0x00000000,
0xE0000000,
0x3DDB7CDF,
0x00000000,
0x408F4000,
0x00000000,
0x3FED4C00,
0x00000000,
0x80000000,
0x00000000,
0x41BDCD65,
0x60000000,
0x3FE8BD55,
0xCB0FAB0E,
0xF81CF7F6,
0x9F0C9C0B,
0x9B0D9A19,
0x46894680,
0x46394620,
0xF812F7F6,
0x464B4642,
0xF808F7F6,
0x465B462A,
0xF87CF7F6,
0x46809116,
0x46394620,
0x230EE9DD,
0xF802F7F6,
0x460F4604,
0x0110E9DD,
0x9B0D9A19,
0xFFFAF7F5,
0x460B4602,
0x46394620,
0xFF4DF7F5,
0xEB0A4604,
0x46890086,
0x0A00ED90,
0x0A08EE20,
0x0A10EE10,
0xFA12F7F6,
0x9916460B,
0x46404602,
0xFF3BF7F5,
0xF8DD9F04,
0x463A800C,
0xF7F64643,
0xF7F6F84D,
0xF84AFA16,
0x46200026,
0x462A4649,
0xF7F6465B,
0xF8DDF843,
0x4604B024,
0xEB0B460D,
0xED900086,
0xEE200A00,
0xEE100A08,
0xF7F60A10,
0x4602F9ED,
0x4620460B,
0xF7F54629,
0x463AFF16,
0xF7F64643,
0xF7F6F82B,
0xF84BF9F4,
0xF10D0026,
0x9F17096C,
0x0222E899,
0x31083F08,
0x42B53601,
0xAE53F73F,
0x0B1EEC51,
0x2B19EC53,
0xF816F7F6,
0xF9DFF7F6,
0x0A10EE00,
0xFE82F01A,
0xF8D99A07,
0xF06F1004,
0x23000003,
0x72D2EB02,
0x0081EB00,
0x0162EBA1,
0x39011052,
0xF85AE011,
0xF84A7022,
0xF85B7023,
0xF84B7022,
0x33017023,
0x7021F85A,
0x7000F84A,
0x7021F85B,
0x7000F84B,
0x42933804,
0xEEB2DBEB,
0xEE201A04,
0xB01E0A01,
0x8B10ECBD,
0xE8BDB001,
0x00008FF0,
0x4FF0E92D,
0x7D05F5AD,
0x0B14F10D,
0x46044688,
0x7100F44F,
0x4615461F,
0xF7F54658,
0x2C04FEA8,
0x4E3BD101,
0x2C01E006,
0x2C02D003,
0x4E3AD15D,
0x4E38E000,
0x7A0EF50D,
0x46394628,
0x060CE89A,
0xB900E9CD,
0xFDC4F005,
0x0002F1A8,
0x0F00F1BA,
0xF080FAB0,
0x1050EA4F,
0x2740EB06,
0x2C04D006,
0xA805D10B,
0x464A4639,
0xE00A2301,
0x4638A905,
0x7200F44F,
0xFE62F7F5,
0xA905E005,
0x464A4638,
0xF0062300,
0xE9DDFDFB,
0xB1780592,
0x46384E28,
0x47B04649,
0x0080F107,
0x47B04649,
0x7080F507,
0x47B04649,
0x70C0F507,
0x47B04649,
0x46494638,
0xF0062202,
0x2301FFB3,
0x70C0F507,
0x7180F507,
0x0280F107,
0x3700E9CD,
0x2102E9CD,
0xFA5F9004,
0x4640F389,
0x22004621,
0xFA16F007,
0xA905B1A5,
0x464A4638,
0xFCD8F00A,
0xA00CE00E,
0x31FFF04F,
0xF44F2200,
0x940373B4,
0x20009002,
0x480B9000,
0x20059001,
0xFDDAF00D,
0x7D05F50D,
0x8FF0E8BD,
0x0003EA80,
0x0003E680,
0x0003E280,
0x6971695F,
0x6365715F,
0x5F726966,
0x00746573,
0x0002E841,
0x00026001,
0x4FF8E92D,
0x8B02ED2D,
0x6D51F5AD,
0x49F4F60D,
0x9013468B,
0xEEB0211C,
0x930D8A40,
0x46484690,
0xFE0BF7F5,
0x4FCC4CCB,
0xE0052000,
0x0180EB04,
0xF84959C9,
0x30011020,
0xD1F72807,
0xF60D6820,
0x901246C8,
0x680148C5,
0x68419111,
0x68819110,
0x68C1910F,
0x212C910E,
0x90156900,
0xF7F54630,
0x4DBFFDEC,
0xE0042000,
0x1020F855,
0x1020F846,
0x280B3001,
0x4658D1F8,
0xF0084641,
0x4601FD25,
0xF8917808,
0x910A8001,
0xA002F891,
0x6127F44F,
0xA8969014,
0xFDD1F7F5,
0xF44FA856,
0xF7F57180,
0xA816FDCC,
0x7180F44F,
0xFDC7F7F5,
0x0F04F1BB,
0xF1A8D103,
0x49AD0002,
0x48AAE007,
0xF1BB49AA,
0xBF080F01,
0xF1AA4601,
0xFAB00002,
0x0940F080,
0x2040EB01,
0xF8DD4642,
0xF8CD8050,
0xF240A02C,
0x90083311,
0x461148A2,
0x0028F850,
0xAB05E9CD,
0xF04F910C,
0xF04F31FF,
0xE9CD0A01,
0x489D0203,
0x90022200,
0x9001489C,
0x90002000,
0xF00D2001,
0x489AFD3B,
0x0F00F1B8,
0xA000F8C0,
0xF1BBD010,
0xF8CD0F04,
0xD11AB024,
0x498C980C,
0x46202801,
0x1D08BF18,
0xB054F8DD,
0xA02CF8DD,
0xE026210C,
0xF8CD2000,
0xF04F800C,
0x220031FF,
0x3315F240,
0x48889000,
0x48939002,
0x20059001,
0x4888E0B2,
0x68012202,
0xF3C16800,
0xEA0211C0,
0xF8DD2050,
0x4301A02C,
0x5060F505,
0x0F0AEA11,
0x010FF04F,
0xF248BF04,
0xF2C40010,
0xF8DD0008,
0x6800B054,
0x497C40C8,
0x0007F000,
0x0020F851,
0x900BA996,
0xF018980A,
0xF8DDFE8D,
0xF1B88034,
0xDD090F00,
0x0F01F1B8,
0xA896D113,
0xEEB02101,
0xEEF00A48,
0xE01C0A48,
0xF04F9814,
0x220031FF,
0x3325F240,
0x20009003,
0x48679000,
0x48729002,
0xEE00E087,
0xEEB78A10,
0xEEBF1A00,
0xA8962A00,
0xEEB84641,
0xEE810AC0,
0xEE333A00,
0xEE710A02,
0x9A0B0A43,
0xF9B4F018,
0xC030F8DD,
0x20009A09,
0xF8DD2103,
0xF88D3D40,
0x90DBC368,
0x1374F88D,
0xF04F2A04,
0xF88D0100,
0xF88DA37C,
0x90E03384,
0x2103BF08,
0xF1A291D9,
0xBF180104,
0x2A042101,
0x495291DE,
0x1144F8B1,
0xD10691DC,
0x21034660,
0xF00C4652,
0x2800FD2D,
0xF1B8DD41,
0x90E00F02,
0xA896DB02,
0xFA06F018,
0x7A16F50D,
0xF0184650,
0x2001FBD1,
0x78ACF50D,
0x0B58F10D,
0x90009909,
0x46424650,
0xF7FF465B,
0x4650FB8F,
0x465A4641,
0x8A40EEB0,
0xFDF8F00A,
0x9A0D9808,
0xF04F2100,
0xF00A0800,
0xEE18FB61,
0xF7F50A10,
0xEC41FFAB,
0xA0380B10,
0x31FFF04F,
0xF2402200,
0xED8D3359,
0xE9CD0B02,
0x20018000,
0xFC60F00D,
0x1012E9DD,
0x3210E9DD,
0xEC0EE9DD,
0xB054F8DD,
0x2000E013,
0x31FFF04F,
0xF44F2200,
0x90007351,
0x90024822,
0x90014827,
0xF00D2005,
0xE9DDFC49,
0xE9DD1012,
0xE9DD3210,
0x6021EC0E,
0x600A4915,
0x2300604B,
0xC008F8C1,
0xE00CF8C1,
0xB010F8C1,
0xF859E005,
0xEB041023,
0x33010283,
0x2B0751D1,
0x2200D1F7,
0xF856E004,
0xF8451022,
0x32011022,
0xD1F82A0B,
0xF44FA996,
0xF7F56227,
0xF50DFC61,
0xECBD6D51,
0xB0018B02,
0x8FF0E8BD,
0x40084008,
0xFFFFC000,
0x4008400C,
0x40084808,
0x0003E680,
0x0003E280,
0x0003EA80,
0x00000E24,
0x0002E979,
0x0002E7F0,
0x00000C90,
0x40090008,
0x00000DF8,
0x00035000,
0x0002E931,
0x20525249,
0x72657641,
0x3A656761,
0x322E2520,
0x000A0D66,
0x0002E828,
0x47F0E92D,
0x8B10ED2D,
0x468A3802,
0x4A634691,
0x0A61ED9F,
0xFAB0461E,
0x464BF080,
0x485D0941,
0x1A40EEB0,
0x2A40EEB0,
0x3A40EEB0,
0x4A40EEB0,
0x15C1EB02,
0xEB004652,
0x210010C1,
0x4680462C,
0xE01A4647,
0x5A00ED94,
0x6A00ED97,
0x0A00EDD3,
0x1A00EDD2,
0x33043204,
0x34043704,
0xEE253101,
0xEE337A05,
0xEE323A20,
0xEE312A21,
0xEE301A05,
0xEE060A06,
0xEE347A06,
0x42B14A07,
0xED9FDBE2,
0xEEB45A48,
0xEEF14AC5,
0xDA02FA10,
0x8A42ED9F,
0xEE04E06E,
0xED9F6A10,
0x2100AA40,
0x464B4652,
0xEEB8462F,
0xEE819AC4,
0xEE80EA09,
0xEE83DA09,
0xEE82CA09,
0xEEB0BA09,
0xEEB0FA4A,
0xEEB00A4A,
0xE02C1A4A,
0x2A00ED93,
0x3A00ED90,
0x4A00ED97,
0x5A00ED92,
0x33043204,
0x37043004,
0xEE343101,
0xEE324A4E,
0xEE332A4C,
0xEE353A4D,
0xEE235A4B,
0xEE246A02,
0xEE227A02,
0xEE642A02,
0xEE040A04,
0xEE036A45,
0xEE057A05,
0xEE432A05,
0xEE310A03,
0xEE301A06,
0xEE3F0A07,
0xEE3AFA02,
0x42B1AA20,
0xEE21DBD0,
0xEE008A01,
0xEEB08A00,
0xF01B0A48,
0xEEB4FF42,
0xEEF10A40,
0xD003FA10,
0x0A48EEB0,
0xFF39F01B,
0x1A17ED9F,
0x2A4CEE3E,
0x3A0FEE3A,
0x0A00EE30,
0x1A01EE32,
0x2A4BEE3D,
0x1A01EE21,
0x1A02EE02,
0x3A09EE01,
0x0A03EE80,
0x8AC0EEB0,
0x464000B6,
0x46324651,
0xFB72F7F5,
0x46494628,
0xF7F54632,
0xEEB0FB6D,
0xECBD0A48,
0xE8BD8B10,
0xBF0087F0,
0x0005E150,
0x00000000,
0x0005E250,
0x322BCC77,
0x2EDBE6FF,
0x4FF8E92D,
0x8B02ED2D,
0x7D04F5AD,
0x7988F50D,
0x4604460F,
0x7180F44F,
0x8A40EEB0,
0x46929303,
0xF7F54648,
0xF10DFB62,
0xF44F0B10,
0x46587180,
0xFB5BF7F5,
0x8240F8DD,
0x46482500,
0x463A4621,
0x5500E9CD,
0xF688FA0F,
0xF0024633,
0xE9CDFBD7,
0x46585500,
0x46334651,
0xF0029A03,
0xEB08FBCF,
0xE9DD72D8,
0xED9F7391,
0xF1090A1F,
0xF10B0004,
0x10520104,
0xED91E02D,
0xED902A00,
0xED114A00,
0xED101A01,
0x19563A01,
0x31083008,
0xFB963501,
0xEE24F4F8,
0xEE225A04,
0xEE212A08,
0xFB041A08,
0xEE226618,
0xEE226A04,
0xEE032A03,
0xEB035A03,
0xEB070486,
0xEE010686,
0xEE016A03,
0xEE352A44,
0xEE863A00,
0xEE821A03,
0xED862A03,
0xED841A00,
0x45452A00,
0xF50DDBCF,
0xECBD7D04,
0xB0018B02,
0x8FF0E8BD,
0x2EDBE6FF,
0x00000000,
0x4FF8E92D,
0x7B0EED2D,
0x68419100,
0x8A3AED9F,
0x9A3AED9F,
0xBA3BED9F,
0xCA3CED9F,
0xDA3AED9F,
0x1858F600,
0x0B00F04F,
0x0900F04F,
0x1A10EE00,
0x72D1EB01,
0x31FFF04F,
0x0AC0EEB8,
0x0A62EB01,
0xEE889001,
0xEE300A00,
0xED9FAA00,
0xEC570B29,
0xE03C6B10,
0xF858482A,
0x28000000,
0x4240D500,
0xFCF7F7F5,
0x460B4602,
0xFADBF7F5,
0x98014604,
0xF8D0460D,
0xF7F50108,
0x4602FCEC,
0x4620460B,
0xF7F54629,
0x4632FBE7,
0xF7F5463B,
0xB9D0FC88,
0x0A00ED98,
0x1A01ED98,
0x0A40EE31,
0x0ACBEEB4,
0xFA10EEF1,
0xEE30DD02,
0xE0060A0C,
0x0ACDEEB4,
0xFA10EEF1,
0xEE30BFB8,
0xEE800A08,
0xF10B0A0A,
0xEE390B01,
0xF1089A00,
0xF1090804,
0x45D10901,
0xEE00DBC0,
0xEEB8BA10,
0x98000AC0,
0x0A00EE89,
0x0A00ED80,
0x7B0EECBD,
0xE8BDB001,
0xBF008FF0,
0x40000000,
0x3FEB3333,
0x40C90FDB,
0x00000000,
0xFFFFF6B0,
0x40490FDB,
0xC0490FDB,
0xC0C90FDB,
0x4605B5F8,
0x782F460C,
0xBF382F04,
0x78AEBDF8,
0x46312004,
0xFBD4F7F8,
0x0130F8A4,
0x4A10480F,
0x1027F850,
0x42112002,
0xBF084631,
0xF7F82001,
0xF8A4FBC7,
0xF5040140,
0xF8B4719C,
0xF00C0130,
0xF8B4FEAD,
0xF5040140,
0xF00C71A4,
0xE9D5FEA7,
0x22010102,
0xE9C46022,
0xBDF80154,
0x0002DEAC,
0x00DB0001,
0x2801490A,
0x4A084B0A,
0xF851BF14,
0x68080F04,
0x0080F040,
0x68086008,
0x43104018,
0x68086008,
0x0010F040,
0x47706008,
0x030080EB,
0x40084018,
0xFCFF7F10,
0x4FF8E92D,
0x7B10ED2D,
0x92014606,
0xAA49ED9F,
0xBA49ED9F,
0x6870468A,
0x0901F1A0,
0xF1A02803,
0xEA6F0B02,
0xBFC80000,
0x0902F04F,
0x46C845D9,
0xF109BFA8,
0xF1100B01,
0xBFD80F04,
0x0003F06F,
0xF1C01C45,
0xEB06003E,
0xF50000C0,
0xE05E64AB,
0x0F04F1BA,
0xF5A4D10B,
0xED906080,
0xEC510B00,
0xF7F50B10,
0xEE09FCEE,
0x46470A10,
0x6870E010,
0xEBA01829,
0xEB060008,
0x1E4701C1,
0x0BD6ED91,
0x0B10EC51,
0xFCDDF7F5,
0x4000F080,
0x0A10EE09,
0x00C7EB06,
0x0B56ED90,
0x0B10EC51,
0xFCD1F7F5,
0x0B80ED14,
0x0A10EE0C,
0x8B00ED94,
0xDA0CEE2C,
0x0B10EC51,
0xFCC5F7F5,
0xEC514607,
0xF7F50B18,
0xEE00FCC0,
0xEE010A10,
0xEE097A10,
0xEE2CDA09,
0xEE298A00,
0xEE09EA00,
0xEE0C8A41,
0xEEB1EA01,
0xEE3D0A48,
0xEE7CCA0B,
0xF0190A4E,
0xEEB0FC07,
0xEE7C9A40,
0xEEB00A0E,
0xF0190A48,
0xEE39FBFF,
0x3D010A40,
0xF1083408,
0xEE3A0801,
0x45D8AA00,
0xEBABDB9E,
0xEE000009,
0xEEB80A10,
0x98010AC0,
0x0A00EE8A,
0x0A00ED80,
0x7B10ECBD,
0xE8BDB001,
0xBF008FF0,
0x00000000,
0x2EDBE6FF,
0x28014B9C,
0x0304F103,
0xF244BF04,
0xF2C40328,
0x68180308,
0x4202EB00,
0xEAC04408,
0x60180002,
0xBF004770,
0x4102EAC1,
0x28014A92,
0x0204F102,
0xF244BF04,
0xF2C40228,
0x60110208,
0xBF004770,
0xED2DB570,
0x46148B04,
0xF44F4A21,
0x25024300,
0x58D358D6,
0x2353EA05,
0x16C0F3C6,
0x78264333,
0xBF084233,
0x68153208,
0x78094A1A,
0x29013204,
0xF244BF04,
0xF2C40228,
0x68410208,
0xEA408800,
0x60104001,
0xF0022014,
0xF3C5FC49,
0xED9F30C2,
0xED9F8A12,
0x26019A12,
0xE00DB2C5,
0x46297820,
0x23002215,
0xF8D0F008,
0x8A00EE38,
0x8AC9EEB4,
0xFA10EEF1,
0x3601DC03,
0x28091E70,
0xEE00D9EE,
0xEEB86A10,
0xEE880AC0,
0xECBD0A00,
0xBD708B04,
0x40088008,
0x40084028,
0x00000000,
0x447A0000,
0x47F0E92D,
0x5B10ED2D,
0xCA62EEB0,
0xBA40EEB0,
0xAA60EEB0,
0x9A41EEB0,
0x8A61EEB0,
0x0A0CEE2B,
0x1A0CEE2C,
0x4A0CEE2A,
0x0A42EE0A,
0x1A02EE02,
0x4A02EE0B,
0x0A01EE80,
0x1A01EE84,
0x4A00EEB6,
0x0A00EE38,
0x5A44EEB0,
0x1A41EE39,
0x5A03EE00,
0x4A03EE01,
0x0AC5EEBD,
0x1AC4EEBD,
0x1A10EE10,
0x0A00EEB7,
0x6A10EE11,
0x3AC0EEB4,
0xFA10EEF1,
0x220ADA11,
0xF06F290A,
0xBFA80309,
0xF1114611,
0xBFD80F0A,
0x2E0A4619,
0x4632BFB8,
0x0F0AF112,
0x461ABFD8,
0x4A3F4616,
0xFA0F2801,
0xF102F881,
0xBF040204,
0x0228F244,
0x0208F2C4,
0xEB076817,
0xFA074008,
0xEAC1F186,
0x60100000,
0x0A10EE12,
0xFB9EF7F5,
0xEE1C4604,
0x460D0A10,
0xFB98F7F5,
0x0B10EC41,
0x4B11EC45,
0xF04FA02F,
0xF8DF0A00,
0xF04F90D0,
0x220031FF,
0xED8D23E5,
0xED8D1B02,
0xE9CD0B04,
0x2001A000,
0xEE1B47C8,
0xF7F50A10,
0x4604FB7F,
0x0A10EE1A,
0xF7F5460D,
0xEC41FB79,
0xEC450B11,
0xA2274B10,
0xF04F2001,
0x23E631FF,
0x0B02ED8D,
0x1B04ED8D,
0xA200E9CD,
0x47C82200,
0x0A10EE19,
0xFB64F7F5,
0xEE184604,
0x460D0A10,
0xFB5EF7F5,
0x0B11EC41,
0x4B10EC45,
0x2001A21F,
0x31FFF04F,
0xED8D23E7,
0xED8D0B02,
0xE9CD1B04,
0x2200A200,
0xEB0847C8,
0x22004027,
0x900523E8,
0xFA00B238,
0x9104F186,
0xE9CD1439,
0x48190102,
0x31FFF04F,
0xA000E9CD,
0x47C82001,
0x5B10ECBD,
0x87F0E8BD,
0x40084028,
0x20203048,
0x25203A20,
0x342E2D2B,
0x2B250966,
0x66342E2D,
0x00000A0D,
0x00019E25,
0x52204344,
0x25203A58,
0x342E2D2B,
0x2B250966,
0x66342E2D,
0x00000A0D,
0x54204344,
0x25203A58,
0x342E2D2B,
0x2B250966,
0x66342E2D,
0x00000A0D,
0x0002EB0C,
0x4FF8E92D,
0x5B08ED2D,
0x98144604,
0xB3804615,
0xD14E2801,
0x4C664863,
0xC198F8DF,
0x6000F990,
0xB2F11D27,
0xEB00E016,
0x1E750286,
0x62A26912,
0x2A015D82,
0x2A02D003,
0x463AD109,
0x4622E000,
0xF8164466,
0x68136C01,
0x0300F366,
0x39016013,
0x7001462E,
0xDCE62E00,
0xF04F0608,
0xD0290600,
0xF04FA05B,
0x220031FF,
0xE9CD234C,
0x48576000,
0xE9DDE01A,
0x46207A12,
0xF954F7F8,
0x010AEA57,
0x0600F04F,
0xB280D016,
0xD01342A8,
0xF9964E45,
0x28020000,
0xA048DB14,
0xF04F2600,
0x220031FF,
0x9001235A,
0x96004849,
0x20059002,
0xFF78F00C,
0x2600E000,
0xECBD4630,
0xB0015B08,
0x8FF0E8BD,
0x4628A904,
0xFC1CF00C,
0x9804E9DD,
0x0B07EB19,
0x010AEB48,
0xF7F54658,
0xED9FF9D8,
0xEE008A33,
0xEEB40A10,
0xEEF10AC8,
0xDB06FA10,
0x1A2FED9F,
0x0AC1EEB4,
0xFA10EEF1,
0xEBB9DD1C,
0xEB680607,
0x4630010A,
0xF9C1F7F5,
0x0A28ED9F,
0x0A10EE01,
0x21002000,
0x1AC0EEB4,
0xFA10EEF1,
0x1AC8EEB4,
0x2001BFC8,
0xFA10EEF1,
0x2101BFB8,
0xBF084308,
0x4E1C46B3,
0xEBAB2000,
0x464A0109,
0xE9CD4643,
0x46281000,
0xF84AF011,
0xB2C01E60,
0xD8242801,
0x6AA84D17,
0x1000F996,
0x0181EB06,
0x98046148,
0x0000EBAB,
0xFCACF7F8,
0x2C0162A8,
0xF9964B11,
0xEB060000,
0x704C0100,
0x0104F105,
0xF248BF04,
0xF2C4011C,
0x680A0108,
0x0201F002,
0x3001541A,
0xF022680A,
0x600A0201,
0x98047030,
0x0600EBAB,
0xBF00E788,
0x0003F710,
0x4D3EBC20,
0x4FA9DF8C,
0x4008801C,
0x00000E1F,
0x73207325,
0x6B636174,
0x73757020,
0x72652068,
0x000A0D72,
0x0002EED5,
0x73207325,
0x6B636174,
0x706F7020,
0x72726520,
0x00000A0D,
0x4FF8E92D,
0x4B372800,
0x0A00F04F,
0x0A00EEB6,
0x2002BF08,
0x0E02F000,
0x0801F000,
0x4684482F,
0x7060F500,
0x482E9000,
0xE0474683,
0x0F00F1B8,
0x4A29D042,
0x68102600,
0x2107F3C0,
0xFA5F6810,
0x9800F980,
0xF1BEE00B,
0xD0350F00,
0x46604A22,
0xF5002601,
0x69D160F0,
0x901CF8D2,
0xB2CF0A09,
0x0187EB00,
0xF089FA5F,
0x4662E024,
0x465C17FD,
0x3A40EEB0,
0xEB07443A,
0xF0227595,
0x40250203,
0x68121B7D,
0x1A00ED91,
0x00ED3701,
0xEB0340EA,
0xEEB82506,
0xF0021A41,
0xEB05023F,
0xED920282,
0xEE022A00,
0xEEBC3A01,
0xEE111AC3,
0xF36F2A10,
0xC104325F,
0xD9D84287,
0x0A01F10A,
0x0F00F1BA,
0xF1BAD0B4,
0xD0BE0F01,
0x0F02F1BA,
0xE8BDD1F4,
0xF0184FF8,
0xBF00BA65,
0x4008887C,
0x40088C80,
0x1FFFFFFC,
0x00056AD4,
0x4D21B5B0,
0x4AED4604,
0x230049ED,
0x0C0CF855,
0x2015F3C0,
0x20E0F8D2,
0x0101FBA0,
0xFE26F7F4,
0x1C0CF855,
0xF0016020,
0x7120003F,
0x72E06828,
0xF3C06828,
0x73202000,
0xF3C06828,
0x73603001,
0xF3C06828,
0x73A04000,
0xF3C06828,
0x73E04040,
0xF3C06828,
0x74204080,
0xF3C06828,
0x746040C0,
0x71606EA8,
0x0A006EA8,
0xF8D571A0,
0x71E00084,
0x0084F8D5,
0x72200A00,
0x005CF8B5,
0xF8B57260,
0x72A00078,
0xBDB02000,
0x40088814,
0x4D3AB5B0,
0x4ACA4604,
0x23004939,
0xF8D26828,
0xB28020E0,
0x0101FBA0,
0xFDE2F7F4,
0x68286020,
0x4005F3C0,
0x68287320,
0x6005F3C0,
0x68A87360,
0x003FF000,
0x68A873A0,
0x2005F3C0,
0x68A87420,
0x74A00C00,
0x0E0068A8,
0x68E874E0,
0x001FF000,
0x68E87520,
0x2004F3C0,
0x68E87560,
0x30C0F3C0,
0x68E875A0,
0x4006F3C0,
0x68E875E0,
0x6003F3C0,
0x69287620,
0x309FF36F,
0x692880A0,
0x400DF3C0,
0x696880E0,
0x309FF36F,
0x69688120,
0x400DF3C0,
0x69A88160,
0x69A87660,
0x76A00A00,
0xF00069E8,
0x76E0001F,
0xF3C069E8,
0x77202004,
0xF3C069E8,
0x77604004,
0xF3C069E8,
0x77A06004,
0xF0006A28,
0x77E00001,
0xF3C06A28,
0xF8840040,
0x6A280020,
0x0081F3C0,
0x0021F884,
0x0A006A28,
0x0023F884,
0x0C006A28,
0x0022F884,
0xBDB02000,
0x40088818,
0x3B9ACA00,
0x43F8E92D,
0x485E4604,
0xF8D04F5E,
0xF3C11830,
0x72216100,
0x1830F8D0,
0x5140F011,
0xF181FAB1,
0x1151EA4F,
0xF8D07261,
0xF0011830,
0xF1015140,
0xFAB14150,
0xEA4FF181,
0x72A11151,
0x6180F04F,
0x8880BF19,
0x1082F3C0,
0xF3C06800,
0xF00030C2,
0xFA210001,
0x6838F800,
0x4070F020,
0xF0F8FBB0,
0xFFFBF7F4,
0x9120F8DF,
0x0B10EC41,
0xED9F47C8,
0xEC511B40,
0xEC550B10,
0x46326B11,
0xF7F4462B,
0xF7F5FE7B,
0x72E0F872,
0xF0206878,
0xFBB04070,
0xF7F4F0F8,
0xEC41FFE2,
0x47C80B10,
0x0B10EC51,
0x462B4632,
0xFE68F7F4,
0xF85FF7F5,
0x68B87320,
0x001FF000,
0x68B87360,
0x1044F3C0,
0x68B873A0,
0x2094F3C0,
0xFFDAF7F4,
0x0B10EC41,
0xED9F47C8,
0xEC511B2A,
0xEC530B10,
0xF7F42B11,
0xEC41FEBF,
0xF01A0B10,
0xEC51FF49,
0xF7F50B10,
0x73E0F81F,
0x80206938,
0x0C006938,
0x69B88060,
0x69B880A0,
0x80E00C00,
0xF02069F8,
0xFBB04070,
0xF7F4F0F8,
0xEC41FFA4,
0x47C80B10,
0x0B10EC51,
0x462B4632,
0xFE2AF7F4,
0xF821F7F5,
0x6A387420,
0x4070F020,
0xF0F8FBB0,
0xFF91F7F4,
0x0B10EC41,
0xEC5147C8,
0x46320B10,
0xF7F4462B,
0xF7F5FE17,
0x7460F80E,
0xF0006A78,
0x74A0000F,
0xF3C06A78,
0x75202004,
0xF3C06A78,
0x74E04004,
0xB0012000,
0x83F0E8BD,
0x00000000,
0xC0240000,
0xFEFA39EF,
0x3FE62E42,
0x40088008,
0x4008883C,
0x00026CE1,
0x496EB5B0,
0x4A2B4604,
0x68202300,
0x10E0F8D1,
0x0101FBA0,
0xFCA4F7F4,
0x4D277921,
0x013FF001,
0x2119F360,
0x7B226029,
0x7B637AE1,
0xF0027BA0,
0xF0000201,
0xEA410001,
0xF0032102,
0xEA410203,
0xEA413102,
0x7BE14000,
0x0101F001,
0x4041EA40,
0xF0017C21,
0xEA400101,
0x7C614081,
0x0101F001,
0x40C1EA40,
0x796060E8,
0xEA4079A1,
0xEA404000,
0xEA402001,
0x67686001,
0x7A2179E0,
0x4000EA40,
0x2001EA40,
0x6001EA40,
0x0090F8C5,
0xF8B57A60,
0xF0211068,
0x430801FF,
0x0068F8A5,
0xF8B57AA0,
0xF0211084,
0x430801FF,
0x0084F8A5,
0xBDB02000,
0x00035000,
0x000F4240,
0x40088808,
0x493FB570,
0x4A3F4604,
0x68202300,
0x10E0F8D1,
0x0100FBA1,
0xFC46F7F4,
0xB2C07B21,
0x250C4E3A,
0x013FF001,
0x4001EA40,
0xF0017B61,
0xEA40013F,
0x60316101,
0x7C227BA1,
0x7CE07CA3,
0x023FF002,
0x013FF001,
0x2102EA41,
0x4103EA41,
0x6000EA41,
0x7D2060B0,
0x7DE27DA1,
0xF0017E23,
0xF0000101,
0xEA40001F,
0xEA4030C1,
0xEA404002,
0x60F06003,
0x88A188E0,
0x309FF36F,
0x319FF36F,
0x4000EA41,
0x89606130,
0xF36F8921,
0xF36F309F,
0xEA41319F,
0x61704000,
0x7EA17E60,
0x2001EA40,
0x4001EA40,
0x7EE061B0,
0x7F627F21,
0xF0017FA3,
0xF000011F,
0xEA40001F,
0xF0022001,
0xEA40011F,
0xF0034001,
0xEA40011F,
0x61F06001,
0xF8947FE0,
0xF8942021,
0xF8941020,
0xF0003022,
0xEA050001,
0xF3610282,
0xF8940041,
0x43101023,
0x2001EA40,
0xEA406A31,
0xF0014003,
0x4308417F,
0x20006230,
0xBF00BD70,
0x00035000,
0x3B9ACA00,
0x40088818,
0x00000000,
0x4FF8E92D,
0x6B0AED2D,
0x49B14604,
0x7A604BB1,
0xBF072800,
0xF3C2888A,
0x680A1B82,
0x3BC2F3C2,
0xB1F27A22,
0x0820F8D1,
0x72FFF643,
0x22034310,
0x0820F8C1,
0x0820F8D1,
0x401DF362,
0x0820F8C1,
0x68182102,
0x000DF361,
0x60182101,
0xF3616818,
0x6018401D,
0x7A607A21,
0xBF182900,
0x06092101,
0x2100E000,
0x280068DA,
0xAA04EEB2,
0xF022461F,
0xEA41427F,
0xBF080102,
0x5140F041,
0x7AE060D9,
0xEE004240,
0xEEB80A10,
0xEE800AC0,
0xEE100A0A,
0xF7F40A10,
0xED9FFEEF,
0xF8DF8B86,
0xEC41A23C,
0xEEB00B11,
0xEEF00A48,
0x47D00A68,
0x0001F00B,
0x6180F04F,
0x9A40EEB0,
0xF000FA21,
0x9A60EEF0,
0xFE1FF7F4,
0x46884605,
0x0B19EC51,
0x4643462A,
0xF8CD9502,
0xF7F48004,
0xF7F4FCA3,
0x6138FE9A,
0x42407B20,
0x0A10EE00,
0x0AC0EEB8,
0x0A0AEE80,
0x0A10EE10,
0xFEBEF7F4,
0x0A48EEB0,
0x0B11EC41,
0x0A68EEF0,
0xEC5147D0,
0x462A0B10,
0xF7F44643,
0xF7F4FC87,
0x6178FE7E,
0xF8947BE0,
0xF894800D,
0xF7F4900E,
0xED9FFDFF,
0xEC419B64,
0xEEB00B11,
0xEEF00A49,
0x47D00A69,
0xA5617BE0,
0xB00CF8CD,
0x0608F105,
0x46282815,
0x4630BF08,
0x1B00ED90,
0x0B10EC51,
0x2B11EC53,
0xFC5CF7F4,
0xFE59F7F4,
0xF008495E,
0x46B8021F,
0x2080EA01,
0x011FF009,
0x1141EA42,
0x61B84308,
0xF7F48820,
0xEEB0FDD3,
0xEC410A49,
0xEEF00B11,
0x47D00A69,
0x28158820,
0xBF084628,
0xED904630,
0xEC511B00,
0xEC530B10,
0xF7F42B11,
0xF7F4FC37,
0x8861FE34,
0x405FF36F,
0x4001EA40,
0x001CF8C8,
0xF7F488A0,
0xEEB0FDB3,
0xEC410A49,
0xEEF00B11,
0x47D00A69,
0x281588A0,
0x0B10EC51,
0x4635BF08,
0x1B00ED95,
0x2B11EC53,
0xFC18F7F4,
0xFE15F7F4,
0xF36F88E1,
0xEA40405F,
0xF8C84001,
0x7C200024,
0xEE004240,
0xEEB80A10,
0xEE800AC0,
0xEE100A0A,
0xF7F40A10,
0xEEB0FE33,
0xEC410A48,
0xEEF00B11,
0x47D00A68,
0x9F019E02,
0x0B10EC51,
0x463B4632,
0xFBFAF7F4,
0xFDF1F7F4,
0x002CF8C8,
0x42407C60,
0x0A10EE00,
0x0AC0EEB8,
0x0A0AEE80,
0x0A10EE10,
0xFE14F7F4,
0x0A48EEB0,
0x0B11EC41,
0x0A68EEF0,
0xEC5147D0,
0x46320B10,
0xF7F4463B,
0xF7F4FBDD,
0x4647FDD4,
0x20166338,
0x7D239903,
0xFA507CE2,
0x7BE1F081,
0xF0031A40,
0xEB00011F,
0x104070D0,
0x2001EA40,
0xF0016B79,
0x4308417F,
0x011FF002,
0x4001EA40,
0x20006378,
0xECBDB004,
0xB0018B06,
0x8FF0E8BD,
0xBF00BF00,
0x00000000,
0x40240000,
0x00000000,
0x40000000,
0x00000000,
0x00000000,
0x00000000,
0x3FF00000,
0x40088008,
0x4008882C,
0x00026F91,
0x07FFFC00,
0xF240B5BF,
0x68004004,
0x4007F3C0,
0xF2002808,
0xE8DF8082,
0x0C05F000,
0x28211A13,
0x00593A2F,
0x6081F44F,
0xE8BDB004,
0xF7FF40B0,
0xF44FBD93,
0xB0046084,
0x40B0E8BD,
0xBC06F7FF,
0x6081F44F,
0xE8BDB004,
0xF7FF40B0,
0xF44FBDE3,
0xB0046084,
0x40B0E8BD,
0xBC3EF7FF,
0x6081F44F,
0xE8BDB004,
0xF7FF40B0,
0xF44FBE5D,
0xB0046084,
0x40B0E8BD,
0xBCAAF7FF,
0x6081F44F,
0x28006800,
0x2001BF18,
0xE8BDB004,
0xF7F940B0,
0xF44FBA2B,
0x680A6181,
0x68096808,
0xDB3E2A00,
0x050FF000,
0xF04F0908,
0x220031FF,
0xB2C4238C,
0xE9CD2000,
0x90005402,
0x9001481A,
0xF00C2001,
0xB2E8FA31,
0xB0044621,
0x40B0E8BD,
0xBA28F7F9,
0x6081F44F,
0xF2406801,
0x6802400C,
0xF8D06804,
0x6803C000,
0xF011480E,
0xD0080F01,
0xF3626805,
0x60050507,
0x68020A25,
0x220FF365,
0x07896002,
0xBDBFBF58,
0x69C30E1A,
0x411CEA4F,
0x0307F361,
0x69C161C3,
0x417FF421,
0x2102EA41,
0xBDBF61C1,
0x4008887C,
0x0002E1B5,
0x47F0E92D,
0x5D00F5AD,
0x4615466F,
0x4698460E,
0x1D392200,
0xF850E011,
0x32013022,
0x141BB21C,
0x3A10EE00,
0x4A10EE01,
0x0AC0EEB8,
0x1AC1EEB8,
0x1A01ED01,
0x0A00ED81,
0xF5B23108,
0xD1EA6F80,
0x4639481D,
0x23012200,
0xF7F32400,
0x4638FE2D,
0x6180F44F,
0xF83AF000,
0x00C6EB07,
0x0A17ED9F,
0xE00E3004,
0x2F96EBB4,
0xED90D109,
0xED102A00,
0xEE221A01,
0xEE012A02,
0xEE302A01,
0x30080A02,
0x42AE3601,
0xF1B8DBEE,
0xD0110F00,
0x1A0CED9F,
0x0A01EE30,
0xF9A8F019,
0x1A0AED9F,
0x3A04EEB2,
0x2A09ED9F,
0x1A03EE00,
0x0A02EE31,
0x0A00ED88,
0x5D00F50D,
0x87F0E8BD,
0x00029A88,
0x00000000,
0x2EDBE6FF,
0xC2B49E35,
0xC270D1EC,
0xEB01B570,
0x230071D1,
0x0C61EA4F,
0x02CCEB00,
0xBFA84563,
0xF852BD70,
0xF8501033,
0xEB02E033,
0xF84005C3,
0xEB001033,
0x684C01C3,
0x604E686E,
0xE033F842,
0x3301606C,
0xB081E7EA,
0x22002100,
0x42829100,
0xB001BF04,
0x91004770,
0x9B00E002,
0x93003301,
0x2B149B00,
0x3201D9F9,
0x0000E7F1,
0xF240B580,
0x68004004,
0x4007F3C0,
0xBF882803,
0xE8DFBD80,
0x1A02F000,
0xF44F1509,
0x68006081,
0xF7FAB2C0,
0xE017FE8F,
0x6081F44F,
0xF6484910,
0x68007278,
0x2800B2C0,
0x2001BF18,
0xBD805488,
0xF648480B,
0x5C407179,
0xF44FE00E,
0x21036081,
0xB2C06800,
0xFD2AF7FA,
0x1A06ED9F,
0x0A01EE20,
0x0AC0EEBD,
0x0A10EE10,
0x6184F44F,
0xBD806008,
0x00035000,
0x447A0000,
0x4FF8E92D,
0x1B1CED2D,
0x3107E9CD,
0x2009E9CD,
0xF04F2000,
0x25000B00,
0x24002600,
0xF04F2700,
0x900C0A00,
0xF8DD2000,
0x900B9028,
0x900D2000,
0x210CE056,
0x462746B8,
0xF9394658,
0xEA01B02A,
0xF20F048A,
0x44214120,
0x8A00ED91,
0xF7F4990C,
0xEE01FB62,
0xEE00BA10,
0xEEB80A10,
0xEE089AC1,
0xEE100A09,
0xF7F40A10,
0x4683FBAC,
0x4004F20F,
0x4631910C,
0xED904420,
0x4628AA00,
0xFB4BF7F4,
0x0A10EE00,
0x0A09EE0A,
0x0A10EE10,
0xFB99F7F4,
0xEB094605,
0x460E008A,
0xF9B04641,
0x46384002,
0xFB39F7F4,
0x4A10EE01,
0x0A10EE00,
0x9AC1EEB8,
0x0A09EE08,
0x0A10EE10,
0xFB83F7F4,
0x460F4604,
0x990D980B,
0xFB27F7F4,
0x0A10EE00,
0x0A09EE0A,
0x0A10EE10,
0xFB75F7F4,
0x910D900B,
0x0A01F10A,
0x45829827,
0x4628DBA5,
0xF7F44631,
0x990CFB14,
0x46584682,
0xFB0FF7F4,
0xAA10EE09,
0x0A10EE08,
0x0A49EEB0,
0x0A48EEF0,
0xFB52F018,
0xDAC5ED9F,
0xA02CF8DD,
0xEAC4ED9F,
0x8020F8DD,
0xEE80990D,
0x46500A0D,
0x0A0EEE20,
0x0A00ED88,
0xFAF3F7F4,
0x46204681,
0xF7F44639,
0xEE0BFAEE,
0xEE0A9A10,
0xEEB00A10,
0xEEF00A4B,
0xF0180A4A,
0xED9FFB31,
0xEE80CAB7,
0x99090A0D,
0xED9F4640,
0xEEB01AB5,
0xEE00DA4C,
0xED81DA0E,
0xED90DA00,
0xEE300A00,
0xEEB42A4D,
0xEEF12AC1,
0xDD07FA10,
0x0AADED9F,
0xDA00EE3D,
0xDA00ED81,
0x0A00ED90,
0x1AAAED9F,
0x2A4DEE30,
0x2AC1EEB4,
0xFA10EEF1,
0xED9FDA07,
0xEE3D0AA7,
0xED81DA00,
0xED90DA00,
0xEEB40A00,
0xEEF10ACC,
0xDD02FA10,
0xEAA1ED9F,
0xED9FE006,
0xEEB41AA1,
0xEEF10AC1,
0xDA0BFA10,
0x0A0EEE30,
0x0A00ED80,
0x0A00ED91,
0xDA00EE3E,
0xDA00ED81,
0x0A00ED90,
0x1A4DEE30,
0x1ACCEEB4,
0xFA10EEF1,
0xEE10DD28,
0xF7F40A10,
0x4680FB6B,
0x0A10EE1D,
0xF7F44689,
0xEC41FB65,
0x488F0B10,
0xEC492200,
0xF04F8B11,
0x232931FF,
0x22009200,
0x1B02ED8D,
0x0B04ED8D,
0x20019001,
0xF816F00C,
0x0108E9DD,
0x0A7DED9F,
0x1A00ED91,
0xDA00EE31,
0xDA00ED81,
0x0A00ED90,
0xEA7FED9F,
0x1A4DEE30,
0x1ACEEEB4,
0xFA10EEF1,
0xEE10DA28,
0xF7F40A10,
0x4680FB39,
0x0A10EE1D,
0xF7F44689,
0xEC41FB33,
0x48760B10,
0xEC492200,
0xF04F8B11,
0x232D31FF,
0x22009200,
0x1B02ED8D,
0x0B04ED8D,
0x20019001,
0xFFE4F00B,
0x0108E9DD,
0x0A6AED9F,
0x1A00ED91,
0xDA00EE31,
0xDA00ED81,
0x0A00ED90,
0x1A68ED9F,
0x2A4DEE30,
0x2AC1EEB4,
0xFA10EEF1,
0x4680DD27,
0x0A10EE10,
0xFB06F7F4,
0xEE1D900A,
0x46890A10,
0xFB00F7F4,
0x0B10EC41,
0x2200980A,
0x31FFF04F,
0x92002332,
0xED8D2200,
0xEC490B04,
0x48590B11,
0x1B02ED8D,
0x20019001,
0xFFB0F00B,
0xED919909,
0xEE300A00,
0xED81DA0C,
0xED98DA00,
0xED9F0A00,
0xEE301A52,
0xEEB42A4D,
0xEEF12AC1,
0xDA24FA10,
0x0A10EE10,
0xF7F44688,
0x900AFAD5,
0x0A10EE1D,
0xF7F44689,
0xEC41FACF,
0x980A0B10,
0xF04F2200,
0x233631FF,
0x22009200,
0x0B04ED8D,
0x0B11EC49,
0xED8D4840,
0x90011B02,
0xF00B2001,
0xED98FF7F,
0xEE300A00,
0xED880A0E,
0xED9F0A00,
0x9827CA3C,
0x90F0F8DF,
0x0A10EE01,
0x0A0CEE29,
0x2A0CEE28,
0x0A00EE20,
0x9AC1EEB8,
0x1A0CEE2B,
0xBA04EEB2,
0x0A02EE02,
0x0A09EE80,
0x2A0CEE2A,
0xAA30ED9F,
0x1A01EE21,
0x0A09EE80,
0x1A02EE02,
0x0A0AEE30,
0x8A09EE81,
0x980747C8,
0x0A0BEE20,
0x1A09EE88,
0x0A00ED80,
0x0A0AEE31,
0xE9DD47C8,
0xEBBB210C,
0xEEB0000A,
0xEB628A40,
0xF7F40101,
0x1962F99E,
0x0A10EE0D,
0x0106EB47,
0xF7F44610,
0xEE00F996,
0xEE2D0A10,
0x98261A0C,
0x2A0BEE28,
0x0A0CEE20,
0x1A09EE81,
0x0A09EE80,
0x1A01EE21,
0x2A00ED80,
0x1A00EE00,
0x0A0AEE31,
0xEE2047C8,
0xECBD0A0B,
0xB0011B1C,
0x8FF0E8BD,
0x40490FDB,
0x43340000,
0x42B40000,
0x439D8000,
0x43B40000,
0xC39D8000,
0xC3B40000,
0xC3340000,
0xC2B40000,
0x0002E578,
0x42340000,
0x0002E59B,
0xC2340000,
0x38000000,
0x2EDBE6FF,
0x00026E11,
0x3F800000,
0x00000000,
0xBF800000,
0x00000000,
0x00000000,
0xBF800000,
0x00000000,
0x3F800000,
0xF5A0B580,
0xF04F6E80,
0x22000C00,
0xBFA4428A,
0xBD804660,
0x6F40F5BE,
0x0E04F10E,
0xF850BF2C,
0xF04F3022,
0x320133FF,
0xE7EF449C,
0xB08CB570,
0x4004F240,
0xF3C06800,
0x28084007,
0x8156F200,
0xF010E8DF,
0x00410009,
0x006D0052,
0x00990086,
0x011700C0,
0xF44F0121,
0x26006081,
0x68056804,
0xB2A12000,
0x4207F3C5,
0xFFFEF012,
0xEBB649CB,
0xF8914F15,
0xF8B1014E,
0xEA42214C,
0xF8D14000,
0xD10D2148,
0xF8D10C06,
0xF4223144,
0xF8A1627F,
0xF881014C,
0xB2E6614E,
0x1206EA42,
0x3251E9C1,
0xEA410911,
0xB2C07000,
0xF0002800,
0xA1BE8122,
0xF2402200,
0xE9CD336D,
0x90022100,
0xF04F2001,
0x220031FF,
0x49B7E110,
0x6081F44F,
0x680A6800,
0x0203F360,
0x49B1600A,
0x2148F8D1,
0xF3620912,
0xF8C1101F,
0xE1010148,
0x6081F44F,
0x72FFF64F,
0x68014BAA,
0x0202EA21,
0x3F40F5B1,
0xF44FBF38,
0x680022A0,
0xEA40B280,
0xF8C30102,
0x0C111144,
0xF2402200,
0xE9CD337B,
0x48A10102,
0xF44FE04B,
0x68016081,
0x68006802,
0x1503F3C2,
0x040FF001,
0xF2400C02,
0x4620410C,
0xF012462B,
0x4896F823,
0x4502E9CD,
0x31FFF04F,
0xF2402200,
0xE0343383,
0x6081F44F,
0x68032100,
0x400CF240,
0xF44F6802,
0x68006082,
0xF0009100,
0x1E88010F,
0x2001BF18,
0xF926F000,
0xF44FE0BA,
0x49856081,
0xF2402200,
0x68003391,
0x0F016008,
0xF3C09109,
0x91086103,
0x5103F3C0,
0xF3C09107,
0x91064103,
0x3103F3C0,
0xF3C09105,
0x91042103,
0x1103F3C0,
0x000FF000,
0x48789002,
0xF04F9103,
0x900131FF,
0x90002000,
0xE0912001,
0x6081F44F,
0x4A5E4B5D,
0x68012604,
0x7F11EBB6,
0xEA4F4E5C,
0xF04F7C11,
0xBF080101,
0x4B5A461A,
0x4633BF08,
0x68056806,
0x6E03F3C6,
0xEA116800,
0xEA4F6F16,
0xEA4F2410,
0xD0136016,
0xB26EB261,
0x1A52ED9F,
0x6A10EE00,
0x1A10EE02,
0x0AC0EEB8,
0x2AC2EEB8,
0x0A01EE80,
0x1A01EE82,
0x0A00ED83,
0x1A00ED82,
0xB264B26D,
0xD5110780,
0x5A10EE00,
0x1A46ED9F,
0x4A10EE02,
0x0AC0EEB8,
0x2AC2EEB8,
0x0A01EE80,
0x1A01EE82,
0x0A01ED83,
0x1A01ED82,
0x2100A03F,
0xF44F2200,
0xE9CD736A,
0xE9CD1000,
0xE9CDCE02,
0x20015404,
0x31FFF04F,
0xF44FE03A,
0x68016081,
0x0F086802,
0x6103F3C2,
0xFDCEF008,
0xF44FE032,
0x4A1F6081,
0xAE0A2304,
0x0401F06F,
0x0C08F10D,
0xEBB36801,
0xEA4F7F11,
0xBF087111,
0x68024616,
0x68006803,
0x6203F3C2,
0x0400061B,
0xEA041E95,
0x15DB50E0,
0xFAB52402,
0x096DF585,
0x3025F826,
0x0585EA44,
0xA60F5370,
0xE9CD2500,
0xE8AC5600,
0x9005000E,
0xF04F2001,
0x220031FF,
0x33BBF240,
0xFD74F00B,
0xB00C2000,
0x2000BD70,
0x31FFF04F,
0xF2402200,
0x9000336F,
0x9001482E,
0xBF00E75C,
0x00058DE8,
0x20746573,
0x204C4F4C,
0x6D697274,
0x726F6620,
0x5F686320,
0x65707974,
0x5D64255B,
0x5B686320,
0x3A5D6425,
0x25204920,
0x51202C64,
0x0D642520,
0x0000000A,
0x00000CA8,
0x00000CB8,
0x00000CA0,
0x00000CB0,
0x447A0000,
0x20746573,
0x20525249,
0x6D697274,
0x726F6620,
0x5F686320,
0x65707974,
0x5D64255B,
0x5B686320,
0x3A5D6425,
0x69616720,
0x6425206E,
0x6874202C,
0x20617465,
0x0A0D6425,
0x00000000,
0x00058CD4,
0x0002E313,
0x0002E16A,
0x00035000,
0x0002E143,
0x4008B008,
0x63617274,
0x676E696B,
0x206E6F20,
0x2578303A,
0x000A0D78,
0x0002E1E8,
0xF8DFB5E0,
0xF8DDC9FC,
0xF8DCE010,
0xE9CDC140,
0xF7FBCE00,
0x2000FE49,
0xBD80B002,
0x43F8E92D,
0x481F4604,
0x46134698,
0xF44F460A,
0x26024100,
0x58415847,
0x2151EA06,
0x17C0F3C7,
0x42114339,
0x3008BF08,
0xF3C06800,
0x489337C2,
0xF8D04639,
0x462050E0,
0xFB22F7F5,
0xB9EE4606,
0xE9DD40FD,
0x46207908,
0xF7F72101,
0x17EAFD41,
0x70D5EB05,
0x464B2C01,
0x5292EB05,
0x0160EB08,
0x0060EB07,
0x22A2EA4F,
0xF1F2FB91,
0xF2F2FB90,
0xBF084805,
0x5000F04F,
0xFAC0F7FF,
0xB0014630,
0x83F0E8BD,
0x40088008,
0x20010000,
0x4A05B5B0,
0x4605460C,
0xFBDCF004,
0x46214628,
0x40B0E8BD,
0xBC6CF004,
0x00054AB4,
0x2803B51F,
0x2941BF98,
0xA21CD30F,
0xF04F2300,
0xE9CD34FF,
0xE9CD3200,
0x20050102,
0x31FFF04F,
0x236B2200,
0xFC94F00B,
0xEB00E022,
0x48121C80,
0xEB009C06,
0xF6480C4C,
0xF80C5070,
0xF0021000,
0xF6480001,
0xF3635271,
0xF81C0041,
0xF0033002,
0x431803FC,
0x0002F80C,
0x5072F648,
0xE0044460,
0x2B02F834,
0xF8203901,
0x29002B02,
0x2400D1F8,
0xB0044620,
0xBF00BD10,
0x00035000,
0x20746573,
0x72696663,
0x656F6320,
0x69207366,
0x2520646E,
0x3D3E2064,
0x6F203420,
0x656C2072,
0x6425206E,
0x36203E20,
0x72726534,
0x00000A0D,
0x47FFE92D,
0x2C00460C,
0x2800D073,
0x2A05D071,
0xF010D26F,
0xD00A0101,
0x1F134D41,
0xF383FAB3,
0x095B682F,
0x0780F027,
0x13C3EA47,
0xF010602B,
0xD00A0602,
0x1F134D3A,
0xF383FAB3,
0x095B686F,
0x0780F027,
0x13C3EA47,
0xF010606B,
0xD0190904,
0xD00A07E0,
0x1F104B33,
0xF080FAB0,
0x0940681F,
0x0780F027,
0x10C0EA47,
0x07A06018,
0x4B2DD50A,
0xFAB01F10,
0x685FF080,
0xF0270940,
0xEA470780,
0x605810C0,
0xD8322A03,
0x1082EB02,
0xEB024A26,
0xF6480040,
0x5C855270,
0x5271F648,
0x2D005C82,
0x0740F3C2,
0xF648D038,
0xF0025372,
0x29000801,
0x0A03EB00,
0x4620D007,
0x462A2101,
0xE9CD4643,
0xF0007A00,
0xB13EF847,
0x21024620,
0x4643462A,
0x7A00E9CD,
0xF83EF000,
0x0F00F1B9,
0x4620D007,
0x462A2104,
0xE9CD4643,
0xF0007A00,
0x2400F833,
0xA10EE00E,
0xF04F2300,
0xE9CD34FF,
0xE9CD3100,
0x20050202,
0x31FFF04F,
0x233C2200,
0xFBCAF00B,
0xB0044620,
0x87F0E8BD,
0x34FFF04F,
0xBF00E7F8,
0x4008801C,
0x40084018,
0x00035000,
0x20746573,
0x65707974,
0x2578303A,
0x66632078,
0x63207269,
0x7366656F,
0x20646E69,
0x65206425,
0x0A0D7272,
0x00000000,
0x43F0E92D,
0x461CB0A3,
0x460F4616,
0xD30E2804,
0xF04FA041,
0x220031FF,
0x23A9F240,
0x20009002,
0x48429000,
0x20059001,
0xFB92F00B,
0xAD03E00E,
0x46282180,
0xFBE5F7F3,
0x2F014835,
0x2F04D009,
0xF100D104,
0xF04F0394,
0xE0070C01,
0x0001F06F,
0x4B30E05A,
0x5010F500,
0x0C00F04F,
0x982AE9DD,
0x27081DF2,
0x02D2EBA7,
0x37FFF04F,
0xFE02FA07,
0x027EF105,
0x0702F1A8,
0xF837E004,
0x3E011016,
0x1902F822,
0xD1F82E00,
0xE0022200,
0x509958A9,
0x2A803204,
0x6882D1FA,
0x0F00F1BC,
0xF022D017,
0x2C00417F,
0x0280F06F,
0x0307F04F,
0x610EEA41,
0xBF186081,
0x68812401,
0x0F00F1B9,
0x0120F021,
0x1144EA41,
0xBF186081,
0x0901F04F,
0xF36EE015,
0x1E614217,
0x60822306,
0xF181FAB1,
0x09496882,
0x0210F022,
0x1101EA42,
0x0240F06F,
0xF1A96081,
0xFAB10101,
0xEA4FF181,
0xFA091951,
0x6883F103,
0x4311401A,
0x20006081,
0xE8BDB023,
0xBF0083F0,
0x40086000,
0x40088414,
0x72696663,
0x7465735F,
0x746E695F,
0x66656F63,
0x00000066,
0x0002EFD0,
0x43FEE92D,
0x46994607,
0x460E4614,
0x0F04F017,
0xF1B9D036,
0xF04F0F00,
0xF04F6540,
0xBF086040,
0x6580F04F,
0xBF082C00,
0xF0164625,
0xD0120F01,
0xF04F9002,
0xF10D406E,
0x21010804,
0x46409001,
0xFB8EF011,
0x2101483B,
0x3080F500,
0x0501E9CD,
0xF0114640,
0x07B0FB85,
0xF04FD512,
0xF10D6040,
0x21010804,
0xF04F9002,
0x9001406E,
0xF0114640,
0x4830FB77,
0xE9CD2101,
0x46400501,
0xFB70F011,
0xD10407F8,
0xD55107B8,
0x20002500,
0xF016E01F,
0xD1020F01,
0x20002500,
0xF04FE00B,
0xB13C7040,
0x0F00F1B9,
0x7540F04F,
0xF04FBF08,
0xE0007580,
0x07B12500,
0xF04FD50B,
0xF1B96140,
0xF0400F00,
0xBF086040,
0x6180F04F,
0xBF182C00,
0x07B9430D,
0xF016D51C,
0xD00B0F01,
0x5140F04F,
0x0F00F1B9,
0x5040F040,
0xF04FBF08,
0x2C005180,
0x430DBF18,
0xD50B07B1,
0x4140F04F,
0x0F00F1B9,
0x4040F040,
0xF04FBF08,
0x2C004180,
0x430DBF18,
0xF04F9002,
0xAC01406E,
0x90012101,
0xF0114620,
0x4806FB21,
0xE9CD2101,
0x46200501,
0xFB1AF011,
0xB0032000,
0x83F0E8BD,
0xE20A0004,
0xE2120020,
0x4FF0E92D,
0xF240B087,
0x68004004,
0x4007F3C0,
0xF200280F,
0xE8DF8249,
0x0010F010,
0x00810046,
0x00CE00C4,
0x0184015F,
0x01AB00F6,
0x01B700FD,
0x011F0104,
0x013B01D2,
0xF8DF014F,
0xF44F7494,
0x68066081,
0xF8D76800,
0xF3C01124,
0xF0061402,
0xF0010503,
0x46280103,
0x0F01F091,
0x3403BF08,
0xF7F94621,
0xF44FFFF1,
0x22006180,
0x13C5F240,
0xF8DF6008,
0xF8870500,
0xE9CD404F,
0xF04F5402,
0x900131FF,
0x90002000,
0xF00B2001,
0xF016FA2B,
0xD0030F01,
0x21012004,
0xFB7AF005,
0xF14007B0,
0x20048203,
0xF8DFE20E,
0xF44F5428,
0xF8DF6081,
0xF24024C0,
0x680013CF,
0x1124F8D5,
0x22009201,
0xF3C09200,
0x22001402,
0x0003F001,
0x31FFF04F,
0x0F01F090,
0x0001F04F,
0x3403BF08,
0xF00B9402,
0x2001FA01,
0xF7F84621,
0xF44FFF81,
0x60086180,
0x6BE871EC,
0xF0002800,
0xF89581DA,
0xF0011040,
0x29010103,
0x81D3F040,
0xFB9049D5,
0x2001F4F1,
0x46222101,
0xFC2AF005,
0xE03B2001,
0x53B0F8DF,
0x6081F44F,
0x2444F8DF,
0x13DFF240,
0xF8D56800,
0x92011124,
0x92002200,
0x1402F3C0,
0xF0012200,
0xF04F0003,
0xF09031FF,
0xF04F0F01,
0xBF080001,
0x94023403,
0xF9C6F00B,
0x46212002,
0xFF46F7F8,
0x6180F44F,
0xF8856008,
0xF8D54097,
0x280000CC,
0x81A3F000,
0x10D0F895,
0x0103F001,
0xF0402901,
0x49D4819C,
0xF4F1FB90,
0x21012002,
0xF0054622,
0x2002FBED,
0x46222102,
0xE8BDB007,
0xF0054FF0,
0xF44FBBE5,
0x68006081,
0x0001F000,
0xE8BDB007,
0xF7F54FF0,
0xF44FB95B,
0x68066081,
0xF3C06800,
0xF0061401,
0x20040503,
0x46224629,
0xFB94F7F6,
0x0394F8DF,
0x5402E9CD,
0x31FFF04F,
0xF2402200,
0x900113F3,
0x90002000,
0xF00B2001,
0xF016F97B,
0xBF1C0F01,
0xF8A048B6,
0x07B0404A,
0x48B4BF44,
0x404CF8A0,
0xF44FE150,
0x68006081,
0x0103F000,
0xE0B32004,
0x6081F44F,
0xF0006800,
0x20020103,
0xF44FE0AC,
0xF2406081,
0x6801420C,
0x68146800,
0x050FF001,
0x1603F3C0,
0x46284622,
0xF7F64631,
0xA0B8F9FF,
0x22002100,
0x232BF240,
0x1000E9CD,
0x5602E9CD,
0xE0179404,
0x6081F44F,
0x68026801,
0xF0016800,
0xF3C2040F,
0xF3C01103,
0x46202503,
0xF7F7462A,
0xA0A2FBF7,
0x22002100,
0x2332F240,
0x1000E9CD,
0x4502E9CD,
0xF04F2001,
0xE10931FF,
0x6081F44F,
0x68026801,
0x68076803,
0x400CF240,
0xF3C29000,
0xF0011200,
0xF3C3000F,
0xF3C71340,
0xF7FF2107,
0xE00CFC6F,
0x6081F44F,
0x68026801,
0xF0016803,
0xF3C2000F,
0xF3C31103,
0xF7FF2203,
0xF44FFCB7,
0xE0556180,
0x6081F44F,
0x68006806,
0x1401F3C0,
0x0503F006,
0x46292001,
0xF7F64622,
0x489CFB03,
0x5402E9CD,
0x31FFF04F,
0xF2402200,
0x900113FF,
0x90002000,
0xF00B2001,
0xF016F8EB,
0xBF1C0F01,
0x8044486E,
0xBF4407B0,
0x8084486C,
0xF44FE0C2,
0x68066081,
0xF3C06800,
0xF0061401,
0x20020503,
0x46224629,
0xFADEF7F6,
0x2100A084,
0xF2402200,
0xE9CD230B,
0x20011000,
0x31FFF04F,
0x5402E9CD,
0xF8C6F00B,
0x0F01F016,
0x485CBF1C,
0x4092F8A0,
0xBF4407B0,
0xF8A04859,
0xE09B4094,
0x6081F44F,
0xF0006800,
0x20010103,
0xFA74F7F6,
0x6184F44F,
0xE08F6008,
0x6081F44F,
0x68026801,
0xF0016800,
0xF3C2040F,
0xF3C01103,
0x46202503,
0xF7F6462A,
0x4869F983,
0x4502E9CD,
0x31FFF04F,
0xF44F2200,
0x90017309,
0x90002000,
0xF44FE071,
0x22026081,
0xA108F8DF,
0xF04F2600,
0x68010901,
0xEA026800,
0xF3C01B10,
0xF0011700,
0x0900040F,
0xE04E9006,
0xF006FA09,
0x0504EA00,
0x000FF005,
0xD81E2804,
0xF000E8DF,
0x1D0C0344,
0xF89A0015,
0xF0000040,
0x28010003,
0xF8DAD12C,
0xE010803C,
0x00D0F89A,
0x0003F000,
0xD1232801,
0x80CCF8DA,
0xF89AE007,
0xF0000088,
0x28010003,
0xF8DAD11A,
0xF1B88084,
0xD0150F00,
0x4826B137,
0xFB982101,
0xB2E8F2F0,
0xFA92F005,
0x0F00F1BB,
0x4821D018,
0xFB982102,
0xB2E8F2F0,
0xFA88F005,
0xBF00E010,
0x000F4240,
0xB2E8B11F,
0xF0052101,
0xF1BBF991,
0xD0030F00,
0x2102B2E8,
0xF98AF005,
0x0800F04F,
0x2E033601,
0x9806D1AE,
0x2200A113,
0x7315F44F,
0x2100E9CD,
0x31FFF04F,
0xF0002200,
0xE9CD000F,
0x20014002,
0xF81EF00B,
0xE8BDB007,
0x20018FF0,
0xF0052101,
0x2001F96D,
0x2002E004,
0xF0052101,
0x2002F967,
0xB0072102,
0x4FF0E8BD,
0xB960F005,
0x00035000,
0x000F4240,
0x61666564,
0x20746C75,
0x74616C66,
0x7373656E,
0x70797428,
0x78303A65,
0x202C7825,
0x303A6863,
0x29782578,
0x00000A0D,
0x70797428,
0x78303A65,
0x72297825,
0x69642066,
0x74636572,
0x646F6D20,
0x78303A65,
0x0A0D7825,
0x00000000,
0x2846494C,
0x65707974,
0x2578303A,
0x63202C78,
0x78303A68,
0x20297825,
0x71657266,
0x0964253A,
0x0A0D7A68,
0x00000000,
0x0002E23E,
0x2878726F,
0x58257830,
0x6F6C2029,
0x25783020,
0x000A0D58,
0x0002E0FC,
0x0002E10F,
0x0002E135,
0x0002E136,
0x0002E122,
0x2300B580,
0xBF082B02,
0xF851BD80,
0xF850E023,
0x45F4C023,
0xF840BFBC,
0x46F4E023,
0xE023F852,
0xBFC845F4,
0xE023F840,
0xE7EB3301,
0x43F8E92D,
0x8B04ED2D,
0xED9F4681,
0x46908A3D,
0x0F00F1B9,
0x2900BF18,
0xF1B8D06A,
0xD0670F00,
0x0A37ED9F,
0xEEF02000,
0xE0280A40,
0x0280EB09,
0x0380EB01,
0x7020F931,
0x6020F939,
0xF9B23001,
0xF9B32002,
0xFB133002,
0xFB12F402,
0xFB03F207,
0xFB172216,
0x17E54406,
0xEB0417D3,
0xEB0245D5,
0x136D42D3,
0xEE011352,
0xEE022A10,
0xEEB85A10,
0xEEB81AC1,
0xEE302AC2,
0xEE700A01,
0x45400A82,
0xF017DBD4,
0xEEB0FA09,
0xF0178A40,
0xEEB0FB93,
0xEEB09A40,
0xF0190A48,
0x2000FA39,
0xEB09E026,
0xF9390280,
0xF9B21020,
0xEE023002,
0xEE011A10,
0x424B3A10,
0x1AC1EEB8,
0x3A10EE03,
0x2AC2EEB8,
0x4A01EE20,
0x3AC3EEB8,
0x1A01EE29,
0x4A02EE09,
0x1A03EE00,
0x2AC4EEBD,
0x1AC1EEBD,
0x1A10EE12,
0x1020F829,
0x1A10EE11,
0x80513001,
0xDBD64540,
0x0A48EEB0,
0x8B04ECBD,
0xE8BDB001,
0xBF0083F0,
0x00000000,
0x43F0E92D,
0x20204684,
0x1A00EEB7,
0x74D3EB03,
0xFB902500,
0xEA4FF0F3,
0xEE000964,
0xEA4F0A10,
0xF10C0EC0,
0xEEB80004,
0xF8DD0AC0,
0xF1B88020,
0xBF080F00,
0x0A41EEB0,
0xE01A9F07,
0x462E2F00,
0xEB09BF1E,
0xFB960605,
0xFB04F4F3,
0x35016613,
0x0486EB01,
0x1A00ED94,
0x0486EB02,
0x1A01EE20,
0x1A01ED00,
0x1A00ED94,
0x1A01EE20,
0x1A00ED80,
0x429D4470,
0x4804DBE2,
0xF288FA5F,
0x23014661,
0x43F0E8BD,
0xBB30F7F2,
0x00029A68,
0x4FF0E92D,
0xD06B2B00,
0xD0692900,
0xD0672800,
0xD0652A00,
0xC024F8DD,
0x0F00F1BC,
0xE9DDD060,
0x4299470A,
0xBFC44605,
0x46024615,
0xBFC84608,
0xB15F4618,
0x60211C5E,
0x74D3EB03,
0xEB06185F,
0xEA4F76D6,
0xEBA70964,
0xE0060E66,
0xF04F18CF,
0xF1A70900,
0xF8C40E01,
0x43DBE000,
0xF8DD43CC,
0xED9F8030,
0x464F0A20,
0xBFC842A3,
0xEB09461C,
0x33020304,
0x0B83EB02,
0x0280EB05,
0x0A04F1A2,
0x2500E02C,
0x4656465A,
0x1A40EEB0,
0x195CE011,
0x2A40EEB0,
0xDB052C00,
0xEEB0428C,
0xBFB82A40,
0x2A00ED92,
0x3A00ED96,
0x3E043204,
0xEE023501,
0x42A81A03,
0xEBA7DCEB,
0xF1B80209,
0xF10B0F00,
0xF1030B04,
0xF1070301,
0xEB0C0701,
0xBF1C0282,
0x2A00ED92,
0x1A02EE31,
0x1A00ED82,
0xDBD04577,
0x8FF0E8BD,
0x00000000,
0x4FF0E92D,
0xF0002B00,
0x29008096,
0x8093F000,
0xF0002800,
0x2A008090,
0x808DF000,
0xC024F8DD,
0x0F00F1BC,
0x8087F000,
0x570AE9DD,
0x46044299,
0x4614BFC4,
0x46084602,
0x4618BFC8,
0x1C5EB15F,
0xEB036029,
0x185F75D3,
0x76D6EB06,
0x0A65EA4F,
0x0E66EBA7,
0x18CFE006,
0x0A00F04F,
0x0E01F1A7,
0xE000F8C5,
0x43CD43DB,
0x0A34ED9F,
0x0904F04F,
0xBFC842AB,
0xF06F461D,
0xEBA30303,
0xEB040345,
0xEB0A0B83,
0x46540305,
0x02C3EB02,
0xF1021C9E,
0xE04E0510,
0x465B2700,
0xEEB0462A,
0xEEB01A40,
0xE0252A40,
0x0807EB06,
0x3A40EEB0,
0x4A40EEB0,
0x0F00F1B8,
0x4588DB09,
0x3A40EEB0,
0x4A40EEB0,
0xED92BFBC,
0xED924A00,
0xED933A01,
0xED936A01,
0x3B085A00,
0x37013208,
0x7A06EE24,
0x4A05EE24,
0x7A05EE03,
0x4A46EE03,
0x1A07EE31,
0x2A04EE32,
0xDCD742B8,
0xEBA49F0C,
0xEB0C020A,
0x005203C2,
0xED93B16F,
0xEA493A00,
0x44620282,
0x2A03EE32,
0x2A00ED83,
0x2A00ED92,
0x1A02EE31,
0xEA49E004,
0xED830282,
0x44622A00,
0x1A00ED82,
0x35083601,
0x45743401,
0xE8BDDBAE,
0xBF008FF0,
0x00000000,
0x4603B570,
0x2901241C,
0x5080F44F,
0xF06F4616,
0xBF080201,
0x2B012404,
0xF44FBF08,
0x29045000,
0x2501D814,
0xF015408D,
0xD00F0F16,
0xB2D21E5A,
0xD8092A01,
0xB2C93901,
0xD8032901,
0xF7F8B2A1,
0x6030FC5F,
0xE0012200,
0x0201F06F,
0xBD704610,
0x4614B570,
0x261C4602,
0xF44F2901,
0xF06F5580,
0xBF080001,
0x2A012604,
0xF44FBF08,
0x29045500,
0xBD70BF88,
0x408B2301,
0x0F16F013,
0x1E50D016,
0x2801B2C0,
0xF06FBF84,
0xBD700001,
0xB2C01E48,
0xD80A2801,
0x4628B2B1,
0xF7F84622,
0x1D30FCCB,
0xB28143E2,
0xF7F84628,
0x2000FCC5,
0x0000BD70,
0xB089B5F0,
0x4004F240,
0xF3C06800,
0x28024007,
0x2801D01C,
0x2800D05A,
0xF44FD177,
0x68016081,
0x68076802,
0xF3C26800,
0xF3C71303,
0xF0012507,
0xF3C00403,
0x46204607,
0x46324629,
0xF8DCF00D,
0x2100A049,
0xF2402200,
0xE054431A,
0x6081F44F,
0x68026801,
0xF2406803,
0x6804400C,
0x6082F44F,
0xA8086807,
0x7000E9CD,
0x0581F3C2,
0x2607F3C3,
0x0003F001,
0x46294623,
0xF7FF4632,
0xF44FF831,
0xED9F6180,
0x60080A23,
0x6184F44F,
0x1A08ED9D,
0x0A00EE21,
0x0AC0EEBD,
0x0A10EE10,
0xEE116008,
0xF7F30A10,
0xEC41F855,
0xA01A0B10,
0x22002100,
0x432CF240,
0x0B06ED8D,
0x1000E9CD,
0xF04F2001,
0xE9CD31FF,
0xE9CD5602,
0xE01C4704,
0x6081F44F,
0x68026801,
0xF3C26800,
0xF0011503,
0xF3C00403,
0x46202603,
0x462A4631,
0xFCACF011,
0x2100A015,
0xF2402200,
0xE9CD4321,
0xE9CD1000,
0x95044602,
0xF04F2001,
0xF00A31FF,
0x2000FCE7,
0xBDF0B009,
0x447A0000,
0x20746567,
0x303A7872,
0x20782578,
0x3A637273,
0x66206425,
0x3A716572,
0x2064255B,
0x5D206425,
0x70207A68,
0x7265776F,
0x332E253A,
0x000A0D66,
0x20746573,
0x25207872,
0x6C700978,
0x69737961,
0x70797467,
0x64252065,
0x3A6E6520,
0x0A0D6425,
0x00000000,
0x20746573,
0x25207874,
0x69730978,
0x20642567,
0x73666264,
0x64697709,
0x64253A65,
0x0D252520,
0x0000000A,
0x4604B570,
0xF9CAF00D,
0x7F7AF5B4,
0x2802D30A,
0xF44FD108,
0xFBB4767A,
0x4628F5F6,
0xF9ACF00D,
0x4416FB05,
0x88004810,
0x7F80F410,
0x2064D00E,
0xFBB42C64,
0xD307F1F0,
0x68134A0C,
0x1AF66816,
0x3E01BF38,
0xD8F942B1,
0x4410FB01,
0xF9A6F00D,
0xD1042802,
0xE8BD4620,
0xF00D4070,
0x4620BFEF,
0x4070E8BD,
0xBAF7F7FE,
0x40000044,
0x00056ACC,
0x4FF8E92D,
0x8B0CED2D,
0x4EB3B0CA,
0xF44F9127,
0x46044100,
0x58702200,
0xF1065871,
0xF0100108,
0x46300F80,
0xBF089126,
0x68004608,
0x90372000,
0x0035E9CD,
0x0033E9CD,
0x0E54F8DF,
0x013AE9D0,
0x1018E9CD,
0x68302101,
0x68709020,
0x68B0901F,
0x68F0901E,
0x6930901D,
0x6970901C,
0x69B0901B,
0x2004901A,
0xFE44F7F5,
0xED9F6970,
0xEEB09A9C,
0xF04FAA00,
0xF0400900,
0x61700001,
0xF04069B0,
0x61B00001,
0x0003F004,
0x03819421,
0x03019125,
0x02819124,
0x91230200,
0xE27B9022,
0xF8DF9827,
0xBBE82DF0,
0x012CF8D2,
0xF0202100,
0xF8C20010,
0x2003012C,
0xFDD8F00E,
0xF8DF4C89,
0x21022DDC,
0xF04FAD48,
0xF04F0A0F,
0x6820486E,
0xF3614617,
0x21010001,
0x46286020,
0xA124F8CD,
0x8120F8CD,
0x488047B8,
0x46832101,
0xF8CD2007,
0x9049B120,
0x47B84628,
0xF7FF200A,
0x4628FF4B,
0xE9CD2101,
0x47B88A48,
0xF8CD2008,
0x2101B120,
0x46289049,
0x682047B8,
0x2D78F8DF,
0xF3612101,
0x60200001,
0x4615486F,
0x68084601,
0x7080F420,
0xF8B66008,
0x99220040,
0x7040F420,
0xF8A64308,
0xF8B60040,
0x99230040,
0x6040F420,
0xF8A64308,
0xF8B60040,
0x99240040,
0x5040F420,
0xF8A64308,
0xF8B60040,
0x99250040,
0x309FF36F,
0xF8A64308,
0xF8D20040,
0xF3C00120,
0x1E413003,
0xD8102901,
0x9821B2C1,
0x2001B2C4,
0x46234622,
0xFA76F012,
0x0120F8D5,
0x46234622,
0x3103F3C0,
0xF0122002,
0x2001FA6D,
0x22002103,
0xFDA4F7F5,
0x21022001,
0xF91AF7F8,
0x4100F44F,
0x58715870,
0xF0109926,
0x46300F80,
0x4608BF08,
0x68042103,
0xF7F72001,
0xF8D5FBC1,
0x230000E0,
0x20000882,
0xF842F00A,
0x00E0F8D5,
0x08802100,
0x013AE9C5,
0x30C2F3C4,
0x98279028,
0xD1452800,
0x21012003,
0xFD36F00E,
0x26004F3A,
0xF04F1E7C,
0xF1660003,
0xF00F0500,
0x1EB9FA97,
0x0100F176,
0xF010D304,
0x4627000F,
0xD1EF462E,
0x0005EA54,
0x2000D10B,
0x31FFF04F,
0x23B42200,
0xF60F9000,
0x90014068,
0xF00A2001,
0x2002FB4F,
0xF00E2102,
0x4826FDA5,
0x68204604,
0x7000F420,
0x68206020,
0x7080F440,
0xF44F6020,
0xF7FF707A,
0x68A0FE97,
0x0001F040,
0xF44F60A0,
0xF7FF60FA,
0x6820FE8F,
0x5C18F8DF,
0xF4204E17,
0x60207080,
0x46014817,
0xF0406808,
0x60087080,
0xF0206808,
0x60087080,
0xF8D54915,
0x4008012C,
0x012CF8C5,
0x3088F241,
0xFE74F7FF,
0xFF92F015,
0x21012001,
0xF00B2202,
0x2001FE3D,
0x22022102,
0xFE38F00B,
0x2200A83F,
0x08F0F10D,
0x90A4F8CD,
0xA8424682,
0xA8454683,
0xE1584607,
0x40088008,
0x42C80000,
0x40000030,
0xE210003C,
0x00030570,
0xF00FFFEF,
0x92322003,
0xFBB22315,
0x2201F0F0,
0x0080EBA0,
0x98280085,
0x2001B2C4,
0xF7F44621,
0x2002F92B,
0x22024621,
0xF7F42315,
0x2003F925,
0xF7F62101,
0xA83AFB49,
0x5400F44F,
0xEB0B1979,
0xAB3B0205,
0xF04F9000,
0x94015000,
0xF9A4F7FE,
0xEB0AA838,
0xEB080105,
0xAB390205,
0x0400E9CD,
0xF7FE48EF,
0x2000F999,
0xF7F82103,
0x48EDFEAF,
0x8A40EEB0,
0x972A6880,
0x59789031,
0xFDF4F7F2,
0x102FE9CD,
0xB0ACF8CD,
0x0005F85B,
0xFDECF7F2,
0xF85A902E,
0x46890005,
0xA0B0F8CD,
0xFDE4F7F2,
0xF8584682,
0x468B0005,
0x80B4F8CD,
0xFDDCF7F2,
0xEE184604,
0x460E0A10,
0xFDD6F7F2,
0x0B1BEC41,
0xF7F2983B,
0x4605FDD1,
0x460F983A,
0xFDCCF7F2,
0x0B1CEC41,
0xF7F29839,
0xEC41FDC7,
0x98380B1D,
0xFDC2F7F2,
0x0B10EC41,
0xEC47982E,
0xEC465B11,
0xEC4B4B12,
0x2200AB13,
0xEC4923DF,
0xF8DD0B14,
0xE9DD90A4,
0xED8D102F,
0xEC41BB16,
0x21000B15,
0x91009831,
0x1AB4F8DF,
0x0001F000,
0xF60F9101,
0xE9CD21A4,
0x99321902,
0x1004E9CD,
0xF04F2001,
0xED8D31FF,
0xED8D5B06,
0xED8D4B08,
0xED8D3B0A,
0xED8D2B0C,
0xED8D1B0E,
0xED8DCB10,
0xED8DDB12,
0xF00A0B14,
0x9A32FA4D,
0xF0C02A02,
0xED9D8090,
0xED9D1A45,
0xF60F2A46,
0xED9D2368,
0xED9D0A47,
0xED9D4A3F,
0xED9D5A40,
0x1D183A41,
0xEEB54619,
0xEE321AC0,
0xEE707A41,
0xEEF10A41,
0xEEB0FA10,
0xBFC87AC7,
0xEEB44601,
0xED917AC9,
0xEEF16A00,
0xDD09FA10,
0x7A43ED9D,
0x2A06EE32,
0x2A46ED8D,
0x7A07EE36,
0x7A43ED8D,
0x0AE0EEF0,
0x7A44EE35,
0x0AC9EEF4,
0xFA10EEF1,
0xEDDDDD09,
0xEE300A44,
0xED8D0A06,
0xEE360A47,
0xED8D6A20,
0xEEB56A44,
0xEEB04AC0,
0xEE737AC7,
0xEEF10A44,
0xEEB4FA10,
0xBFD87AC9,
0xEEF14618,
0xED90FA10,
0xDD096A00,
0x7A3DED9D,
0x5A06EE35,
0x5A40ED8D,
0x7A07EE36,
0x7A3DED8D,
0x7AE0EEB0,
0x7AC9EEB4,
0xFA10EEF1,
0xED9DDD09,
0xEE337A3E,
0xED8D3A06,
0xEE363A41,
0xED8D6A07,
0xEE326A3E,
0xEEB06A41,
0xEEB46AC6,
0xEEF16ACA,
0xDA1AFA10,
0x6A41EE30,
0x6AC6EEB0,
0x6ACAEEB4,
0xFA10EEF1,
0xEE35DA11,
0xEEB06A44,
0xEEB46AC6,
0xEEF16ACA,
0xDA08FA10,
0x6A44EE33,
0x6AC6EEB0,
0x6ACAEEB4,
0xFA10EEF1,
0xF8DDDB1E,
0xF8DD80B4,
0xF8DDA0B0,
0x9F2AB0AC,
0x32014E66,
0x0804F108,
0x0A04F10A,
0x0B04F10B,
0x2A033704,
0xAEB0F67F,
0x0901F109,
0x0F02F1B9,
0xAD80F67F,
0x28F0F8DF,
0x90332000,
0xBC1EF000,
0x6A42ED9D,
0x7A43ED9D,
0x1A3CEDDD,
0x2A3DEDDD,
0x4A05EE34,
0x1A02EE31,
0x0A44EDDD,
0x3A3EEDDD,
0xEE342000,
0xEE313A03,
0x90330A00,
0x2A07EE36,
0x6A08EEB0,
0x5AA2EE31,
0x1A20EE32,
0xBA06EE80,
0x2A23EE35,
0xAA06EE83,
0x0A06EE81,
0x1A06EE82,
0x2A4AEE3B,
0xBA34ED8D,
0xAA36ED8D,
0x0A10EE12,
0x0A35ED8D,
0x1A37ED8D,
0xFCA0F7F2,
0x0B10EC41,
0xFE42F016,
0x1B3EED9F,
0x0B10EC51,
0x2B11EC53,
0xFB4BF7F2,
0x0AD0F10D,
0xF10A2800,
0xF10A040C,
0xD1400504,
0x0A10EE1B,
0xFC88F7F2,
0x0B10EC41,
0xFE2AF016,
0x9A40EEB0,
0x0A10EE1A,
0x9A60EEF0,
0xFC7CF7F2,
0x0B10EC41,
0xFE1EF016,
0x0B19EC51,
0x2B10EC53,
0xFB29F7F2,
0xEEB5B970,
0xF60FBAC0,
0x4629004C,
0xFA10EEF1,
0x3004BFC8,
0x0A00ED90,
0xEE3BA834,
0xE00E1A00,
0xAAC0EEB5,
0x012CF60F,
0x0008F10A,
0xFA10EEF1,
0x3104BFC8,
0x0A00ED91,
0xEE3A4621,
0xED801A00,
0xED911A00,
0xEE301A00,
0xED810A01,
0xE9CD0A00,
0xF8DF542F,
0x20005808,
0x24002103,
0x200047A8,
0xEE382103,
0x47A88A00,
0x21032000,
0x8A00EE38,
0xF8DF47A8,
0xED9F07EC,
0xEEB51A0E,
0xEE382A00,
0xEE200A00,
0x6D400A02,
0x0A01EE20,
0x0A10EE01,
0x1A41EEB8,
0x0A01EE20,
0xBF00E015,
0x20010000,
0x40000030,
0x40088008,
0x00000000,
0x40490000,
0xB0DAE2A2,
0x0004EB0A,
0xED903404,
0xEE301A00,
0xED801A01,
0x2C101A00,
0x48B9D1F4,
0xED9D6880,
0xED9D8A34,
0xED9DBA35,
0xED9D9A36,
0x9031AA37,
0x0A10EE18,
0xFBFEF7F2,
0xEE1B4680,
0x46890A10,
0xFBF8F7F2,
0xEE194606,
0x460F0A10,
0xFBF2F7F2,
0xEE1A4604,
0x460D0A10,
0xFBECF7F2,
0x0B00F04F,
0x0B10EC41,
0x4B11EC45,
0x6B12EC47,
0x8B13EC49,
0x31FFF04F,
0xF2402200,
0xE9CD1319,
0xE9CDBB0E,
0x9831BB10,
0x0001F000,
0x98329004,
0x98299003,
0xF8DF9002,
0xE9CD0720,
0x2001B000,
0x3B06ED8D,
0x2B08ED8D,
0x1B0AED8D,
0x0B0CED8D,
0xF886F00A,
0x0ACBEEB0,
0x1AC8EEB0,
0x21002000,
0xEEB022FF,
0xEE394AC9,
0xEEB43A4A,
0xEE381AC0,
0xED9F1A4B,
0xEEB00A8D,
0xEEF13AC3,
0xEEB4FA10,
0xEEB08ACB,
0xED9F1AC1,
0xBFB88A89,
0xEEF12001,
0xEEB4FA10,
0xBFC81AC0,
0xEEF12101,
0xEB0AFA10,
0xEA810780,
0xF04F0300,
0xBFC80100,
0x0143EB02,
0x1A00ED97,
0xEE02B24B,
0x23003A10,
0x2AC2EEB8,
0x1A48EE02,
0x2ACAEEB0,
0x4AC2EEB4,
0x1A00ED87,
0xEEF12700,
0xEEB4FA10,
0xBFB89ACA,
0xEEF12301,
0xEEB4FA10,
0xBFC83AC0,
0xEEF12701,
0xEEB4FA10,
0xEA834AC2,
0xAF330307,
0xEB02BFC8,
0x23020B43,
0xFA10EEF1,
0x0007EA40,
0x2303BFB8,
0xF28BFA4F,
0x0683EB0A,
0x2A10EE01,
0x0A00ED96,
0x1AC1EEB8,
0xEA477001,
0xF8800003,
0xEE01B000,
0xED9F0A48,
0xED861A60,
0xED9D0A00,
0xED9D9A34,
0xEE39AA36,
0xEEB40A4A,
0xEEF10AC1,
0xDD0BFA10,
0x0ACAEEB0,
0x1AC9EEB0,
0x1AC0EEB4,
0xFA10EEF1,
0xED9FDD1A,
0xE0110A55,
0x1A54ED9F,
0x0AC1EEB4,
0xFA10EEF1,
0xEEB0DA20,
0xEEB00ACA,
0xEEB41AC9,
0xEEF11AC0,
0xDD0AFA10,
0x0A4DED9F,
0x9A00EE39,
0xED8D982F,
0xE0099A34,
0x0A49ED9F,
0xED9FE001,
0x98300A46,
0xAA00EE3A,
0xAA36ED8D,
0x1A00ED90,
0x0A01EE30,
0x0A00ED80,
0xBA02EEB3,
0x0AC9EEB0,
0x0ACBEEB4,
0xFA10EEF1,
0xEEB5DD31,
0xED9F9AC0,
0xEEBF0A3D,
0xEEB61A00,
0xEEF12A00,
0xBFB8FA10,
0x0A41EEB0,
0x1A08EE89,
0x0A02EE20,
0xEEB0BFC8,
0xEE310A42,
0xEEBD0A00,
0xF89D0AC0,
0xF89D10CC,
0xEE1020CD,
0xEEB80A10,
0xED9D0AC0,
0xEE201A35,
0x44010A08,
0xEE394410,
0xEE319A40,
0xF88D0A40,
0xF88D10CC,
0xED8D00CD,
0xED8D9A34,
0xEEB00A35,
0xEEB40ACA,
0xEEF10ACB,
0xDD45FA10,
0xAAC0EEB5,
0x0A20ED9F,
0x1A00EEBF,
0x2A00EEB6,
0xFA10EEF1,
0xEEB0BFB8,
0xEE8A0A41,
0xEE201A08,
0xBFC80A02,
0x0A42EEB0,
0x0A00EE31,
0x0AC0EEBD,
0x10CEF89D,
0x20CFF89D,
0x0A10EE10,
0x0AC0EEB8,
0x1A37ED9D,
0x0A08EE20,
0x44104401,
0xAA40EE3A,
0xCA40EE31,
0x10CEF88D,
0x902F9130,
0x00CFF88D,
0xAA36ED8D,
0xCA37ED8D,
0xBF00E018,
0x40000030,
0x41580001,
0x41B40000,
0x42B40000,
0xC3340000,
0xC2B40000,
0x43340000,
0x00000000,
0x00CEF89D,
0xCA37ED9D,
0xF89D9030,
0x902F00CF,
0x0A10EE19,
0xFA7EF7F2,
0x488B4680,
0x68804689,
0x98359031,
0xFA76F7F2,
0xEE1A4683,
0x460E0A10,
0xFA70F7F2,
0xEE1C4604,
0x460D0A10,
0xFA6AF7F2,
0xEC419A2F,
0x99300B10,
0x30CCF99D,
0x00CDF99D,
0x4B11EC45,
0x8B12EC49,
0xBB13EC46,
0x0800F04F,
0xF04F2401,
0xB25235FF,
0xE9CDB249,
0xF44F300E,
0xE9CD73B1,
0xF04F1210,
0x220031FF,
0x0B0CED8D,
0x1B0AED8D,
0x2B06ED8D,
0x8000F8CD,
0x3B08ED8D,
0xF0009831,
0x90040001,
0x90039832,
0x90029829,
0x03F4F8DF,
0x20019001,
0xFEF8F009,
0x9ACAEEB4,
0x0ACAEEB0,
0x1AC9EEB0,
0x21002000,
0xAE342200,
0xFA10EEF1,
0x1AC0EEB4,
0x0A4AEE39,
0x2001BFC8,
0xFA10EEF1,
0x0AC0EEB0,
0x2101BFB8,
0x0ACBEEB4,
0xEEF14048,
0xBFC8FA10,
0x0240EB05,
0x0041EA47,
0xEE017803,
0x44132A10,
0xEB0A7003,
0xED9000C1,
0xEEB80A00,
0xEE211AC1,
0xEE301A08,
0xED800A41,
0xEA440A00,
0xEA470041,
0xEB0A0100,
0xED900080,
0x780B0A00,
0x0A41EE30,
0xED80441A,
0x48C90A00,
0x6880700A,
0xCE719031,
0xF9ECF7F2,
0x102FE9CD,
0xF7F24620,
0x902EF9E7,
0x468B4628,
0xF9E2F7F2,
0x46304681,
0xF7F2468A,
0xF99DF9DD,
0xF99DC0CC,
0xF99D30CD,
0xF99D60CE,
0xE9DD50CF,
0xEC41242F,
0xEC4A0B13,
0xF04F9B12,
0xEC4231FF,
0x9A2E4B10,
0xC30EE9CD,
0x6510E9CD,
0x1377F240,
0xEC4B9831,
0x22002B11,
0x0001F000,
0x98329004,
0x98299003,
0x48BE9002,
0x8000E9CD,
0xECA0A806,
0x20010B08,
0xFE74F009,
0x42489921,
0x0103F1C1,
0x4603460A,
0xF917E00B,
0xB25D6008,
0x0801F108,
0xB25542AE,
0x4633BFC8,
0xBFB842AE,
0xF1B84632,
0xD1F00F04,
0xB25BB252,
0x2E031A9E,
0xA0ADDD0C,
0xF04F2400,
0x220031FF,
0x1383F240,
0x4000E9CD,
0xF0092001,
0xE006FE4D,
0xDD014290,
0xE0021A84,
0xBFA81ACC,
0xB2602400,
0xAA342100,
0x0A10EE00,
0x0AC0EEB8,
0xEE209821,
0xFA400A08,
0xE009F084,
0xED925C7B,
0x44031A00,
0x1A40EE31,
0xECA2547B,
0x31011A01,
0xD1F32904,
0xE0112000,
0x40000030,
0xB2515C3A,
0x3FFFF1B1,
0x1D11BFDC,
0xB2495439,
0xEB0117CA,
0xF0027292,
0x1A8902FC,
0x30015439,
0xD1ED2804,
0x68804878,
0x8A34ED9D,
0x9A36ED9D,
0xEE189031,
0xF7F20A10,
0x9030F947,
0x460C9835,
0xF942F7F2,
0xEE194605,
0x460E0A10,
0xF93CF7F2,
0x98374607,
0xF7F24688,
0xEC41F937,
0x98300B10,
0x20CEF89D,
0x5B11EC46,
0xB0CDF89D,
0xA0CCF89D,
0x90CFF99D,
0x7B12EC48,
0x31FFF04F,
0x139BF240,
0x1B08ED8D,
0x2B0AED8D,
0x0B0CED8D,
0x0B13EC44,
0x46159831,
0xF8CD2200,
0xED8D9044,
0xF0003B06,
0x90040001,
0x90039832,
0x90029829,
0x9001486D,
0x90002000,
0x9010B268,
0xF08BFA4F,
0xFA4F900F,
0x900EF08A,
0xF0092001,
0x4E4DFDC3,
0x0003F00A,
0xF8B64A4C,
0xF4211040,
0xEA417140,
0xF8A62000,
0xF00B0040,
0xF8B60003,
0xF4211040,
0xEA416140,
0xF8A62080,
0xF0050040,
0xF8B60003,
0xF4211040,
0xEA415140,
0xF8A63000,
0xF8B60040,
0xF36F0040,
0xEA40309F,
0xF8A63089,
0xF8D20040,
0xF3C00120,
0x1E413003,
0xD2122902,
0x2001B2C1,
0x465B4652,
0xF489FA5F,
0xFC5AF011,
0x462A4832,
0xF8D04623,
0xF3C00120,
0x20023103,
0xFC50F011,
0x48464A2D,
0x8A00ED80,
0x9A01ED80,
0x1018E9DD,
0xE9C22402,
0x2002013A,
0xF00D2100,
0x4826FF39,
0x21014D3F,
0x204AF8B0,
0x47A82004,
0xF9E4F015,
0x21014821,
0x20018842,
0x481F47A8,
0x88822102,
0x47A82001,
0x60309820,
0x6070981F,
0x60B0981E,
0x60F0981D,
0x6130981C,
0x6170981B,
0x61B0981A,
0xE9D04815,
0x20002340,
0xFA0EF009,
0x49124812,
0xF8917800,
0x28001090,
0x2401BF1C,
0xB2C94601,
0xF7F64620,
0x4A0CFD79,
0xF0107810,
0xD0050F01,
0x21012001,
0xF0034614,
0x7820FE8B,
0xD5030780,
0x21022001,
0xFE84F003,
0xECBDB04A,
0xB0018B0C,
0x8FF0E8BD,
0x40088008,
0x00035000,
0x40000030,
0x0001FF65,
0x2053434D,
0x74617473,
0x66207375,
0x0D6C6961,
0x0000000A,
0x54534554,
0x00000000,
0x0002E51F,
0xC3340000,
0x43340000,
0x42B40000,
0xC2B40000,
0x00008601,
0x00000C00,
0x0002E3FB,
0x0002E444,
0x0002E48D,
0x4F525245,
0x41432052,
0x0A0D4553,
0x00000000,
0x0002E4D6,
0x00058DE0,
0x00005239,
0x41FCE92D,
0x4910460D,
0x20004604,
0x0807F10D,
0xF88D2700,
0xF1010007,
0xE00A0608,
0x46414630,
0xF9A0F7F6,
0x3FFFF1B0,
0xF89DDD06,
0x55E11007,
0x42AF3701,
0xE003D3F2,
0x55E02000,
0x30FFF04F,
0xE8BDB002,
0xBF0081F0,
0x00000D30,
0x4FF8E92D,
0x8B10ED2D,
0x5D33F5AD,
0xF10DB08E,
0xF44F0E38,
0xF50E61EA,
0xF10D5B32,
0xF50E0E30,
0xF7F15015,
0xF50DFD10,
0xF44F50F1,
0xF7F161EA,
0xF10DFD0A,
0xF44F0E10,
0xF50E61EA,
0x463857B6,
0xFD01F7F1,
0x6078F50D,
0x61EAF44F,
0xFCFBF7F1,
0x6003F50D,
0x61EAF44F,
0xFCF5F7F1,
0xF44FA838,
0xF7F161EA,
0x48FBFCF0,
0x0A01F04F,
0x26022300,
0xF5006801,
0x49F84080,
0x6809680A,
0x6180F44F,
0x0F80F012,
0x0207F04F,
0xF248BF04,
0xF2C40010,
0x68000008,
0x34C2F3C0,
0x0AF4F8DF,
0x100CF8CB,
0xF8CB2110,
0x21191010,
0x0024F850,
0xA106E9CB,
0x1308E9CB,
0x717AF44F,
0x2A0AE9CB,
0xAA0CE9CB,
0x630EE9CB,
0xF0F1FBB0,
0x0008F8CB,
0x20C4F60F,
0xFA1AF019,
0x46212001,
0x23152201,
0xFA9EF7F3,
0x46212002,
0x23152202,
0xFA98F7F3,
0x21012003,
0x0903F04F,
0xFCBAF7F5,
0xF50D4DD8,
0xF10D5433,
0xF8DF0E30,
0xF8CB8ABC,
0x46219014,
0x5215F50E,
0x47C04628,
0x46214628,
0xF8CB463A,
0x47C0A014,
0x46214628,
0x52F1F50D,
0x6014F8CB,
0xF50547C0,
0x46213580,
0x6278F50D,
0x9014F8CB,
0x47C04628,
0x46214628,
0xF8CBAA38,
0x47C0A014,
0x46214628,
0x6203F50D,
0x6014F8CB,
0xF8DF47C0,
0xF0190A68,
0xF10DF9D3,
0xED9F0E08,
0xF50E0BBE,
0xED945416,
0xEC531B00,
0x464A9B10,
0xEC519335,
0xF7F10B11,
0xF50DFC74,
0xF10D52F2,
0xED940E08,
0xEC41DA02,
0xED920B10,
0xF50E8A00,
0xF8DF58B6,
0xEDD82A2C,
0x47908A0A,
0x1BB0ED9F,
0x0B10EC51,
0x2B11EC5A,
0x92374653,
0xFD00F7F1,
0xF8DB4604,
0xED9F0010,
0xF8DB1AAC,
0x460D6018,
0xEEB03801,
0xEE00AA41,
0xEEB80A10,
0xEE200AC0,
0xEE100A01,
0xF7F10A10,
0x4602FF15,
0x4620460B,
0xF7F14629,
0xED9FFCDF,
0xEEB79AA1,
0xEDDF1A00,
0x2E009AA0,
0x460D4604,
0xBA41EEB0,
0x0A49EEB0,
0xEEB0BF18,
0xEE200A41,
0xEE100A29,
0xF7F10A10,
0x4602FEF9,
0x4620460B,
0xF7F14629,
0xE9CDFC22,
0x464A102F,
0x0B08ED98,
0x80D4F8DD,
0x0B10EC51,
0xF7F14643,
0xEC41FC16,
0xF8DF0B10,
0x47800984,
0xEC519F37,
0x46530B10,
0xF7F1463A,
0x4604FCB1,
0x0010F8DB,
0x6018F8DB,
0x3801460D,
0x0A10EE00,
0x0AC0EEB8,
0x0A0AEE20,
0x0A10EE10,
0xFECAF7F1,
0x460B4602,
0x46294620,
0xFC94F7F1,
0xEEB02E00,
0x46040A49,
0xBF18460D,
0x0A4BEEB0,
0x0A29EE20,
0x0A10EE10,
0xFEB6F7F1,
0x460B4602,
0x46294620,
0xFBDFF7F1,
0xF50D9032,
0x468B50F2,
0x4643464A,
0x0B02ED10,
0x0B10EC51,
0xFBD3F7F1,
0x0B10EC41,
0x08FCF8DF,
0xEC514780,
0x463A0B10,
0x463E4653,
0xFC6EF7F1,
0x0E38F10D,
0x4604460F,
0x5132F50E,
0x698D6908,
0xEE003801,
0xEEB80A10,
0xEE200AC0,
0xEE100A0A,
0xF7F10A10,
0x4602FE85,
0x4620460B,
0xF7F14639,
0x2D00FC4F,
0x0A49EEB0,
0x460F4604,
0xEEB0BF18,
0xEE200A4B,
0xEE100A29,
0xF7F10A10,
0x4602FE71,
0x460B9832,
0x0B10EC4B,
0x0B32ED8D,
0x102FE9DD,
0x0B10EC41,
0x46394620,
0x0B30ED8D,
0xFB8FF7F1,
0x0E08F10D,
0x102EE9CD,
0x464A4647,
0x5016F50E,
0xED90463B,
0xEC510BCA,
0xF7F10B10,
0xF8DFFB80,
0xEC41485C,
0x46200B10,
0xEC514780,
0x46320B10,
0x46B34653,
0xF7F146D0,
0xF10DFC19,
0x460D0E38,
0xF50E4604,
0x69085132,
0x3801698E,
0x0A10EE00,
0x0AC0EEB8,
0x0A0AEE20,
0x0A10EE10,
0xFE30F7F1,
0x460B4602,
0x46294620,
0xFBFAF7F1,
0xEEB02E00,
0x46040A49,
0xBF18460D,
0x0A4BEEB0,
0x0A29EE20,
0x0A10EE10,
0xFE1CF7F1,
0x460B4602,
0x46294620,
0xFB45F7F1,
0x0E08F10D,
0x1029E9CD,
0x464A46CA,
0x46B9463B,
0x50B6F50E,
0xA0D0F8CD,
0x0BD2ED90,
0x0B10EC51,
0xFB33F7F1,
0x0B10EC41,
0x07BCF8DF,
0x46474780,
0x0B10EC51,
0x463B465A,
0xF7F19736,
0xF10DFBCD,
0x46040E38,
0xF50E460D,
0xF8D85832,
0xF8D80010,
0x38016018,
0x0A10EE00,
0x0AC0EEB8,
0x0A0AEE20,
0x0A10EE10,
0xFDE2F7F1,
0x460B4602,
0x46294620,
0xB81AF000,
0x40084008,
0x40090008,
0x20000400,
0xA0000000,
0x3CD203AF,
0x00000000,
0x40240000,
0x40C0A8C1,
0x00000000,
0x40BC703B,
0x447A0000,
0x43340000,
0x40490FDB,
0xFB90F7F1,
0xEEB02E00,
0x46040A49,
0xBF18460D,
0x0A4BEEB0,
0x0A29EE20,
0x0A10EE10,
0xFDB2F7F1,
0x460B4602,
0x46294620,
0xFADBF7F1,
0x102BE9CD,
0x50F2F50D,
0x464B4652,
0x0BC8ED90,
0x0B10EC51,
0xFACFF7F1,
0x0B10EC41,
0x06F4F8DF,
0xEC514780,
0x465A0B10,
0xF7F1463B,
0x4604FB6B,
0x0010F8D8,
0x6018F8D8,
0x3801460D,
0x0A10EE00,
0x0AC0EEB8,
0x0A0AEE20,
0x0A10EE10,
0xFD84F7F1,
0x460B4602,
0x46294620,
0xFB4EF7F1,
0xEEB02E00,
0x46040A49,
0xBF18460D,
0x0A4BEEB0,
0x0A29EE20,
0x0A10EE10,
0xFD70F7F1,
0x460B4602,
0x46294620,
0xFA99F7F1,
0x1A30ED1F,
0x1025E9CD,
0x0A01EE8D,
0xAA41EEB0,
0x0A10EE10,
0xFD5EF7F1,
0x0E30F10D,
0x1027E9CD,
0x1A37ED1F,
0x2A37ED1F,
0x5015F50E,
0x704CF200,
0x0A00ED90,
0x2129E9DD,
0x0A01EE20,
0x1B1DEC42,
0x212EE9DD,
0x1A8AEE88,
0x0A02EE80,
0x0A10EE11,
0x4A10EE10,
0x1B1EEC42,
0xFD3CF7F1,
0x0A0AEE88,
0x460E4605,
0x0A10EE10,
0xFD34F7F1,
0x0B1FEC41,
0xEC464620,
0xF7F15B1C,
0xF10DFD2D,
0xE9CD0E08,
0xF50E102E,
0xF8515116,
0xF8510C0C,
0xF8D16C04,
0xF7F18010,
0xF10DFD1F,
0xE9CD0E08,
0xF50E1029,
0x694851B6,
0xF7F169CF,
0x468BFD15,
0x51F2F50D,
0xF8519024,
0xF8510C14,
0xF7F14C0C,
0x4682FD0B,
0x460D4630,
0xFD06F7F1,
0x46384606,
0xF7F14689,
0xEC41FD01,
0x46200B18,
0xFCFCF7F1,
0x0B1AEC41,
0xF7F14640,
0xF10DFCF7,
0xEC410E38,
0xF50E0B1B,
0x68005032,
0xFCEEF7F1,
0x0B10EC41,
0xEC499824,
0xEC456B11,
0xEC4BAB12,
0xE9DD0B13,
0xEC411029,
0xE9DD0B14,
0xEC41102E,
0xE9DD0B15,
0xEC41102B,
0xE9DD0B16,
0xED8D1025,
0xED9D0B1E,
0xED8D0B30,
0xED8D4B10,
0xED8D3B12,
0xED8D2B14,
0xED8D1B16,
0xED8D8B18,
0xED8DAB1A,
0xED8DBB1C,
0xED8D5B20,
0xED8DCB00,
0xED8DFB02,
0xED8DEB08,
0xED8DDB0A,
0xED8D6B0C,
0xED9D0B04,
0xEC410B32,
0xF8DF0B17,
0xF20F0530,
0xED8D5130,
0xED8D7B0E,
0xE9DD0B06,
0xF0153227,
0xF60DFB1F,
0xF8DD7498,
0xF8DD90D0,
0xED94A0D4,
0x464A0B00,
0xEC514653,
0xF7F10B10,
0xF50DF9C8,
0xF8DF6805,
0xEDDDB4E8,
0xED948A40,
0xEC418A02,
0xED980B10,
0x47D8FA00,
0xF8DD9F37,
0xEC5180D8,
0x463A0B10,
0xF7F14643,
0xF10DFA59,
0x460D0E38,
0xED1F4604,
0xF50EAAA8,
0x69085132,
0x3801698E,
0x0A10EE00,
0x0AC0EEB8,
0x0A0AEE20,
0x0A10EE10,
0xFC6EF7F1,
0x460B4602,
0x46294620,
0xFA38F7F1,
0xEEB02E00,
0xEEB70A49,
0x4604BA00,
0xBF18460D,
0x0A4BEEB0,
0x0A29EE20,
0x0A10EE10,
0xFC58F7F1,
0x460B4602,
0x46294620,
0xF981F7F1,
0x0B3EED9D,
0x91309032,
0x4653464A,
0xEC5146CB,
0xF7F10B10,
0xEC41F976,
0xF8DF0B10,
0x47800444,
0x0B10EC51,
0x4643463A,
0xF7F146B9,
0xF10DFA11,
0x460D0E38,
0xF50E4604,
0x69085132,
0x3801698E,
0x0A10EE00,
0x0AC0EEB8,
0x0A0AEE20,
0x0A10EE10,
0xFC28F7F1,
0x460B4602,
0x46294620,
0xF9F2F7F1,
0xEEB02E00,
0x46040A49,
0xBF18460D,
0x0A4BEEB0,
0x0A29EE20,
0x0A10EE10,
0xFC14F7F1,
0x460B4602,
0x46294620,
0xF93DF7F1,
0x102EE9CD,
0x6005F50D,
0x4653465A,
0xED1046D3,
0xEC510B02,
0xF7F10B10,
0xEC41F930,
0x48EE0B10,
0xEC514780,
0x464A0B10,
0xF7F14643,
0xF10DF9CD,
0x460D0E38,
0xF50E4604,
0x69085132,
0x3801698E,
0x0A10EE00,
0x0AC0EEB8,
0x0A0AEE20,
0x0A10EE10,
0xFBE4F7F1,
0x460B4602,
0x46294620,
0xF9AEF7F1,
0xEEB02E00,
0x46040A49,
0xBF18460D,
0x0A4BEEB0,
0x0A29EE20,
0x0A10EE10,
0xFBD0F7F1,
0x460B4602,
0x46294620,
0xF8F9F7F1,
0x102AE9CD,
0x7098F60D,
0xED90465B,
0xF8DD0BCA,
0xEC51A0D0,
0x46520B10,
0xF8EBF7F1,
0x0B10EC41,
0x478048CB,
0x0B10EC51,
0x4643463A,
0xF7F146C1,
0xF10DF987,
0x460D0E38,
0xF50E4604,
0x69085132,
0x3801698E,
0x0A10EE00,
0x0AC0EEB8,
0x0A0AEE20,
0x0A10EE10,
0xFB9EF7F1,
0x460B4602,
0x46294620,
0xF968F7F1,
0xEEB02E00,
0x46040A49,
0xBF18460D,
0x0A4BEEB0,
0x0A29EE20,
0x0A10EE10,
0xFB8AF7F1,
0x460B4602,
0x46294620,
0xF8B3F7F1,
0x6E80F50D,
0x460E4680,
0x465B4652,
0x0B08ED9E,
0x0B10EC51,
0xF8A7F7F1,
0x0B10EC41,
0x478048A9,
0x0B10EC51,
0x464B463A,
0xF944F7F1,
0x0E38F10D,
0x460F4604,
0x5932F50E,
0x0010F8D9,
0x5018F8D9,
0xEE003801,
0xEEB80A10,
0xEE200AC0,
0xEE100A0A,
0xF7F10A10,
0x4602FB59,
0x4620460B,
0xF7F14639,
0x2D00F923,
0x0A49EEB0,
0x460F4604,
0xEEB0BF18,
0xEE200A4B,
0xEE100A29,
0xF7F10A10,
0xEC46FB45,
0x46028B10,
0xED8D460B,
0xE9DD0B2C,
0xEC41102A,
0x46200B1D,
0xF7F14639,
0xE9CDF866,
0xF50D102A,
0x46526005,
0xED90465B,
0xEC510BC8,
0xF7F10B10,
0xEC41F85A,
0x48830B10,
0xE9DD4780,
0xEC513236,
0xF7F10B10,
0x4604F8F7,
0x0010F8D9,
0x6018F8D9,
0x3801460D,
0x0A10EE00,
0x0AC0EEB8,
0x0A0AEE20,
0x0A10EE10,
0xFB10F7F1,
0x460B4602,
0x46294620,
0xF8DAF7F1,
0x46042E00,
0xBF18460D,
0x9A4BEEB0,
0x0A29EE29,
0x0A10EE10,
0xFAFEF7F1,
0x460B4602,
0x46294620,
0xF827F7F1,
0x9A6BED9F,
0x1034E9CD,
0x0A09EE88,
0x0A10EE10,
0xFAEEF7F1,
0x0A89EE88,
0x1036E9CD,
0x0A10EE10,
0xFAE6F7F1,
0x0A09EE8F,
0x460D4604,
0x0A10EE10,
0xFADEF7F1,
0x6278F50D,
0x1A5EED9F,
0x0B1AEC41,
0x4B1BEC45,
0x724CF202,
0x0A00ED92,
0x732EE9DD,
0x0A01EE20,
0x1A58ED9F,
0x3B18EC47,
0x9F309B32,
0x0A01EE80,
0x3B19EC47,
0x2A10EE10,
0xF7F14610,
0x9032FABF,
0x0F8CF8DD,
0x5F94F8DD,
0x6FA8F8DD,
0xF7F19130,
0xE9CDFAB5,
0x983B102E,
0xA0F4F8DD,
0xFAAEF7F1,
0xF8DD9029,
0xF8DD083C,
0x4689B844,
0xFAA6F7F1,
0x46284607,
0xF7F1460C,
0x4605FAA1,
0x46884650,
0xFA9CF7F1,
0x0B1CEC41,
0xF7F14658,
0xEC41FA97,
0x46300B1F,
0xFA92F7F1,
0x0E08F10D,
0x0B1EEC41,
0x50B6F50E,
0xF7F16800,
0xEC41FA89,
0x98290B10,
0x5B11EC48,
0x7B12EC44,
0x0B13EC49,
0x102EE9DD,
0x0B14EC41,
0x99309832,
0x0B15EC41,
0x102AE9DD,
0x0B16EC41,
0x1034E9DD,
0x0B1EED8D,
0x0B2CED9D,
0x4B10ED8D,
0x3B12ED8D,
0x2B14ED8D,
0x1B16ED8D,
0xCB18ED8D,
0xFB1AED8D,
0xEB1CED8D,
0x5B20ED8D,
0xBB00ED8D,
0xAB02ED8D,
0x9B04ED8D,
0x8B06ED8D,
0xDB08ED8D,
0x6B0CED8D,
0x0B17EC41,
0x0B0AED8D,
0xA11B4819,
0x7B0EED8D,
0x3236E9DD,
0xF8BEF015,
0x5D33F50D,
0xECBDB00E,
0xB0018B10,
0x8FF0E8BD,
0x00000DF8,
0x3D3D3D3D,
0x3D3D3D3D,
0x3D3D3D3D,
0x6C617665,
0x6364615F,
0x5F504D43,
0x6B736174,
0x3D3D3D3D,
0x3D3D3D3D,
0x3D3D3D3D,
0x000D3D3D,
0x000117F1,
0x0002F250,
0x00026CE1,
0x447A0000,
0x43340000,
0x40490FDB,
0x0002E5B8,
0x00315852,
0x00325852,
0x00000000,
0x4FF8E92D,
0x8B0AED2D,
0x460CB096,
0x0B6AED9F,
0xED944683,
0xEC531B06,
0xEC512B10,
0xE9CD0B11,
0xF7F02312,
0xF8DBFF2E,
0xF8DB2028,
0xF8DBA020,
0xEC41502C,
0x92090B10,
0xFE16F015,
0x0010F8DB,
0x1000F8DB,
0x967CF8DF,
0x8A40EEB0,
0x7008F8DB,
0x8A60EEF0,
0xF8DF9015,
0x47C80668,
0xF7F16820,
0x4602F9E1,
0x0660F8DF,
0x47C8460B,
0x065CF8DF,
0x5025F850,
0xF7F16860,
0x4602F9D5,
0x0650F8DF,
0x9500460B,
0x68A047C8,
0xF9CCF7F1,
0xF20F4602,
0x460B6044,
0x47C89500,
0xF7F168E0,
0x4602F9C3,
0x6044F20F,
0x9500460B,
0x692047C8,
0xF9BAF7F1,
0xF20F4602,
0x460B6048,
0x47C89500,
0xF7F16960,
0x4602F9B1,
0x6048F20F,
0x47C8460B,
0x8654F8DF,
0xF0184640,
0xED9FFC25,
0xEC510B3A,
0xEC530B18,
0xE9CD2B10,
0xF7F02310,
0x4605FF73,
0xED9F1E78,
0x460E8A36,
0x0A10EE00,
0x0AC0EEB8,
0x0A08EE20,
0x0A10EE10,
0xF98EF7F1,
0x460B4602,
0x46314628,
0xFEB7F7F0,
0xED9F4605,
0x98159A2D,
0xAA2CED9F,
0xBA00EEB7,
0x2800460E,
0x0A49EEB0,
0xEEB0BF18,
0xEE200A4B,
0xEE100A0A,
0xF7F10A10,
0x4602F973,
0x4628460B,
0xF7F04631,
0xF7F1FE9C,
0xF7F1F97E,
0x4602F969,
0x6AA56A20,
0x120EE9CD,
0x2B1CEC41,
0xF960F7F1,
0x46284606,
0xF7F1460F,
0xEC41F95B,
0xF20F0B10,
0x463250B4,
0xED8D463B,
0xED8DCB00,
0x47C80B02,
0x46D94640,
0xFBCAF018,
0x008AEB04,
0x01CAEB04,
0xCA0FED9F,
0x26019405,
0x37FFF04F,
0xA020F8CD,
0x7294F501,
0x750BF500,
0x740DF500,
0x719CF501,
0xBF00E169,
0xA0000000,
0x3CD203AF,
0x00000000,
0x40240000,
0xC0C0A8C1,
0x00000000,
0x40BC703B,
0x40C0A8C1,
0xE9CD2E02,
0xE9CD450C,
0xE9CD1214,
0xF0C0760A,
0xED9180A3,
0xF8DD0B00,
0xF8DDA048,
0xEC51B04C,
0x46520B10,
0xF7F0465B,
0x6822FE40,
0x0B10EC41,
0xF0159207,
0xF8DDFD2D,
0x9F118040,
0x0B10EC51,
0x463B4642,
0xFED8F7F0,
0xF8D94604,
0xF8D90008,
0x460D6010,
0xEE003801,
0xEEB80A10,
0xEE200AC0,
0xEE100A0C,
0xF7F10A10,
0x4602F8F1,
0x4620460B,
0xF7F04629,
0x2E00FEBB,
0x0A49EEB0,
0x460D4604,
0xEEB0BF18,
0xEE200A4B,
0xEE100A0A,
0xF7F10A10,
0x4602F8DD,
0x4620460B,
0xF7F04629,
0x4604FE06,
0x460E9814,
0x465B4652,
0x0B00ED90,
0x0B10EC51,
0xFDFBF7F0,
0x0B10EC41,
0xFCEAF015,
0x0B10EC51,
0x463B4642,
0xFE98F7F0,
0xF8D94605,
0xF8D90008,
0x468BA010,
0xEE003801,
0xEEB80A10,
0xEE200AC0,
0xEE100A0C,
0xF7F10A10,
0x4602F8B1,
0x4628460B,
0xF7F04659,
0xF1BAFE7B,
0xEEB00F00,
0x46050A49,
0xBF18460F,
0x0A4BEEB0,
0x0A0AEE20,
0x0A10EE10,
0xF89CF7F1,
0x460B4602,
0x46394628,
0xFDC5F7F0,
0x320EE9DD,
0xFE62F7F0,
0x98074605,
0xF7F1460F,
0xEC46F88D,
0xE9DD4B10,
0x4602640B,
0x044CF8DF,
0x5B11EC47,
0x9F0A460B,
0xEC8D9D0D,
0x46310B04,
0xFEF4F014,
0x1214E9DD,
0x000CF8D9,
0xF0402803,
0xED9280A2,
0xF8DD0B00,
0xF8DDB048,
0xEC51804C,
0x465A0B10,
0xF7F04643,
0x682AFD98,
0x0B10EC41,
0xF0159207,
0x9F10FC85,
0xA044F8DD,
0x0B10EC51,
0x4653463A,
0xFE30F7F0,
0xF8D94604,
0xF8D90008,
0x460D6010,
0xEE003801,
0xEEB80A10,
0xEE200AC0,
0xEE100A0C,
0xF7F10A10,
0x4602F849,
0x4620460B,
0xF7F04629,
0x2E00FE13,
0x0A49EEB0,
0x460D4604,
0xEEB0BF18,
0xEE200A4B,
0xEE100A0A,
0xF7F10A10,
0x4602F835,
0x4620460B,
0xF7F04629,
0x9006FD5E,
0x460E9815,
0x4643465A,
0x0B00ED90,
0x0B10EC51,
0xFD53F7F0,
0x0B10EC41,
0xFC42F015,
0x0B10EC51,
0x4653463A,
0xFDF0F7F0,
0xF8D94605,
0xF8D90008,
0x460F4010,
0xEE003801,
0xEEB80A10,
0xEE200AC0,
0xEE100A0C,
0xF7F10A10,
0x4602F809,
0x4628460B,
0xF7F04639,
0x2C00FDD3,
0x0A49EEB0,
0x46059C0C,
0xBF18460F,
0x0A4BEEB0,
0x0A0AEE20,
0x0A10EE10,
0xFFF4F7F0,
0x460B4602,
0x46394628,
0xFD1DF7F0,
0x320EE9DD,
0xFDBAF7F0,
0x98074605,
0xF7F0460F,
0x4602FFE5,
0xEC479806,
0x9F0A5B11,
0x9D0D460B,
0x0B10EC46,
0x9E0B48BD,
0xEC8D4639,
0xF0140B04,
0xE9DDFE4D,
0x3F011214,
0x3A083D04,
0x31083404,
0x98083601,
0xF6BF42B0,
0x48A4AEA3,
0xFA44F018,
0x9F139805,
0xF1002400,
0x911401B0,
0x0130F100,
0xB810E9DD,
0xF8DDE09F,
0xED91A048,
0x91150B00,
0xEC51463B,
0x46520B10,
0xFCDFF7F0,
0xEC419A14,
0xCA080B10,
0x9214930C,
0xFBCAF015,
0x0B10EC51,
0x4643465A,
0xFD78F7F0,
0xF8D94605,
0x940D0008,
0x4010F8D9,
0x3801460E,
0x0A10EE00,
0x0AC0EEB8,
0x0A0CEE20,
0x0A10EE10,
0xFF90F7F0,
0x460B4602,
0x46314628,
0xFD5AF7F0,
0xEEB02C00,
0x46050A49,
0xBF18460E,
0x0A4BEEB0,
0x0A0AEE20,
0x0A10EE10,
0xFF7CF7F0,
0x460B4602,
0x46314628,
0xFCA5F7F0,
0x9815900B,
0x4652460D,
0xED90463B,
0xEC510B00,
0xF7F00B10,
0xEC41FC9A,
0xF0150B10,
0xEC51FB89,
0x465A0B10,
0xF7F04643,
0x4604FD37,
0x0008F8D9,
0xA010F8D9,
0x3801460E,
0x0A10EE00,
0x0AC0EEB8,
0x0A0CEE20,
0x0A10EE10,
0xFF50F7F0,
0x460B4602,
0x46314620,
0xFD1AF7F0,
0x0F00F1BA,
0x0A49EEB0,
0x460E4604,
0xEEB0BF18,
0xEE200A4B,
0xEE100A0A,
0xF7F00A10,
0x4602FF3B,
0x4620460B,
0xF7F04631,
0xE9DDFC64,
0xF7F0320E,
0x4604FD01,
0x460E980C,
0xFF2CF7F0,
0x980B4602,
0x4B11EC46,
0x460B9C0D,
0x0B10EC45,
0x46214865,
0x0B04EC8D,
0xFD96F014,
0x34019915,
0x98093108,
0xF6FF4284,
0x464FAF5C,
0x9128F8DF,
0x8168F8DF,
0x47C04648,
0xED949C05,
0xE9DD0BD0,
0xEC512312,
0xF7F00B10,
0xEC41FC36,
0xF0150B10,
0xE9DDFB25,
0xEC512310,
0xF7F00B10,
0x4605FCD3,
0x693F68B8,
0x3801460E,
0x0A10EE00,
0x0AC0EEB8,
0x0A08EE20,
0x0A10EE10,
0xFEEEF7F0,
0x460B4602,
0x46314628,
0xFC17F7F0,
0x46052F00,
0xBF18460E,
0x9A4BEEB0,
0x0A0AEE29,
0x0A10EE10,
0xFEDCF7F0,
0x460B4602,
0x46314628,
0xFC05F7F0,
0x483C4602,
0xF014460B,
0x4648FD49,
0xF8D447C0,
0xF8D4074C,
0xF7F05748,
0x4606FEC9,
0x460F4628,
0xFEC4F7F0,
0x0B10EC41,
0x46324833,
0xED8D463B,
0xF0140B00,
0x4648FD33,
0x200047C0,
0xECBDB016,
0xB0018B0A,
0x8FF0E8BD,
0x0002F218,
0x0002618D,
0x0002F229,
0x0002D9D0,
0x0002F1F0,
0x46532020,
0x203A5244,
0x2E2D2B25,
0x73256632,
0x00000A0D,
0x54202020,
0x203A4448,
0x2E2D2B25,
0x73256632,
0x00000A0D,
0x4E495320,
0x203A4441,
0x2E2D2B25,
0x73256632,
0x00000A0D,
0x4E452020,
0x203A424F,
0x2E2D2B25,
0x69626632,
0x000A0D74,
0x0002F23C,
0x75462020,
0x203A646E,
0x71657246,
0x2D2B2520,
0x4B66302E,
0x202C7A48,
0x65776F50,
0x2B252072,
0x66342E2D,
0x73464264,
0x6850202C,
0x20657361,
0x66342E25,
0x67656420,
0x00000A0D,
0x0002F194,
0x00029999,
0x0002F203,
0x0002F1CD,
0x0002F15C,
0x4FF8E92D,
0x3B1AED2D,
0xF04F468B,
0x280034FF,
0x100CF8DB,
0x0540F3C1,
0xF0009009,
0xF1BB8226,
0xF0000F00,
0x2A008222,
0x821FF000,
0x0401F001,
0xA004F8DB,
0xF44F4610,
0x920361EA,
0xFB53F7F0,
0x0034F8DB,
0xF0002800,
0xF1AA80A2,
0xF8DF0001,
0xEE001450,
0xEE015A10,
0xEE024A10,
0xED9FAA10,
0xEDDFCBB0,
0xF8DF9AB1,
0xED9F9440,
0xEDDFFBB1,
0xED9F8AB2,
0xEDDFDBB3,
0xED9FAAB4,
0xF04FEBB5,
0xEE030800,
0x98090A10,
0x8AC0EEB8,
0x9AC1EEB8,
0xAAC2EEB8,
0xBAC3EEB8,
0x1D051D0F,
0xF8DBE074,
0xEEB00010,
0xEEF00A4C,
0x28000A6C,
0xEE00D04E,
0xEEF88A10,
0xEE2BBAC0,
0xEE800AA9,
0xEE100A0B,
0xF7F00A10,
0xEC41FDF3,
0x47C80B10,
0x0B10EC51,
0x0BEBED9F,
0x2B10EC53,
0xFBBEF7F0,
0x2B1FEC53,
0xFB13F7F0,
0x0AA8EE2B,
0x460E4604,
0x0A0BEE80,
0x0A10EE10,
0xFDDAF7F0,
0x0B10EC41,
0xEC5147C8,
0xEC530B10,
0xF7F02B1D,
0x4602FBA7,
0x4620460B,
0xF7F04631,
0xEE2BFAFA,
0x46040AAA,
0xEE80460E,
0xEE100A0B,
0xF7F00A10,
0xEC41FDC1,
0x47C80B10,
0x0B10EC51,
0x2B1EEC53,
0xFB8EF7F0,
0x460B4602,
0x46314620,
0xFAE1F7F0,
0x0B10EC41,
0x0B10EC51,
0xFDBFF7F0,
0x0A01ED15,
0x0A10EE01,
0x0801F108,
0x0A01EE20,
0x0A0AEE80,
0x0A09EE20,
0x0A01ED07,
0x0A00ED95,
0xEE203508,
0xEE800A01,
0xEE200A0A,
0xED870A08,
0x37080A00,
0xDB8845D0,
0xEE00E0B4,
0x49C35A10,
0x0001F1AA,
0x4A10EE01,
0xAA10EE02,
0xCBB5ED9F,
0x9ABFEDDF,
0xEAC0ED9F,
0xFBB8ED9F,
0x8ABFEDDF,
0xDBB8ED9F,
0xEEB82500,
0xED9F8AC0,
0xEE030BB0,
0xEEB80A10,
0xEEB89AC1,
0x1D0FAAC2,
0xBAC3EEB8,
0x0B10EC51,
0x0BABED9F,
0x1006E9CD,
0x0B10EC51,
0x1004E9CD,
0xA020F8CD,
0xF8DBE081,
0xEEB00010,
0xEEF00A4C,
0x28000A6C,
0xEE00D052,
0xEEF85A10,
0xEE2AAAC0,
0xEE800AA9,
0xEE100A0B,
0xF7F00A10,
0x46DAFD4B,
0xB28CF8DF,
0x0B10EC41,
0xE9DD47D8,
0xEC513206,
0xF7F00B10,
0xE9DDFB15,
0xF7F03204,
0xEE2AFA6A,
0x46800A8E,
0xEE804689,
0xEE100A0B,
0xF7F00A10,
0xEC41FD31,
0x47D80B10,
0x0B10EC51,
0x2B1FEC53,
0xFAFEF7F0,
0x460B4602,
0x46494640,
0xFA51F7F0,
0x0AA8EE2A,
0x460E4604,
0x0A0BEE80,
0x0A10EE10,
0xFD18F7F0,
0x0B10EC41,
0x46D347D8,
0xA020F8DD,
0x0B10EC51,
0x2B1DEC53,
0xFAE2F7F0,
0x460B4602,
0x46314620,
0xFA35F7F0,
0x0B10EC41,
0xEC519C09,
0xF9340B10,
0xEE0A2025,
0xF7F02A90,
0xEE00FD0E,
0xEEB80A10,
0xEB041AEA,
0x35010085,
0x1A01EE20,
0x1A0AEE81,
0x1A09EE21,
0x1A01ED07,
0x0002F9B0,
0x0A10EE01,
0x1AC1EEB8,
0x0A01EE20,
0x0A0AEE80,
0x0A08EE20,
0x0A00ED87,
0x45553708,
0xAF7BF6FF,
0x46514C69,
0xF7FC4620,
0xEB0AFCE3,
0x9E0370DA,
0xF8DB1045,
0x2803000C,
0x1D20D029,
0x22002100,
0xBF00E023,
0xBF00BF00,
0x00000000,
0x3FF00000,
0x40C90FDB,
0xBF00BF00,
0x80000000,
0x3FD6F5C2,
0x41490FDB,
0xBF00BF00,
0x80000000,
0x3FC21576,
0x4196CBE4,
0xBF00BF00,
0x20000000,
0xBF87EBAF,
0x1C04F840,
0x30086001,
0x42AA3201,
0xF8DBDBF8,
0x21010000,
0x7452F506,
0xFB9022F1,
0xEE00F0FA,
0xEEB80A10,
0xED860AC0,
0xF8DB0A00,
0xEA410014,
0x1A280140,
0xF7F04420,
0x4F43F9A3,
0x465920F0,
0x55604632,
0xF0024638,
0x4D44FDE3,
0x8110F8DF,
0x20012400,
0x31FFF04F,
0xF2402200,
0xE9CD1373,
0x47C04500,
0x46594638,
0xF0034632,
0x2001F99D,
0x31FFF04F,
0xF44F2200,
0xE9CD73BB,
0x47C04500,
0x46594638,
0xF00F4632,
0x2001FECB,
0x31FFF04F,
0xF2402200,
0xE9CD1379,
0x47C04500,
0x46594638,
0xF00A4632,
0x2001FC0D,
0x31FFF04F,
0xF44F2200,
0xE9CD73BE,
0x47C04500,
0x46314658,
0xFCC0F00F,
0xF04F2001,
0x220031FF,
0x73C0F44F,
0x4500E9CD,
0x465847C0,
0xF00F4631,
0x2001FC47,
0x31FFF04F,
0xF44F2200,
0xE9CD73C2,
0x47C04500,
0x0034F8DB,
0x9809B920,
0x46324659,
0xFBFEF003,
0xF04FA019,
0x220031FF,
0x1389F240,
0x4000E9CD,
0xF0082001,
0x4620F8E5,
0x3B1AECBD,
0xE8BDB001,
0xBF008FF0,
0x00000000,
0x3FF00000,
0xC0000000,
0xBFDF4024,
0x80000000,
0x3FD6F5C2,
0x80000000,
0x3FC21576,
0x20000000,
0xBF87EBAF,
0x00056CD4,
0x40C90FDB,
0x000265D1,
0x41490FDB,
0x4196CBE4,
0x0002F23E,
0x00019E25,
0x000A0D2E,
0xB092B570,
0xF44F4605,
0x46146080,
0x23292219,
0x1004E9CD,
0x21102000,
0x91069011,
0x91072103,
0x91082101,
0x2209E9CD,
0x900B2205,
0x210CE9CD,
0x110EE9CD,
0x22002102,
0xA10A9110,
0x0023E88D,
0xF04F2001,
0xF00831FF,
0xAE04F895,
0x46224628,
0xF7FF4631,
0x4630FD75,
0xF7FF4621,
0xB012F9B5,
0xBF00BD70,
0x6C617665,
0x6675625F,
0x61745F66,
0x203A6B73,
0x66667562,
0x64646120,
0x305B2072,
0x5D782578,
0x00000A0D,
0x43F0E92D,
0xF10DB0C1,
0x460E0884,
0x21804607,
0x4615461C,
0xF7F04640,
0xF10DF8C2,
0x21800904,
0xF7F04648,
0x2C00F8BC,
0x464CBF08,
0xBF082D00,
0x2E00464D,
0x464EBF08,
0x1048E9DD,
0xEB00B957,
0xF06F72D0,
0x46470303,
0x0242EA03,
0x537EF04F,
0x3002F848,
0x7180F501,
0x42822200,
0xB041BFA4,
0x83F0E8BD,
0x0A00ED95,
0x1A00ED97,
0xEE313201,
0xED010A00,
0xED950A40,
0xED970A00,
0x37041A00,
0xEE313504,
0xED010A40,
0xED960A20,
0xED940A00,
0xEE311A00,
0xED810A40,
0xED940A00,
0xED960A00,
0x36041A00,
0xEE313404,
0xED810A00,
0x31040A20,
0xE92DE7D3,
0xED2D4FF8,
0x46046B06,
0x2600AD02,
0xED946820,
0x46A08A0D,
0xF8589002,
0x90030F04,
0xF1081D28,
0xF1080B1C,
0x90000714,
0x90012000,
0xEB04E044,
0x69610A06,
0x0008F8DA,
0xDD3C4288,
0x465A59A1,
0x46394408,
0x462851A8,
0xF840F7FD,
0x59A159A8,
0xD00A4288,
0x310AE9D4,
0x46286B22,
0xEEB44798,
0xEEF10AC8,
0xDB19FA10,
0xF8DA59A0,
0x465A1008,
0x0906EB05,
0x46391A40,
0x462851A8,
0xF826F7FD,
0x59A959A0,
0xD0124281,
0x310AE9D4,
0x46286B22,
0xEEB44798,
0xEEF10AC8,
0xDA08FA10,
0x46C19802,
0x8A40EEB0,
0x20016020,
0xA000F8DD,
0xF8DA9001,
0xF8C90000,
0x36040000,
0xD1B82E08,
0xED849801,
0xECBD8A0D,
0xB0016B06,
0x8FF0E8BD,
0x47FCE92D,
0x9DB0F8DF,
0x1750F648,
0x1260F648,
0xF6484604,
0x4DA51068,
0x1007F819,
0x2920444A,
0xEB09BF08,
0x20000200,
0xF8D52930,
0xE9D28028,
0x90002300,
0x2003BF08,
0xBF082903,
0xF0914608,
0xF04F0120,
0xBF080102,
0xBF082001,
0xF7FC2104,
0x4882FA83,
0x6881B1FC,
0x26014A81,
0x605146AA,
0x609168C1,
0x60D16981,
0x5140F44F,
0x70165843,
0x68026113,
0x68426082,
0x694260C2,
0x58426182,
0x020FF042,
0xF8195042,
0xF0911007,
0xD1150F03,
0x2112F241,
0x4972E00F,
0x780A46AA,
0xD1092A01,
0x6082684A,
0x60C2688A,
0x618268CA,
0x5240F44F,
0x50816909,
0x65812100,
0x6001486A,
0x21064620,
0xF9CCF7F2,
0x1550F648,
0x30FFF04F,
0x2005F859,
0xF082FA50,
0xD36D2804,
0x1058F648,
0x26002502,
0x0700EB09,
0xF817E00B,
0x28010C04,
0xF817D104,
0x46210C02,
0xFE10F7F8,
0x6B01F807,
0x2D003D01,
0x2C00D1F1,
0x80A5F000,
0x1050F648,
0x0000F859,
0x0030F010,
0x809DF000,
0x1060F648,
0x1000F859,
0x417CF021,
0x102CF8CA,
0x1164F648,
0x0000F859,
0x1001F859,
0xEA400E80,
0xF36F1081,
0xF8CA205F,
0xF6480030,
0xF8591068,
0xF0211000,
0xF8CA417C,
0xF6481034,
0xF859116C,
0xF8590000,
0x0E801001,
0x1081EA40,
0xF36F4941,
0xF8CA205F,
0xF44F0038,
0xF8CA70C4,
0xF44F0010,
0xF8CA7040,
0xF6400014,
0xF8CA0033,
0xF6480004,
0xF8191050,
0x28100000,
0x3120BF08,
0xF04F2830,
0xBF040005,
0xF2C02103,
0xF8CA0101,
0xF7FD1000,
0xF8DAFA3B,
0xF0200000,
0xE04C0001,
0x164CF648,
0x1006F859,
0x0C0BB288,
0xB2D09000,
0x2107F3C2,
0x4201F3C2,
0xFC84F7F8,
0x0006F859,
0x2810B280,
0xF859D807,
0xF04F0005,
0xFA5131FF,
0x2802F080,
0x481FD815,
0x1100F44F,
0xF8C02C00,
0xD0081180,
0x62E0F408,
0x0308F640,
0xF8CA431A,
0x60012028,
0xF8C0E005,
0xF3BF1080,
0xF3BF8F4F,
0xF6488F6F,
0xF8191054,
0x28010000,
0xF8DAD10D,
0x46210000,
0x0001F020,
0x0000F8CA,
0x1056F648,
0x0000F819,
0xFD6EF7F8,
0xF8DAE009,
0x2C000000,
0x0001F020,
0xF040BF18,
0xF8CA0001,
0x20000000,
0xE8BDB002,
0xBF0087F0,
0x40088008,
0x0003F730,
0x40084068,
0xE000E100,
0x00010003,
0xF64849D5,
0x5C8A1250,
0x2A033A01,
0xB580D813,
0x28004A0A,
0x1056F648,
0xF0236813,
0xBF180301,
0x0301F043,
0x5C086013,
0xFA012101,
0xF7F2F000,
0xE8BDFAEF,
0x20004080,
0xBF004770,
0x400902A0,
0x48C5B5E0,
0xF8D0490F,
0xF851C140,
0x00DA3B10,
0xF042B2D2,
0x58080004,
0x22015889,
0xC200E9CD,
0x205FF36F,
0x417CF021,
0x6280EA41,
0xEA012102,
0x09830143,
0x31022003,
0xFF8AF7F7,
0xB0022000,
0xBF00BD80,
0x400902BC,
0x4FFEE92D,
0x460D4691,
0xD1042806,
0xF3C02105,
0x91010740,
0x2104E009,
0xBF082802,
0x91012101,
0xD4010781,
0xE0052700,
0x49A92701,
0x135AF648,
0x9003F801,
0x0404F010,
0xAA84F8DF,
0x1B50F648,
0x787AF44F,
0x48A2BF1E,
0x115BF648,
0x9001F800,
0x9008F8CD,
0x1060F648,
0x0600EB0A,
0xB17FE025,
0x100BF81A,
0xF0916828,
0xD1050F04,
0xF008FB00,
0xFB90F7F3,
0xE0012100,
0x0108FB80,
0x0100E9C6,
0xF81AB17C,
0x6828100B,
0x0F04F091,
0xFB00D105,
0xF7F3F008,
0x2100FB7F,
0xFB80E001,
0xE9C60108,
0x35040102,
0xF1A93610,
0xF1B90901,
0xD1D60F00,
0x1050F648,
0x0000F81A,
0x28033801,
0x9A02D80C,
0x1060F648,
0xEB0A2300,
0x2A100100,
0x2210BF28,
0xB2C09801,
0xFAD0F7F8,
0xB0032000,
0x8FF0E8BD,
0xB086B570,
0x4004F240,
0xF3C06800,
0x28074007,
0x80A0F200,
0xF000E8DF,
0x3A291D04,
0x95736546,
0x6081F44F,
0x4514F240,
0x68026801,
0xF2406806,
0x6803400C,
0x6082F44F,
0x682C6800,
0xE88D682D,
0xB2C80031,
0x2103F3C2,
0x3201F3C6,
0xF8A0F000,
0xF44FE080,
0x68016081,
0xF0016802,
0x0C12000F,
0x410CF240,
0xFF5CF7FF,
0x493CE074,
0x1250F648,
0xF0205888,
0xF44F7380,
0x68006081,
0x0001F000,
0x6300EA43,
0xF7FF508B,
0xE063FDCF,
0x6081F44F,
0x68006801,
0xF3C0B2CA,
0xF2402107,
0xF000400C,
0xE057FA1B,
0x6081F44F,
0x68026801,
0xF3C26800,
0xB2CC2507,
0x4603F3C0,
0x46214630,
0xF000462A,
0xA027FA1F,
0x22002100,
0x33F2F240,
0x1000E9CD,
0xF04F2001,
0xE9CD31FF,
0x95046402,
0xFD5AF007,
0xF44FE038,
0x68036081,
0x400CF240,
0xF44F6802,
0x68006082,
0x000FF000,
0xF87CF000,
0x4817E02A,
0x1150F648,
0x6284F44F,
0x4324F240,
0xF3C15841,
0x60116140,
0x5264F648,
0x5160F648,
0x58415882,
0xF44F601A,
0x60116285,
0x5168F648,
0x526CF648,
0x58805841,
0x422CF240,
0xF44F6010,
0x60016086,
0xF44FE008,
0x49056081,
0x1252F648,
0xF0006800,
0x5488003F,
0xB0062000,
0xBF00BD70,
0x00035000,
0x706D6866,
0x65736C6C,
0x78303A6C,
0x74207825,
0x67676972,
0x6D207265,
0x2065646F,
0x7830203A,
0x202C7825,
0x3A6E6970,
0x0A0D6425,
0x00000000,
0xF8BDB580,
0x2804C008,
0x2001EA40,
0x4E03EA4C,
0xC83CF8DF,
0x134CF648,
0xE003F84C,
0x0E00F04F,
0x4696BF38,
0x0F01F011,
0xEA4EBF18,
0xF3410E02,
0xF0110340,
0xF6480F04,
0xEA031150,
0xBF180382,
0x1302EA43,
0xEA42B2DA,
0xEA40020E,
0xF85C4002,
0xF0022001,
0x4310427F,
0x0001F84C,
0xBD802000,
0x00035000,
0x4FF8E92D,
0x46824FE6,
0x1050F648,
0x4615461C,
0x0204EA55,
0xF6485839,
0x5838104C,
0xF04FD002,
0xE01108FF,
0xF092B2CA,
0xD10B0F30,
0x1258F648,
0x1359F648,
0x0A04F04F,
0x5CFB5CBA,
0xBF084293,
0x0A02F04F,
0x0800F04F,
0x798AEA5F,
0xF011D56C,
0xD0690210,
0x0FFFF1B8,
0xF648D015,
0xF6481C58,
0xF817125A,
0x5CBA500C,
0xB2DC1C6B,
0xEB074294,
0xF6481205,
0xBF281564,
0x59542300,
0x1560F648,
0xF8075955,
0xF021300C,
0xF6487100,
0x51B91650,
0x114CF648,
0xF6485078,
0x46215064,
0xF648503C,
0x503D5060,
0xF7F44628,
0x5DB8F8DD,
0x0FFFF1B8,
0xF648D013,
0xF6481158,
0xF6481359,
0xF0901260,
0x5C790F30,
0x443A5CFB,
0x1101EB02,
0x1203EB02,
0xF102BF08,
0xE9D10108,
0xF0905400,
0xD1010F30,
0xE0062004,
0x1058F648,
0x5C382102,
0x0040EA01,
0xF1B83002,
0x462A01FF,
0xBF184623,
0x91002101,
0x2000B2C1,
0xFF42F7FB,
0x0119F897,
0x0F80F010,
0xF000D00A,
0x2101001F,
0xF000FA01,
0x88094970,
0x2140F3C1,
0xF95AF7F2,
0x124CF648,
0x1B50F648,
0x704AEA5F,
0xF857D570,
0xF011100B,
0xD06B0020,
0xF1B858B8,
0xD0130FFF,
0x1359F648,
0x125BF648,
0x5CBA5CFD,
0xB2F41C6E,
0xEB074294,
0xF6481205,
0xBF28156C,
0x59542600,
0x1568F648,
0x54FE5955,
0x7100F041,
0x1650F648,
0xF64851B9,
0x5078114C,
0x506CF648,
0x503C4621,
0x5068F648,
0x4628503D,
0xFA4AF7F3,
0xF1B85DB8,
0xD0130FFF,
0x1359F648,
0x1260F648,
0x1158F648,
0x0F30F090,
0x443A5CFB,
0xEB025C79,
0xF1031303,
0xBF080308,
0x1301EB02,
0x5400E9D3,
0x2102464E,
0x0F30F090,
0xF648D005,
0x5C381059,
0x0040EA21,
0xF1B81C81,
0xB2C900FF,
0x4623462A,
0x0901F04F,
0x2001BF18,
0x20019000,
0xFECCF7FB,
0x011AF897,
0x0F80F010,
0x4938D009,
0x001FF000,
0xF000FA09,
0xF3C18909,
0xF7F22140,
0x46B1F8E5,
0x124CF648,
0x000BF857,
0xF091B2C1,
0xD1580F40,
0x0F04F01A,
0x58B9D02B,
0x0FFFF1B8,
0xF648D015,
0xF6481C58,
0xF817125A,
0x5CBA600C,
0xB2DD1C73,
0xEB074295,
0xF6481206,
0xBF281664,
0x59942300,
0x1660F648,
0xF8075995,
0xF020300C,
0xF6487000,
0x50B81250,
0x104CF648,
0xF6485039,
0x4629506C,
0xF648503C,
0x503D5068,
0xF7F42003,
0xF1B9F8FB,
0xD5260F00,
0x0FFFF1B8,
0xF648D013,
0xF6481159,
0x5C7A105B,
0x1C535C38,
0x4286B2DE,
0x1002EB07,
0x126CF648,
0x2300BF28,
0xF6485884,
0x58851268,
0xF648547B,
0x503C5064,
0x5060F648,
0xF648503D,
0x58391050,
0x7100F041,
0x20035039,
0xF7F54629,
0x4628FBC7,
0xB0014621,
0x8FF0E8BD,
0x40000010,
0xEB034B05,
0xE0020181,
0x3A01C808,
0x2A00C108,
0x2000D1FA,
0xBF004770,
0x400902A4,
0x60084901,
0x47702000,
0x00056AC4,
0x0F02F010,
0xF8DFD009,
0xF648C4D8,
0xF80C1356,
0xF6482003,
0xF80C1354,
0x07401003,
0x48DCD506,
0x1357F648,
0xF64854C2,
0x54811255,
0x47702000,
0x4817B5B0,
0x124CF648,
0x48D56801,
0xB2925882,
0xD3222A11,
0x1250F648,
0x33FFF04F,
0xFA535882,
0x2B03F382,
0x4D10D819,
0x041FF001,
0x78292C10,
0x2910D302,
0xE010D302,
0xD30E2910,
0x1160F648,
0xF3C24401,
0xF1A42007,
0xFAB20210,
0x0952F282,
0x220800D3,
0xF808F7F8,
0x2000702C,
0xBF00BDB0,
0x400902BC,
0x00035000,
0x00056AD0,
0x00000000,
0x4FF8E92D,
0x8B0EED2D,
0x4EB6B096,
0x25004CB4,
0xED9F4BB7,
0xED9F9AC3,
0xED9FABB0,
0xF000BAC2,
0xF0000E02,
0xF04F0001,
0xEEB70C02,
0xEEBECA00,
0x2100DA00,
0x6228F506,
0xF8B48827,
0xF8D6801C,
0xF8D6B680,
0xF8D69A80,
0xE9CDA000,
0x92075510,
0xF8CD4AA5,
0xE9CD8030,
0xE9CDB70A,
0xE9CDA908,
0x29010E03,
0x811EF200,
0xD007910F,
0xB140B949,
0xF5069C07,
0x270160D0,
0xE00846B0,
0x0F00F1BE,
0x3101D101,
0x9C07E7ED,
0x46B02702,
0xF44F4620,
0xB2FE6180,
0x68106001,
0xEA0C6811,
0xF3C02151,
0x430810C0,
0x42301EB9,
0xFAB14890,
0xEA4FF181,
0xBF081151,
0xEB033008,
0x68000141,
0xA002F8B1,
0x31C2F3C0,
0x910E2003,
0xFEE0F7F1,
0x20014681,
0xF7F44631,
0xE9CDFAC9,
0xF1BA5500,
0xF04F0F00,
0xF04F0502,
0xF04F0001,
0x46320100,
0x2504BF08,
0xF00E462B,
0x4650FD87,
0xF006A910,
0xE9DDFF2B,
0xEB100110,
0x46280209,
0x0300F141,
0xFDA7F00D,
0x21FF4630,
0xFA6CF7F4,
0xF1A72F01,
0x46C30001,
0x053FF04F,
0xF508BF08,
0x97067421,
0x2001BF18,
0x9005990F,
0xEA4FE079,
0xF04F6A05,
0x950D0800,
0xF088FA1F,
0xF2002804,
0x46588083,
0xAB14464A,
0xA000F8C0,
0x6080F44F,
0xA8126020,
0x201C9000,
0x980E9001,
0x4630B2C1,
0xF8DEF000,
0x0114E9DD,
0xFCE1F7EF,
0x460B4602,
0xFB4EF7EF,
0x460F4605,
0x0112E9DD,
0xFCD7F7EF,
0x460B4602,
0xFB44F7EF,
0x460B4602,
0x46394628,
0xFA97F7EF,
0xFD79F7EF,
0x0A10EE08,
0x0A48EEB0,
0xFE0FF015,
0x0A40EEB4,
0xFA10EEF1,
0xEEB0D003,
0xF0150A48,
0xEE30FE06,
0xEE100A09,
0xF7EF0A10,
0xEC41FD51,
0xF0140B10,
0xEC51F96F,
0xEC530B10,
0xF7EF2B1A,
0xF7EFFB1D,
0xEE01FD58,
0x990F0A10,
0x0801F108,
0x1ACBEEB4,
0xFA10EEF1,
0x9D0DDBA4,
0xD1042D3F,
0x0A4CEEB0,
0xEA41EEB0,
0x2D3EE008,
0xEE3EDC0E,
0xEE3EEA0D,
0xF00C0A41,
0x990FFC15,
0x9A054836,
0x2002EB00,
0x0085EB00,
0x0A00ED80,
0x2D003D01,
0xAF83F6BF,
0xE9DD4C2B,
0x465E780B,
0xB028F8DD,
0xA908E9DD,
0x0E03E9DD,
0x4B2A4A28,
0xF04F2500,
0xE7180C02,
0xF8DD9806,
0x9F0B8030,
0x46402801,
0x4638BF08,
0x46300A01,
0xF9C4F7F4,
0xF8DD465E,
0x4C1CB028,
0xA908E9DD,
0x20004B1F,
0x517EF04F,
0x181AE004,
0x30045019,
0x1100F8C2,
0x7F80F5B0,
0xA01AD1F7,
0x22002100,
0xE9CD2391,
0x20051000,
0x31FFF04F,
0xF9A8F007,
0xFD98F012,
0xB680F8C6,
0x9A80F8C6,
0xA000F8C6,
0x00FFF027,
0xB2C98821,
0x80204308,
0x00FFF028,
0xB2C98BA1,
0x83A04308,
0xECBDB016,
0xB0018B0E,
0x8FF0E8BD,
0x00000000,
0x40340000,
0x40088870,
0x40088D7C,
0x40090008,
0x40088008,
0x00035000,
0x00056AD4,
0x6F727265,
0x70203A72,
0x7265776F,
0x206F7420,
0x20776F6C,
0x63206F74,
0x20696C61,
0x20636761,
0x65646E69,
0x000A0D78,
0x2D2FEBFF,
0x43480000,
0x4FF0E92D,
0x4605B085,
0x93002001,
0x460E4617,
0xFAA6F7F4,
0xF006493F,
0x680A0007,
0x72E0F422,
0x1080EA42,
0x4280F44F,
0x20016008,
0x4180F44F,
0xF974F7F1,
0x21012000,
0x2300463A,
0x20019004,
0xFF04F7F2,
0x46312001,
0x23022201,
0xFF82F7F0,
0x20029B0F,
0x462A4631,
0xFF7CF7F0,
0x21012003,
0xF9A0F7F3,
0xF890482C,
0xF7F40048,
0x482BFA79,
0x4D2B2200,
0x5300F04F,
0x0900F04F,
0x0E00F04F,
0x0B00F04F,
0x0A00F04F,
0x0C00F04F,
0x22009201,
0x92031C81,
0x92022200,
0xF9B3E021,
0xF9B04000,
0x9A046000,
0xF10C9F01,
0xFBC60C01,
0x97012784,
0xF9B59204,
0xF9B14000,
0xFBC66000,
0xF933BA84,
0xF9314B04,
0xE9DD6B04,
0xFBC67202,
0xE9CD2784,
0xF9357202,
0xF9304B04,
0xFBC66B04,
0xFA1F9E84,
0xF5B8F88C,
0xD3D85F00,
0x99019804,
0xEB109A00,
0xEB41000B,
0xE9C2010A,
0x9A0E0100,
0x99029803,
0x0009EBB0,
0x010EEB61,
0x0100E9C2,
0xE8BDB005,
0xBF008FF0,
0x40084008,
0x00035000,
0x20010000,
0x20000002,
0x4FF8E92D,
0x8B04ED2D,
0x4614460D,
0x2D024607,
0x8085F2C0,
0x0955EA4F,
0x46394620,
0x0AC9EB04,
0x08C9EA4F,
0xE00D464A,
0x3600E9D1,
0xE9C03A01,
0xE9D13600,
0x31103602,
0x3008F840,
0x0308EB00,
0x605E3008,
0xD1EF2A00,
0x46494620,
0xF7FF463A,
0x4650FFD7,
0x463A4649,
0xFFD2F7FF,
0xF7EF4628,
0xED9FFB26,
0x1D259A31,
0x468B4682,
0x24001D3E,
0xEE00E053,
0xEEB84A10,
0xEE200AC0,
0xEE100A09,
0xF7EF0A10,
0x4652FBCD,
0xF7EF465B,
0xEC41FA11,
0xEEB00B18,
0xEEF00A48,
0xF0130A68,
0xEC51FC5B,
0xF7EF0B10,
0xEEB0FBD0,
0x46070A48,
0x0A68EEF0,
0xFAFCF015,
0x0B10EC51,
0xFBC5F7EF,
0x0108EB05,
0x0A10EE02,
0x7A10EE03,
0x4A01ED15,
0x0008EB06,
0xED913401,
0xED111A00,
0xEE210A01,
0xEE215A02,
0xEE001A03,
0xEE005A03,
0xEE341A42,
0xED064A05,
0xED954A01,
0xEE314A00,
0xED860A04,
0x36080A00,
0x0A01ED15,
0x0A45EE30,
0x0A01ED00,
0x0A00ED95,
0xEE303508,
0xED800A41,
0x45A10A00,
0xECBDD1A9,
0xB0018B04,
0x8FF0E8BD,
0x40C90FDB,
0xEB01B570,
0x230071D1,
0x0C61EA4F,
0x02CCEB00,
0xBFA84563,
0xF852BD70,
0xF8501033,
0xEB02E033,
0xF84005C3,
0xEB001033,
0x684C01C3,
0x604E686E,
0xE033F842,
0x3301606C,
0x0000E7EA,
0x4FF0E92D,
0x7D09F5AD,
0x460C4615,
0x2D214683,
0x2020DB10,
0x31FFF04F,
0x23D22200,
0x5003E9CD,
0x9002A047,
0x90002000,
0x90014849,
0xF0072005,
0xE07EF807,
0xA809A908,
0xF04F2200,
0x4F3F0A01,
0x46069000,
0xE9CD9101,
0x4688A202,
0x46589307,
0x46224629,
0x47B8462B,
0x7980F504,
0x70C0F50B,
0x462B4629,
0x0540E88D,
0xA00CF8CD,
0x9006464A,
0xF50647B8,
0xA8087680,
0xF50B46BC,
0x46297780,
0x462B4622,
0xE9CD9600,
0x20000A01,
0x46389003,
0x960047E0,
0xF10BA808,
0x4E280880,
0x464A4629,
0xE9CD462B,
0x46400A01,
0xA00CF8CD,
0xA80947B0,
0x0980F104,
0x462B4629,
0x0680F100,
0x464AA808,
0xE9CD9600,
0x20000A01,
0x46409003,
0x806CF8DF,
0x960047C0,
0xF504A808,
0x462976C0,
0xE9CD462B,
0x46380A01,
0xF8CD4632,
0x47C0A00C,
0x4629A809,
0x462B464A,
0x77C0F500,
0x9700A808,
0x0A01E9CD,
0x90032000,
0x47C09806,
0x9700A808,
0x46324629,
0xE9CD462B,
0x46580A01,
0xA00CF8CD,
0x980747C0,
0xF44FA909,
0x28007200,
0x465CBF08,
0xF7EE4620,
0xF50DFFC7,
0xE8BD7D09,
0xBF008FF0,
0x0000F075,
0x746C6966,
0x635F7265,
0x61637361,
0x00006564,
0x0002F046,
0x47F0E92D,
0x8B04ED2D,
0x46E8B0A0,
0x4681460E,
0x469A2180,
0x46404615,
0xFFC1F7EE,
0x0F00F1BA,
0x0A88ED9F,
0x46C2BF08,
0xBF082D00,
0x2E004645,
0x4646BF08,
0x0F00F1B9,
0x80FFF000,
0x2800982D,
0x80FBF000,
0x80B0F8DD,
0x9A00EEB7,
0xD0462801,
0xD07D2802,
0xEEB0280F,
0xF0400A49,
0xED9F80C2,
0x20001A79,
0x462A4649,
0x46544633,
0x0A41EEB0,
0xED94E032,
0xED932A00,
0xED923A00,
0xED914A00,
0x31045A00,
0x33043204,
0x30013404,
0x6A02EE33,
0x7A44EE35,
0x2A43EE32,
0x3A04EE35,
0x4AC6EEB0,
0x5AC7EEB0,
0x2AC2EEB0,
0x3AC3EEB0,
0x4A04EE35,
0x2A02EE33,
0x0AC4EEB4,
0xFA10EEF1,
0x1AC2EEB4,
0xEEB0BFC8,
0xEEF14A40,
0xBFC8FA10,
0x2A41EEB0,
0x0A04EE30,
0x1A02EE31,
0xDBCA4540,
0xED9FE030,
0x20001A59,
0x462A4649,
0x46574633,
0x0A41EEB0,
0xED97E024,
0xED932A00,
0xED923A00,
0xED914A00,
0x31045A00,
0x33043204,
0x30013704,
0x6A02EE33,
0x2A43EE32,
0x3A04EE35,
0x7A44EE35,
0x4AC6EEB0,
0x5AC7EEB0,
0x2AC2EEB0,
0x3AC3EEB0,
0x4A04EE35,
0x2A02EE33,
0x0A04EE30,
0x1A02EE31,
0xDBD84540,
0x1AC0EEB4,
0xFA10EEF1,
0xEEB0BFC8,
0xE0480A41,
0x0A3CED9F,
0x46492000,
0x4633462A,
0xEEB04657,
0xE0288A40,
0x1A00ED97,
0x2A00ED93,
0x3A00ED92,
0x4A00ED91,
0x32043104,
0x37043304,
0xEE323001,
0xEE315A01,
0xEE341A42,
0xEE342A43,
0xEEB03A03,
0xEEB01AC1,
0xEEB05AC5,
0xEEB02AC2,
0xEE253AC3,
0xEE214A05,
0xEE021A01,
0xEE034A02,
0xEE381A03,
0xEE308A04,
0x45400A01,
0xEEB4DBD4,
0xEEF10AC8,
0xBFC8FA10,
0x8A40EEB0,
0x0A48EEB0,
0xFA79F015,
0x0A40EEB4,
0xFA10EEF1,
0xEEB0D003,
0xF0150A48,
0xED9FFA70,
0xEE201A19,
0xEEB41A01,
0xEEF11AC9,
0xDB22FA10,
0xE01E2000,
0x1A00ED99,
0xEE813001,
0xED891A00,
0xF1091A00,
0xED960904,
0xEE811A00,
0xED861A00,
0x36041A00,
0x1A00ED95,
0x1A00EE81,
0x1A00ED85,
0xED9A3504,
0xEE811A00,
0xED8A1A00,
0xF10A1A00,
0x45400A04,
0xB020DBDE,
0x8B04ECBD,
0x87F0E8BD,
0x00000000,
0x46800000,
0xED2DB5B0,
0x460C8B04,
0xEEB74605,
0x2A008A00,
0x80CFF000,
0xD0392A01,
0xD0632A02,
0xEEB02A0F,
0xF0400A48,
0xED9F809B,
0xF5051A65,
0x21007080,
0x0A41EEB0,
0xED90E027,
0xED103A20,
0xED904A20,
0xED102A00,
0x30045A40,
0xEEB03101,
0xEEB03AC3,
0xEEB04AC4,
0xEEB02AC2,
0xEE345AC5,
0xEE353A03,
0xEEB42A02,
0xEEF10AC3,
0xEEB4FA10,
0xBFC81AC2,
0x3A40EEB0,
0xFA10EEF1,
0xEEB0BFC8,
0xEE302A41,
0xEE310A03,
0x42A11A02,
0xE023DBD5,
0x1A4BED9F,
0x7080F505,
0xEEB02100,
0xE0190A41,
0x2A00ED90,
0x3A20ED90,
0x4A20ED10,
0x5A40ED10,
0x31013004,
0x3AC3EEB0,
0x4AC4EEB0,
0x2AC2EEB0,
0x5AC5EEB0,
0x3A03EE34,
0x2A02EE35,
0x0A03EE30,
0x1A02EE31,
0xDBE342A1,
0x1AC0EEB4,
0xFA10EEF1,
0xEEB0BFC8,
0xE03B0A41,
0x0A35ED9F,
0x7080F505,
0xEEB02100,
0xE01D9A40,
0x1A00ED90,
0x2A20ED90,
0x3A20ED10,
0x4A40ED10,
0x31013004,
0x2AC2EEB0,
0x1AC1EEB0,
0x3AC3EEB0,
0x4AC4EEB0,
0x2A02EE22,
0x1A01EE21,
0x2A03EE03,
0x1A04EE04,
0x9A02EE39,
0x0A01EE30,
0xDBDF42A1,
0x0AC9EEB4,
0xFA10EEF1,
0xEEB0BFC8,
0xEEB09A40,
0xF0150A49,
0xEEB4F996,
0xEEF10A40,
0xD003FA10,
0x0A49EEB0,
0xF98DF015,
0x1A18ED9F,
0x1A01EE20,
0x1AC8EEB4,
0xFA10EEF1,
0xF505DB1F,
0x21007080,
0xED90E019,
0xED901A00,
0xED102A20,
0xED103A20,
0x31014A40,
0x4A00EE84,
0x3A00EE83,
0x1A00EE81,
0x2A00EE82,
0x4A40ED00,
0x3A20ED00,
0x1A00ED80,
0x2A20ED80,
0x42A13004,
0xEEB0DBE3,
0xEEB08A40,
0xECBD0A48,
0xBDB08B04,
0x00000000,
0x46800000,
0x41FFE92D,
0xD82B2803,
0x1E4DB353,
0xD2382D02,
0x28014C49,
0x45B0F504,
0x4C90F504,
0xF504BF08,
0xBF0845A8,
0x4C88F504,
0xBF082A00,
0x290146AC,
0xF103D137,
0x24000E40,
0xEB0CE00B,
0xEB0E0604,
0x69B70504,
0x7C40F845,
0x5098F8D6,
0x5004F84E,
0x2C403404,
0xF50CD1F1,
0xF04F74DC,
0xE0480E01,
0xF04FA036,
0x220031FF,
0x13C5F240,
0x20009002,
0x48AC9000,
0x20059001,
0xFD30F006,
0x0001F06F,
0x2904E055,
0xB17AD10B,
0x28014C2A,
0x6C7EF504,
0xF504BF08,
0x88256C3E,
0x0A2DBF18,
0xF04FE013,
0xF04F0C00,
0xE0100E01,
0x28014C23,
0x6C80F504,
0xBF044C20,
0x4C00F246,
0x0C08F2C4,
0x46048825,
0x2409BF18,
0xF00540E5,
0xF1030E01,
0x25000840,
0xEB0CE00B,
0xEB080705,
0x6DBC0605,
0x4C40F846,
0x40D8F8D7,
0x4005F848,
0x2D403504,
0xF50CD1F1,
0x682474FC,
0xF8C32901,
0xD0084080,
0xBF082904,
0x0F00F1BE,
0xF8DCD003,
0x0E3D7008,
0xF8DCE003,
0xF3C77008,
0xF0004507,
0xEA40000F,
0xB2C01001,
0x2002EA40,
0x4005EA40,
0x0084F8C3,
0xB0042000,
0x81F0E8BD,
0x40084020,
0x40086400,
0x5F726966,
0x5F676572,
0x00746567,
0xB1C8B57F,
0x2084F8D0,
0x0E0FF002,
0x0F04F1BE,
0xF3C2D212,
0xEA4F1303,
0x1E5C2C12,
0xD21C2C02,
0x620CEA5F,
0x4A62D039,
0x0F01F1BE,
0x4CC0F502,
0xF502BF08,
0xE0414CB8,
0xF04F2000,
0x220031FF,
0x2312F240,
0x48649000,
0x48649002,
0x20059001,
0xFCA0F006,
0x0001F06F,
0x2B04E0A8,
0xEA5FD10D,
0xD023620C,
0xF1BE4A52,
0xF5020F01,
0xBF046C80,
0x4C00F644,
0x0C08F2C4,
0x0910E020,
0x31FFF04F,
0xF44F2200,
0xF000730C,
0x9003000F,
0x9001A04B,
0x90002000,
0x90024850,
0x4A45E7D9,
0x0F01F1BE,
0x4CE0F502,
0xF502BF08,
0xE0074CD8,
0xF1BE4A40,
0xF5020F01,
0xBF085CE0,
0x5CC0F502,
0x0340F100,
0xF64F2200,
0xB9B97EFF,
0x189DE032,
0x0402EB0C,
0x6C40F855,
0x589E65A6,
0x60D8F8C4,
0x3204589E,
0x6158F8C4,
0x5C40F855,
0x060EEA25,
0x4276426D,
0x4335B2AD,
0x51D8F8C4,
0xD1E62A40,
0x72FCF50C,
0x189DE01A,
0x0402EB0C,
0x6C40F855,
0x589E61A6,
0x6098F8C4,
0x3204589E,
0x6118F8C4,
0x5C40F855,
0x060EEA25,
0x4276426D,
0x4335B2AD,
0x5198F8C4,
0xD1E62A40,
0x72DCF50C,
0x3080F8B0,
0xF64F6816,
0x290075FF,
0x0605EA26,
0x0306EA43,
0xF8D06013,
0xF8DC3084,
0xF3C32008,
0xD00E4007,
0xF0220C19,
0x4B14427F,
0x6101EA42,
0x1008F8CC,
0xF85C0201,
0xF4222F0C,
0x22184E7F,
0xF422E00C,
0x4B0E017F,
0xEA412210,
0xF8CC4100,
0xF85C1008,
0xF0211F0C,
0x46010EFF,
0x010EEA41,
0xF8CC4090,
0xF8DC1000,
0x40191000,
0xF8CC4308,
0x20000000,
0xBD70B004,
0x40084C00,
0x00FFFFFF,
0xFF00FFFF,
0x50207325,
0x4D415241,
0x52524520,
0x5F686320,
0x65707974,
0x0D64253A,
0x0000000A,
0x0002EFDF,
0x0002EFD0,
0x4FF8E92D,
0x5B0AED2D,
0xD8022803,
0x0F03F013,
0xA0BFD014,
0x31FFF04F,
0xF44F2200,
0x900273BC,
0x90002000,
0x900148BC,
0xF0062005,
0xF06FFBC3,
0xECBD0001,
0xB0015B0A,
0x8FF0E8BD,
0x9C141E4F,
0x2F029304,
0xB1CAD208,
0x28014AAA,
0x4390F502,
0xF502BF08,
0xE0184388,
0xD10C2904,
0xB1BA4DA4,
0x627EF505,
0xBF082801,
0x623EF505,
0x88289205,
0x0A00BF18,
0x2000E01B,
0xE0079005,
0x28014A9D,
0x43B0F502,
0xF502BF08,
0x930543A8,
0xE0102001,
0x28014A98,
0x6280F502,
0xF246BF04,
0xF2C44200,
0x92050208,
0xBF18882A,
0xFA222009,
0xF000F000,
0x2C010001,
0xF0409003,
0xE9DD80E4,
0xE9DD7017,
0xED9F6215,
0xED9F0A8D,
0xF04F2A8D,
0xEEB70800,
0xEEBE1A00,
0xF1003A00,
0x98050E04,
0xF1021D35,
0x1D3C0B04,
0x76CCF500,
0xEA4F9804,
0xE0C40A50,
0x5A00ED9B,
0x4A01ED1B,
0x7A00ED9E,
0x6A01ED1E,
0x0A40EEF0,
0x3A40EEF0,
0x6A40EEF0,
0x7A40EEF0,
0x8A40EEB0,
0x9A40EEB0,
0x5AC0EEB5,
0xFA10EEF1,
0x4AC0EEB5,
0xEEF0BFC8,
0xEEF10A41,
0xEDD4FA10,
0xEEB52A00,
0xED547AC0,
0xBFC81A01,
0x3A41EEF0,
0xFA10EEF1,
0x6AC0EEB5,
0x4A01ED55,
0x5A00EDD5,
0x0A02EE45,
0x5A40EEB0,
0xEEF0BFC8,
0xEE446A41,
0xEEF13A02,
0xEEB0FA10,
0xEEF54A40,
0xBFC82AC0,
0x4A41EEB0,
0xFA10EEF1,
0x1AC0EEF5,
0x6A02EE47,
0xEEB0BFC8,
0xEEF15A41,
0xEEF5FA10,
0xEE065AC0,
0xBFC84A02,
0x7A41EEF0,
0xFA10EEF1,
0x4AC0EEF5,
0x7A83EE30,
0x0A83EE73,
0x5A82EE02,
0xEEB0BFC8,
0xEEF18A41,
0xEE41FA10,
0xBFC87A82,
0x9A41EEB0,
0x7AC7EEBD,
0x0AE0EEFD,
0x6A83EE36,
0x4A03EE34,
0x8A82EE05,
0xEE352901,
0xEE775A03,
0xEE041A83,
0xEEBD9A82,
0xEEBD6AC6,
0xEE174AC4,
0xEE100A10,
0xEEBD7A90,
0xEEBD5AC5,
0xEE787AE1,
0xEAC72A03,
0xEE794700,
0xEE163A03,
0xEE140A10,
0xEEFD2A10,
0xEE170AE2,
0xEAC23A10,
0xEE154000,
0xEEFD2A10,
0xEAC31AE3,
0xEE104C02,
0xEE112A90,
0xEAC33A90,
0xD10A4902,
0xF8464A33,
0xF06F9002,
0xF84602FF,
0xF846C002,
0x46300C80,
0x4A2DE00B,
0x9002F846,
0xCCC0F846,
0x0C40F846,
0xEB009805,
0xF5000088,
0x600770EC,
0x0B08F10B,
0x0E08F10E,
0x35083408,
0xF1AA3604,
0xF1080A01,
0xF1BA0801,
0xF47F0F00,
0x9804AF37,
0x29012201,
0x0090EA4F,
0xF000FA02,
0x02FFF100,
0x2904D003,
0x9803D111,
0x9B05B978,
0x4C1AB2D0,
0x46072210,
0xF4216899,
0xEA41017F,
0x60994100,
0x1F0CF853,
0x01FFF021,
0x9B05E00F,
0x4C110211,
0x6898B28F,
0x407FF020,
0x6002EA40,
0xB2D06098,
0xF8532218,
0xF4211F0C,
0x4339417F,
0x60194090,
0x40216819,
0x60184308,
0xE6A02000,
0x40084020,
0x40086400,
0x00000000,
0x46800000,
0xFFFFFEC0,
0xFFFFFE80,
0x00FFFFFF,
0xFF00FFFF,
0x5F726966,
0x00746573,
0x0002EFD0,
0x4FF0E92D,
0x6D40F5AD,
0xF50DB083,
0x4688693F,
0x211C4682,
0xF7EE4648,
0x4E8DFA98,
0x20004F8D,
0xEB06E005,
0x59C90180,
0x1020F849,
0x28073001,
0x6830D1F7,
0x35C4F60D,
0x48879011,
0x91106801,
0x910F6841,
0x910E6881,
0x910D68C1,
0x6900212C,
0x4628900C,
0xFA79F7EE,
0x20004C80,
0xF854E004,
0xF8451020,
0x30011020,
0xD1F8280B,
0x46414650,
0x8024F8CD,
0xF9B0F001,
0xB000F890,
0xA04CF8CD,
0xA001F890,
0xF8909008,
0xA8148002,
0x6127F44F,
0xB02CF8CD,
0xFA59F7EE,
0xF8CD4871,
0xF04F8028,
0x220031FF,
0xF85023BD,
0xF8DD002B,
0xE9CDB04C,
0xF8CD8B05,
0xE9CDA048,
0xF8DF0A03,
0xA06A81A8,
0x0A00F04F,
0x20019001,
0xA000F8CD,
0x8008F8CD,
0xF9E2F006,
0xB161990B,
0x0F04F1BB,
0xF8DDD116,
0x495DA048,
0xF1BA4630,
0xBF180F01,
0x210C1D08,
0xA070E022,
0x23C12200,
0xA000E9CD,
0x8102E9CD,
0xF04F2005,
0xF00631FF,
0xE07BF9C7,
0x22024864,
0x68006801,
0x2050EA02,
0x11C0F3C1,
0x43019A0A,
0x5060F504,
0xF04F4211,
0xBF04010F,
0x0010F248,
0x0008F2C4,
0xA048F8DD,
0xF10D6800,
0x40C80850,
0xF0004958,
0xF8510007,
0x9808B020,
0xF0114641,
0xEEBEFB3F,
0xEEF60A0F,
0x46400A0F,
0x465A2120,
0xFE8CF010,
0xA160F88D,
0xF8DD2000,
0x2102A04C,
0xB028F8DD,
0x90599057,
0x116CF88D,
0x915C2101,
0xB174F88D,
0x2019905E,
0x0F04F1BA,
0x201ABF08,
0x017CF88D,
0xF8B04844,
0x905A0144,
0xF0104640,
0x4640FEEF,
0xF8BCF011,
0x21014640,
0xF980F011,
0x0F04F1BA,
0xA048F8DD,
0xF1ABD103,
0x493C0002,
0xF89DE008,
0x07000050,
0x2100D401,
0xF1AAE007,
0x49360002,
0xF080FAB0,
0xEB010940,
0xF60D2100,
0xF10D28C4,
0x46500A50,
0xF7F74642,
0x9815FF27,
0xF10A9956,
0x46420308,
0x0100E9CD,
0x99099813,
0xF866F000,
0x60309811,
0x99104813,
0x990F6001,
0x990E6041,
0x990D6081,
0x990C60C1,
0x20006101,
0xF859E005,
0xEB061020,
0x30010280,
0x280751D1,
0x2000D1F7,
0xF855E004,
0xF8441020,
0x30011020,
0xD1F8280B,
0x6D40F50D,
0xE8BDB003,
0xBF008FF0,
0x40084008,
0xFFFFC000,
0x4008400C,
0x40084808,
0x00000E24,
0x0002ED80,
0x3D3D0A0D,
0x3A73253E,
0x6F6F6C20,
0x646F6D70,
0x73252065,
0x58542820,
0x61684320,
0x6425206E,
0x203E2D20,
0x58522F4F,
0x61684320,
0x6425206E,
0x64255B29,
0x000A0D5D,
0x40090008,
0x00000DF8,
0x00035000,
0x0003F080,
0x0003E080,
0x203A7325,
0x6F727265,
0x6F6C2072,
0x6F6D706F,
0x255B6564,
0x0A0D5D64,
0x00000000,
0x4FF8E92D,
0x8B0CED2D,
0x6DB8F5AD,
0x48954606,
0x29014617,
0xF8DD910F,
0xF50D5618,
0xF50D6998,
0xF04F64A8,
0xF1000100,
0xBF040208,
0x0208F244,
0x0208F2C4,
0xBF182E04,
0x4280F500,
0xF8D22000,
0x90058000,
0x462A2001,
0x0003E9CD,
0x061CF8DD,
0x9008F8CD,
0x90009401,
0xF0014638,
0xA8B0FF53,
0x22004649,
0xE9CD2300,
0x46200500,
0xF836F7FE,
0x2E04200F,
0xED9F960E,
0xED9F8A81,
0xEEB7AA81,
0xEEBE9A00,
0xF20FBA00,
0xF04F1BFC,
0xF04F0600,
0xBF080A00,
0xFA28200C,
0x900DF000,
0xA8B0E054,
0x2A48EEB0,
0x3A48EEB0,
0xED904430,
0xED901A40,
0xEEB50A00,
0xEEF11AC0,
0xEEB5FA10,
0xBFC80AC0,
0x2A49EEB0,
0xFA10EEF1,
0xEEB0BFC8,
0x59B83A49,
0x2A0AEE01,
0x3A0AEE00,
0xCA0BEE32,
0xDA0BEE33,
0xFBAEF7EE,
0xF50D4605,
0x460C60A8,
0xF7EE5980,
0x4680FBA7,
0x6098F50D,
0x59804689,
0xFBA0F7EE,
0x3ACCEEBD,
0x4ACDEEBD,
0x0B10EC41,
0x8B11EC49,
0x5B12EC44,
0x23962200,
0x0A10EE13,
0x1A10EE14,
0x2B06ED8D,
0x1B08ED8D,
0x0B0AED8D,
0x2B00E9CD,
0xE9CD2200,
0x9004A102,
0xF04F2001,
0xF00631FF,
0x3604F843,
0x0A01F10A,
0x0618F8DD,
0xDBA64582,
0x2801980E,
0xA830D175,
0x7100F44F,
0xF88DF7EE,
0x2180A810,
0xF889F7EE,
0x990D483F,
0x00E0F8D0,
0x0107F001,
0xFA01FA20,
0xF7EE4650,
0x4605FAB9,
0xED9F483A,
0x460E0A3B,
0xB054F8D0,
0xBA10EE01,
0x1A41EEB8,
0x0A00EE21,
0x0A10EE10,
0xFB50F7EE,
0x460B4602,
0x46314628,
0xF992F7EE,
0xFB5BF7EE,
0xF7EE4606,
0xF8DDFB45,
0x4605803C,
0x90B4F8DF,
0xF1A8460C,
0xFAB00002,
0x0947F080,
0x0027F859,
0xFB36F7EE,
0xEC414A28,
0xEC440B11,
0x24005B10,
0xF04F2001,
0x239E31FF,
0xB008F8CD,
0xA00CF8CD,
0xED8D9400,
0xED8D1B04,
0x92010B06,
0xF0052200,
0xEB09FFE3,
0xAF100087,
0x6A10EE01,
0x0A00ED90,
0x0618F8DD,
0x46054639,
0x0A41EE20,
0xF0041E68,
0xAE30FE3D,
0x21004638,
0x23002200,
0x6500E9CD,
0xFF54F7FD,
0x5400E9CD,
0x2001ABB0,
0x46324641,
0xF8DDE007,
0x22001618,
0xE9CDABB0,
0x22001200,
0xF7F7990F,
0xF50DFE79,
0xECBD6DB8,
0xB0018B0C,
0x8FF0E8BD,
0x40084008,
0x00035000,
0x00000C00,
0x43B40000,
0x00058DE0,
0x0002ED46,
0x00000000,
0x46800000,
0x09643425,
0x09643625,
0x09643625,
0x342E3625,
0x66250966,
0x0D662509,
0x0000000A,
0x4FF8E92D,
0x8B02ED2D,
0x6D39F5AD,
0x4680460C,
0xF44FA848,
0x461E6127,
0xF7ED4617,
0xA808FFDE,
0x7180F44F,
0xFFD9F7ED,
0xB2C01E60,
0xD30C2802,
0xF04F2000,
0x220031FF,
0x130FF240,
0x90009402,
0x90014851,
0xF0052005,
0xF1B8FF6F,
0xD1020F04,
0x494E1EA0,
0x484DE006,
0xF1B8494D,
0xBF080F02,
0x1EA04601,
0xF080FAB0,
0xEB010940,
0xA0492500,
0xF04FA14D,
0x22000B00,
0x1315F240,
0xB100E9CD,
0x0802E9CD,
0xF04F2001,
0xE9CD31FF,
0x94048406,
0xFF4AF005,
0x8A4DED9F,
0x8134F8DF,
0xF04FAC08,
0xF04F597E,
0xE0240A00,
0x002AF857,
0xEE00B1E8,
0xEEB80A10,
0xEE800AC0,
0xEE100A08,
0xED840A10,
0xF7EE0A00,
0xEC41FA6D,
0x20010B10,
0x31FFF04F,
0xF2402200,
0xED8D131B,
0xE9CD0B04,
0xF8CDB800,
0xF005A008,
0xF8C5FF21,
0x34049000,
0xF10A3504,
0x45B20A01,
0xF8DDDBD8,
0x48318018,
0x0F04F1B8,
0x9C07D105,
0x2C01210C,
0x3008BF18,
0x492DE013,
0xF5002302,
0x680A4080,
0xF3C26809,
0xEA0312C0,
0x9C072151,
0x42214311,
0x010FF04F,
0xF248BF04,
0xF2C40010,
0x68000008,
0x6A10EE01,
0x0A00EEB7,
0xEEB8AD48,
0x40C81AC1,
0xEE80491F,
0xF0001A01,
0xEE700007,
0xF8510A41,
0xEEB17020,
0x46280A60,
0x463A4631,
0xFBD2F010,
0x0308F105,
0x4640AA08,
0xE9CD4621,
0xF7FF6700,
0xF50DFDF3,
0xECBD6D39,
0xB0018B02,
0x8FF0E8BD,
0x0002ED64,
0x0003E080,
0x0003EE80,
0x74616C66,
0x7373656E,
0x5F72665F,
0x6F706D69,
0x00007472,
0x633A7325,
0x79745F68,
0x25206570,
0x63202C64,
0x64252068,
0x00000A0D,
0x40084008,
0x40090008,
0x00000DF8,
0x461C4000,
0x0002ED78,
0x4FF0E92D,
0x6DA4F5AD,
0x4689B081,
0xA8C94606,
0x7100F44F,
0xFEF7F7ED,
0xF44FAF49,
0x46387100,
0xFEF1F7ED,
0x2180A829,
0xFEEDF7ED,
0x2180AD09,
0xF7ED4628,
0x495CFEE8,
0x2E04200F,
0x0303F06F,
0x200CBF08,
0x0F01F1B9,
0x0208F101,
0xF244BF04,
0xF2C40208,
0x2E040208,
0xF501BF18,
0x68114280,
0xFA214A52,
0xF000F000,
0x2C020407,
0xBF284621,
0x2E042102,
0x3103BF08,
0x0041EB01,
0x1000EB02,
0xF852A24B,
0xF1C11021,
0xEB020221,
0xEA0372D2,
0x23000242,
0xE004442A,
0x5023F850,
0x5023F842,
0x428B3301,
0x2520DBF8,
0x2100A809,
0x23002200,
0x7500E9CD,
0xF7FD2700,
0x2E01FDD7,
0x4842D166,
0x00E0F8D0,
0xF604FA20,
0xF7EE4630,
0x4605F8D7,
0xED9F483E,
0x460F0A3F,
0x8054F8D0,
0x8A10EE01,
0x1A41EEB8,
0x0A00EE21,
0x0A10EE10,
0xF96EF7EE,
0x460B4602,
0x46394628,
0xFFB0F7ED,
0xF979F7EE,
0xF7EE4607,
0x4605F963,
0x0002F1A9,
0xA0C4F8DF,
0xFAB0460C,
0xEA4FF080,
0xF85A1B50,
0xF7EE002B,
0xEC41F955,
0x482C0B10,
0x8602E9CD,
0x5B11EC44,
0x0800F04F,
0x31FFF04F,
0x23522200,
0x8000F8CD,
0x0B04ED8D,
0x1B06ED8D,
0x20019001,
0xFE02F005,
0x008BEB0A,
0xEE01AC29,
0xED907A10,
0x201F0A00,
0xEE204621,
0xF0040A41,
0xADC9FC5F,
0x46202620,
0x22002100,
0x95002300,
0xF7FD9601,
0xE9CDFD75,
0xAB496800,
0x46492001,
0xE005462A,
0x4630AB49,
0x22004649,
0x5700E9CD,
0xFC9CF7F7,
0x6DA4F50D,
0xE8BDB001,
0xBF008FF0,
0x40084008,
0x0002D9D8,
0x00000005,
0x00000005,
0x00000009,
0x00000009,
0x00000009,
0x00000009,
0x00035000,
0x00000C00,
0x43B40000,
0x00058DE0,
0x0002ED46,
0x4FF8E92D,
0x8B10ED2D,
0x6D3BF5AD,
0x460CB082,
0xA8524682,
0x6127F44F,
0xF7ED4691,
0xA812FE06,
0x7180F44F,
0xFE01F7ED,
0xB2C01E60,
0xD30C2802,
0xF04F2000,
0x220031FF,
0x739DF44F,
0x90009402,
0x900148AD,
0xF0052005,
0x4650FD97,
0xF7F04621,
0xB280FF55,
0xF005A90E,
0xF44FFA3F,
0x2C015080,
0xF04FAA11,
0xF04F0100,
0xBF080301,
0x5000F44F,
0x670EE9DD,
0xFC76F7F3,
0x46304AA0,
0x23004639,
0xF7ED4693,
0x4606FD45,
0x499D9811,
0x0F04F1BA,
0x78FCF000,
0xF088FAB8,
0x1050EA4F,
0x2C01D105,
0x020CF04F,
0x3108BF18,
0x4A96E012,
0xF5012702,
0x68134180,
0xEA076812,
0xF3C32252,
0x431A13C0,
0xF04F4222,
0xBF04020F,
0x0110F248,
0x0108F2C4,
0x23006809,
0x4A8C40D1,
0x0107F001,
0x5021F852,
0xA18AA290,
0x3200E9CD,
0x1A02E9CD,
0x2200A904,
0x73A9F44F,
0xF7FBFB95,
0x9007C1D0,
0xF04F2001,
0xF00531FF,
0xAF52FD39,
0x0A0FEEBE,
0x0A0FEEF6,
0x462A2120,
0x4638950A,
0xFA20F010,
0x0A64ED9D,
0xAA8FED9F,
0x9A10EE01,
0x0F00F1B8,
0x0AC0EEB8,
0xBAC1EEB8,
0xA40BE9CD,
0xEE80960D,
0xEE300A0A,
0xEEB00A0B,
0xD00A0AC0,
0x2A86ED9F,
0x1A86ED9F,
0x3A86ED9F,
0x2A02EE20,
0x2A02EE20,
0xF640E026,
0x428630B8,
0xED9FD810,
0xED9F1A86,
0xEE202A86,
0xEE201A01,
0xEE204A02,
0xED9F3A01,
0xEE201A83,
0xED9F2A03,
0xE00F3A82,
0x1A79ED9F,
0x2A79ED9F,
0x1A01EE20,
0x4A02EE20,
0x3A01EE20,
0x1A76ED9F,
0x2A03EE20,
0x3A75ED9F,
0x2A04EE00,
0x2A03EE00,
0xFA75ED9F,
0x8A75EDDF,
0x9A6DEDDF,
0xAA6DEDDF,
0xBA6DEDDF,
0xCA6DEDDF,
0xEA66EDDF,
0xFA66EDDF,
0xDA66ED9F,
0x0508F107,
0x0900F04F,
0x0A48F10D,
0xDA04EEF3,
0x8A04EEB2,
0x1BA4F20F,
0xEE322600,
0xE06DCA01,
0x0086EB05,
0x0F00F1B8,
0x0A00ED90,
0x0AC0EEB8,
0x0A0AEE80,
0x0A0BEE30,
0x0AC0EEB0,
0xEE20D008,
0xEEB01A2E,
0xEEB02A4D,
0xEE203A6F,
0xE0251A01,
0xF640980D,
0x428831B8,
0xED9FD812,
0xED9F1A54,
0xEEB02A54,
0xEE203A4F,
0xEE201A01,
0xEE202A02,
0xEE201A01,
0xEE001A01,
0xEEB01A02,
0xE00D2A68,
0x1A29EE20,
0x2A2AEE20,
0x3A6BEEB0,
0x1A01EE20,
0x1A01EE20,
0x1A02EE00,
0x2A6CEEB0,
0x1A02EE00,
0xEA03EE31,
0x0A4EEE3C,
0x0A2DEEC0,
0x0A48EEB0,
0xFB56F013,
0x9A40EEB0,
0x0A10EE1E,
0x9A00ED8A,
0xFFACF7ED,
0xEE194607,
0x460C0A10,
0xFFA6F7ED,
0x0B10EC41,
0x7B11EC44,
0xF04F2001,
0x220031FF,
0x73B6F44F,
0x1B04ED8D,
0x0B06ED8D,
0x9B00E9CD,
0xF0059602,
0xF10AFC57,
0x36010A04,
0xD18F2E20,
0xAA122020,
0x9000462B,
0x9001980A,
0x010BE9DD,
0xFB64F7FF,
0x6D3BF50D,
0xECBDB002,
0xB0018B10,
0x8FF0E8BD,
0x0002ED64,
0x000F4240,
0x40084008,
0x40090008,
0x00000DF8,
0x74616C66,
0x7373656E,
0x66696C5F,
0x5F72665F,
0x6C707061,
0x00000079,
0x633A7325,
0x79745F68,
0x25206570,
0x63202C64,
0x64252068,
0x4F4C202C,
0x4D642520,
0x202C7A48,
0x25207346,
0x7A484D64,
0x504C202C,
0x57736946,
0x20656469,
0x0A0D6425,
0x00000000,
0x49742400,
0xB9094234,
0xC0B5A9FC,
0xBC0B8F15,
0xB593815A,
0x392E7BA9,
0xC0BD6042,
0xBB421E1D,
0xB5B97D29,
0x39D1A9AB,
0xC0A0AC08,
0xBCE1EF74,
0x25096425,
0x66250966,
0x00000A0D,
0xF9914905,
0xF1B22000,
0xDCFA3FFF,
0x2140F04F,
0xB2C07008,
0xBF004770,
0x40004018,
0x4FF0E92D,
0x4615B0A1,
0x0804F10D,
0x4607460E,
0x4628469A,
0xF0044641,
0x4934FA3D,
0x72D5EB05,
0x0385EB08,
0xED9F2001,
0xEEB60A32,
0xF1A31A00,
0x19730E04,
0x0062EB00,
0x0962EA4F,
0x1B404011,
0x0145EBA1,
0x0141EB07,
0xEB071C6F,
0xEBA377D7,
0x464F0367,
0x0801F1A3,
0xBFC44547,
0xE8BDB021,
0xEBA78FF0,
0x22000B09,
0xEEB04674,
0xEEB02A40,
0xE0223A40,
0xEEB01883,
0xEEB04A40,
0x2B005A40,
0x42B3DB13,
0x4A40EEB0,
0x5A40EEB0,
0xEB01DA0D,
0xF9B30382,
0xF9B3C004,
0xEE043006,
0xEEB83A10,
0xEE045AC4,
0xEEB8CA10,
0xED944AC4,
0x3C046A00,
0xEE053201,
0xEE042A06,
0x42AA3A06,
0xEE33DBDA,
0xEE323A01,
0x31042A01,
0x37013001,
0x3AC3EEBD,
0x2AC2EEBD,
0x2A10EE13,
0x3A10EE12,
0x202BF82A,
0xEA422202,
0xF82A028B,
0xE7B53002,
0x7FFFFFFE,
0x00000000,
0x4FF8E92D,
0x6B08ED2D,
0x4682468B,
0x8B44ED9F,
0x27004614,
0x6004F8DB,
0x9018F8DB,
0x8030F8DB,
0x0504F10A,
0x7706E9C4,
0xED95E01D,
0xED151A00,
0xEE210A01,
0xEE001A01,
0xEE111A00,
0xF7ED0A10,
0x4602FE81,
0xEC51460B,
0xEC430B18,
0xF7ED2B19,
0xB930FD66,
0x8A49EEB0,
0xED846267,
0xEEF09B06,
0x35088A69,
0x42B73701,
0xF8DBDBDF,
0x6A610000,
0x0A00ED94,
0x70D0EB00,
0x1A10EE01,
0xEEB81040,
0xEE021AC1,
0x20040A10,
0x2AC2EEB8,
0x00C1EA40,
0x01C1EB0A,
0x2A01EE10,
0xED844450,
0xEDD12A08,
0xED900A00,
0xF0110A00,
0xED9FFDBD,
0xED9F1A21,
0xF5042A21,
0x21107252,
0xEE804643,
0xEE200A01,
0xED840A02,
0x6A600A0A,
0x20115411,
0xE9CD6A61,
0x90029200,
0x46324650,
0xFB7EF007,
0x1B06ED94,
0x0B10EC51,
0x2B11EC53,
0xFB5BF7ED,
0x0B10EC41,
0x0B06ED84,
0x200CF8DB,
0xD0092A03,
0x0B0AED9F,
0x2B10EC53,
0xFBF4F7ED,
0x0B10EC41,
0x0B06ED84,
0xECBD2000,
0xB0016B08,
0x8FF0E8BD,
0xBF00BF00,
0x00000000,
0x00000000,
0x00000000,
0x40100000,
0x40490FDB,
0x43340000,
0x41F0E92D,
0x8B0AED2D,
0x48414680,
0x4100F44F,
0x1A40ED9F,
0x58424B42,
0xEEB05841,
0xEEB02A41,
0xEEB09A41,
0x493C8A41,
0x0F80F012,
0xBF084A3B,
0x68003008,
0xE0202000,
0x0480EB01,
0xF9B43001,
0xF9B45014,
0x5EA76016,
0xEE005EE4,
0xEE035A10,
0xEE046A10,
0xEE057A10,
0xEEB84A10,
0xEEB80AC0,
0xEEB83AC3,
0xEEB84AC4,
0xEE315AC5,
0xEE321A00,
0xEE392A03,
0xEE389A04,
0xF5B08A05,
0xD1DB6F00,
0xED9F4828,
0xED9FAA29,
0xF9B0BA29,
0xF9B01000,
0xF9B02002,
0xF9B04004,
0xEE005006,
0xEEB81A10,
0xEE003AC0,
0xEEB82A10,
0xEE110AC0,
0xEE123A0A,
0xEE730A0A,
0xF0110A0B,
0xEE01FD19,
0xEE024A10,
0xED9F5A10,
0xEEB8CA1B,
0xEEB83AC1,
0xEE191AC2,
0xEE183A0A,
0xEE801A0A,
0xED9F8A0C,
0xEE739A16,
0xEEB00A0B,
0xF0110A41,
0xEE80FD01,
0xEE281A0C,
0xF1B80A09,
0xEE210F00,
0xBF1C1A09,
0x0A00ED88,
0x1A01ED88,
0x0A41EE30,
0x8B0AECBD,
0x81F0E8BD,
0x40088008,
0x00000000,
0x200007D0,
0x00010014,
0x00010016,
0x00058CD8,
0x3A000000,
0x2B8CBCCC,
0x40490FDB,
0x43340000,
0xED9FB510,
0xF04F0A16,
0xEEB00C00,
0xE0131A40,
0x0E8CEB00,
0x402CF930,
0x0C01F10C,
0xE002F9BE,
0x4A10EE02,
0xEA10EE03,
0x2AC2EEB8,
0x3AC3EEB8,
0x0A02EE30,
0x1A03EE31,
0xDBE9458C,
0xB15BB162,
0x1A10EE02,
0x2AC2EEB8,
0x0A02EE80,
0x1A02EE81,
0x0A00ED82,
0x1A00ED83,
0xBF00BD10,
0x00000000,
0x9E04B570,
0x460C9D05,
0x28012100,
0x60296031,
0x2804D01D,
0x8099F040,
0x2018494C,
0xBF082C01,
0x68092010,
0xF000FA21,
0x000FF000,
0xD0262802,
0xF0402801,
0x1EA0808A,
0xFAB0494A,
0x0940F080,
0x0080EB01,
0x60316901,
0x60286980,
0x483FBD70,
0x68002C01,
0x0A00BF18,
0x000FF000,
0xD0392802,
0xBF182801,
0x1EA0BD70,
0xFAB0493E,
0x0940F080,
0x0080EB01,
0x60316A01,
0x60286A80,
0x4834BD70,
0x4A341880,
0x0100F143,
0xF7ED2300,
0xF5B0F983,
0xF2417FC8,
0x4A3361A8,
0x0A30ED9F,
0xF44FBF98,
0x428870C8,
0x4608BF28,
0xF5A021C8,
0xFBB07096,
0x1EA1F0F1,
0xF181FAB1,
0xEBC10949,
0xEB0201C1,
0xFA420281,
0xB240F280,
0x2030F992,
0x2A10EE01,
0xE0294A21,
0x1880481E,
0xF1434A1E,
0x23000100,
0xF958F7ED,
0x7FC8F5B0,
0x61A8F241,
0xED9F4A1A,
0xBF980A1B,
0x70C8F44F,
0xBF284288,
0x21C84608,
0x7096F5A0,
0xF0F1FBB0,
0xFAB11EA1,
0x0949F181,
0x01C1EBC1,
0x0281EB02,
0xF280FA42,
0xF992B240,
0xEE012038,
0x4A0E2A10,
0x1AC1EEB8,
0x1A00EE81,
0x1A00ED86,
0x0181EB02,
0xEE015608,
0xEEB80A10,
0xEE811AC1,
0xED850A00,
0xBD700A00,
0x00058CD4,
0x0007A120,
0x000F4240,
0x00000D50,
0x447A0000,
0x00000DC0,
0x00000C90,
0x4FF0E92D,
0x4604B087,
0x461D2004,
0x46214616,
0xF8E0F000,
0xF8DD9F10,
0x21009044,
0x80397800,
0x1000F8A9,
0xF8314960,
0x05000020,
0x485FD146,
0xF3C06800,
0x28025003,
0x2801D00E,
0x1EA0D13E,
0xFAB04963,
0x0940F080,
0x2020F831,
0x2202803A,
0x0080EA42,
0xE02F5A08,
0x1C484955,
0xF1751A30,
0xD2110000,
0x4A541EA0,
0xF080FAB0,
0xEBC00940,
0x010901C0,
0x80395A51,
0xEA412101,
0xEBC00040,
0xF83200C0,
0xE0170030,
0x1A30484A,
0x0001F175,
0x1EA0D317,
0xFAB04A48,
0x0940F080,
0x01C0EBC0,
0x1101EB02,
0x80398EC9,
0xEA412101,
0xEBC00040,
0xEB0200C0,
0x8EC000C0,
0x0000F8A9,
0xE8BDB007,
0x4A3B8FF0,
0x4630468B,
0x23004629,
0x0A00F04F,
0xF8ACF7ED,
0xFBA84680,
0xFB01020B,
0x1A30210B,
0x0101EB65,
0xFB4BF7ED,
0xF1A81EA2,
0x4E320501,
0xED9F2102,
0xEE010A32,
0xEEB70A10,
0xFAB22A00,
0x2D1AF282,
0x1252EA4F,
0x251ABF28,
0x0A00EE81,
0x03C2EBC2,
0x0145EB01,
0x2A40EE32,
0x1303EB06,
0xF9335E5C,
0xEE013015,
0xEE033A10,
0xEEB84A10,
0xEEB81AC1,
0xEE223AC3,
0xEE001A01,
0xEEBD1A03,
0xEE111AC1,
0x80380A10,
0xEA402001,
0xEBC00042,
0xEB0600C0,
0x5E4100C0,
0x0015F930,
0x0A10EE01,
0x1A10EE03,
0x1AC1EEB8,
0x3AC3EEB8,
0x1A01EE22,
0x1A03EE00,
0x1AC1EEBD,
0x0A10EE11,
0x0000F8A9,
0x0A10EE10,
0xFBC2F7ED,
0x0B10EC41,
0xF04FA00C,
0x220031FF,
0xED8D233A,
0xE9CD0B04,
0x2001A000,
0xF0059502,
0xE789F877,
0x0002DEAC,
0x00058CD4,
0x0BEBC200,
0x4DC93800,
0x00000E4C,
0x4D3EBC20,
0x20786469,
0x202C6425,
0x66342E25,
0x00000A0D,
0x00058DE8,
0xD8102902,
0xD0102801,
0xD0192802,
0xD10A2804,
0x495B1E88,
0xF080FAB0,
0xEA400940,
0xEB010040,
0x305000C0,
0x20004770,
0x1E884770,
0xFAB04954,
0x0940F080,
0x0040EA40,
0x00C0EB01,
0x47703008,
0x494F1E88,
0xF080FAB0,
0xEA400940,
0xEB010040,
0x309800C0,
0xBF004770,
0xD0052802,
0xBF1C2801,
0x47702000,
0xE0002001,
0x40882010,
0x00004770,
0xF7EDB580,
0x4908FA9A,
0x0A08ED9F,
0x0A10EE01,
0x1122F8B1,
0x0A00EE21,
0x1A10EE01,
0x1AC1EEB8,
0x0A01EE20,
0xBF00BD80,
0x00035000,
0x27E26028,
0x461DB5BC,
0x46024613,
0x6804481C,
0x60043401,
0xF7EE2002,
0x2002FE49,
0xF7F12101,
0x4818F86D,
0x466BAA01,
0x5100F44F,
0xFDCCF7FF,
0x2A00ED9D,
0x1A01ED9D,
0xEE222D01,
0xEE010A02,
0xD00D0A01,
0xD1192D02,
0x0A0FED9F,
0x3A0FED9F,
0x0A00EE32,
0x1A03EE31,
0x0A00EE20,
0x0A01EE01,
0x1A0BED9F,
0x0A01EE30,
0xFFD2F011,
0x1A40EEB0,
0x0A08ED9F,
0x2A04EEB2,
0x0A02EE01,
0xBDB0B002,
0x00058DF0,
0x20010400,
0x45000000,
0xC5000000,
0x2EDBE6FF,
0xC2B49E35,
0x4C11B5B0,
0xF6484811,
0x23011157,
0x5C416822,
0xF501FA03,
0x1156F648,
0x42155C40,
0xF000FA03,
0x0102EA00,
0x2900D006,
0x4305BF1C,
0xF0412101,
0xE0020102,
0x2101B139,
0x48054605,
0xB1086800,
0xFAB8F008,
0xBDB06025,
0x4000C034,
0x00035000,
0x00056AC4,
0x00000000,
0x4FF8E92D,
0x8B06ED2D,
0x4681B092,
0x461568C8,
0x6A0F69CA,
0x0B02F04F,
0xED9F684E,
0x28039B83,
0xEE00920C,
0xBF086A10,
0x0B00F1C7,
0xEB0B910F,
0xF1CB0007,
0xEB050800,
0xF50000C0,
0x6B087298,
0x71D6EB06,
0x2000900A,
0x0330F8C5,
0x0361EBA0,
0x6A681049,
0x1308E9CD,
0x3FFFF1B0,
0x4619BFC8,
0x95054273,
0xF5054408,
0x93047152,
0x8AC0EEB8,
0xF8CD970B,
0xFB0B9034,
0xE9CDF500,
0xE0C71006,
0x0F02F1BB,
0x80BEF0C0,
0x5A10EE00,
0xEEB89210,
0xEE800AC0,
0xEE100A08,
0xF7ED0A10,
0xEC41FA87,
0xF0110B10,
0xEC51FC35,
0xF7ED0B10,
0x9904FA2F,
0xFB019A08,
0x42915100,
0x9A094611,
0x4611BFC8,
0x950E4632,
0x1010FB06,
0x980F182E,
0xB1D06A40,
0x9C06A811,
0x0F00F1BB,
0x46314643,
0x90014615,
0x94009810,
0xBFC89002,
0x4648465B,
0xFF50F006,
0xA014F8DD,
0x0207EB0B,
0x46489E11,
0x01C2EB0A,
0x7998F501,
0x2104E01E,
0xEB099611,
0x461500C6,
0x01C6EA41,
0x1A00ED90,
0xED914449,
0xEE200A00,
0xEE010A00,
0xEE100A01,
0xF7ED0A10,
0xEC41FA3F,
0x99100B10,
0xEB074648,
0xED81020B,
0x46890B00,
0xA405E9DD,
0x0282EB0A,
0xEE009F0F,
0xF1BB6A10,
0xF8C20F00,
0x683962B0,
0x1A00ED9A,
0x0AC0EEB8,
0x71D1EB01,
0x0161EA4F,
0x1A10EE02,
0x0106EB0A,
0x2AC2EEB8,
0x2A00EE11,
0x2A8CED82,
0x0220F04F,
0x2348F881,
0xF04F990C,
0xE9CD0202,
0xF04F1400,
0x91020121,
0xBFC84641,
0x29024659,
0x4611BFA8,
0xFB019A0A,
0x4631F302,
0xF006462A,
0xED99FF49,
0xEC511B00,
0xEC530B10,
0xF7EC2B11,
0xEC41FF26,
0x462E0B1A,
0xAB00ED89,
0x2A0368FA,
0xEC53D007,
0xF7EC2B19,
0xEC41FFC1,
0xED890B1A,
0xF8DAAB00,
0xF7ED0330,
0x4602F92A,
0xEC51460B,
0xF7EC0B1A,
0xF7EDFF0C,
0xF8CAF98B,
0x9F0B0330,
0x98079A10,
0x950DE9DD,
0xF1A84405,
0x32080801,
0x0B01F10B,
0xF77F45BB,
0x2000AF35,
0xECBDB012,
0xB0018B06,
0x8FF0E8BD,
0xBF00BF00,
0x00000000,
0x40100000,
0x7802B580,
0xD1072A30,
0xF0427842,
0x2A780220,
0xF04FD102,
0xE0010E02,
0x0E00F04F,
0x0C00F04F,
0xF002E019,
0x3B4103DF,
0x2B1AB2DB,
0x2A39BF28,
0xF1A2D816,
0xF10E0341,
0xB2DB0E01,
0xF06F2B1A,
0xBF38032F,
0x2A393220,
0x120CEB02,
0xF06FBF88,
0xEB020356,
0xFA1F0C03,
0x5C82F28E,
0xD2E02A30,
0xF8A14660,
0xBD80E000,
0x4FF0E92D,
0x4604B09D,
0x0118F104,
0x0220F104,
0xFE8EF7F9,
0x310AE9D4,
0x46206B22,
0xEE104798,
0xED840A10,
0xF7ED0A0D,
0xE9D4F975,
0xEC412300,
0xA07B0B10,
0x0900F04F,
0x31FFF04F,
0x0B04ED8D,
0x9000E9CD,
0xE9CD2001,
0x22002302,
0x43C1F240,
0xFE24F004,
0x2600A80E,
0x0120F100,
0x910D3018,
0xE0A5900C,
0xAB00E9D4,
0x36014620,
0xFDF9F7FC,
0xD0592800,
0x4621A80E,
0x4605223C,
0xFE4EF7EC,
0x0100E9D4,
0x0040EBCA,
0xEBCB900E,
0x900F0041,
0xE9DD4628,
0xF7F9120C,
0xE9D4FE4B,
0xE9D47900,
0x6B608502,
0xF936F7ED,
0x0B10EC41,
0xF8CD487E,
0xF04F9020,
0xA9010900,
0xF2402200,
0xF8CD43DD,
0xE8819000,
0x20010C41,
0x31FFF04F,
0x8505E9CD,
0xED8D9707,
0xF0040B0A,
0xE9D4FDE1,
0x6B22310A,
0x4798A80E,
0x0A1BED8D,
0x1A0DED94,
0xEEB49F0E,
0xEEF10AC1,
0xDA44FA10,
0xEE109D0F,
0xED840A10,
0xE9C40A0D,
0xF7ED7500,
0xEC41F905,
0x48680B10,
0xF8CDA901,
0x22009000,
0x43E6F240,
0x0B06ED8D,
0x9504C1C1,
0xE03F2001,
0x0A02ED94,
0x2A04ED94,
0x1A03ED94,
0x43F4F240,
0x0AC0EEB8,
0x1AC1EEB8,
0x0A00EE22,
0x1A01EE22,
0x0AC0EEBD,
0xEE106961,
0x42810A10,
0x4608BFC8,
0x0AC1EEBD,
0x2A10EE10,
0xBFC84291,
0x4953460A,
0x0202E9C4,
0x9000F8CD,
0x1601E9CD,
0x0203E9CD,
0xF04F2001,
0x220031FF,
0xEE11E014,
0xF7ED0A10,
0xEC41F8C5,
0x48470B10,
0xA9019A0F,
0x9000F8CD,
0x43E9F240,
0x9204C1C1,
0x22002001,
0x0B06ED8D,
0x31FFF04F,
0xFD76F004,
0x696068A1,
0xDC024281,
0x428168E1,
0x6BA0DD04,
0xF6FF4286,
0xE000AF4F,
0x42866BA0,
0xA11EDB0C,
0xF2402200,
0xE9CD43F9,
0x90022100,
0xF04F2001,
0x220031FF,
0xFD5AF004,
0x5700E9D4,
0xF7ED6B60,
0xEC41F891,
0xA01F0B10,
0x96062100,
0xF2402200,
0xE9CD43FD,
0x20011000,
0x31FFF04F,
0x5702E9CD,
0x0B04ED8D,
0xFD42F004,
0xE8BDB01D,
0xBF008FF0,
0x72617453,
0x42203A74,
0x20657361,
0x6E696F70,
0x25282074,
0x25202C64,
0x202C2964,
0x206A624F,
0x66362E25,
0x00000A0D,
0x6E726157,
0x3A676E69,
0x78614D20,
0x6D756D69,
0x65746920,
0x69746172,
0x20736E6F,
0x29642528,
0x61657220,
0x64656863,
0x00000A0D,
0x72616553,
0x65206863,
0x203A646E,
0x65736162,
0x6425283D,
0x6425202C,
0x66202C29,
0x362E253D,
0x69202C66,
0x61726574,
0x6E6F6974,
0x64253D73,
0x00000A0D,
0x0002F0FD,
0x0002F087,
0x0002F0C2,
0x0002F013,
0x41F0E92D,
0x8B0AED2D,
0x0A52ED9F,
0x46906849,
0xF04F2200,
0xEEB00C02,
0xEEB03A40,
0xEEB01A40,
0xEEB02A40,
0xE0294A40,
0x6027F930,
0x0787EA4C,
0x5FC73201,
0xF306FB16,
0x6A10EE05,
0xF506FB17,
0xF407FB17,
0x3A10EE06,
0x7A10EE07,
0x5AC5EEB8,
0x5A90EE00,
0x4A90EE01,
0x6AC6EEB8,
0x7AC7EEB8,
0x3A05EE33,
0x0AE0EEF8,
0x1AE1EEF8,
0x4A06EE34,
0x1A07EE31,
0x0A20EE30,
0x2A21EE32,
0x42B9B217,
0xEE05DCD2,
0xEEB81A10,
0xEE835AC5,
0xEE843A05,
0xEE819A05,
0xEE821A05,
0xEE80BA05,
0xEE03CA05,
0xEE019A43,
0xEE03BA41,
0xEE8BCA41,
0xEEB0AA09,
0xF0130A4A,
0xEEB0F882,
0xEEB48A40,
0xEEF18A48,
0xD005FA10,
0x0A4AEEB0,
0xF877F013,
0x8A40EEB0,
0x0A10EE1C,
0xFFC2F7EC,
0x0A49EEB0,
0x460E4605,
0xF86BF013,
0x0A40EEB4,
0xFA10EEF1,
0xEEB0D003,
0xF0130A49,
0xEE10F862,
0xF7EC0A10,
0x4607FFAF,
0x0A10EE1B,
0xF7EC460C,
0xEC41FFA9,
0xF0130B10,
0xEC51F817,
0x463A0B10,
0xF7EC4623,
0x4602FD75,
0x4628460B,
0xF7EC4631,
0xF7ECFDE1,
0xEE00FFAA,
0xF0100A10,
0xF508FE6D,
0xEEB160E9,
0xED800A40,
0xF2088A00,
0xED80704C,
0x20000A00,
0x8B0AECBD,
0x81F0E8BD,
0x00000000,
0x4FF0E92D,
0xF8DDB09B,
0xF8DFC098,
0x46069E14,
0x46929310,
0x0000F41C,
0xF8D99017,
0x90040100,
0x2041E9D9,
0xF8D99006,
0x9203010C,
0xF8999005,
0xD103014B,
0x028CEA5F,
0x81ECF140,
0xF0002800,
0x200181E9,
0x7004F899,
0x204AF899,
0x304CF899,
0x0B63F10D,
0x96149115,
0x9034F8CD,
0x0063F88D,
0xF88D2002,
0x20040066,
0x0069F88D,
0x0002F899,
0x0064F88D,
0x0092F899,
0x0067F88D,
0x0094F899,
0x7065F88D,
0x0068F88D,
0x0002F00A,
0x306BF88D,
0x206AF88D,
0x900C2200,
0x0001F00A,
0xF001900B,
0x900A0002,
0x0001F001,
0xF0069009,
0x90080002,
0x0001F006,
0xE17F9007,
0xF04F2A00,
0x46900040,
0x2038BF08,
0x4351E9D9,
0x0120F1C0,
0x0560F1A0,
0xF701FA03,
0xF600FA24,
0xF1A04337,
0x2E000620,
0xFA23BFA8,
0xF899F706,
0xF8B9314E,
0x2900614C,
0x0140F1A0,
0x4303EA46,
0x0640F1C0,
0xF606FA03,
0xF101FA23,
0x2600BFA8,
0xBFA82D00,
0x28402100,
0xEA47BF38,
0x28000106,
0x76E4F509,
0x4621BF08,
0xBF082A00,
0x76A8F509,
0x2507F3C3,
0xBF1CB2C8,
0xF04F0C1D,
0x28000801,
0xF0009016,
0xF6488138,
0x92131050,
0x0000F819,
0x0F03F090,
0x2400D116,
0xEB04E00E,
0x21010044,
0xF81B4642,
0x46489000,
0xFD9EF7EF,
0x21024648,
0xF7EF4642,
0x3401FD99,
0xD1EE2C03,
0xE9DD9F15,
0xE0442113,
0x004AF8B9,
0xEBA0990B,
0x29000008,
0xF080FAB0,
0x2101BF18,
0x40080940,
0x104CF8B9,
0x45414682,
0xF04ABF08,
0x990C0A02,
0xBF082900,
0xF8B94682,
0x99090092,
0x0008EBA0,
0xFAB02900,
0xBF18F080,
0x09402101,
0xF8B94008,
0x46071094,
0xBF084541,
0x0702F047,
0x2900990A,
0x4607BF08,
0x0002F8B9,
0xEBA09907,
0x29000008,
0xF080FAB0,
0x2101BF18,
0x40080940,
0x1004F8B9,
0x46014541,
0xF041BF08,
0x9B080102,
0xBF082B00,
0xF0074601,
0x9C0D0002,
0x0902F00A,
0xF00A46D0,
0x97150B01,
0x900F9114,
0x0002F001,
0xF0079012,
0x900E0001,
0x0001F001,
0xEB059011,
0xEA4F00C5,
0xE0AF1A40,
0x0025F856,
0x717AF44F,
0xFBA02A00,
0xD0050101,
0xF9A0F7F0,
0xF50048D3,
0xE0047084,
0xFFB8F7F0,
0xF50048D0,
0xF8567080,
0xF44F1025,
0x9B10727A,
0x1202FBA1,
0x1200E9C0,
0x99159824,
0xF288FA5F,
0x98259000,
0x9001B2C9,
0x90029826,
0xB2C09814,
0xFB84F7F5,
0x0F00F1BB,
0xEB04D00C,
0x2001070A,
0x22002104,
0x7310F507,
0xFD86F7FD,
0x68004863,
0x02C8F8C7,
0x0F00F1B9,
0xEB04D00C,
0x2002070A,
0x22002104,
0x7334F507,
0xFD76F7FD,
0x6840485B,
0x0358F8C7,
0xB9B09811,
0xB360980E,
0x070AEB04,
0x50C0F244,
0x22002102,
0x2001183B,
0xFD64F7FD,
0xF2444853,
0x68406148,
0x98175078,
0xF244B9D8,
0x2102604C,
0xEB04E013,
0xF244070A,
0x210150C0,
0x183B2200,
0xF7FD2001,
0x4849FD4F,
0x6148F244,
0x50786800,
0xB9309817,
0x604CF244,
0x183A2101,
0xF7F92001,
0x9812FCEB,
0x980FB9B0,
0xEB04B360,
0xF244070A,
0x21026050,
0x183B2200,
0xF7FD2002,
0x483BFD33,
0x61D8F244,
0x50786900,
0xB9D89817,
0x60DCF244,
0xE0132102,
0x070AEB04,
0x6050F244,
0x22002101,
0x2002183B,
0xFD1EF7FD,
0xF2444830,
0x68C061D8,
0x98175078,
0xF244B930,
0x210160DC,
0x2002183A,
0xFCBAF7F9,
0xF5049A13,
0x35017490,
0x42859816,
0xAF4CF4FF,
0xF8DF9C26,
0x46C29F28,
0x0B63F10D,
0x980D46A4,
0xF5003201,
0x900D5007,
0xF47F2A02,
0x4A77AE7D,
0x99039804,
0x9F059E06,
0xF8C22500,
0xF8C20100,
0xF8C21104,
0xF8C26108,
0xE9C2710C,
0xF7F05C4F,
0x4630FEF3,
0xF7F04639,
0xE010F8D1,
0x0045EB05,
0xEB0B2101,
0xF81B0600,
0x78724000,
0xF7EF4620,
0x78B2FC4F,
0x21024620,
0xFC4AF7EF,
0x2D033501,
0xE00CD1EC,
0x46529824,
0x90004664,
0xE9CD9825,
0x46300C01,
0xF7F59B10,
0xF8C9FAB5,
0xB01B413C,
0x8FF0E8BD,
0x40084028,
0x4008B014,
0xF240B57F,
0x68004004,
0x4007F3C0,
0xF2002804,
0xE8DF80A3,
0x2603F000,
0x00533B33,
0x6081F44F,
0xF3C16801,
0x68010C81,
0x6E01F3C1,
0xF3C16801,
0x68026181,
0x5301F3C2,
0xF3C26802,
0x68025581,
0xF2406806,
0x6804400C,
0x3000F3C2,
0x3242F3C6,
0xD0492A00,
0xF0004240,
0x44100003,
0x5C12A248,
0xF44FE046,
0x68016081,
0xF0016802,
0xF3C20003,
0xF7ED1101,
0xF44FF8BF,
0xE0476184,
0x6081F44F,
0xF0006800,
0xF7EF0001,
0xE065FE3B,
0x6081F44F,
0x68006801,
0x1503F3C0,
0x0403F001,
0xD8372D04,
0x40A92101,
0x0F16F011,
0x4A2DD032,
0xF8D20900,
0xF3601120,
0xF8C2310F,
0xE0311120,
0xF7F12003,
0xF7EEF887,
0x2003F95B,
0xF914F7F1,
0xF7F22003,
0x2003FC9B,
0xFFB4F7F0,
0xF7F22003,
0xF7EDFB09,
0xF7EEFBA1,
0xE037FFA3,
0x28002208,
0x2205BF08,
0xB2C9B2E8,
0xE88DB2DB,
0xFA5F0015,
0xFA5FF08E,
0xF7FFF28C,
0x4820FD5F,
0x6180F44F,
0xE0236008,
0x6080F44F,
0x31FFF04F,
0x48116001,
0x1120F8D0,
0x3203F3C1,
0x2103B2E0,
0xFF9EF00B,
0xF44F480C,
0x22006184,
0x638DF44F,
0x0120F8D0,
0x3003F3C0,
0xA0086008,
0xE9CD2100,
0x20011000,
0x31FFF04F,
0x4502E9CD,
0xF97CF004,
0xB0042000,
0xBF00BD70,
0x00035000,
0x20746573,
0x20627573,
0x20636461,
0x636D756E,
0x78257868,
0x0D64253A,
0x0000000A,
0x06050400,
0x00090807,
0xC0DE00D0,
0x4FF8E92D,
0x8B0CED2D,
0x7D20F5AD,
0x4995460F,
0x90064614,
0x2280A880,
0xF7EC9307,
0x4992F993,
0x2240A870,
0xF98EF7EC,
0xA8684990,
0x25202220,
0xF988F7EC,
0x7990F50D,
0x46482180,
0xF99BF7EC,
0xDB0F2C21,
0xE9CDA08A,
0xF04F4503,
0x220031FF,
0x3309F240,
0x20009001,
0x488F9000,
0x20059002,
0xF930F004,
0xF6F4FB95,
0xA2D8F8DD,
0xF004FB06,
0xD0102820,
0xF04F2020,
0x220031FF,
0x7343F44F,
0x90039404,
0x9001A085,
0x90002000,
0x90024882,
0xF0042005,
0xAD08F917,
0x7180F44F,
0xF7EC4628,
0xEB04F96A,
0x2F0070D4,
0x1A87ED9F,
0x6A10EE02,
0xAA10EE03,
0x0504F105,
0xDA86ED9F,
0x08C6EA4F,
0x0600F04F,
0x0B60EA4F,
0xBF1898B9,
0x46AA46B9,
0xBA10EE00,
0xBAC0EEB8,
0xEEB82800,
0xEEB8CAC2,
0xBF08AAC3,
0xBA41EEB0,
0xEB0BE037,
0xFB900006,
0xFB01F1F4,
0x98070714,
0x0027F850,
0x0A10EE00,
0x0AC0EEB8,
0x0A0DEE20,
0x0A00EE2B,
0x8A0AEE80,
0x0A48EEB0,
0xFD10F010,
0x9A40EEB0,
0x0A48EEB0,
0xFBB6F012,
0xEB099806,
0x36010187,
0x1A00ED91,
0x0087EB00,
0x2A00ED90,
0x3A01EE29,
0x4A02EE29,
0x3A02EE00,
0x4A41EE00,
0x1A0CEE24,
0x0A0CEE23,
0x1A01ED0A,
0x0A00ED8A,
0x42A644C2,
0xF10DDBC5,
0x485A0820,
0x23012201,
0xF7EB4641,
0x9807FD01,
0xCA57ED9F,
0x462F2600,
0x008BEB00,
0x0A00ED90,
0xBAC0EEB8,
0xEE00E025,
0xEEB86A10,
0xEE200AC0,
0xEE200A0C,
0xEE800A0B,
0xEEB08A0A,
0xF0100A48,
0xEEB0FCCB,
0xEEB09A40,
0xF0120A48,
0xED17FB71,
0xED971A01,
0x36012A00,
0x3A01EE29,
0x4A02EE29,
0x3A42EE00,
0x4A01EE00,
0x3A01ED07,
0x4A00ED87,
0x42A63708,
0x2C10DBD7,
0xA870AB68,
0x4603BF08,
0xA8802C20,
0x4603BF08,
0x280198BA,
0x9EB7D11B,
0x200099B8,
0x460A4637,
0xED93E012,
0xED150A00,
0xED951A01,
0x33042A00,
0x30013508,
0x1A00EE21,
0x0A02EE20,
0x1A00ED87,
0x0A00ED82,
0x32043704,
0xDBEA42A0,
0xE9DDE00F,
0x200061B7,
0xF858E009,
0xF8462030,
0xEB082020,
0x685202C0,
0x2020F841,
0x42A03001,
0x98BBDBF3,
0x23002200,
0x90019400,
0xF7FD4630,
0xF50DF8C1,
0xECBD7D20,
0xB0018B0C,
0x8FF0E8BD,
0x0002DB38,
0x0002DAF8,
0x0002DDA0,
0x203A7325,
0x656C5F48,
0x6425286E,
0x756D2029,
0x62207473,
0x656C2065,
0x74207373,
0x206E6168,
0x0A0D6425,
0x00000000,
0x0002F153,
0x203A7325,
0x6D206425,
0x20747375,
0x69206562,
0x6765746E,
0x74207265,
0x73656D69,
0x20666F20,
0x656C5F48,
0x6425286E,
0x000A0D29,
0x00000000,
0x00029A68,
0x40C90FDB,
0xC0C90FDB,
0x4FF8E92D,
0x8B06ED2D,
0x5D88F5AD,
0xF10DB086,
0x460F0E1C,
0x211C4604,
0x5587F50E,
0xF7EC4628,
0x4AD6F83E,
0x20004BD6,
0xEB02E005,
0x58C90180,
0x1020F845,
0x28073001,
0x6810D1F7,
0x0E10F10D,
0x5686F50E,
0x48CF900F,
0x910E6801,
0x910D6841,
0x910C6881,
0x910B68C1,
0x6900212C,
0x4630900A,
0xF81DF7EC,
0x20004AC8,
0xF852E004,
0xF8461020,
0x30011020,
0xD1F8280B,
0x46394620,
0xF7FE9713,
0x4681FF55,
0x60CCF50D,
0x6127F44F,
0x7000F899,
0xA001F899,
0xB002F899,
0xF801F7EC,
0x84CCF8DF,
0x94062600,
0xB054F8CD,
0xA024F8CD,
0x31FFF04F,
0xF44F2200,
0xF8CD7321,
0xF8CD665C,
0xF8D86658,
0x90140004,
0x04A8F8DF,
0x0027F850,
0xF8DF9003,
0x900204A4,
0x04A0F8DF,
0xAB04E9CD,
0x6000E9CD,
0xF0032001,
0x2F00FF83,
0x6000F8C8,
0x2C04D00D,
0xF8DDD118,
0x48A1A024,
0xF1BA49A2,
0xBF180F01,
0xF8DD1D08,
0x210C8054,
0xF8DFE025,
0x97030468,
0xF04F9600,
0x220031FF,
0x7322F44F,
0xF8DF9002,
0xE1E30920,
0x22024899,
0x68006801,
0x11C0F3C1,
0x2050EA02,
0x8054F8DD,
0x48934301,
0x0F08EA11,
0x010FF04F,
0x5060F500,
0xF248BF04,
0xF2C40010,
0xF8DD0008,
0x6800A024,
0x67CCF50D,
0xF8DF40C8,
0xF000141C,
0xF8510007,
0x46486020,
0xF00F4639,
0x9914F8D9,
0x1A00EEB7,
0x2A00EEBF,
0x46324638,
0x1A10EE00,
0x0AC0EEB8,
0xEE819612,
0xEE333A00,
0xEE710A02,
0xF00E0A43,
0x2C04FC1B,
0x0100F04F,
0xA770F88D,
0x0000F04F,
0x23D4F8DF,
0x2103BF08,
0x176CF8CD,
0xF8CD2103,
0xF88D0774,
0x1F21177C,
0x2101BF18,
0x1780F8CD,
0x0119F04F,
0x8784F88D,
0x2115BF08,
0x2144F8B2,
0xF88D2C04,
0xF8CD178C,
0xD1162778,
0x4650B2CB,
0x46422103,
0xFF90F002,
0xF2C02801,
0xF1AA8171,
0x4ADC0102,
0x0788F8CD,
0xF181FAB1,
0xEB020949,
0x688A0181,
0x6088B91A,
0xF8CDE001,
0x46380788,
0xFC5CF00E,
0x21012200,
0xE9CD2300,
0x98142200,
0x0202E9CD,
0x1204E9CD,
0x22004620,
0xF7F69913,
0xF107F87B,
0x2C040008,
0xED9F4626,
0xF50D9ADC,
0xF50D69AB,
0xAD966B8B,
0x0800F04F,
0xBF189011,
0xF1A62602,
0xF8CD0A01,
0xE086A054,
0xF44F4648,
0xF7EB7180,
0x4658FF18,
0x7180F44F,
0xFF13F7EB,
0x7A56F50D,
0x7180F44F,
0xF7EB4650,
0x4628FF0C,
0x7180F44F,
0xFF07F7EB,
0xE00D2500,
0xF00E4638,
0x3501FDED,
0x464A4621,
0xB2E8465B,
0x46389000,
0xFDAEF7F5,
0x8A40EEB0,
0xD1EF42AE,
0x46599812,
0x0A00E9CD,
0xF50D2001,
0x90037A16,
0xF8CD2000,
0xE9CDA008,
0x46480004,
0x9B119D14,
0xF7FF462A,
0x9815FD27,
0xF188FAB8,
0x0949AAD6,
0x0000EBA8,
0xF080FAB0,
0x43080940,
0x9010D007,
0x46494638,
0xF000465A,
0x9810FFF5,
0x2101AAD6,
0x2A00E9CD,
0x46059502,
0x23002200,
0x1103E9CD,
0x46209005,
0xF7F69913,
0xEE18F809,
0xF7EC0A10,
0xEC41F99F,
0x20000B10,
0x31FFF04F,
0xF44F2200,
0x90007336,
0xED8DA093,
0xE9CD0B04,
0x20010801,
0xFE52F003,
0x8AC9EEB4,
0x46412000,
0xFA10EEF1,
0x2001BFC8,
0x0F00F1B8,
0x2101BF18,
0x45909A15,
0x4008D014,
0xF108D112,
0x20000801,
0x45B0AD96,
0xAF76F6FF,
0xBF00E090,
0x40084008,
0xFFFFC000,
0x4008400C,
0x40084808,
0x40090008,
0x70A4F507,
0xBF082C04,
0x709CF507,
0xE9D09E13,
0xF20DB800,
0x9000605C,
0x60CBF50D,
0x46074631,
0x465A4620,
0x97014643,
0xFC1AF7FE,
0x9A00ED97,
0xAA01ED97,
0x21002000,
0xEEB52700,
0xEEF19A40,
0xEEB5FA10,
0xBF18AA40,
0xEEF12001,
0xBF18FA10,
0x43082101,
0xD1592801,
0x79ACF50D,
0x7180F44F,
0xF7EB4648,
0xF10DFE54,
0xF44F0A58,
0x46507180,
0xFE4DF7EB,
0xF06F9A14,
0xEEB60103,
0x23000A00,
0x1A00EE29,
0x0A00EE2A,
0x70D2EB02,
0x0040EA01,
0x0100EB0A,
0xED804448,
0x20010A00,
0x1A00ED81,
0x9A00E9CD,
0xE9CD4631,
0x46202002,
0xE9CD2200,
0xF7F57504,
0x485CFF75,
0x23004A5C,
0x000BEB10,
0x0100F148,
0xFD96F7EB,
0xEE1A4681,
0x46880A10,
0xF900F7EC,
0xEE194682,
0x25000A10,
0xF7EC460F,
0xEC41F8F9,
0xEC470B10,
0xA051AB11,
0x31FFF04F,
0xF2402200,
0xED8D23E5,
0xED8D1B04,
0xE9CD0B06,
0x20015000,
0x9802E9CD,
0xFDA8F003,
0x0E1CF10D,
0x2C044E2F,
0x5587F50E,
0x0E10F10D,
0x5786F50E,
0x9809D110,
0x38022180,
0xF080FAB0,
0x484D0944,
0x10C4EB00,
0xFDEBF7EB,
0x2180484B,
0x10C4EB00,
0xFDE5F7EB,
0xE0134B21,
0xF04F2000,
0x220031FF,
0x732AF44F,
0x48239000,
0x48269002,
0x20059001,
0xFD7CF003,
0x0E10F10D,
0x4E194B18,
0x5786F50E,
0x100EE9DD,
0x420CE9DD,
0xEC0AE9DD,
0x48156018,
0x60426001,
0xF8C06084,
0xF8C0C00C,
0x2000E010,
0xF855E005,
0xEB031020,
0x30010280,
0x28075191,
0x4A0DD1F7,
0xE0042000,
0x1020F857,
0x1020F842,
0x280B3001,
0xEEB0D1F8,
0xF50D0A48,
0xB0065D88,
0x8B06ECBD,
0xE8BDB001,
0xBF008FF0,
0x40084008,
0xFFFFC000,
0x4008400C,
0x40084808,
0x00000C90,
0x00000E24,
0x0002E956,
0x0002E7F0,
0x00000DF8,
0x00035000,
0x0002E931,
0x65657753,
0x6F432070,
0x65746E75,
0x25203A72,
0x46202C64,
0x52492052,
0x76412052,
0x67617265,
0x25203A65,
0x0D66322E,
0x0000000A,
0x42960000,
0x0007A120,
0x000F4240,
0x20525249,
0x6D697274,
0x63616620,
0x20726F74,
0x20726F66,
0x25204F4C,
0x484D2064,
0x67203A7A,
0x206E6961,
0x202C6625,
0x74656874,
0x66252061,
0x000A0D2C,
0x0005E150,
0x0005E250,
0x4FF8E92D,
0x8B10ED2D,
0x6D59F5AD,
0xF60DB082,
0x4689577C,
0x211C4683,
0x8A40EEB0,
0xF7EB4638,
0x4AEDFD40,
0x20004BED,
0xEB02E005,
0x58C90180,
0x1020F847,
0x28073001,
0x6810D1F7,
0x6455F50D,
0x48E79012,
0x91116801,
0x91106841,
0x910F6881,
0x910E68C1,
0x6900212C,
0x4620900D,
0xFD21F7EB,
0x20004AEC,
0xF852E004,
0xF8441020,
0x30011020,
0xD1F8280B,
0x46494658,
0xFC5AF7FE,
0xA8B84604,
0x6127F44F,
0x78667825,
0x8002F894,
0xFD09F7EB,
0xA90348E1,
0xF8DF960C,
0x2200A384,
0x231AF240,
0x0025F850,
0x0941E881,
0x260048DD,
0x31FFF04F,
0xA008F8CD,
0x90019600,
0xF0032001,
0x48D9FC99,
0x60062D00,
0xF1BBD00A,
0xD1150F04,
0x48CE9E0C,
0x2E0149CF,
0x1D08BF18,
0xE023210C,
0x960048D9,
0xA502E9CD,
0x31FFF04F,
0xF2402200,
0x9001231E,
0xF0032005,
0xE151FC7D,
0x220248CB,
0x68006801,
0x2050EA02,
0x11C0F3C1,
0x48C24301,
0x0F08EA11,
0x010FF04F,
0x5060F500,
0xF248BF04,
0xF2C40010,
0x9E0C0008,
0xAFB86800,
0x49C040C8,
0x0007F000,
0x5020F851,
0x46394620,
0xFDF6F00E,
0x21014638,
0x0A48EEB0,
0x0A48EEF0,
0xF00E462A,
0xF1BBF943,
0xF04F0F04,
0xF88D0000,
0xF04F63F0,
0xBF080100,
0xF1BB2003,
0x90FB0404,
0x0003F04F,
0xF88D91FD,
0x462003FC,
0x2001BF18,
0x0400F8CD,
0x0019F04F,
0x8404F88D,
0x2015BF08,
0x0F04F1BB,
0x040CF88D,
0xF8B048A7,
0x90FE0144,
0x0000F04F,
0x1EB0D107,
0xFAB049A0,
0x0940F080,
0x0080EB01,
0xAFB86880,
0x0408F8CD,
0xF00E4638,
0xAD96F98F,
0x46282188,
0xFC6FF7EB,
0x46594648,
0x462B2200,
0xFEA2F7FC,
0x68414894,
0xF7F54628,
0xF1BBF979,
0x465E0001,
0x9A95EDDF,
0xF10DAD56,
0xEEB70A58,
0xEEFFFA00,
0xBF188A00,
0xF1BB2001,
0x90140F04,
0xF084FAB4,
0x2602BF18,
0x09402400,
0x42B49013,
0x80B0F280,
0xF44F4628,
0x94157180,
0xFC43F7EB,
0xF44F4650,
0xF7EB7180,
0x2400FC3E,
0x4638E00D,
0xFB24F00E,
0x46593401,
0x4653462A,
0x9000B2E0,
0xF7F54638,
0xEEB0FAE5,
0x42A68A40,
0xED9DD1EF,
0xED9D9A16,
0xEE29EA56,
0xEE3ECA09,
0xEEB0BA0F,
0xEE0BDA4C,
0xEEB0DA0B,
0xF0110A4D,
0xEEB0FFAE,
0xEEB4AA40,
0xEEF1AA4A,
0xD005FA10,
0x0A4DEEB0,
0xFFA3F011,
0xAA40EEB0,
0xDA4EEE3F,
0xCA0DEE0D,
0x0A4CEEB0,
0xFF99F011,
0xEA40EEB0,
0xEA4EEEB4,
0xFA10EEF1,
0xEEB0D005,
0xF0110A4C,
0xEEB0FF8E,
0xEEB0EA40,
0xEEF00A49,
0xF00F0A4B,
0xEEB0FE47,
0xEEB1BA40,
0xEEF00A49,
0xF00F0A4D,
0x4638FE3F,
0x46524629,
0x9A40EEB0,
0xFD0AF000,
0xEE8A4852,
0xEE3B0A0E,
0xAC969A49,
0xEE309A13,
0xEEF0AA28,
0x46800A49,
0xEEB04620,
0xF8D80A4A,
0xF0001004,
0x9914F8BB,
0xF7FC4620,
0xF8D8FEAB,
0x46201004,
0xF8DEF7F5,
0x0A10EE19,
0xFEA8F7EB,
0x2A10EE1A,
0x0B1AEC41,
0xF7EB4610,
0x4681FEA1,
0x0A10EE18,
0xF7EB4688,
0xEC41FE9B,
0x20000B11,
0xEC489C15,
0xF04F9B10,
0x220031FF,
0x235BF240,
0xAB08ED8D,
0x48399000,
0x1B04ED8D,
0x0B06ED8D,
0x90019402,
0xF0032001,
0xEEB4FB47,
0x34018AE9,
0xFA10EEF1,
0xAF4DF77F,
0x0F04F1BB,
0x980CD110,
0x38022180,
0xF080FAB0,
0x482E0944,
0x10C4EB00,
0xFB8BF7EB,
0x2180482C,
0x10C4EB00,
0xFB85F7EB,
0x577CF60D,
0x98124B1A,
0xF50D4E1A,
0x60186555,
0x99114819,
0x99106001,
0x990F6041,
0x990E6081,
0x990D60C1,
0x20006101,
0xF857E005,
0xEB031020,
0x30010280,
0x28075191,
0x4A10D1F7,
0xE00A2000,
0x40084008,
0xFFFFC000,
0x4008400C,
0x1020F855,
0x1020F842,
0x280B3001,
0xEEB0D1F8,
0xF50D0A48,
0xB0026D59,
0x8B10ECBD,
0xE8BDB001,
0xBF008FF0,
0x40084008,
0xFFFFC000,
0x4008400C,
0x40084808,
0x00000E24,
0x0002E984,
0x0002E7F0,
0x00000C90,
0x40090008,
0x00000DF8,
0x00035000,
0x0002E8D5,
0x42960000,
0x0005E150,
0x0005E250,
0x0002E828,
0xF5ADB510,
0xB0826D27,
0xAC02460B,
0x92004601,
0x4620461A,
0xF7F52301,
0xF604FD03,
0xED90206C,
0xF50D0A00,
0xB0026D27,
0x0000BD10,
0x4FF8E92D,
0x8B04ED2D,
0x7D0AF5AD,
0x17C84604,
0x1A00EEB6,
0x9A00EEB7,
0x8ACDED9F,
0xAF6A9205,
0x7C94F50D,
0x2200AE2A,
0x0928F10D,
0xEB012500,
0xEE207090,
0xEE202A01,
0x10801A81,
0x0A09EE32,
0x2A42EE39,
0xEB019000,
0xEA4F70D1,
0x46C60860,
0x8401E9CD,
0xF854E0C5,
0x9B001025,
0x0A00F04F,
0x0B24F10D,
0xF8AD0C08,
0x429D1024,
0x0026F8AD,
0x0000F1C0,
0xB209BF1A,
0xF8B44249,
0x95031080,
0xE010F8CD,
0x1020F8AD,
0x0022F8AD,
0x0085EB04,
0xAC08AD06,
0xF8AD6C00,
0xF8AD0018,
0x0C00001C,
0x001AF8AD,
0x001EF8AD,
0xE087A807,
0x1000F9BB,
0x1A10EE03,
0x4AC3EEB8,
0xEE209905,
0xB3793A04,
0x1000F9B5,
0x080AEB06,
0x0F00F1BE,
0x1A10EE05,
0x010AEB07,
0x5AC5EEB8,
0x3A05EE01,
0x3A00ED81,
0x5A05EE22,
0x010AEB0C,
0x5A04EE01,
0x4A43EEB1,
0x5A00ED81,
0x4A00ED88,
0xF9B0D141,
0xF9B43000,
0xEE041000,
0xEE053A10,
0xEEB81A10,
0xEEB84AC4,
0xEE215AC5,
0xEE024A04,
0xED884A05,
0xE02E4A00,
0x1000F9B0,
0x0F00F1BE,
0x1A10EE04,
0x010AEB07,
0x4AC4EEB8,
0x3000F9B4,
0x3A04EE01,
0x3A00ED81,
0x1000F9B5,
0x3A10EE04,
0x030AEB0C,
0x6AC4EEB8,
0x1A10EE04,
0x7A06EE21,
0x010AEB06,
0x5AC4EEB8,
0x4A43EEB1,
0x7A05EE00,
0x4A00ED81,
0x7A00ED83,
0xEE22D105,
0xEE014A06,
0xED814A05,
0xEEB44A00,
0xA96A4AC3,
0xF10BAB2A,
0x35020B02,
0x30023402,
0x0E01F1AE,
0xFA10EEF1,
0x4619BFC8,
0x030AEB09,
0xED934411,
0x44513A00,
0x0A04F10A,
0x4A00ED91,
0x3A03EE23,
0x3A04EE04,
0x8A03EE38,
0x0F08F1BA,
0xAF74F47F,
0xE010F8DD,
0xE9DD9D03,
0xF1098401,
0x32080908,
0xF10C3608,
0x37080C08,
0x0E02F1AE,
0x45453501,
0xAF37F6FF,
0x0A48EEB0,
0xFDB1F011,
0x0A40EEB4,
0xFA10EEF1,
0xEEB0D003,
0xF0110A48,
0xA86AFDA8,
0xEE89A94A,
0xED9F3A00,
0xED9F0A51,
0x22002A51,
0x1A00EEBE,
0x31043004,
0xED90E05F,
0xED105A00,
0xEEB04A01,
0xEEB06A40,
0x30087A40,
0x5A05EE23,
0x4A04EE23,
0x5AC0EEB5,
0xFA10EEF1,
0x4AC0EEB5,
0xEEB0BFC8,
0xEEF16A49,
0xBFC8FA10,
0x7A49EEB0,
0x6A02EE05,
0x7A02EE04,
0x4A01EE36,
0x5A01EE37,
0x6A40EEB0,
0x7A40EEB0,
0x4AC4EEBD,
0x5AC5EEBD,
0x3A10EE14,
0x7A10EE15,
0x4303EAC7,
0x3022F844,
0x5A00ED91,
0x4A01ED11,
0xEE233108,
0xEE235A05,
0xEEB54A04,
0xEEF15AC0,
0xEEB5FA10,
0xBFC84AC0,
0x6A49EEB0,
0xFA10EEF1,
0xEEB0BFC8,
0xEE057A49,
0xEE046A02,
0xEE367A02,
0xEE374A01,
0xEEBD5A01,
0xEEBD4AC4,
0xEE145AC5,
0xEE153A10,
0xEAC77A10,
0xEB044303,
0x32010782,
0x4542643B,
0xA82ADB9D,
0x0088EB00,
0x5A01ED90,
0x4A00ED90,
0x5A05EE23,
0x3A04EE23,
0x4A40EEB0,
0x5AC0EEB5,
0xFA10EEF1,
0x3AC0EEB5,
0xEEB0BFC8,
0xEEF14A49,
0xBFC8FA10,
0x0A49EEB0,
0x4A02EE05,
0x0A02EE03,
0x2A01EE34,
0x0A01EE30,
0x1AC2EEBD,
0x0AC0EEBD,
0x0A10EE11,
0x1A10EE10,
0x4000EAC1,
0x0080F8C4,
0x7D0AF50D,
0x8B04ECBD,
0xE8BDB001,
0xBF008FF0,
0x00000000,
0x46800000,
0x4FF8E92D,
0x5B0EED2D,
0xA0834606,
0x46902400,
0xF04F460D,
0x220031FF,
0xE9CD2396,
0x20024000,
0xF900F003,
0xA082B13D,
0x31FFF04F,
0x23982200,
0x4000E9CD,
0x487DE006,
0x31FFF04F,
0x239A2200,
0x90019400,
0xF0032002,
0xED9FF8ED,
0xED9F8A80,
0xF8DFAA80,
0xF506B218,
0xF5057680,
0x24007780,
0x9A00EEB7,
0xBA00EEBE,
0x19E8F20F,
0x0A00F04F,
0xED96E0CA,
0xED961A20,
0xED160A00,
0xED162A20,
0xEEB03A40,
0xEEB04A48,
0xEEB05A48,
0xEEB06A48,
0xEEB57A48,
0xEEF11AC0,
0xEEB5FA10,
0xBFC80AC0,
0x4A49EEB0,
0xFA10EEF1,
0x2AC0EEB5,
0xEEB0BFC8,
0xEEF15A49,
0xEEB5FA10,
0xEE013AC0,
0xBFC84A0A,
0x6A49EEB0,
0xFA10EEF1,
0x5A0AEE00,
0xEEB0BFC8,
0xEE027A49,
0xEE036A0A,
0xEE347A0A,
0xEE350A0B,
0xEE361A0B,
0xEE372A0B,
0xEEBD3A0B,
0xEEBD0AC0,
0xEEBD1AC1,
0xEEBD2AC2,
0xE9CD3AC3,
0xEE104900,
0xEE110A10,
0xEE121A10,
0xEE132A10,
0xE9CD3A10,
0xE9CD3202,
0x20021004,
0x31FFF04F,
0x239E2200,
0xF880F003,
0xD0612D00,
0xF04FA04E,
0x220031FF,
0x940023A1,
0x20029001,
0xF874F003,
0x1A20ED97,
0x0A00ED97,
0x2A20ED17,
0x3A40ED17,
0x4A48EEB0,
0x5A48EEB0,
0x6A48EEB0,
0x7A48EEB0,
0x1AC0EEB5,
0xFA10EEF1,
0x0AC0EEB5,
0xEEB0BFC8,
0xEEF14A49,
0xEEB5FA10,
0xBFC82AC0,
0x5A49EEB0,
0xFA10EEF1,
0x3AC0EEB5,
0x4A0AEE01,
0xEEB0BFC8,
0xEEF16A49,
0xEE00FA10,
0xBFC85A0A,
0x7A49EEB0,
0x6A0AEE02,
0x7A0AEE03,
0x0A0BEE34,
0x1A0BEE35,
0x2A0BEE36,
0x3A0BEE37,
0x0AC0EEBD,
0x1AC1EEBD,
0x2AC2EEBD,
0x3AC3EEBD,
0x4B00E9CD,
0x0A10EE10,
0x1A10EE11,
0x2A10EE12,
0x3A10EE13,
0x3202E9CD,
0x1004E9CD,
0xF04F2002,
0x220031FF,
0xE00723A2,
0xF04F480F,
0x220031FF,
0x940023A5,
0x20029001,
0xF812F003,
0x37043604,
0x0A01F10A,
0xF6FF45C2,
0xECBDAF32,
0xB0015B0E,
0x8FF0E8BD,
0x09204949,
0x20515120,
0x51492009,
0x51200920,
0x00000049,
0x0002F239,
0x2D2D3C20,
0x20494920,
0x51512009,
0x49200920,
0x20092051,
0x0D204951,
0x0000000A,
0x00000000,
0x46800000,
0x09643625,
0x09643625,
0x09643625,
0x00643625,
0x2D2D3C20,
0x00000020,
0x0002E881,
0x4FF8E92D,
0x8B08ED2D,
0x5D8FF5AD,
0x468AB086,
0xF0002804,
0x280180A0,
0x80F8F040,
0x20A8F60D,
0x0B01F06F,
0x8A00EEBF,
0xA028F8CD,
0x60E9F500,
0x487A900B,
0x0820F100,
0xF10BE088,
0x21010002,
0xF000FA01,
0x0F0AEA10,
0x4886D07C,
0x4100F44F,
0xF10B2302,
0xF60D0903,
0x460225A8,
0x58515850,
0x2151EA03,
0x10C0F3C0,
0xF44F4308,
0xEA1061EA,
0x46100F09,
0x3008BF08,
0x46286804,
0xFFF3F7EA,
0x36C2F3C4,
0xF789FA5F,
0x231D2002,
0x463A4631,
0xFDD4F7EC,
0x21012002,
0xFFF8F7EE,
0xF44F4872,
0x462A717A,
0x0026F850,
0xF1F1FBB0,
0xF7FA486F,
0x980BFEC7,
0x5E80F50D,
0xED904639,
0xF8DE0A00,
0xEE3001F4,
0xED880A08,
0xF8C80A00,
0x20040008,
0xF932F7EE,
0x0A00F04F,
0xF50DB280,
0xF8CD612A,
0xF8CDAAA4,
0xF002AAA0,
0xF8DDFC15,
0xF8DD0AA0,
0xF44F1AA4,
0x2300727A,
0xFF28F7EA,
0xF8D84606,
0xF8D80008,
0xF7EB7000,
0x4605FA91,
0x460C4638,
0xFA8CF7EB,
0x0B10EC41,
0xF8CDA055,
0xF8DDA000,
0xEC44A028,
0xF04F5B11,
0x220031FF,
0x3389F240,
0x0901E9CD,
0x96032001,
0x1B04ED8D,
0x0B06ED8D,
0xFF38F002,
0x0804F108,
0x0B01F10B,
0x0F00F1BB,
0xAF73F47F,
0xA80CE05A,
0x8A31ED9F,
0x0901F04F,
0x9A00EEBF,
0x0800F04F,
0x2B68F600,
0x2764F600,
0x759CF500,
0xF1004829,
0xE0440610,
0xF008FA09,
0x0801F108,
0x0F0AEA10,
0x4824D03C,
0xF288FA5F,
0xEEB02104,
0x68430A48,
0x9000201A,
0xF7F5A80C,
0xED97F945,
0xED9B0A00,
0xE9D5AA00,
0xF44F0100,
0x2300727A,
0xBA09EE30,
0xAA02ED86,
0xBA00ED86,
0xFEC4F7EA,
0xEE1B4604,
0xF7EB0A10,
0xEE1AFA2F,
0xEC412A10,
0x46100B1A,
0xFA28F7EB,
0x0B10EC41,
0xED8D2000,
0xF04FAB06,
0x220031FF,
0x339AF240,
0xA00C9000,
0x0B04ED8D,
0x0801E9CD,
0x94032002,
0xFED8F002,
0xF1B83604,
0xD1B70F02,
0x5D8FF50D,
0xECBDB006,
0xB0018B08,
0x8FF0E8BD,
0x00000C90,
0x00000000,
0x6F747561,
0x7465732D,
0x52524920,
0x69727420,
0x6F66206D,
0x78542072,
0x28206425,
0x3D204F4C,
0x20642520,
0x297A484B,
0x6874203A,
0x2C617465,
0x69616720,
0x25203A6E,
0x25202C66,
0x000A0D66,
0x40088008,
0x00000DF8,
0x20010000,
0x6F747561,
0x7465732D,
0x52524920,
0x69727420,
0x6F66206D,
0x78522072,
0x28206425,
0x3D204F4C,
0x20642520,
0x297A484B,
0x6874203A,
0x2C617465,
0x69616720,
0x25203A6E,
0x25202C66,
0x000A0D66,
0x4FF8E92D,
0x8B10ED2D,
0x460DB0A0,
0xA0EC4682,
0x46142100,
0x235B2200,
0xF04F2602,
0xE9CD37FF,
0x20021000,
0x31FFF04F,
0xFE6CF002,
0xEAF2ED9F,
0x462B4628,
0x9A00EEF7,
0xBA04EEF2,
0xF8CD4625,
0x9013A048,
0x24004620,
0xAA4EEEF0,
0xCA4EEEF0,
0x8A4EEEF0,
0xE1699014,
0x0800EB07,
0x99139814,
0x0286EB0A,
0x951C971E,
0xDA00EDD5,
0xEDD3931D,
0xED92EA00,
0xEB000A00,
0xEB010088,
0xED900188,
0xED91BA00,
0xEEF8DA00,
0xEE2BFAC0,
0xEE3DCA0B,
0xEEB0AA29,
0xEE0A9A4C,
0xEEB09A0A,
0xF0110A49,
0xEEB0FA1C,
0xEEB48A40,
0xEEF18A48,
0xD005FA10,
0x0A49EEB0,
0xFA11F011,
0x8A40EEB0,
0xDACDEE39,
0xEE0D961F,
0xEEB0CA0D,
0xF0110A4C,
0xEEB0FA06,
0xEEB49A40,
0xEEF19A49,
0xD005FA10,
0x0A4CEEB0,
0xF9FBF011,
0x9A40EEB0,
0x0ACCED9F,
0x0A4AEEF0,
0xCA80EE8F,
0x0A4BEEB0,
0xF8B0F00F,
0xAA40EEB0,
0x0A4BEEB1,
0x0A4DEEF0,
0xF8A8F00F,
0x0604EB0A,
0xBA40EEB0,
0xED96941B,
0xED960B56,
0xEC51FBD6,
0x46020B10,
0xF7EA460B,
0x4604FEFF,
0xEC51460D,
0x46020B1F,
0xF7EA460B,
0x4602FEF7,
0x4620460B,
0xF7EA4629,
0xED9FFE4A,
0xEC590B9A,
0x462A5B10,
0xF7EA464B,
0xF7EBFE42,
0xEE00F924,
0xEE880A10,
0xEE3A8A09,
0xF00F9A4B,
0xF8DAFDC3,
0xEE200120,
0xB1E0AA2B,
0x07C8EB0A,
0x60ABF507,
0x0B00ED90,
0x0B10EC51,
0x460B4602,
0xFECEF7EA,
0xF5074604,
0x460E60EB,
0x0B00ED90,
0x0B10EC51,
0x460B4602,
0xFEC2F7EA,
0x0B10EC41,
0x4B11EC46,
0xF506E019,
0xED9060AB,
0xEC510B00,
0x46020B10,
0xF7EA460B,
0x4680FEB3,
0x60EBF506,
0xED90460C,
0xEC510B00,
0x46020B10,
0xF7EA460B,
0xEC41FEA7,
0xEC440B10,
0xEC518B11,
0xEC530B10,
0xF7EA2B11,
0x462AFDF6,
0xF7EA464B,
0xF7EBFDF2,
0xEE00F8D4,
0xF00F0A10,
0xEE20FD77,
0xEE100A2B,
0xEE3A0A10,
0xF7EBBA40,
0xE9CDF8B5,
0xEE1B1019,
0xF7EB0A10,
0xE9CDF8AF,
0xEE1C1017,
0xF7EB0A10,
0xE9CDF8A9,
0xEE181015,
0xF7EB0A10,
0x4681F8A3,
0x0A10EE19,
0xF7EB468A,
0x4683F89D,
0x0A90EE1E,
0xF7EB460F,
0x4606F897,
0x0A90EE1D,
0xF7EB460C,
0x4605F891,
0x0A10EE1A,
0xF7EB4688,
0xEC41F88B,
0xE9DD0B10,
0xEC481015,
0xEC445B11,
0xEC476B12,
0xEC4ABB13,
0x22009B14,
0xEC412375,
0xE9DD0B15,
0xEC411019,
0xE9DD0B16,
0xED8D1017,
0xED8D5B02,
0xED8D4B04,
0xED8D3B06,
0xED8D2B08,
0xED8D1B0A,
0xED8D0B0C,
0xEC416B0E,
0x20000B17,
0x31FFF04F,
0x48599000,
0x7B10ED8D,
0x20029001,
0xFD1EF002,
0xF8DD9E1F,
0xF85AA048,
0x28000026,
0x4240D500,
0xF7EA9F1E,
0x4602FF96,
0xF7EA460B,
0x4604FD7A,
0x0108F8DA,
0xF7EA460D,
0x4602FF8C,
0x4620460B,
0xF7EA4629,
0xED9FFE87,
0xEC530B2E,
0xF7EA2B10,
0xB938FF26,
0xCAA9EE7C,
0x8A8BEE78,
0xAA89EE7A,
0xEA08EE3E,
0xE9DD9B1D,
0x3F01451B,
0x33043601,
0x34083504,
0x0004F8DA,
0x42881EB1,
0xAE90F73F,
0xCAE9EEF4,
0x2068F60A,
0xFA10EEF1,
0xEEC8BFC2,
0xEECA8AAC,
0xEE8EAAAC,
0xEDC0EA2C,
0xF60AAA00,
0xED802064,
0xF60AEA00,
0xEDC0206C,
0xEE1A8A00,
0xF7EB0A90,
0x4604F807,
0x0A10EE1E,
0xF7EB460D,
0xEC41F801,
0xEC450B10,
0xA01E4B11,
0x22002100,
0xED8D2389,
0xED8D1B02,
0xE9CD0B04,
0x20021000,
0x31FFF04F,
0xFCB2F002,
0xECBDB020,
0xB0018B10,
0x8FF0E8BD,
0xBF00BF00,
0xE0000000,
0x3DDB7CDF,
0x60000000,
0x3FE4D555,
0x51455246,
0x20090920,
0x4E494147,
0x54200920,
0x41544548,
0x48200920,
0x20092049,
0x09205148,
0x574F5020,
0x50200920,
0x4D5F574F,
0x49200920,
0x0A0D5252,
0x00000000,
0x00000000,
0x72657641,
0x20656761,
0x74656874,
0x67202C61,
0x3A6E6961,
0x2C662520,
0x0D662520,
0x0000000A,
0x49742400,
0x0002E893,
0x4FF8E92D,
0x8B0EED2D,
0x4DC2F5AD,
0x4607B08C,
0x460C48A2,
0x4100F44F,
0x68402302,
0x48A0900B,
0x58415842,
0x2151EA03,
0x12C0F3C2,
0x42214311,
0x0180F04F,
0x3008BF08,
0x8000F8D0,
0xF7EAA82C,
0xA80CFCA8,
0xF7EA2180,
0x4D96FCA4,
0xE9CDA096,
0x26007403,
0x31FFF04F,
0xF2402200,
0x9001435B,
0x96002001,
0xF0029502,
0x1E78FC3B,
0x2802B2C0,
0x80FFF080,
0xF3C89708,
0x200231C2,
0x23194622,
0xF7EC9407,
0x2002FA71,
0xF7EE2101,
0xF10DFC95,
0xAD4C0E30,
0xED9F4E8E,
0xED9F9A8F,
0xED9FAA8F,
0xED9FBA8F,
0xEEB4CA90,
0xF04F8A00,
0xF6400A00,
0xEEB67878,
0xF50EDA00,
0xF10D4482,
0xF5050E30,
0xF50E6000,
0xF1045704,
0x900A0B04,
0x6000F507,
0xE0B89009,
0x46592000,
0xEA49EEB0,
0x1832E017,
0x2C02F932,
0x2A10EE00,
0x0AC0EEB8,
0x0A01ED01,
0x30045E32,
0x2A10EE01,
0x1AC1EEB8,
0x2A01EE21,
0x1A00ED81,
0xEE003108,
0xEE3E2A00,
0xF5B0EA02,
0xD1E45F80,
0x0A0AEE2E,
0x0ACBEEB4,
0xFA10EEF1,
0x808DF2C0,
0x4621486E,
0x23012200,
0x0900F04F,
0xF82CF7EA,
0xF44F4638,
0xF7EA5100,
0x4628FC2A,
0x5100F44F,
0xFC25F7EA,
0x0A0CEE2E,
0x70F8F641,
0xEB04E04B,
0x18210209,
0x2A03ED92,
0x1A02ED92,
0x4A01ED91,
0x3A00ED91,
0x5A02EE22,
0x6A04EE24,
0x5A01EE01,
0x6A03EE03,
0x5AC0EEB4,
0xFA10EEF1,
0xEE25DD15,
0xEEB47A0C,
0xEEF16AC7,
0xDA0EFA10,
0x0109EB07,
0x7A43EEB1,
0x0A44EEF1,
0x1A02ED81,
0x2A03ED81,
0xED811829,
0xEDC17A00,
0xEEB40A01,
0xEEF16AC0,
0xDD15FA10,
0x6A0CEE26,
0x5AC6EEB4,
0xFA10EEF1,
0x1839DA0E,
0x1A41EEB1,
0x2A42EEB1,
0x3A00ED81,
0x4A01ED81,
0x0109EB05,
0x1A02ED81,
0x2A03ED81,
0xF1093808,
0x45C10908,
0xF8DFD1B1,
0x463990F0,
0x23012201,
0xF7E94648,
0x4648FFC7,
0x22014629,
0xF7E92301,
0xA82CFFC1,
0x8AC0EEB5,
0x0A0DEE28,
0x7200F44F,
0xA80C9000,
0xFA10EEF1,
0xF04F9001,
0x90020002,
0xBFC8980B,
0x8A40EEB0,
0x0A48EEB0,
0xE9DDB203,
0xF0040109,
0xF506FDA3,
0xF10A6680,
0xF1BA0A01,
0xF47F0F1D,
0xAA2CAF43,
0x21002001,
0x92002300,
0x9201AA0C,
0xE9CD9A0B,
0xE9CD2002,
0x22001004,
0x1007E9DD,
0xFCDAF7F4,
0x4816E00C,
0xE9CD9600,
0xF04F5702,
0x220031FF,
0x435FF240,
0x20059001,
0xFB2AF002,
0x4DC2F50D,
0xECBDB00C,
0xB0018B0E,
0x8FF0E8BD,
0x00000C90,
0x40088008,
0x0002E95F,
0x74207325,
0x6B636172,
0x20676E69,
0x6E616863,
0x7079745F,
0x64253A65,
0x6863202C,
0x0D64253A,
0x0000000A,
0x0002E841,
0x20010002,
0x00000000,
0x3A800000,
0x471C4000,
0x00029A88,
0x3DCCCCCD,
0xF5ADB510,
0xB0826D27,
0x4601468C,
0xED9F4808,
0xAC020A09,
0x46629200,
0x46206843,
0xFD28F7F4,
0x206CF604,
0x0A00ED90,
0x6D27F50D,
0xBD10B002,
0x00000C90,
0x00000000,
0x460CB510,
0xD10B2804,
0x46212004,
0xFA78F7FD,
0x78827801,
0x46214608,
0x4010E8BD,
0xB806F000,
0xE8BD4621,
0xF7FF4010,
0x0000BE5B,
0x4FF8E92D,
0x8B10ED2D,
0x6DA5F5AD,
0x48F84607,
0xF8DF4688,
0x46161704,
0x0F01F1B8,
0x0008F100,
0xF244BF04,
0xF2C40008,
0xF8D10008,
0x2180A004,
0xF3C06800,
0xF8DF3902,
0xF85006E4,
0x90130029,
0x6095F50D,
0xFAFFF7EA,
0x6091F50D,
0xF7EA2120,
0xA8A2FAFA,
0x7100F44F,
0xFAF5F7EA,
0xF44FA822,
0xF7EA7100,
0x48E3FAF0,
0x16B8F8DF,
0xB6B8F8DF,
0xF2402200,
0x680533CB,
0x06A4F8DF,
0x4124F8D1,
0xB008F8CD,
0xF04F961F,
0xF85031FF,
0x90030027,
0x6098F20F,
0x20009001,
0x8604E9CD,
0x90002601,
0xF0022001,
0xFA06FA77,
0x17EBF009,
0x0F03F014,
0x9084F8CD,
0x1200FBA5,
0x2200FB03,
0x0305F04F,
0x2304BF08,
0x0103FBA1,
0x1103FB02,
0xFCC1F7EA,
0x46504605,
0xF1AA9014,
0x28070001,
0x2007BFA8,
0x90202F03,
0x2000D80C,
0xF8CD9703,
0xF04FB008,
0x220031FF,
0x33CFF240,
0xF8DF9000,
0xE02E06E0,
0x0002F1A8,
0x1658F8DF,
0xF080FAB0,
0xEA400940,
0xEB010040,
0xEB0000C0,
0xED100087,
0xEEBD9A04,
0xEE190AC9,
0xEE100A10,
0xEEB89A10,
0xF7EABAC0,
0xEEB2FD6D,
0xEC410A04,
0xEEB40B1A,
0xEEF19AC0,
0xDA0FFA10,
0xED8D2000,
0xF8CDAB04,
0xF04FB008,
0x220031FF,
0x33D9F240,
0xF8DF9000,
0x9001067C,
0xE1D42005,
0xF8DD9E14,
0xEE00B080,
0xF8CD5A10,
0xACA28078,
0x1AA0ED9F,
0x2AA0ED9F,
0x9A4BEE39,
0x70D6EB06,
0x0A01EE20,
0x1A00EEB6,
0xEB0B1045,
0xEE2070DB,
0xED9F8A02,
0xEBA50A9A,
0xEA4F0A60,
0xA8220860,
0xEE884601,
0xF5010A00,
0xEE2070C0,
0x900ECA01,
0x7080F501,
0xF101900D,
0x900C0080,
0x70C0F504,
0xF5049012,
0x90117080,
0x0080F104,
0x98139010,
0x0A10EE02,
0x0A10EE19,
0xBAC2EEB8,
0xFD14F7EA,
0x0A0BEE2C,
0x0B11EC41,
0x5074F20F,
0xF04F2700,
0x220031FF,
0x33DDF240,
0x0AC0EEBD,
0x9010F8CD,
0xAB02ED8D,
0x7000E9CD,
0x1B06ED8D,
0x0A10EE10,
0x20019008,
0xF9BCF002,
0x6091F50D,
0x22014631,
0xFA08F7EA,
0xED9FA822,
0xEDDFAA76,
0xEDDFBA76,
0xEDDF8A76,
0xEDDF9A76,
0xED9FAA76,
0xEB0ACB76,
0x950F060B,
0xDA00EEB0,
0xA05CF8CD,
0x0088EBA0,
0xEBA49016,
0xEEB00088,
0xEEB0EA4A,
0xEEB0FA4A,
0x9015BA4A,
0xEB00486D,
0xEB040989,
0x00AD0085,
0xEB04901D,
0xF500008A,
0x901C71C0,
0xF500911B,
0x30807180,
0x98219019,
0xB2C0911A,
0xE0FD9018,
0x9A1E9C18,
0x23032001,
0x46219721,
0xFFBCF7EB,
0x20029A1F,
0x23154621,
0xFFB6F7EB,
0x21012003,
0xF9DAF7EE,
0xF44FA8A2,
0xF7EA7100,
0x981DF9C2,
0x517EF04F,
0x0A48EEB0,
0x23002200,
0x46486001,
0x5100F44F,
0xFB98F008,
0xF44F4648,
0xEEB05100,
0x22000A4A,
0xF0082300,
0x4F4CFB8F,
0xF44F4648,
0xEEB05100,
0x22140A49,
0xF7FC463B,
0xF107FD69,
0x49470428,
0x524CF641,
0x5B4CF641,
0x46884620,
0xF99EF7F7,
0x4641981C,
0x524CF641,
0x0A6BEEB0,
0x98199000,
0x981A9001,
0x981B9002,
0xF50D9003,
0x90046091,
0x90052001,
0xB2039820,
0xF0044620,
0xF107FA0D,
0xEEF0042A,
0xE02ADA4A,
0x0C02F934,
0xFBA1F7EA,
0xAB1CEC58,
0x46434652,
0xFA2AF7EA,
0xFC65F7EA,
0x0A10EE00,
0x0A4DEEF0,
0xFFEEF00F,
0x0000F9B4,
0xEA40EEB0,
0xFB8DF7EA,
0x46434652,
0xFA18F7EA,
0xFC53F7EA,
0x0A10EE00,
0x0A4DEEF0,
0xFFDCF00F,
0x0A00EE3E,
0xF1AB3404,
0xEE7D0B01,
0xF1BBDA80,
0xD1D10F00,
0x0AA8EE8D,
0x0A29EE30,
0x0A10EE10,
0xFC28F7EA,
0x0B10EC41,
0xF846F00F,
0x0B10EC51,
0x0BD1ED9F,
0x2B10EC53,
0xF9F2F7EA,
0xFC2DF7EA,
0x0A10EE0E,
0xEAEAEEB4,
0xFA10EEF1,
0xE9DDDB6B,
0x9A171015,
0xE04C9F21,
0x40084008,
0x40088044,
0x2F800000,
0xC0C90FDB,
0x40490FDB,
0x00000000,
0x3D000000,
0x45EA6000,
0x2EDBE6FF,
0xC2200000,
0x00000000,
0x3F000000,
0x20010000,
0x20000028,
0x194B1944,
0x31043004,
0xED943201,
0xED930A00,
0xED944A00,
0xED941A20,
0xED942A40,
0xEE343A60,
0xED930A00,
0xED844A20,
0xEE340A00,
0xED931A01,
0xED844A40,
0xEE211A20,
0xEE341A01,
0xED932A02,
0xEE004A60,
0xED841A00,
0xEE3F2A40,
0xEE34FA01,
0xEE233A03,
0xED844A03,
0xEE023A60,
0xEE3B4A02,
0x42B2BA04,
0x3701DBCC,
0xF43F2F00,
0xED9FAEFF,
0xEEB40ABF,
0xEEF1BAC0,
0xDD1BFA10,
0x0A10EE1B,
0xFBB0F7EA,
0x0B10EC41,
0x220048C7,
0x31FFF04F,
0x4314F240,
0xF7EAE021,
0xEC41FBA5,
0x48C30B10,
0xF04F2200,
0xF44F31FF,
0x92006380,
0xED8D2200,
0xE0160B02,
0x0AAEED9F,
0xFAC0EEB4,
0xFA10EEF1,
0xEE1FDA1A,
0xF7EA0A10,
0xEC41FB8D,
0x48B50B10,
0xF04F2200,
0xF24031FF,
0x92004319,
0x0B02ED8D,
0x90012200,
0xF0022001,
0xF50DF841,
0xECBD6DA5,
0xB0018B10,
0x8FF0E8BD,
0x0A9EED9F,
0x8A9EED9F,
0x9A00EE3E,
0x0A4BEEB0,
0xF826F00F,
0x9AC8EEB4,
0x1A04EEBA,
0xFA10EEF1,
0x0A01EE20,
0xEEB0BFB8,
0xEEB48A49,
0xEEF10AC8,
0xDD23FA10,
0x0A10EE10,
0xFB58F7EA,
0xEE184604,
0x460D0A10,
0xFB52F7EA,
0xEE1E4606,
0x460F0A10,
0xFB4CF7EA,
0x0B10EC41,
0x22004893,
0x6B11EC47,
0x4B12EC45,
0x31FFF04F,
0x4321F240,
0xED8D9200,
0xED8D2B02,
0xED8D1B04,
0xE7B50B06,
0xF8DD9C14,
0xA8A29040,
0xED9FAB0C,
0xF10D0A7F,
0x90010888,
0x94004640,
0x9008F8CD,
0xF7F4CB0E,
0x980FFCCF,
0x21009A13,
0x6795F50D,
0xFB924240,
0xE004F2F4,
0x43531843,
0x3021F847,
0x9B143101,
0xDBF74299,
0x9D119913,
0xF04F9F12,
0x20010A00,
0x6395F50D,
0x95019100,
0x7002E9CD,
0xAA04E9CD,
0x4649A8A2,
0x46229C14,
0xFE64F7FD,
0x4629981E,
0x4623463A,
0xFBD0F7F4,
0x8A40EEB0,
0x0A10EE18,
0xFAF6F7EA,
0xEC41A261,
0x20010B19,
0x31FFF04F,
0x432FF240,
0xA200E9CD,
0xED8D2200,
0xF0019B02,
0xED9FFFAB,
0xEEB40A5F,
0xEEF18AC0,
0xDD0AFA10,
0xED8D485D,
0xF8CD9B02,
0xF04FA000,
0x220031FF,
0x4332F240,
0x9917E753,
0x0081EB08,
0xF5004688,
0xE0397B80,
0x00FFF06F,
0x0000F85B,
0xFAC8F7EA,
0xF85B9021,
0x46890C80,
0xFAC2F7EA,
0xF8DB4682,
0x460F0000,
0xFABCF7EA,
0xF8DB4604,
0x460D0080,
0xFAB6F7EA,
0x0B10EC41,
0xEC459821,
0xEC474B11,
0xF04FAB12,
0x220031FF,
0x6387F44F,
0x0B13EC49,
0x90002000,
0xE9CD483F,
0x20010801,
0x3B04ED8D,
0x2B06ED8D,
0x1B08ED8D,
0x0B0AED8D,
0xFF5CF001,
0x0B04F10B,
0x0801F108,
0xDBC345B0,
0x20019A11,
0x23002100,
0x9A129200,
0x9A149201,
0x2002E9CD,
0x1004E9CD,
0x22002004,
0xF7F4991E,
0xE702F8E7,
0xBF00BF00,
0x00000000,
0x40240000,
0x00000C90,
0x00000DF8,
0x00000E24,
0x00035000,
0x0002E96C,
0x3D3D0A0D,
0x3A73253E,
0x6F6F6C20,
0x646F6D70,
0x73252065,
0x58542820,
0x61684320,
0x6425206E,
0x203E2D20,
0x58522F4F,
0x61684320,
0x6425206E,
0x000A0D29,
0x0003F6A0,
0x74706163,
0x20657275,
0x6574616C,
0x2079636E,
0x66342E25,
0x5B203D20,
0x2B256425,
0x66342E2D,
0x66202C5D,
0x6F716572,
0x25206666,
0x000A0D64,
0x3CF5C28F,
0x3F23D70A,
0x42B40000,
0x42960000,
0x3F4CCCCD,
0x63617274,
0x4343206B,
0x2E252043,
0x0A0D6634,
0x00000000,
0x3F666666,
0x0002E918,
0x0002E779,
0x0002E79C,
0x0002E75F,
0x0002E745,
0x0002E7D3,
0x0002E860,
0x0002E828,
0x4901B108,
0x47706008,
0x00056AB4,
0x29307801,
0x7840D106,
0x0020F040,
0xBF042878,
0x47702001,
0x47702000,
0x4604B57C,
0xFA002001,
0x481BF204,
0xF8D017D3,
0xE9D050E0,
0xF7E9013E,
0x2228FE87,
0x26002300,
0xFE82F7E9,
0x460B4602,
0x21004628,
0xFE7CF7E9,
0xF3C04912,
0x2C02005B,
0xF360680A,
0x600A1205,
0x680A6808,
0x1010EA4F,
0x0283F360,
0xD30A600A,
0xF04FA00B,
0x220031FF,
0x1397F240,
0x6000E9CD,
0xF0012005,
0x480DFE95,
0xEB002102,
0xE8BD1004,
0xF007407C,
0xBF00BF2D,
0x00035000,
0x40000030,
0x6473656A,
0x76696420,
0x74657320,
0x72726520,
0x72617020,
0x0A0D6D61,
0x00000000,
0x0002DE8C,
0x4A8E2807,
0x2007BF28,
0x0107F080,
0x70107051,
0xBF004770,
0x4FF0E92D,
0x2100B087,
0x0F01F010,
0x1105E9CD,
0x1103E9CD,
0x91004601,
0x4C68D054,
0xAD01273C,
0x496EF04F,
0x0800F04F,
0x5B00F44F,
0xF04FE048,
0x21014040,
0x9001E9CD,
0x47A04628,
0xF1A7495E,
0xEA400008,
0x460E0A01,
0x21014628,
0xA801E9CD,
0x462847A0,
0xE9CD2101,
0x47A09B01,
0x0006EA47,
0xE9CD2101,
0x46280801,
0xF04F47A0,
0x46284600,
0xF8CD2101,
0x96029004,
0x462847A0,
0xE9CD2101,
0x47A0A601,
0x4680F04F,
0x21014628,
0x9004F8CD,
0x47A09602,
0x21014628,
0xA601E9CD,
0x462847A0,
0xE9CD2101,
0x47A09B01,
0x46382F60,
0xBF084942,
0x43083004,
0xE9CD2101,
0x46280B01,
0x370C47A0,
0xD1B42F6C,
0x07809800,
0x0000F04F,
0x4C3BD571,
0xAD01260C,
0x496EF04F,
0x0A04F04F,
0x2006E042,
0xE9CD2101,
0x46289001,
0xF1A647A0,
0x2700000C,
0xF0402101,
0x46284B62,
0xB004F8CD,
0x47A09702,
0xF8CD2040,
0x21019004,
0x46289002,
0xF04647A0,
0x46284862,
0x97022101,
0x8004F8CD,
0x462847A0,
0xE9CD2101,
0x47A09A01,
0x21014628,
0xBA01E9CD,
0x270247A0,
0x21014628,
0x9004F8CD,
0x47A09702,
0x21014628,
0xB701E9CD,
0x274047A0,
0x21014628,
0x9004F8CD,
0x47A09702,
0x21014628,
0x8701E9CD,
0x361447A0,
0xD1BA2E5C,
0x707AF44F,
0xF910F7F7,
0x2001AD03,
0x23042170,
0x462A2401,
0xFCA4F7EF,
0xF8DF4A28,
0x2100C03C,
0x20002303,
0xF8CC78D2,
0xE00C1004,
0xF703FA04,
0xD0064217,
0x0676786E,
0x4339BF5E,
0x1004F8CC,
0x35044338,
0x1C5F3B01,
0xB007D1F0,
0x8FF0E8BD,
0xE2010000,
0x0001FF65,
0x00000C00,
0x2904223C,
0x0080EBA2,
0x71504A15,
0x4770BF88,
0xF001E8DF,
0x19140603,
0x49120020,
0xE01A203F,
0x0185F3C0,
0xF0004A0F,
0x312900FC,
0x1000EBC0,
0x213F7091,
0xF0F1FBB0,
0xE00D3030,
0xEA01217E,
0x30200050,
0xF000E006,
0x211000FC,
0x0040EB00,
0x0090EB01,
0x70884903,
0x70C84902,
0xBF004770,
0x0003F76C,
0x00000D14,
0x4004F240,
0xF3C06800,
0x28034007,
0x4770BF88,
0xF000E8DF,
0x19122002,
0xF44FB510,
0x68046081,
0x0F01F014,
0xF000BF18,
0x07A0FB13,
0x4010E8BD,
0xF000BF48,
0x4770BA7B,
0x6081F44F,
0xF0006800,
0xF7FF000F,
0xF44FBEBD,
0x68006081,
0x000FF000,
0xBE66F7FF,
0x6181F44F,
0x68096808,
0xF3C1B2C0,
0xF7FF2107,
0x0000BF99,
0x483BB5B0,
0x24032200,
0x68814D3F,
0x0102F021,
0xF6406081,
0x600171FF,
0x20E4F8C0,
0xF0238F03,
0x8703030F,
0xF0238F03,
0x87030310,
0xF4238F03,
0x87037380,
0xF3648A83,
0x4C30231F,
0x4B2D8283,
0x4B2D6183,
0x230F61C3,
0x231F6203,
0xF5046243,
0x6283437F,
0x640323E4,
0xF8C04B29,
0x4B293400,
0x68DD601D,
0x5500F445,
0x689D60DD,
0x05FEF425,
0x689D609D,
0x0500F425,
0x4D24609D,
0x20ACF8C3,
0x50A8F8C3,
0x20A8F8C3,
0xF045689D,
0x609D050F,
0xF42568DD,
0x60DD6500,
0x689D611C,
0x0510F045,
0x6885609D,
0x3540F445,
0x68856085,
0x3540F425,
0xF8D06085,
0xF4455400,
0xF8C03580,
0xF8D05400,
0xF4255400,
0xF8C03580,
0xF8C35400,
0xF8C310A8,
0x210A20A8,
0x0154F8D3,
0x000FF361,
0x0154F8C3,
0x0154F8D3,
0x000AF2C0,
0x0154F8C3,
0xBF00BDB0,
0x4008C008,
0x83000605,
0x0F031F01,
0x0003010F,
0x0C0000E4,
0x4008C40C,
0xF10FFFF3,
0x000F0F0F,
0x4FF8E92D,
0x8B06ED2D,
0xAC1DB0A4,
0x4607460E,
0xE9CD211C,
0x46202310,
0xFCE7F7E9,
0x4A994D98,
0xE0052000,
0x0180EB05,
0xF8445889,
0x30011020,
0xD1F72807,
0xAC126828,
0x4893900F,
0x910E6801,
0x910D6841,
0x910C6881,
0x910B68C1,
0x6900212C,
0x4620900A,
0xFCC9F7E9,
0x20004B8C,
0xF853E004,
0xF8441020,
0x30011020,
0xD1F8280B,
0x49869C10,
0x461D4628,
0x2C012302,
0x1D08BF18,
0x680A4984,
0xEA036809,
0xF3C22151,
0x230012C0,
0xF5054311,
0x42395260,
0xF248BF04,
0xF2C40210,
0x68110208,
0xA2846800,
0x35C2F3C1,
0xE9CDA17A,
0x22003200,
0xE9CD2355,
0xE9CD1702,
0x99116404,
0x1506E9CD,
0x3402F3C0,
0xF04F2001,
0x940831FF,
0xFC34F001,
0x5000F04F,
0x4100F44F,
0xFC87F7E9,
0x4A834882,
0x8A84ED9F,
0x9A8DED9F,
0x0A03F04F,
0xF884FA5F,
0x1144F8B0,
0xF8B08011,
0x80511144,
0x1144F8B0,
0x497B8091,
0x0144F8B0,
0xF44F80D0,
0x40A8607A,
0x40E0B2ED,
0x0901EB00,
0x46292001,
0x4633463A,
0xFE8BF7ED,
0x2310E9DD,
0x46412002,
0xFA48F7EB,
0x21012003,
0xFC6CF7ED,
0x46392000,
0xF04F4632,
0xF7EF0B00,
0xF04FF9F9,
0xEEB034FF,
0xE01CAA48,
0x028BEB09,
0x002BF939,
0x102BF939,
0x3002F9B2,
0x2002F9B2,
0xF203FB12,
0x2000FB11,
0x0A10EE00,
0x0AC0EEB8,
0xAAC0EEB4,
0xFA10EEF1,
0x465CBFB8,
0x0B01F10B,
0xEEB0BFB8,
0xF5BBAA40,
0xD1DF6FFA,
0x0A10EE1A,
0xFF0CF7E9,
0x0B10EC41,
0xF04F2000,
0x220031FF,
0x90002371,
0xE9CDA053,
0x20010401,
0x0B04ED8D,
0xFBC0F001,
0xAAC9EEB4,
0xFA10EEF1,
0xF1AADC08,
0xF01A0001,
0x46820FFF,
0xF04FD1A4,
0xE02734FF,
0xDB252C01,
0x0084EB09,
0x0A50ED9F,
0xAE124F27,
0x1C04F930,
0x2C04F930,
0x3C02F930,
0x0C02F930,
0x0A00EE2A,
0xF003FB10,
0xFB12AB1D,
0xEE010001,
0xEEB80A10,
0xE9DD1AC1,
0xE9DD100E,
0xE9DDC20C,
0xEEB4E50A,
0xEEF10AC1,
0xBFB8FA10,
0xE0083C01,
0x100EE9DD,
0xC20CE9DD,
0xE9DD4F14,
0xAB1DE50A,
0x6038AE12,
0x60014813,
0xF8C06042,
0x60C5C008,
0xF8C04D0F,
0x2000E010,
0xF853E005,
0xEB071020,
0x30010280,
0x28075151,
0x4A0BD1F7,
0xE0042000,
0x1020F856,
0x1020F842,
0x280B3001,
0x4620D1F8,
0xECBDB024,
0xB0018B06,
0x8FF0E8BD,
0x40084008,
0xFFFFC000,
0x4008400C,
0x40084808,
0x40090008,
0x6473656A,
0x616C705F,
0x70616379,
0x746E695F,
0x72656765,
0x6C65645F,
0x635F7961,
0x00636C61,
0x73250A0D,
0x7266203A,
0x63206D6F,
0x64255B68,
0x255B705D,
0x74205D64,
0x6863206F,
0x5D64255B,
0x64255B70,
0x6964205D,
0x64255B76,
0x5D642520,
0x00000A0D,
0x00035000,
0x20000FA0,
0x20010000,
0x00000000,
0x736C7570,
0x65645F65,
0x2079616C,
0x70206425,
0x65736C75,
0x776F705F,
0x302E2520,
0x0A0D2066,
0x00000000,
0x47C35000,
0x3F4CCCCD,
0x4615B5BF,
0x211B460A,
0xF7FF2300,
0xB204FE67,
0x46011B60,
0x4241BF48,
0xDC05291F,
0x0020F1C0,
0xF00DB240,
0xE010F9CB,
0xF00D2020,
0xA008F9C7,
0x22002100,
0x730CF44F,
0x1000E9CD,
0xF04F2005,
0xE9CD31FF,
0xF0015402,
0x4620FAE5,
0xBDB0B004,
0x20746573,
0x6473656A,
0x64207872,
0x79616C65,
0x72726520,
0x6863202C,
0x206B6365,
0x65706F68,
0x6C656420,
0x203A7961,
0x5B206425,
0x636C6163,
0x74616C75,
0x25203A65,
0x0A0D5D64,
0x00000000,
0x4FFEE92D,
0x923CF8DF,
0x48432100,
0x1003F889,
0xF01268C2,
0xD0070F01,
0x22016801,
0x0103F001,
0xF101FA02,
0x1003F889,
0xF01268C2,
0xD0090F02,
0x23016802,
0xF3C2B2C9,
0xFA030281,
0x4311F202,
0x1003F889,
0xF01268C2,
0xD0090F04,
0x23016802,
0xF3C2B2C9,
0xFA031201,
0x4311F202,
0x1003F889,
0xF01268C2,
0xD0080F08,
0x22016800,
0x1081F3C0,
0xF000FA02,
0xF8894308,
0x4F290003,
0xF8DF4D27,
0x2600A1CC,
0x2000AC01,
0x9000E03A,
0x0003F1C0,
0xF04F2101,
0xFA010B00,
0xE02BF800,
0x0003F899,
0x0F00EA18,
0x6828D017,
0x0030F000,
0xBF183810,
0xF1BB2001,
0xEA400F00,
0xEB070080,
0xF8500080,
0xD10B000B,
0x1000F89A,
0x2001F89A,
0x2001EA40,
0x20C2EA40,
0xEB07E002,
0x6A80000B,
0xEB069002,
0x2101000B,
0x4060F040,
0x46209001,
0xFAEAF007,
0x0B04F10B,
0x0F14F1BB,
0x9800D1D0,
0x30013614,
0xD1C22804,
0xF7FF2002,
0x2101FBCF,
0x1002F889,
0xE8BDB003,
0xBF008FF0,
0x4008C408,
0x40000030,
0x0002DBB8,
0x4FFEE92D,
0x8118F8DF,
0x20004946,
0x23002201,
0x0004F888,
0x880EE038,
0xF703FA02,
0x0736403E,
0x880ED016,
0x0F10F016,
0x2600D012,
0xE00D2500,
0x40F469CC,
0x0403F004,
0xD105429C,
0xF405FA02,
0x4320B2C0,
0x0004F888,
0x35013602,
0xD1EF2D04,
0x40378A8E,
0xD016073F,
0xF0178A8F,
0xD0120F10,
0x26002700,
0x69CDE00D,
0xF00540FD,
0x429D0503,
0xFA02D105,
0xB2C0F506,
0xF8884328,
0x37020004,
0x2E043601,
0x3301D1EF,
0xD1C42B04,
0xF8984926,
0x4D260005,
0xA098F8DF,
0xAC012700,
0x78C9788A,
0xEA420212,
0xEA404000,
0x20006601,
0x9000E030,
0x0003F1C0,
0xF04F2101,
0xFA010B0C,
0xE021F900,
0x0004F898,
0x0F00EA19,
0xEB0AD008,
0xF1BB000B,
0xF8500F0C,
0xBF080C0C,
0xE0014330,
0x000BF85A,
0xEB079002,
0xF100000B,
0x28380128,
0xEA414620,
0xBF080105,
0x0164F105,
0x21019101,
0xFA50F007,
0x0B04F10B,
0x0F18F1BB,
0x9800D1DA,
0x3001370C,
0xD1CC2804,
0xF7FF2001,
0xE8BDFB35,
0xBF008FFE,
0x0003F76C,
0x4008C02C,
0x00000D14,
0xE0010000,
0x0002DBF4,
0xB3A9B51F,
0x72D0EB00,
0x0C01F1A0,
0x0E00F04F,
0xEE011052,
0xEEB82A10,
0xEE311AC1,
0xEEB70A00,
0x45861A00,
0xBD1FBFA8,
0xEEB02200,
0x23002A41,
0x459EE013,
0xEE03D00F,
0xEB0E3A10,
0xEEB80402,
0xEE043AC3,
0xEE304A10,
0xEEB83A43,
0xEE224AC4,
0xEE822A03,
0x3A012A04,
0x42983301,
0xEBACD1E9,
0xF10E020E,
0xEB010E01,
0xED820282,
0xE7D82A00,
0xA10FA007,
0xF2402200,
0xE9CD33EF,
0x90022100,
0xF04F2005,
0x220031FF,
0xF950F001,
0xBF00BD1F,
0x7267616C,
0x65676E61,
0x6C6F705F,
0x6D6F6E79,
0x5F6C6169,
0x656E6567,
0x6F746172,
0x00000072,
0x65207325,
0x726F7272,
0x72617020,
0x74656D61,
0x0D737265,
0x0000000A,
0x4FF8E92D,
0x8B04ED2D,
0x6D30F5AD,
0xF60DB082,
0x468224EC,
0x4620211C,
0xF97DF7E9,
0x20004EAD,
0xF856E004,
0xF8441020,
0x30011020,
0xD1F82807,
0x4080F44F,
0x652CF50D,
0x90125830,
0x680148A6,
0x68419111,
0x68819110,
0x68C1910F,
0x212C910E,
0x900D6900,
0xF7E94628,
0x4FA0F95E,
0xE0042000,
0x1020F857,
0x1020F845,
0x280B3001,
0x2004D1F8,
0xF7FC4651,
0x4681F897,
0xF44FA814,
0xF8996127,
0xF8998000,
0xF7E9B002,
0x4895F946,
0xAA032100,
0xB030F8CD,
0x1333F240,
0xF8509113,
0xE8820028,
0xF8DF0C01,
0xA090B240,
0xF8CD2200,
0xE9CDB008,
0x20011000,
0x31FFF04F,
0xF8D4F001,
0x0F04F1B8,
0xA0AAD20C,
0x22002100,
0x739BF44F,
0x1000E9CD,
0xB802E9CD,
0xF04F2005,
0xE0D031FF,
0xF8CD488F,
0x2202802C,
0x68006801,
0x11C0F3C1,
0x2050EA02,
0xB030F8DD,
0xF5074308,
0xEA105160,
0xBF040F0B,
0x0110F248,
0x0108F2C4,
0x49856808,
0x30C2F3C0,
0x8020F851,
0x4648A914,
0xF7F34689,
0xED9FFE85,
0xEDDF0A81,
0x46480A81,
0x46422140,
0x8028F8CD,
0xFD8AF00B,
0x20002102,
0xA160F88D,
0x81F0F8DF,
0x23034652,
0x90599157,
0x116CF88D,
0x2015905C,
0xB174F88D,
0xF88D2102,
0x4874017C,
0x0144F8B0,
0x4650905A,
0xF89D47C0,
0x9009116C,
0x46524650,
0x47C02307,
0x116CF89D,
0x317CF89D,
0x46504681,
0x47C0465A,
0xF1B84680,
0xDB6C0F01,
0x0B50F10D,
0x8178F8CD,
0xF00B4658,
0x4658FDD9,
0xFFA6F00B,
0x4658A913,
0xFDB8F7F3,
0x8A10EE00,
0x8A13ED9D,
0x014AEB0A,
0x0009EBA8,
0x1A68ED9F,
0x0AC0EEB8,
0xF8DD9A0A,
0xEE04A024,
0xEE380A10,
0xEE280A00,
0xEE031A01,
0x4A622A10,
0xAA10EE02,
0x2AC2EEB8,
0x3AC3EEB8,
0x4AC4EEB8,
0x00C1EB02,
0xEE30990B,
0xEE810A42,
0xEB001A03,
0xED800081,
0xED004A02,
0xEE110A0A,
0xF7E90A10,
0xEE18FB69,
0xEC412A10,
0x46100B18,
0xFB62F7E9,
0x0B19EC41,
0xED8D4851,
0xF04F8B06,
0x220031FF,
0x1367F240,
0x9B04ED8D,
0x8A02E9CD,
0xF04F46CA,
0x90010900,
0xF8CD2001,
0xF0019000,
0x4848F80F,
0x9B04ED8D,
0x8B06ED8D,
0x8A02E9CD,
0x31FFF04F,
0xF44F2200,
0xE9CD73B6,
0x20019000,
0xA033E00B,
0x22002100,
0x1351F240,
0x1000E9CD,
0xF04F481B,
0x900231FF,
0xF0002005,
0x9912FFF1,
0x4080F44F,
0x48135031,
0x60019911,
0x60419910,
0x6081990F,
0x60C1990E,
0x6101990D,
0xE0042000,
0x1020F854,
0x1020F846,
0x28073001,
0x2000D1F8,
0xF855E004,
0xF8471020,
0x30011020,
0xD1F8280B,
0x6D30F50D,
0xECBDB002,
0xB0018B04,
0x8FF0E8BD,
0x40080008,
0x4008400C,
0x40084808,
0x00000E24,
0x0002EA16,
0x3D3D0A0D,
0x3A73253E,
0x6F6F6C20,
0x646F6D70,
0x73252065,
0x58542820,
0x61684320,
0x6425206E,
0x203E2D20,
0x58522F4F,
0x61684320,
0x6425206E,
0x000A0D29,
0x40090008,
0x00000DF8,
0xBF7C0000,
0x3F7C0000,
0x00035000,
0x00018F49,
0x65207325,
0x726F7272,
0x6163203A,
0x746F6E6E,
0x6C616320,
0x68742063,
0x626C2065,
0x6C656420,
0x0A0D7961,
0x00000000,
0x4E6E6B28,
0x0003F6A0,
0x0002E992,
0x0002E9D5,
0x203A7325,
0x6F727265,
0x6F6C2072,
0x6F6D706F,
0x255B6564,
0x0A0D5D64,
0x00000000,
0x4FF8E92D,
0x8B06ED2D,
0xAC15B09C,
0x2307E9CD,
0x46839109,
0x4620211C,
0xFFB9F7E8,
0x4A9D4D9C,
0xE0052000,
0x0180EB05,
0xF8445889,
0x30011020,
0xD1F72807,
0x4E986828,
0x212CAC0A,
0x68309006,
0x68709005,
0x68B09004,
0x68F09003,
0x69309002,
0x46209001,
0xFF9BF7E8,
0x20004B90,
0xF853E004,
0xF8441020,
0x30011020,
0xD1F8280B,
0x0F01F1BB,
0xF04F4628,
0xF8DF0202,
0xBF189230,
0xF8D01D30,
0x48878000,
0x68006801,
0x2050EA02,
0x11C0F3C1,
0x43089A07,
0x5160F503,
0x42102300,
0xF04F4881,
0xBF040200,
0x0110F248,
0x0108F2C4,
0xF8D0680E,
0xF8D9A034,
0x20005124,
0xF7EC2100,
0xF04FFCCF,
0xF44F5000,
0xF7E84100,
0xF8B9FF62,
0x4F770144,
0x8A77ED9F,
0x9A77ED9F,
0xF3C88038,
0xF3C63002,
0x454038C2,
0x4680BF88,
0x2C109C08,
0x4680BF38,
0xF0152001,
0xFA000F03,
0xF04FF108,
0xBF080005,
0xFB802004,
0xFBA0020A,
0xFB020301,
0xF7E93101,
0xEE00F944,
0xF8B90A10,
0xED9F0144,
0x4E67AA69,
0x0903F04F,
0x3A80F44F,
0x0A08EE20,
0x8A09EE20,
0x9A61ED9F,
0xFA5F8078,
0x9B09F588,
0x465A2001,
0xF7ED4629,
0x2C0FF94C,
0x0002F04F,
0x46234629,
0x9A07BF8C,
0xF7EA465A,
0x2003FD05,
0xF7EC2101,
0x9A09FF29,
0x46592000,
0xF7EF2500,
0xF507FCEB,
0xF44F3080,
0xEEB061FA,
0x22000A48,
0xF0072300,
0xF04FF8E9,
0xEEB030FF,
0xE01A0A49,
0x0185EB07,
0x200AF931,
0x300AF931,
0x5F895F8C,
0xF104FB11,
0x1102FB13,
0x1A10EE01,
0x1AC1EEB8,
0x0AC1EEB4,
0xFA10EEF1,
0x4628BFB8,
0x0501F105,
0xEEB0BFB8,
0xF5B50A41,
0xD1E17F7A,
0x0ACAEEB4,
0xEEF19C08,
0xDC08FA10,
0x0001F1A9,
0x0FFFF019,
0xD1AA4681,
0x30FFF04F,
0x2801E027,
0xEB07DB25,
0xF64F0180,
0xF64F72FC,
0xED9F77FE,
0xAD0A1A33,
0x5E8A5E8B,
0x5FC95FCE,
0xEE20AF15,
0xFB110A01,
0x4E20F106,
0x1103FB12,
0x1A10EE01,
0x1AC1EEB8,
0x2105E9DD,
0xC303E9DD,
0xE401E9DD,
0x0AC1EEB4,
0xFA10EEF1,
0x3801BFB8,
0xE9DDE008,
0xE9DD2105,
0x4E14C303,
0xE401E9DD,
0xAD0AAF15,
0x49136031,
0x604B600A,
0xC008F8C1,
0x4C0F60CC,
0xE010F8C1,
0xE0052100,
0x2021F857,
0x0381EB06,
0x511A3101,
0xD1F72907,
0x21004B0A,
0xF855E004,
0xF8432021,
0x31012021,
0xD1F8290B,
0xECBDB01C,
0xB0018B06,
0x8FF0E8BD,
0x40084008,
0xFFFFC000,
0x4008400C,
0x40084808,
0x40090008,
0x40088010,
0x00035000,
0x20000FA0,
0x2F800000,
0xC0C90FDB,
0x00000000,
0x00010002,
0x47C35000,
0x3F4CCCCD,
0x4FF0E92D,
0x4F23B085,
0x25F74E29,
0xF20FAC03,
0xF04F0A90,
0x68380B00,
0x7080F440,
0x481F6038,
0x2DF14681,
0xF44FD32F,
0x21010077,
0xF04F9004,
0x9003406E,
0xF0064620,
0x4817FE8D,
0x08F7F005,
0x90032101,
0x4008EA4F,
0x46209004,
0xFE82F006,
0xF7F64648,
0x68B8F939,
0x31FFF04F,
0xF2402200,
0xF040731C,
0x60B80001,
0xE9CD2001,
0xF8CDBA00,
0xF0008008,
0x4630FDCF,
0xF926F7F6,
0x3D0168B8,
0x0F01F010,
0x6838D1CD,
0x7080F420,
0xB0056038,
0x8FF0E8BD,
0x40000030,
0xE2120054,
0x000186A0,
0x54666552,
0x3A6D6972,
0x25783020,
0x000A0D78,
0x0007A120,
0x4FF8E92D,
0x8B08ED2D,
0x6D30F5AD,
0xF60DB082,
0x911225EC,
0x211C4680,
0xF7E84628,
0x4BEBFDFA,
0x20004AEB,
0xEB03E005,
0x58890180,
0x1020F845,
0x28073001,
0x6818D1F7,
0x652CF50D,
0x48E59010,
0x910F6801,
0x910E6841,
0x910D6881,
0x910C68C1,
0x6900212C,
0x4628900B,
0xFDDBF7E8,
0x20004ADE,
0xF852E004,
0xF8451020,
0x30011020,
0xD1F8280B,
0x46409912,
0xFD14F7FB,
0xA8144606,
0x6127F44F,
0x78747837,
0xA002F896,
0xFDC3F7E8,
0x464548E4,
0x0800F04F,
0xF8DFA903,
0x2200B38C,
0xF8CD2358,
0x9506804C,
0x0027F850,
0x0411E881,
0xF8CDA0DE,
0xF04FB008,
0xE9CD31FF,
0x20018000,
0xFD50F000,
0x2D04B14F,
0xD1149511,
0x49D348D1,
0xBF182C01,
0x210C1D08,
0xF20FE022,
0xF60D30CC,
0xF04F2AEC,
0x220031FF,
0xE9CD235C,
0x20058000,
0xB702E9CD,
0x48DBE155,
0x68012202,
0xEA026800,
0xF3C12050,
0x430111C0,
0xEA1148C5,
0xF04F0F0A,
0xF500010F,
0xBF045060,
0x0010F248,
0x0008F2C4,
0xF10D6800,
0x40C80850,
0xF00049CF,
0xF8510007,
0x46307020,
0xF00B4641,
0xEEBEFEB1,
0xEEF60A0F,
0x46400A0F,
0x463A2120,
0xF9FEF00B,
0xF88D9B11,
0x22024160,
0xFAB11F19,
0xEA4FF081,
0xEA4F1050,
0x90570040,
0x0000F04F,
0xF88D9059,
0xBF18216C,
0x2B042101,
0xF04F915C,
0xF88D0115,
0xF88DA174,
0x49BA117C,
0x1144F8B1,
0xD110915A,
0x21024620,
0x23154652,
0xFD78F7FF,
0xF3402800,
0x905E80F5,
0xF00BA814,
0x4620FA53,
0xFAF0F7F3,
0x905EE003,
0xF00BA814,
0xED9FFA4B,
0xED9F9AB8,
0x9D118AB9,
0xF04FAC13,
0xF04F0B00,
0xF04F0800,
0xEB080A01,
0x211070D8,
0x0660EB01,
0x46289912,
0x0708EBA6,
0x463B4632,
0xFD16F007,
0xF7F62064,
0xF10DF815,
0x46480950,
0xFBFAF00B,
0x46294648,
0xF7F34622,
0xED9DFADF,
0xEE1BBA13,
0xF7E80A10,
0xEC41FFE7,
0x20000B1A,
0x0B01F10B,
0x31FFF04F,
0x23A02200,
0x489E9000,
0x0B01E9CD,
0xE9CD2001,
0xE9CD8603,
0xED8D7A05,
0xF000AB08,
0xEEB0FC95,
0xEEB40ACB,
0xEEF10AC8,
0xDD7DFA10,
0x1A0BEE29,
0x1AC0EEB5,
0xFA10EEF1,
0x4A74DB50,
0x0F02F1BB,
0xEE01D331,
0xEE3BAA10,
0x21012A49,
0x1AC1EEB8,
0x1A01EE2B,
0x1A02EE81,
0x1AC1EEB0,
0x1AC1EEBD,
0x0A10EE11,
0x1AC9EEB0,
0xEEB42801,
0xBFD80AC1,
0x28044608,
0x2004BFA8,
0xFA10EEF1,
0xF1BADD08,
0xBF180F00,
0x0A01F04F,
0xF04FBFC8,
0xE0083AFF,
0x0F00F1BA,
0xF04FDD02,
0xE0020A01,
0xF04FBF18,
0xFB0A3AFF,
0xEEB5FA00,
0x2000BAC0,
0xFA10EEF1,
0xF04FBFB8,
0xBFC830FF,
0xFB0A2001,
0xF1B88800,
0x46400F00,
0xF1C8BF48,
0x28100000,
0xF1BBDC2D,
0xEEB00F2F,
0xF4FF9A4B,
0xE026AF6C,
0x1AC9EEB0,
0x0AC1EEB4,
0xFA10EEF1,
0xEEB5DB1E,
0x2000BAC0,
0xEEF12110,
0xBFB8FA10,
0x30FFF04F,
0x2001BFC8,
0x880AFB00,
0x70D8EB08,
0x0260EB01,
0x0111E9DD,
0x0308EBA2,
0xFC70F007,
0x0A10EE19,
0xFF50F7E8,
0x0B1AEC41,
0x9A13ED8D,
0x20004A38,
0xED8D2110,
0x23C8AB06,
0x2AECF60D,
0xEB089000,
0xEB0170D8,
0x49510060,
0x2002E9CD,
0x0008EBA0,
0x91012200,
0x20019004,
0x31FFF04F,
0xFBF6F000,
0x100FE9DD,
0x720DE9DD,
0xE9DD4B25,
0xE015C60B,
0x2100A039,
0x2AECF60D,
0x237C2200,
0x1000E9CD,
0xF04F4823,
0x900231FF,
0xF0002005,
0xE9DDFBDF,
0xE9DD720D,
0x4B1AC60B,
0x100FE9DD,
0xF50D4D17,
0x6028642C,
0x60014817,
0x60876042,
0xF8C060C6,
0x2000C010,
0xBF00E00E,
0x40084008,
0xFFFFC000,
0x4008400C,
0x40084808,
0x1020F85A,
0x0280EB05,
0x50D13001,
0xD1F72807,
0x20004A0B,
0xF854E004,
0xF8421020,
0x30011020,
0xD1F8280B,
0x6D30F50D,
0xECBDB002,
0xB0018B08,
0x8FF0E8BD,
0x40084008,
0xFFFFC000,
0x4008400C,
0x40084808,
0x00000E24,
0x0002EAA8,
0x3D3D0A0D,
0x3A73253E,
0x6F6F6C20,
0x646F6D70,
0x73252065,
0x58542820,
0x61684320,
0x6425206E,
0x203E2D20,
0x58522F4F,
0x61684320,
0x6425206E,
0x64255B29,
0x000A0D5D,
0x40090008,
0x00000DF8,
0x00035000,
0x65207325,
0x726F7272,
0x6163203A,
0x746F6E6E,
0x6C616320,
0x68742063,
0x626C2065,
0x6C656420,
0x0A0D7961,
0x00000000,
0x00000000,
0x0002EA66,
0x3A03126F,
0x0002EA24,
0x203A7325,
0x6F727265,
0x6F6C2072,
0x6F6D706F,
0x255B6564,
0x0A0D5D64,
0x00000000,
0x460CB510,
0xD0022801,
0x200FB948,
0x200EE000,
0xF004B2C0,
0xE9C4FB13,
0x20000100,
0xF04FBD10,
0xBD1030FF,
0xD0042801,
0x4610B938,
0xF7EC4619,
0x4610BFD5,
0xF7EC4619,
0xF04FB9B3,
0x477030FF,
0x00000000,
0x47F0E92D,
0x5B08ED2D,
0x4004F240,
0xF3C06800,
0x281A4007,
0x8257F200,
0xF010E8DF,
0x002D001B,
0x02550041,
0x01920055,
0x00DD006C,
0x01B300F8,
0x00FC01B7,
0x02550110,
0x02550255,
0x02550255,
0x02550255,
0x02550255,
0x02550255,
0x01520136,
0xF44F016E,
0xF8DF6081,
0x680144C0,
0x400CF240,
0xE9C46800,
0xF8940144,
0x06922120,
0x8197F100,
0xFD66F7E9,
0xF44FE196,
0xF8DF6081,
0x6804649C,
0x400CF240,
0xE9C66805,
0xF8965440,
0x06800120,
0x81ACF100,
0x46214628,
0xFF7EF7EC,
0xF44FE1AB,
0xF8DF6081,
0x68046474,
0x400CF240,
0xE9C66805,
0xF8965442,
0x06400120,
0x81CCF100,
0x46214628,
0xF94CF7EC,
0xF44FE1CB,
0x68016081,
0xF0016800,
0xF3C0040F,
0x46201503,
0xF0034629,
0xF20FFEA7,
0x2100407C,
0xF2402200,
0xE9CD133B,
0xE9CD1000,
0xE1214502,
0x6081F44F,
0x841CF8DF,
0x68036801,
0x1404F3C3,
0x0201F011,
0x68006803,
0x0702F001,
0x0604F001,
0x12C2EA44,
0x2118F888,
0x2584F3C3,
0x1287EA45,
0x2119F888,
0x4904F3C0,
0x1046EA49,
0x011AF888,
0x468248E6,
0xF3C4D012,
0x20030187,
0xFF90F7EA,
0x21012001,
0xF404FA00,
0xF7EA4620,
0x4650FEF1,
0xF3C06800,
0x46207100,
0xFF9CF7EA,
0xF3C5B197,
0x20030187,
0xFF7CF7EA,
0x21012001,
0xF405FA00,
0xF7EA4620,
0x4650FEDD,
0xF3C08880,
0x46202140,
0xFF88F7EA,
0xF3C9B196,
0x20030187,
0xFF68F7EA,
0x21012001,
0xF409FA00,
0xF7EA4620,
0xF8BAFEC9,
0xF3C0000C,
0x46202140,
0xFF74F7EA,
0x0118F898,
0x1119F898,
0x211AF898,
0x2700A3E1,
0x7300E9CD,
0xC307AB02,
0xF04F2001,
0x220031FF,
0x1361F240,
0xF44FE175,
0x4FD76081,
0x68026801,
0xF3C26800,
0x01091380,
0x6070F400,
0x4BD3603B,
0x1240F3C2,
0x601AB2C9,
0xF8D24AC7,
0xF4233120,
0x4319637F,
0xF8C24308,
0xE15C0120,
0xE9D048C2,
0xE0BD0144,
0x6081F44F,
0xF2406803,
0x6802400C,
0x6082F44F,
0x68076801,
0xF3C06800,
0x90003003,
0xF3C7B2C8,
0xF7EF2103,
0xE144FAC5,
0x6081F44F,
0x68016802,
0x1003F3C1,
0xF0120909,
0xD0060F02,
0xF8D34BB1,
0xF361712C,
0xF8C3771C,
0xF002712C,
0x0752030F,
0x4AACD506,
0x712CF8D2,
0x775DF361,
0x712CF8C2,
0xB2DCB2C5,
0x46294620,
0xFAD4F004,
0x46294620,
0xFB9AF7EA,
0xF0042010,
0xEEB0F939,
0xEEF08A40,
0xED9F8A60,
0xEC510B90,
0xEC530B18,
0xF7E82B10,
0xF7E8FAED,
0xF44FFCFD,
0xF2406284,
0x60111395,
0x4124F240,
0x60082200,
0xE036A097,
0xF004200F,
0xEEB0F91D,
0xEEF08A40,
0xED9F8A60,
0xEC510B82,
0xEC530B18,
0xF7E82B10,
0xF7E8FAD1,
0xF44FFCE1,
0xF44F6284,
0x601173CE,
0x4124F240,
0x60082200,
0xE01AA081,
0xF004200E,
0xEEB0F901,
0xEEF08A40,
0xED9F8A60,
0xEC510B74,
0xEC530B18,
0xF7E82B10,
0xF7E8FAB5,
0xF44FFCC5,
0xF2406284,
0x601113A3,
0x4124F240,
0x60082200,
0x2100A06C,
0x8B02ED8D,
0x1000E9CD,
0xF04F2001,
0xE0C031FF,
0x6081F44F,
0xF0146804,
0xD1040F01,
0x21002010,
0xF0052202,
0x07A0FAD5,
0x200FD404,
0x22012100,
0xFACEF005,
0xD4040760,
0x2100200E,
0xF0052201,
0x4869FAC7,
0x1120F8D0,
0x0103F364,
0x1120F8C0,
0x4865E0A1,
0x0140E9D0,
0x4863E002,
0x0142E9D0,
0x6284F44F,
0xF2406011,
0x60084124,
0x2201E093,
0xFBD1F7E9,
0x0118F894,
0x0F80F010,
0xF000D00A,
0x2101001F,
0xF000FA01,
0x68094961,
0x7100F3C1,
0xFE6AF7EA,
0xF0042010,
0xE9C4F917,
0xE9D4013E,
0xE9CD2344,
0x48690104,
0x31FFF04F,
0x2302E9CD,
0x20009001,
0xF2402200,
0xE068130B,
0x46214628,
0xF7EC2201,
0x200FFDD6,
0xF8FEF004,
0x013AE9C6,
0x0140F8D6,
0x2000B138,
0x462A2102,
0x90004623,
0xF7F42000,
0xF896FC19,
0xF0100119,
0xD00A0F80,
0x001FF000,
0xFA012101,
0x4945F000,
0xF3C18889,
0xF7EA2140,
0xE9D6FE31,
0xE9D6013A,
0xE9CD2340,
0x484D0104,
0x2302E9CD,
0x31FFF04F,
0xF44F2200,
0xE0327390,
0x46214628,
0xF7EB2201,
0x200EFF82,
0xF8CAF004,
0x013CE9C6,
0x0140F8D6,
0x2000B138,
0x462A2104,
0x90004623,
0xF7F42001,
0xF896FBE5,
0xF010011A,
0xD00A0F80,
0x001FF000,
0xFA012101,
0x492BF000,
0xF3C18989,
0xF7EA2140,
0xE9D6FDFD,
0xE9D6013C,
0xE9CD2342,
0x48320104,
0x2302E9CD,
0x31FFF04F,
0xF2402200,
0x90011335,
0x90002000,
0xF0002001,
0xECBDF8CB,
0xE8BD5B08,
0xBF0087F0,
0x4000000C,
0xBF00BF00,
0x00000000,
0x412E8480,
0x20746567,
0x2066726F,
0x206C6C70,
0x71657266,
0x6625203A,
0x0D7A6820,
0x0000000A,
0x20746567,
0x70206672,
0x66206C6C,
0x3A716572,
0x20662520,
0x0A0D7A68,
0x00000000,
0x00035000,
0x20746567,
0x70206262,
0x66206C6C,
0x3A716572,
0x20662520,
0x0A0D7A68,
0x00000000,
0x00000D1C,
0x00000D18,
0x4000000C,
0x206C6C70,
0x6F697067,
0x61747320,
0x20737574,
0x78257830,
0x00000A0D,
0x3A6C6C70,
0x25783020,
0x6E4F2078,
0x3B66664F,
0x0D642520,
0x0000000A,
0x0002E2F3,
0x0002E2F4,
0x0002E2D4,
0x60514A60,
0x6588495E,
0xF1024903,
0xF44F0008,
0xF7EC4280,
0xBF00BD41,
0x00058DF4,
0xF240B51F,
0x68004004,
0x4007F3C0,
0xD00D2802,
0xD0272801,
0xF44FBB28,
0xF2406081,
0x6800410C,
0xB0046809,
0x4010E8BD,
0xBFDCF7FF,
0x6081F44F,
0xB2846800,
0x7FFCF5B4,
0xF44FBF28,
0x00A074FC,
0xF44FB281,
0xF7F66084,
0xA010FB4B,
0x22002100,
0xE9CD2353,
0x20011000,
0x31FFF04F,
0xF0009402,
0xBD1FF82F,
0x6081F44F,
0x2200490F,
0x6800234A,
0x000FF000,
0xA10D6008,
0x2100E9CD,
0x20019002,
0x31FFF04F,
0xF0002200,
0xBD1FF81B,
0x64616572,
0x676F6C20,
0x6F726620,
0x6172206D,
0x656C206D,
0x64253A6E,
0x00000A0D,
0x00000D30,
0x20746573,
0x20676F6C,
0x72206F74,
0x253A6D61,
0x000A0D64,
0xF5ADB5F0,
0xB0816D80,
0x4A264616,
0x6D92461C,
0xD8434282,
0xD1032801,
0x68404823,
0xD03D4208,
0x6084F50D,
0xF8DD466D,
0xF44F7418,
0xF8CD6180,
0x46280400,
0xF83DF7E8,
0x4668B126,
0x4632A11B,
0xF9A2F00C,
0x641CF8DD,
0x4628B147,
0xF83CF7E8,
0xA1174428,
0x4623463A,
0xF996F00C,
0xF7E84628,
0xF8DDF833,
0x44282400,
0xF00C4631,
0x4E0EF9A1,
0xB1786830,
0x4620466C,
0xF826F7E8,
0x36084605,
0xF814E005,
0x46301B01,
0xFCA6F7EC,
0x2D003D01,
0xE003D1F7,
0x46684908,
0xFD52F00F,
0x6D80F50D,
0xBDF0B001,
0x00000C00,
0x00000D30,
0x003A7325,
0x25287325,
0x003A2964,
0x00000C74,
0x4FF8E92D,
0x8B02ED2D,
0xF10DB09E,
0x910B095C,
0x211C4682,
0xF7E74648,
0x4F84FFEE,
0xE0042000,
0x1020F857,
0x1020F849,
0x28073001,
0xF44FD1F8,
0x4C7F4080,
0x212CAD0C,
0x90095838,
0x90086820,
0x90076860,
0x900668A0,
0x900568E0,
0x90046920,
0xF7E74628,
0x4E77FFD0,
0xE0042000,
0x1020F856,
0x1020F845,
0x280B3001,
0x2004D1F8,
0xF7FA4651,
0x7883FF09,
0x22024870,
0x68006801,
0x2050EA02,
0x11C0F3C1,
0x2200930A,
0xF5064308,
0x42185160,
0x2373F240,
0xF248BF04,
0xF2C40110,
0xF1BA0108,
0xF8D10F01,
0x6AE0B000,
0x4864A165,
0xA1679102,
0xF04F9101,
0x68000100,
0xF04F9100,
0xF3C031FF,
0xBF185803,
0x7810EA4F,
0xF8CD2001,
0xF7FF800C,
0x4C66FF39,
0xF8B44650,
0x460A1144,
0xFF5AF7E9,
0x00E0F8D4,
0x230021C8,
0xFB000B40,
0x2001F201,
0xF7EB4651,
0xF3CBFCE7,
0x980B3BC2,
0x0F01F010,
0xF1B8D02D,
0xD12A0F00,
0xF1BA4849,
0xF04F0F01,
0xF04F0400,
0xF04F0215,
0x46010301,
0x0020F101,
0xF101BF08,
0xFA5F001C,
0x6004F18B,
0xF7FA980A,
0xEE10FEF9,
0xF7E80A10,
0xA24DFA41,
0x0B10EC41,
0xF04F2001,
0xF24031FF,
0xE9CD237A,
0x22004200,
0x0B02ED8D,
0xFEF6F7FF,
0xF0004650,
0x980BF8B5,
0xD51D0780,
0xFA5F980A,
0x2215F18B,
0xF7FA2301,
0xEE10FED9,
0xF7E80A10,
0xEC41FA21,
0xA2440B10,
0xF04F2000,
0xF44F31FF,
0xE9CD7320,
0x20010200,
0xED8D2200,
0xF7FF0B02,
0x4650FED5,
0xFA8AF000,
0xFA5F980A,
0x2215F18B,
0xF7FA2301,
0xEEB0FEBB,
0xEE188A40,
0xF7E80A10,
0xA23DFA01,
0xEC412400,
0x20010B10,
0x31FFF04F,
0x7321F44F,
0x4200E9CD,
0xED8D2200,
0xF7FF0B02,
0x9909FEB5,
0x4080F44F,
0x48135039,
0x60019908,
0x60419907,
0x60819906,
0x60C19905,
0x61019904,
0xF859E004,
0xF8470024,
0x34010024,
0xD1F82C07,
0xE0042000,
0x1020F855,
0x1020F846,
0x280B3001,
0xEEB0D1F8,
0xB01E0A48,
0x8B02ECBD,
0xE8BDB001,
0xBF008FF0,
0x40080008,
0x4008400C,
0x40084808,
0x40090008,
0x00058CD4,
0x5F6C6F6C,
0x696C6163,
0x00000000,
0x3D3D0A0D,
0x3A73253E,
0x4C4F4C20,
0x69727420,
0x6F6D206D,
0x255B6564,
0x0A0D5D64,
0x00000000,
0x00035000,
0x6F666542,
0x61206572,
0x6F6C616E,
0x4F4C2067,
0x6163204C,
0x203A6C69,
0x66322E25,
0x00000A0D,
0x6F666542,
0x64206572,
0x74696769,
0x4C206C61,
0x63204C4F,
0x3A6C6961,
0x322E2520,
0x000A0D66,
0x74697845,
0x4C4F4C20,
0x69616320,
0x25203A6C,
0x0D66322E,
0x0000000A,
0x4FF8E92D,
0x8B08ED2D,
0xAD1BB0A2,
0x211C4604,
0xF7E74628,
0x4EDFFE8C,
0x20004ADF,
0xEB06E005,
0x58890180,
0x1020F845,
0x28073001,
0x6830D1F7,
0x900BAD10,
0x680148D9,
0x6841910A,
0x68819109,
0x68C19108,
0x212C9107,
0x90066900,
0xF7E74628,
0x4FD3FE6E,
0xE0042000,
0x1020F857,
0x1020F845,
0x280B3001,
0x2004D1F8,
0xF7FA4621,
0x4631FDA7,
0x78867805,
0x3040F04F,
0xF04F2C01,
0xF8DF0202,
0xF04F832C,
0xF44F0B00,
0x900E7386,
0x49C34608,
0x1D08BF18,
0x48C36800,
0x68006801,
0x2050EA02,
0x11C0F3C1,
0x43082200,
0x5160F507,
0x48BE4230,
0xF248BF04,
0xF2C40110,
0x680F0108,
0x0025F850,
0xC151A903,
0xF8CD48BA,
0xF8CD8008,
0xF04FB000,
0x900131FF,
0xF7FF2001,
0xF44FFDD1,
0x2C016980,
0x3AC2F3C7,
0xF44FBF08,
0x2D046900,
0x48BED20C,
0xB000F8CD,
0x8502E9CD,
0x31FFF04F,
0xF44F2200,
0x90017388,
0xE1172005,
0x2C0148A4,
0x46014DA9,
0x0020F101,
0xF101BF08,
0xF8C0001C,
0x4620B000,
0x1144F8B5,
0xF7E9460A,
0xF8D5FDD1,
0x216400E0,
0x0B402300,
0xF201FB00,
0x46212001,
0xFB5EF7EB,
0xED9F489E,
0xED9F9A9D,
0xED9FAA9E,
0x25308A9E,
0x083CF10D,
0xE0394683,
0xE034247E,
0x46591B60,
0x23014642,
0xEA452701,
0x43082000,
0x900F2160,
0xF7ED4648,
0x200AFCFF,
0xF8DAF7F5,
0xBA4AEEB0,
0x3701E000,
0x28011E78,
0xFA5FD80D,
0x4630F18A,
0x23002215,
0xFD62F7FA,
0xBA00EE3B,
0xBAC8EEB4,
0xFA10EEF1,
0xEE00DDED,
0x34017A10,
0x0AC0EEB8,
0x0A00EE8B,
0x9AC0EEB4,
0xFA10EEF1,
0x980FBFC2,
0xEEB0900E,
0x2C839A40,
0x3501D1C8,
0xD1C32D50,
0x0038F8BD,
0xAA7AED9F,
0x0830F04F,
0x0B3CF10D,
0xF48AFA5F,
0xE03B900C,
0x277E980C,
0x4A08EA40,
0xEBA7E032,
0x21600008,
0x2301465A,
0xEA4A2501,
0x900F6000,
0xF7ED4648,
0x200AFCB5,
0xF890F7F5,
0xBA4AEEB0,
0x3501E000,
0x28011E68,
0x4630D80C,
0x22154621,
0xF7FA2300,
0xEE3BFD19,
0xEEB4BA00,
0xEEF1BAC8,
0xDDEEFA10,
0x5A10EE00,
0xEEB83701,
0xEE8B0AC0,
0xEEB40A00,
0xEEF19AC0,
0xBFC2FA10,
0x900E980F,
0x9A40EEB0,
0xD1CA2F83,
0x0801F108,
0x0F50F1B8,
0x990CD1C0,
0xED9F2005,
0xF10DAA55,
0xFA500B3C,
0x900DF081,
0x0004F06F,
0xF581FA50,
0xF64F980E,
0x438871FF,
0xE040900C,
0xF04F980C,
0xEA450A7E,
0xE0360700,
0x0005EBAA,
0x465A2160,
0xF04F2301,
0xEA470801,
0x900F2000,
0xF7ED4648,
0x200AFC61,
0xF83CF7F5,
0xBA4AEEB0,
0xF108E001,
0xF1A80801,
0x28010001,
0x4630D80C,
0x22154621,
0xF7FA2300,
0xEE3BFCC3,
0xEEB4BA00,
0xEEF1BAC8,
0xDDECFA10,
0x8A10EE00,
0x0A01F10A,
0x0AC0EEB8,
0x0A00EE8B,
0x9AC0EEB4,
0xFA10EEF1,
0x980FBFC2,
0xEEB0900E,
0xF1BA9A40,
0xD1C50F83,
0x980D3501,
0xD3BB4285,
0x4648AA0E,
0x23012160,
0xFC2AF7ED,
0xA129980E,
0xF44F2200,
0xE9CD73B2,
0xF04F2100,
0x220031FF,
0x20019002,
0xFCA0F7FF,
0x980B4F15,
0xAB1B4C15,
0x6038AE10,
0x990A4814,
0x99096001,
0x99086041,
0x99076081,
0x990660C1,
0x20006101,
0xF853E005,
0xEB071020,
0x30010280,
0x28075111,
0x4A0BD1F7,
0xE0042000,
0x1020F856,
0x1020F842,
0x280B3001,
0xB022D1F8,
0x8B08ECBD,
0xE8BDB001,
0xBF008FF0,
0x40084008,
0xFFFFC000,
0x4008400C,
0x40084808,
0x40090008,
0x00000E24,
0x0002EB69,
0x0002EAB6,
0x00035000,
0x4F32D05E,
0x40400000,
0x00000000,
0x447A0000,
0x20746553,
0x204C4F4C,
0x6C616E41,
0x5220676F,
0x203A6765,
0x30257830,
0x0A0D5838,
0x00000000,
0x0002E828,
0x4FF8E92D,
0x8B02ED2D,
0xF10DB0B8,
0x46810AC0,
0x4650211C,
0x90DFF88D,
0xFC93F7E7,
0x4FB94EB8,
0xE0052000,
0x0180EB06,
0xF84A59C9,
0x30011020,
0xD1F72807,
0xAD256830,
0x48B39011,
0x46806801,
0x68419110,
0x6881910F,
0x68C1910E,
0x212C910D,
0x900C6900,
0xF7E74628,
0x4CACFC74,
0xE0042000,
0x1020F854,
0x1020F845,
0x280B3001,
0x2004D1F8,
0xF7FA4649,
0x7883FBAD,
0xB000F890,
0x0F01F1B9,
0xF04F4630,
0xF88D0202,
0xBF183093,
0x0004F108,
0x489F6800,
0x68006801,
0x2050EA02,
0x11C0F3C1,
0x43082200,
0x5160F504,
0x489A4218,
0xF248BF04,
0xF2C40110,
0xF8D10108,
0xF8508000,
0x930B002B,
0xF04F9305,
0xF44F31FF,
0xE9CD73D3,
0x48920903,
0x48929002,
0x20009001,
0x20019000,
0xFBD8F7FF,
0x30C2F3C8,
0x0F04F1BB,
0x2000D210,
0x31FFF04F,
0xF44F2200,
0xF8CD73D5,
0x9000B00C,
0x90024886,
0x9001489C,
0xF7FF2005,
0xE0D0FBC3,
0x487E9009,
0x0F01F1B9,
0x8208F8DF,
0x0B20F100,
0x011CF100,
0x910A4658,
0x4608BF08,
0x60012100,
0xF8B84648,
0x460A1144,
0xFBD4F7E9,
0x00E0F8D8,
0x230021C8,
0xFB000B40,
0x2001F201,
0xF7EB4649,
0x9809F961,
0x23012215,
0xF880FA5F,
0x4641980B,
0xFB88F7FA,
0x0A10EE10,
0xFED0F7E7,
0x0B10EC41,
0x2000A26D,
0xC1CCF8DF,
0x31FFF04F,
0x2301F240,
0x0200E9CD,
0x22002001,
0x0B02ED8D,
0xF8DF47E0,
0x210091B8,
0xF8C920C8,
0xE9CD1000,
0xF04F0017,
0x9019507C,
0xE9CD4869,
0xF644001B,
0x901E6020,
0x1115E9CD,
0x911A2101,
0x4865901D,
0xF10D901F,
0x902000DF,
0x0093F10D,
0xF44F9021,
0x902370FA,
0xF7FAA815,
0xF89DFD11,
0x221500DF,
0x28012301,
0xBF08980A,
0x98164683,
0x1054F8BD,
0x4000EA41,
0xF8CB4641,
0xF8DB0000,
0xF89DB000,
0xF7FA0093,
0xEEB0FB39,
0xEE188A40,
0xF7E70A10,
0xF8D9FE7F,
0xEC412000,
0xEA4F0B10,
0xFA0F402B,
0xF20FF18B,
0x23001C34,
0xB11CF8DF,
0x0B06ED8D,
0x3C00E9CD,
0x2322F240,
0x2102E9CD,
0x20019004,
0x31FFF04F,
0x47D82200,
0x10DFF89D,
0xF7EA2004,
0xB280FCE5,
0xF7FEA912,
0xE9DDFFCF,
0xF89D2312,
0xF10D00DF,
0xF10D0C50,
0xE9CD0152,
0xF7FA1C00,
0xF9BDF9C9,
0xF9BD8050,
0xF89D9052,
0x464900DF,
0xF7F24642,
0xE9DDF9D5,
0xF44F0112,
0x2300727A,
0xFACEF7E7,
0x10DFF89D,
0x9804E9CD,
0x20029003,
0xF2402200,
0x9102232B,
0x910149C7,
0x91002100,
0x31FFF04F,
0x981147D8,
0x60304915,
0x60089810,
0x6048980F,
0x6088980E,
0x60C8980D,
0x6108980C,
0xE0052000,
0x1020F85A,
0x0280EB06,
0x51D13001,
0xD1F72807,
0xE0042000,
0x1020F855,
0x1020F844,
0x280B3001,
0xEEB0D1F8,
0xB0380A48,
0x8B02ECBD,
0xE8BDB001,
0xBF008FF0,
0x40084008,
0xFFFFC000,
0x4008400C,
0x40084808,
0x40090008,
0x00000E24,
0x0002EB83,
0x0002EAB6,
0x00035000,
0x6F666542,
0x4C206572,
0x73204C4F,
0x63726165,
0x25203A68,
0x0D66322E,
0x0000000A,
0x00019E25,
0x00058DF0,
0xFFFFB1E0,
0x0000CBFD,
0x204C4F4C,
0x73204A48,
0x63726165,
0x33255B68,
0x203A5D64,
0x202C6425,
0x202C6425,
0x66322E25,
0x00000A0D,
0x0002E828,
0x4FF8E92D,
0x8B02ED2D,
0xAC1DB0A4,
0x211C4681,
0xF7E74620,
0x4E84FADA,
0xE0042000,
0x1020F856,
0x1020F844,
0x28073001,
0xF44FD1F8,
0xAD124080,
0x900D5830,
0x6801487D,
0x6841910C,
0x6881910B,
0x68C1910A,
0x212C9109,
0x90086900,
0xF7E74628,
0x4F77FABC,
0xE0042000,
0x1020F857,
0x1020F845,
0x280B3001,
0x2004D1F8,
0xF7FA4649,
0xF890F9F5,
0xF890A000,
0x486F8002,
0xF8DF2202,
0xF240B1C0,
0x68012341,
0xEA026800,
0xF3C12050,
0x220011C0,
0xF5074308,
0xEA105160,
0xBF040F08,
0x0110F248,
0x0108F2C4,
0xF8CD6808,
0xF04F8014,
0x900731FF,
0xF8504861,
0xE9CD002A,
0x48610903,
0xB008F8CD,
0x20009001,
0x20019000,
0xFA26F7FF,
0x0F04F1BA,
0x2000D210,
0x31FFF04F,
0xF2402200,
0xF8CD2345,
0xF8CDA00C,
0x9000B008,
0x9001485E,
0xF7FF2005,
0xE070FA13,
0xA14CF8DF,
0xF8BA4648,
0x460A1144,
0xFA32F7E9,
0x00E0F8DA,
0x230021C8,
0xFB000B40,
0x2001F201,
0xF7EA4649,
0x4648FFBF,
0x22C84641,
0xF0002314,
0x4648F8A1,
0x22324641,
0xF0002305,
0x2004F89B,
0xF7EA4649,
0xB280FBB1,
0xF7FEA90E,
0xE9DDFE9B,
0xA811230E,
0x0146F10D,
0x1000E9CD,
0xF7FA4648,
0xF9BDF897,
0xF9BDB044,
0x4648A046,
0x465A4651,
0xF8A4F7F2,
0x010EE9DD,
0x727AF44F,
0xF7E72300,
0x4934F99D,
0xAB04E9CD,
0x9008F8CD,
0x0900F04F,
0x20029003,
0xF2402200,
0xF8CD2356,
0x91019000,
0x31FFF04F,
0xF9BEF7FF,
0x22159807,
0xF3C02301,
0x464031C2,
0xF9A6F7FA,
0x8A40EEB0,
0x0A10EE18,
0xFCECF7E7,
0xEC41A224,
0x20010B10,
0x31FFF04F,
0x7316F44F,
0x9200E9CD,
0xED8D2200,
0xF7FF0B02,
0x990DF9A1,
0x4080F44F,
0x48135031,
0x6001990C,
0x6041990B,
0x6081990A,
0x60C19909,
0x61019908,
0xE0042000,
0x1020F854,
0x1020F846,
0x28073001,
0x2000D1F8,
0xF855E004,
0xF8471020,
0x30011020,
0xD1F8280B,
0x0A48EEB0,
0xECBDB024,
0xB0018B02,
0x8FF0E8BD,
0x40080008,
0x4008400C,
0x40084808,
0x40090008,
0x00000E24,
0x0002EB94,
0x0002EAB6,
0x00035000,
0x0002EB30,
0x20646E65,
0x204C4F4C,
0x72616573,
0x203A6863,
0x66322E25,
0x00000A0D,
0x0002E828,
0x4FF8E92D,
0x0B20ED2D,
0x460E4604,
0x93092004,
0x46214615,
0xF8ECF7FA,
0xF44F495B,
0x78004200,
0xED9F2702,
0xED9F8A5D,
0xED9F9A5D,
0xED9FAA5D,
0xED9FBA5D,
0xEEB2CA5D,
0x588BDA04,
0xEA07588A,
0xF3C32252,
0x426F13C0,
0x231C431A,
0x4A4F4232,
0x3108BF08,
0x0020F852,
0x68094A4D,
0x484D4210,
0x31C2F3C1,
0x2315BF08,
0xF1002C01,
0xB2DC0004,
0xF244BF04,
0xF2C40028,
0x900A0008,
0x97086800,
0x950BB2CF,
0x90070C02,
0x920F900E,
0xE05C2200,
0xF8DD980F,
0xEEB09020,
0xB280EA48,
0x980E900C,
0x900DB280,
0x980FE039,
0x2A00990C,
0xF04F4615,
0xEEB03BFF,
0xBF18FA49,
0x0001EB08,
0x210DE9DD,
0xEB08BF08,
0xEAC10102,
0x990A4000,
0xF10B6008,
0xF1BB0B01,
0xD8140F02,
0x46394630,
0x23004622,
0xF8D6F7FA,
0xFA00EE3F,
0x0A0AEE3F,
0xF8D6F00C,
0x1A4BEEB0,
0x1A0DEE00,
0x1ACCEEB4,
0xFA10EEF1,
0xEEB4DDE5,
0x462AEACF,
0xFA10EEF1,
0xEEB0BFC4,
0x46CAEA4F,
0xEB089809,
0x980B0900,
0xF889FA0F,
0xDBC04580,
0x990C980F,
0xF1022A00,
0xBF180201,
0xF08AFA01,
0x310DE9DD,
0xFA03BF08,
0xE9CDF18A,
0xEAC1100E,
0x990A4000,
0x2A026008,
0x980FD1A0,
0x22009907,
0x23BEF240,
0x9005B200,
0xB200980E,
0x14089004,
0xB2089003,
0x31FFF04F,
0x20009002,
0x480E9000,
0x20019001,
0xF89AF7FF,
0x0B20ECBD,
0xE8BDB001,
0xBF008FF0,
0x40088008,
0x0002DEAC,
0x01200010,
0x40084028,
0x7149F2CA,
0x00000000,
0x2EDBE6FF,
0xC2B49E35,
0xC25C0000,
0x0002EB0C,
0x00000000,
0x4FF8E92D,
0x8B10ED2D,
0x4D01F5AD,
0x4604B09A,
0x46212004,
0xF812F7FA,
0x9000F890,
0x48CA7887,
0x4ACA2C01,
0x0602F04F,
0x0108F100,
0x4080F500,
0xF244BF04,
0xF2C40108,
0x68090108,
0x68126813,
0x2252EA06,
0x13C0F3C3,
0x423A431A,
0xF248BF04,
0xF2C40010,
0x68000008,
0x35C2F3C0,
0x3002F3C1,
0x4100F44F,
0xBF8842A8,
0xF8DF4605,
0xF850061C,
0x90120025,
0x6B4648B6,
0x0610F8DF,
0x8124F8D0,
0xF7E7A856,
0x1EA0F894,
0x94149710,
0xF2402200,
0xF04F23E3,
0xFAB00A01,
0x0941F080,
0x05F0F8DF,
0xEB009113,
0xF8D00181,
0xF8DFB000,
0xED9105EC,
0xEDD1FA01,
0xF8DF8A03,
0x900215DC,
0x05DCF8DF,
0x1029F851,
0x20019001,
0xE9CD9103,
0x24004704,
0x31FFF04F,
0xF7FF9400,
0x2005F811,
0x0F03F018,
0xF105FA0A,
0x2004BF08,
0x0206FB80,
0x0301FBA0,
0x3101FB02,
0xFA61F7E7,
0xF1B94606,
0xD80D0F03,
0x0594F8DF,
0x900CF8CD,
0xF04F9400,
0x220031FF,
0x23E7F240,
0xF8DF9002,
0xE0270634,
0xF8DF9C13,
0xF8DF1580,
0xEB047574,
0xEB010044,
0xEB0000C0,
0xED100089,
0xEE1AAA04,
0xEEBD0A10,
0xF7E7BACA,
0xEEB2FB19,
0xEC410A04,
0xEEB40B19,
0xEEF1AAC0,
0xDA17FA10,
0xED8D2000,
0x97029B04,
0x31FFF04F,
0xF2402200,
0x900023F1,
0x05DCF8DF,
0x20059001,
0xFFC4F7FE,
0x4D01F50D,
0xECBDB01A,
0xB0018B10,
0x8FF0E8BD,
0x0A73ED9F,
0x6A10EE02,
0x1A72ED9F,
0x0E58F10D,
0x6A10EE1B,
0x4901F50E,
0x0A00EE22,
0x8A01EE20,
0x0ACBEEB8,
0x0A40EE3A,
0x0A10EE10,
0xFAE0F7E7,
0x0A69ED9F,
0xEEB69A12,
0xF2401A00,
0xEE0223F5,
0xEE882A10,
0x22000A00,
0x0A01EE20,
0x2AC2EEB8,
0x0B11EC41,
0x40C8F20F,
0xEE202100,
0xEEBD0A02,
0x96040AC0,
0x9B02ED8D,
0x1000E9CD,
0x31FFF04F,
0x1B06ED8D,
0x0A10EE10,
0x20019008,
0xFF7CF7FE,
0xEDDF4856,
0xEDDFDA57,
0xEDDFAA57,
0xF8DF9A57,
0xEDDF852C,
0xEDDFEA56,
0xEDDFFA56,
0xEEB0CA56,
0x960EAA00,
0x0786EB00,
0x04A8F8DF,
0x1AC4EB00,
0x04A4F8DF,
0xA028F8CD,
0x10C4EB00,
0xA816900D,
0x900C3004,
0x1D01A856,
0x70A0F500,
0xB2E8900B,
0x900F9113,
0xE1B82000,
0x9A149D0F,
0x20019011,
0x46292307,
0xFD8CF7E8,
0x20029A10,
0x23154629,
0xFD86F7E8,
0x21012003,
0xFFAAF7EA,
0x645CF8DF,
0xF44F4638,
0xEEB05100,
0x22000A48,
0x46352300,
0xF10D47A8,
0x46380E64,
0x5100F44F,
0x0A6DEEB0,
0x4201F50E,
0x0E60F10D,
0x4301F50E,
0xF04F47A8,
0xF44F5000,
0xEEB05100,
0x22000A48,
0x47A82300,
0x0E5CF10D,
0x5000F04F,
0x5100F44F,
0x0A6DEEB0,
0x4201F50E,
0x0E58F10D,
0x4301F50E,
0xED9947A8,
0xED990A00,
0xEE201A01,
0xEE210A2A,
0xEE201A2A,
0xEE01BA00,
0xEE3BBA01,
0xEE100A29,
0xF7E70A10,
0xEC41FA37,
0xF00B0B10,
0xEC51FE55,
0xED9F0B10,
0xEC550BD9,
0x46326B10,
0xF7E6462B,
0xF7E7FFFF,
0xEE00FA3A,
0xEEBB0A10,
0xEEB41A09,
0xEEF10AC1,
0xF300FA10,
0x9512814E,
0xEEB09D0E,
0xEEF09A6D,
0xE05DBA6D,
0x40084008,
0x40090008,
0x40088010,
0x2F800000,
0xC0C90FDB,
0x40490FDB,
0x20010000,
0x00000000,
0x38000000,
0x2EDBE6FF,
0x45EA6000,
0xC2200000,
0x457A0000,
0xEEF048D5,
0x46340A4A,
0xF9314601,
0xEB010025,
0xEE000685,
0xEEB80A10,
0xEE200AC0,
0x47C00A2A,
0x0002F9B6,
0xCA40EEB0,
0x0A4AEEF0,
0xEE004626,
0xEEB80A10,
0xEE200AC0,
0x47C00A2A,
0x5000F04F,
0xDA40EEB0,
0x0A4AEEF0,
0x0025F930,
0x0A10EE00,
0x0AC0EEB8,
0x0A2AEE20,
0x48C347C0,
0xEA40EEB0,
0x0A4AEEF0,
0xCA0DEE3C,
0x0025F930,
0x0A10EE00,
0x0AC0EEB8,
0x0A2AEE20,
0xEE3E47C0,
0x35010A00,
0x9A0CEE39,
0xBA80EE7B,
0x504CF641,
0xDBB74285,
0x0A2EEE89,
0x0A29EE30,
0x0A10EE10,
0xF9ACF7E7,
0x0B10EC41,
0xFDCAF00B,
0x46354632,
0xEC519E12,
0x46330B10,
0xFF76F7E6,
0xF9B1F7E7,
0x9AAEEE8B,
0xEE394682,
0xEE100A29,
0xF7E70A10,
0xEC41F995,
0xF00B0B10,
0xEC51FDB3,
0x462A0B10,
0xF7E64633,
0xF7E7FF61,
0x4681F99C,
0x9A10EE00,
0x0AEFEEB4,
0xFA10EEF1,
0x80C2F2C0,
0xAA10EE00,
0x0AEFEEB4,
0xFA10EEF1,
0x80DAF2C0,
0x0E58F10D,
0x9A13990C,
0xF8DD4B95,
0x9D0DA028,
0xF50E2000,
0xE01C4901,
0x6C02F933,
0xEE004558,
0xEEB86A10,
0xED020AC0,
0xF9B30A01,
0xEE006000,
0xEEB86A10,
0xED820AC0,
0xDA060A00,
0x6020F85A,
0x6C04F841,
0x6020F855,
0x3108600E,
0x33043208,
0xF5B03001,
0xD1DF5F80,
0x2500A856,
0x617AF44F,
0x2320AA16,
0xA8159000,
0x20019001,
0x0502E9CD,
0xF7F3980B,
0x9813FF9D,
0x0A6DEEB0,
0x1A6DEEB0,
0xEB07E027,
0xED900185,
0xED103A00,
0x30082A01,
0xF9B13501,
0xF9B120A0,
0xEE2310A2,
0xEE046A03,
0xEE051A10,
0xEE022A10,
0xEEB86A02,
0xEEB84AC4,
0xEE225AC5,
0xEE237A04,
0xEE034A04,
0xEE027A45,
0xEE874A05,
0xEE842A06,
0xEE303A06,
0xEE310A02,
0xF5B51A03,
0xD1D46F7A,
0x9A2CEE81,
0xBA2CEE80,
0x0A10EE19,
0xF904F7E7,
0xEE1B4605,
0x460E0A10,
0xF8FEF7E7,
0x0B10EC41,
0xEC462000,
0xF04F5B11,
0x220031FF,
0x334BF240,
0xA0569000,
0x1B02ED8D,
0x0B04ED8D,
0x20019001,
0xFDAEF7FE,
0x2A09EE2F,
0x2A89EE68,
0x1A00EDD9,
0x1A01ED99,
0x0A02EDD9,
0x0A03ED99,
0xEEB69814,
0xEE083A08,
0xEE4F2ACB,
0xF7F12A0B,
0x9811FCD5,
0x28003001,
0xAE44F43F,
0xF7E7E5CE,
0xEC41F8CD,
0x48590B10,
0xF04F2200,
0xF24031FF,
0x9200330D,
0xED8D2200,
0x90010B02,
0xE5BB2001,
0x0A09EE3B,
0x0A29EE30,
0x0A10EE10,
0xF8B6F7E7,
0x0B10EC41,
0xFCD4F00B,
0x0B10EC51,
0x4633462A,
0xFE82F7E6,
0x0B18ED9F,
0x2B10EC53,
0xFF93F7E6,
0x9814B990,
0x220A9910,
0xF7FF2302,
0xE59DFC0B,
0xF7E74650,
0xEC41F89B,
0xA22F0B10,
0xF04F2000,
0xF24031FF,
0xE00A3327,
0xF7E74648,
0xEC41F88F,
0xA2310B10,
0xF04F2000,
0xF44F31FF,
0xE9CD7348,
0xED8D0200,
0x20010B02,
0xE57D2200,
0xBF00BF00,
0x00000000,
0x40240000,
0x00000000,
0xC0440000,
0x00000DF8,
0x00035000,
0x00000D00,
0x00000E24,
0x0002EB79,
0x0002EAB6,
0x0003F6D0,
0x74706163,
0x20657275,
0x6574616C,
0x2079636E,
0x66342E25,
0x5B203D20,
0x2B256425,
0x66342E2D,
0x66202C5D,
0x6F716572,
0x25206666,
0x000A0D64,
0x20010000,
0x0003DF80,
0x00058CE0,
0x0002029D,
0x20000002,
0x74636166,
0x203A726F,
0x2E2D2B25,
0x25096634,
0x342E2D2B,
0x000A0D66,
0x54495845,
0x7872203A,
0x776F705F,
0x6C5F7265,
0x2520776F,
0x2066322E,
0x0A0D4264,
0x00000000,
0x54495845,
0x7874203A,
0x776F705F,
0x6C5F7265,
0x2520776F,
0x2066322E,
0x0A0D4264,
0x00000000,
0x00027BE1,
0x0002EAEA,
0x0002E860,
0x0002E828,
0x4FF0E92D,
0x460DB087,
0x2D044681,
0xA046D310,
0x2200A14A,
0x13A1F240,
0x2100E9CD,
0x20059002,
0x31FFF04F,
0xF7FE2200,
0xF06FFCC1,
0xE06E0001,
0xF04F4838,
0x9604466E,
0xF1A99005,
0xB2C00001,
0xD8632805,
0xF8DF2A02,
0xF1A9B0DC,
0xF04F0A01,
0xAF040401,
0x2201BF18,
0xE0559203,
0xD052422C,
0x2101482F,
0xF8509604,
0x46388029,
0x8014F8CD,
0xFD3CF004,
0x2C014828,
0x0101F04F,
0xF500BF08,
0xE9CD3000,
0x46380804,
0xFD30F004,
0x0F02F1BA,
0x2C01D839,
0x4070F04F,
0xF04F9604,
0xBF080101,
0x6070F04F,
0x46389005,
0x481C47D8,
0xF04F2C01,
0xF04F0101,
0x4606486E,
0x4010F04F,
0xBF089604,
0x6010F04F,
0x46389005,
0x2C0147D8,
0x4040F04F,
0x8010F8CD,
0x0101F04F,
0xF04FBF08,
0x90055040,
0x47D84638,
0x000CF106,
0xF04F2C01,
0x9004466E,
0x001EF04F,
0x201CBF08,
0xFA019903,
0x2101F000,
0x46389005,
0x340147D8,
0xD1A72C03,
0xB0072000,
0x8FF0E8BD,
0x3FFF0000,
0xE2060030,
0xE212001C,
0x0002DEAC,
0x0001FF65,
0x706F6F6C,
0x6B636162,
0x6765725F,
0x6E6F635F,
0x00676966,
0x50207325,
0x4D415241,
0x52524520,
0x00000A0D,
0xF44FB510,
0x6800707F,
0x20000881,
0xFD3EF7F2,
0x4A154952,
0x60884C16,
0xF8504610,
0x40033988,
0x42A34812,
0xD3094603,
0x4C126813,
0x4340F023,
0x460342A3,
0x6812BF9C,
0x4340F022,
0x65484A0E,
0xF640650B,
0x601370FC,
0x1C426800,
0x2000BF08,
0xF0016588,
0xF7E9F947,
0xF001F9C3,
0x2801F929,
0xF001BF08,
0xE7FEF951,
0x40000008,
0x07530000,
0x00989680,
0x0BEBC200,
0x00000E10,
0x47FFE92D,
0x4E354605,
0xF015460C,
0xD0560F03,
0x46202C00,
0x2001BF18,
0x2C006831,
0x5100F021,
0x7040EA41,
0xD04A6030,
0x80B4F8DF,
0x90B4F8DF,
0xA0B4F8DF,
0x0054F8D8,
0x0A0FED99,
0x1A00ED9A,
0x0AC0EEB8,
0x0A10EE02,
0x2A42EEB8,
0x0A00EE21,
0x0A02EE80,
0x0A10EE10,
0xFF00F7E6,
0x2700A223,
0x0B10EC41,
0x21102001,
0x134BF240,
0x7200E9CD,
0xED8D2200,
0xF7FE0B02,
0xF8D8FBB5,
0xED990054,
0xED9A0A0F,
0xEEB81A01,
0xEE020AC0,
0xEEB80A10,
0xEE212A42,
0xEE800A00,
0xEE100A02,
0xF7E60A10,
0xA218FEDD,
0x0B10EC41,
0x21102001,
0x134DF240,
0x7200E9CD,
0xED8D2200,
0xF7FE0B02,
0x0768FB93,
0x2C00D508,
0x2401BF18,
0xF0206830,
0xEA405080,
0x60307004,
0xB0042000,
0x87F0E8BD,
0x40000030,
0x00000C00,
0x00035000,
0x00058DE0,
0x31206863,
0x676E6120,
0x203A656C,
0x2E362D25,
0x0A0D6633,
0x00000000,
0x32206863,
0x676E6120,
0x203A656C,
0x2E362D25,
0x0A0D6633,
0x00000000,
0x4604B510,
0x0F01F014,
0x2000D101,
0x4620E003,
0xF0002100,
0x0761F809,
0xBD10BF58,
0x21002000,
0x4010E8BD,
0xBA56F000,
0x4FF8E92D,
0x8B08ED2D,
0x6D97F5AD,
0x9444F8DF,
0x20004680,
0x04B4F8CD,
0x04B0F8CD,
0x503CF8D9,
0x0140E9D9,
0x4120F8D9,
0x101BE9CD,
0x2D004628,
0xBF449023,
0x42459823,
0x17EE200F,
0x4633462A,
0xFB3EF002,
0x1040F899,
0x0103F001,
0xF0402902,
0x210381F7,
0x6521E9CD,
0x941A2600,
0xFBB0ACA9,
0xF8DFF5F1,
0x88C103F4,
0x88819119,
0x91186046,
0x91168841,
0x60068801,
0x911748F0,
0x91156801,
0x91146841,
0x91136881,
0x911268C1,
0x91116901,
0x91106941,
0x7103F44F,
0x900F6980,
0xF7E64620,
0x49EFFB58,
0xEB01E006,
0xF8D00086,
0xF84403F4,
0x36010026,
0xD1F62E83,
0xF44FAC26,
0x46207103,
0xFB47F7E6,
0xE0072000,
0xEB0149E6,
0xF8D10180,
0xF84413D0,
0x30011020,
0xD1F52883,
0x0120F8D9,
0xF3662607,
0xF8C9200B,
0xEA5F0120,
0xD03D70C8,
0xF7EB2003,
0x9823FA83,
0xDB322801,
0xF64F48D9,
0x460271FF,
0x43886810,
0x4180F44F,
0xF8D26010,
0xF36F0180,
0xF8C2000F,
0xF8D20180,
0xF3610080,
0xF8C2000F,
0xF8D20080,
0xF3610100,
0xF8C2000F,
0xF8D20100,
0xF36F0400,
0xF8C2000F,
0xF8D20400,
0xF36F0580,
0xF8C2000F,
0xF8D20580,
0xF3610480,
0xF8C2000F,
0xF8D20480,
0xF3610500,
0xF8C2000F,
0xED9F0500,
0x20010AC1,
0xF986F7EF,
0x21012004,
0xF7E92200,
0xF06FFC9F,
0xED9F0003,
0xED9F8AC9,
0x24009AC9,
0xF085FA50,
0xFA269020,
0x901FF000,
0xF1C0B2E8,
0x901E0007,
0x90242000,
0x901D2000,
0x2C00E0E2,
0xD1799425,
0x21032001,
0x26002200,
0xFC80F7E9,
0x21022001,
0xFFF6F7EB,
0x460148AC,
0x68096808,
0xF0102103,
0x48A40F80,
0x3008BF08,
0x20016804,
0xFA9EF7EB,
0x3221E9DD,
0xE9C92000,
0xF7FD2340,
0x489EFF1F,
0x68084601,
0x40D09A1E,
0x60504A9E,
0x991F6808,
0x99204008,
0x88114088,
0x0007F000,
0x0107F021,
0x21014308,
0x20028010,
0xFC0CF002,
0xF3C44F97,
0x902430C2,
0xF04F1E7C,
0xF1660002,
0xF0030500,
0x1EB9F96B,
0x0100F176,
0xF010D304,
0x4627000F,
0xD1EF462E,
0x0005EA54,
0x2000D10E,
0x31FFF04F,
0xF2402200,
0x900013A9,
0x9001A089,
0xF7FE2005,
0xF06FFA23,
0x901D0001,
0x21022002,
0xFC76F002,
0x6CC0488B,
0x2004B120,
0x22012101,
0xFF98F006,
0x012CF8D9,
0x40084987,
0x012CF8C9,
0xFE86F009,
0x21012001,
0xF7FF2202,
0x2001FD31,
0x22022102,
0xFD2CF7FF,
0x22019824,
0xB2C7231D,
0x46392001,
0xF83EF7E8,
0x46392002,
0x231D2202,
0xF838F7E8,
0x21012003,
0xFA5CF7EA,
0x6096F50D,
0xFF22F7F8,
0x6096F50D,
0x5440E9D9,
0x74B4F8DD,
0x46CB2103,
0xAA00ED90,
0xEE2A2000,
0xF7ECBA08,
0xEE10FDCB,
0xEE8B0A10,
0xF7E6BA09,
0x4606FD13,
0x0A10EE1A,
0xF7E64688,
0x4681FD0D,
0x468A4638,
0xFD08F7E6,
0x0B10EC41,
0xEEBD2000,
0xEC483ACB,
0xEC4A6B11,
0xF04F9B12,
0x220031FF,
0x73DDF44F,
0x48F39000,
0x0501E9CD,
0xED8D9403,
0xED8D1B0C,
0xED8D2B06,
0x98230B08,
0xEE139004,
0xF36F0A10,
0x900A509F,
0xF7FE2001,
0x9C25F9A9,
0xF50DB944,
0xED906096,
0x20010A00,
0x0A40EEB1,
0xF88AF7EF,
0x46D93401,
0xF47F2C03,
0xE9DDAF1A,
0x2500101B,
0x0140E9C9,
0x21002002,
0xFB56F002,
0x204AF8B9,
0x20044C48,
0x47A02101,
0xFE02F009,
0x2002F8B9,
0x21012001,
0xF8B947A0,
0x20012004,
0x47A02102,
0x9915482D,
0xAAA94B2D,
0x99146001,
0x99136041,
0x99126081,
0x991160C1,
0x99106101,
0x990F6141,
0xE0066181,
0x0025F852,
0x0185EB03,
0xF8C13501,
0x2D8303F4,
0x9F1AD1F6,
0xAB262000,
0x4A20E007,
0x1020F853,
0x0280EB02,
0xF8C23001,
0x288313D0,
0x4818D1F5,
0xE9D99916,
0x80412340,
0x80019917,
0x80819918,
0x80C19919,
0x0120F8D9,
0xF3610A39,
0xF8C9200B,
0x20000120,
0xFE02F7FD,
0x1000F899,
0x2090F899,
0x29002002,
0x2001BF1C,
0xB2D1460A,
0xF96EF7EB,
0xE003981D,
0x40088008,
0x30FFF04F,
0x6D97F50D,
0x8B08ECBD,
0xE8BDB001,
0xBF008FF0,
0x00035000,
0x00058CD8,
0x40088008,
0x4008B414,
0x4008B838,
0x00000000,
0x40000010,
0x40090008,
0x00030570,
0x6F636669,
0x7320766E,
0x20636E79,
0x2053434D,
0x74617473,
0x66207375,
0x0D6C6961,
0x0000000A,
0x00000C00,
0xF00FFFEF,
0xCA000000,
0x43340000,
0x00005239,
0x4FF8E92D,
0x8B08ED2D,
0x2400B0AA,
0xE9CD4E85,
0xF8964428,
0xF0000088,
0x28020003,
0x80FAF040,
0x0084F8D6,
0x9020AD21,
0x88C1487F,
0x8881911F,
0x911E6044,
0x911C8841,
0x60048801,
0x911D4628,
0xF7E6211C,
0x4A79F930,
0xF852E004,
0xF8450024,
0x34010024,
0xD1F82C07,
0xF44F4B75,
0x68184180,
0x6858901B,
0x6898901A,
0x68D89019,
0x69189018,
0x69589017,
0x69989016,
0x58509015,
0x486D9014,
0x97136807,
0x97126847,
0x97116887,
0x971068C7,
0x900F6900,
0x60182000,
0x50506058,
0xF0416811,
0x60110103,
0xF6474964,
0xE00772FF,
0x0380EB01,
0x2020F841,
0xE9C33004,
0x60DA2201,
0x5F40F5B0,
0xED9FD3F4,
0x20040A5E,
0xFF80F7EE,
0x8A5CED9F,
0x9A5CED9F,
0x0803F04F,
0x2002E065,
0x22012100,
0xF7EA231B,
0x2001FB08,
0x22012100,
0xF7E72302,
0x2003FEC5,
0xF7EA2103,
0x2000F8E9,
0x221B2101,
0xFE78F7EB,
0xF7F8A828,
0xED9DFDAB,
0xE9D6AA28,
0xF8DDB940,
0x2000A0A4,
0xEE2A2103,
0xF7ECBA08,
0xEE10FC57,
0xEE8B0A10,
0xF7E6BA09,
0x4607FB9F,
0x0A10EE1A,
0xF7E6460D,
0x4604FB99,
0x460E4650,
0xFB94F7E6,
0x0B10EC41,
0xEEBD2000,
0xEC453ACB,
0xEC467B11,
0xF04F4B12,
0x220031FF,
0x2302F240,
0x48399000,
0x0B01E9CD,
0x900CF8CD,
0x1B0CED8D,
0x2B06ED8D,
0x0B08ED8D,
0x90049820,
0x0A10EE13,
0x509FF36F,
0x2001900A,
0xF834F7FE,
0x0F03F1B8,
0xED9DD106,
0x20040A28,
0x0A40EEB1,
0xFF16F7EE,
0xF1A84E20,
0xF1B80801,
0xD1960F00,
0x991C481E,
0xAB214A1E,
0x991D8041,
0x991E8001,
0x991F8081,
0x200080C1,
0xF853E004,
0xF8421020,
0x30011020,
0xD1F82807,
0x991B4816,
0x991A6001,
0x99196041,
0x99186081,
0x991760C1,
0x99166101,
0x99156141,
0xF44F6181,
0x99144080,
0x480E5011,
0x60019913,
0x60419912,
0x60819911,
0x60C19910,
0x6101990F,
0xE0012000,
0x30FFF04F,
0xECBDB02A,
0xB0018B08,
0x8FF0E8BD,
0x00035000,
0x00058CD8,
0x40080008,
0x40088008,
0x4008400C,
0x20010000,
0x00000000,
0xCA000000,
0x43340000,
0x0002EF22,
0x00000000,
0x4FF8E92D,
0x8B04ED2D,
0x9040F8DD,
0x460E4693,
0x9A0F2100,
0xED9F461C,
0x42658B24,
0x1100E9C9,
0x71DBEB0B,
0x60111049,
0xEB01990E,
0x21010A06,
0x0146EA41,
0x0144EBA1,
0x0781EB00,
0xEB06E029,
0xF1B80805,
0xDB220F00,
0xDA2045D8,
0x0005F81A,
0xED97B9E8,
0xED171A00,
0xEE210A01,
0xEE001A01,
0xEE111A00,
0xF7E60A10,
0x4602FAD9,
0xEC51460B,
0xEC430B18,
0xF7E62B19,
0xB940F9BE,
0x8A49EEB0,
0xED89980F,
0xEEF09B00,
0xF8C08A69,
0x37088000,
0x42A53501,
0x2000DDD3,
0x8B04ECBD,
0xE8BDB001,
0xBF008FF0,
0xBF00BF00,
0x00000000,
0x00000000,
0x4FF8E92D,
0x8B02ED2D,
0x990D460D,
0xED9F469B,
0xF8DD8B2A,
0xF8DD8038,
0x46149030,
0x0600F1CB,
0x0A05EB01,
0xEA412101,
0xEBA10145,
0xEB00014B,
0xE0200781,
0x42A019A8,
0xB1D6DA1B,
0xDB182800,
0x0006F81A,
0xED97B9A8,
0xED171A00,
0xEE210A01,
0xEE001A01,
0xEE111A00,
0xF7E60A10,
0x4602FA87,
0xEC51460B,
0xF7E50B18,
0xEC41FFB0,
0xF80A0B18,
0x37088006,
0x455E3601,
0xF1B9DDDC,
0xDB100F01,
0x0000F1C9,
0x1829E00B,
0xDA0742A1,
0x2900B130,
0xF81ADB04,
0xB9091000,
0x8000F80A,
0x45483001,
0xEEB0DDF1,
0xEEF00A48,
0xECBD0A68,
0xB0018B02,
0x8FF0E8BD,
0xBF00BF00,
0x00000000,
0x00000000,
0x4FF8E92D,
0x3B0EED2D,
0xEEB09106,
0xED9F8A40,
0x46070AB0,
0xF64F4699,
0xF8DD70FF,
0x9D18B070,
0x21004692,
0x4C1AE9DD,
0xEEB04448,
0xE0251A40,
0xEB079B06,
0xF9B60681,
0xF9336002,
0xEB032021,
0xF9B30381,
0xFB163002,
0xFB13F606,
0xFB12F303,
0xF9373202,
0x31013021,
0xF2FAFB92,
0x6303FB13,
0x2A10EE03,
0xF3FAFB93,
0x3A10EE02,
0x2AC2EEB8,
0x3AC3EEB8,
0x1A02EE31,
0x0A03EE30,
0xDBD74551,
0x2A94ED9F,
0x0AC2EEB4,
0xFA10EEF1,
0x811BF2C0,
0x9A01EE80,
0x71D9EB09,
0xEEB04666,
0xEBA00A49,
0xF00C0861,
0xEEB4FAB2,
0xEEF10A40,
0xD003FA10,
0x0A49EEB0,
0xFAA9F00C,
0x0009EBAA,
0x3A84ED9F,
0xEEB62200,
0xEEB71A00,
0x90052A00,
0x0001F1A9,
0x0100EB0B,
0x0E80EB05,
0xEB069104,
0x91090180,
0xEB019919,
0x91080180,
0x0180EB04,
0x90031CB8,
0xF088FA0F,
0x90029107,
0x70DAEB0A,
0x90011040,
0xF04FE0DC,
0x92000800,
0x9803E0D0,
0xEE289F09,
0xF04F5A01,
0x46710C00,
0x6A43EEB0,
0x7A43EEB0,
0x4A42EEB0,
0x0A8BEB00,
0x6007E9DD,
0xE0384653,
0x5000F9B3,
0x2C02F933,
0x0A00EDD7,
0x1A00EDD0,
0x3A00EDD6,
0x4A00EDD1,
0x3F043304,
0x3E043804,
0xF10C3904,
0xEE020C01,
0xFB152A90,
0xEE05F405,
0xEE715A90,
0xEE706AA0,
0xEE740AE1,
0xEE747AE3,
0xEEF83AA3,
0xEEF82AE2,
0xFB121AE5,
0xEE664202,
0xEE606AA2,
0xEE050AA1,
0xEEF82A90,
0xEE474AE5,
0xEE436AA1,
0xEE340AA2,
0xEE374A24,
0xEE367A26,
0x45CC6A20,
0x9802DBC4,
0x9A062102,
0x8AC0EEB5,
0x2A48EEF0,
0x0C00F04F,
0xEEF14676,
0x4458FA10,
0x0180EA41,
0x0020F932,
0xEE005E51,
0xEE010A90,
0xEEF81A90,
0xEEF80AE0,
0xBFC81AE1,
0x2A45EEF0,
0xEE809801,
0xEEC15A80,
0xEE350A80,
0x45585A46,
0x6AC7EE30,
0xEEB0BF08,
0x9A098A62,
0x7307E9DD,
0xE04F9D04,
0x28007828,
0xF93AD043,
0xF9BA0C02,
0xEE071000,
0xEE001A10,
0xEEB80A90,
0xEEF87AC7,
0xEDD60AE0,
0xEE663A00,
0xEE651A07,
0xEE252A20,
0xEE667A07,
0xEE720A20,
0xEE724AA1,
0xEE681AE1,
0xEE684A24,
0xEEC41A21,
0xEEC14A84,
0xEE731A84,
0xEDC63AA4,
0xEE703A00,
0xEE303AC7,
0xEE687A87,
0xEDD33A23,
0xEE284A00,
0xEEC37A07,
0xEE873A84,
0xEE747A04,
0xEDC33AA3,
0xEDD73A00,
0xEE722A00,
0xEDC71AA1,
0xEDD21A00,
0xEE370A00,
0xED827A20,
0xF10A7A00,
0x3A040A04,
0x3B043F04,
0x3D013E04,
0x0C01F10C,
0xDBAD45CC,
0x0801F108,
0xFA0F9805,
0x4558FB88,
0xAF29F73F,
0x32019A00,
0xB210991D,
0xF6FF4288,
0xECBDAF1E,
0xB0013B0E,
0x8FF0E8BD,
0x00000000,
0x48F42400,
0x4FF8E92D,
0x0C03EBA2,
0x0203F06F,
0xED9F9F0B,
0x30042A4A,
0x1A00EEB7,
0x0283EB02,
0x0902EB07,
0xEB079F0A,
0xEB030A02,
0xF64F72D3,
0x03D277FF,
0x270043BA,
0x3280F5A2,
0x4B22EA4F,
0xB23A9E0C,
0xBFA842B2,
0x8FF8E8BD,
0x97002600,
0xEB00E06D,
0x240008C7,
0x465246CE,
0x4A42EEB0,
0x5A42EEB0,
0x3A41EEB0,
0xE01E4645,
0x7A00ED95,
0x6A01ED15,
0x0A00EDDE,
0x1A00EDD2,
0xF1AE3508,
0x3A040E04,
0xEE663401,
0xEE673A20,
0xEE672A07,
0xEE460A20,
0xEE412A06,
0xEE463AC7,
0xEE330A21,
0xEE353A22,
0xEE345A23,
0x429C4A20,
0xEB0BDBDE,
0x27040207,
0xEA474655,
0xEB0107C2,
0x440F02C2,
0x6A00ED92,
0xED97464A,
0x27007A00,
0x4A44EE36,
0x5A45EE37,
0xED18E028,
0xED986A01,
0xEDD57A00,
0x37010A00,
0x6A06EE24,
0x6A47EE05,
0x6A00EE26,
0x6A03EE86,
0x6A86EE30,
0x6A00ED85,
0xED983D04,
0xED187A00,
0xEDD26A01,
0xF1080A00,
0xEE240808,
0xEE057A07,
0xEE277A06,
0xEE866A00,
0xEE306A03,
0xED826A86,
0x3A046A00,
0xDBD4429F,
0xB2373601,
0xDC8E45BC,
0x37019F00,
0xBF00E782,
0x00000000,
0x00000000,
0x4FF8E92D,
0x8B02ED2D,
0xF8D1684E,
0xED9F900C,
0x46938B3A,
0xEB062500,
0xF1B971D6,
0xEA4F0F03,
0xBF080761,
0xEB002700,
0x1D0400C7,
0xEB0BE01D,
0xF8900007,
0x28300348,
0xB9A0D000,
0x1A00ED94,
0x0A01ED14,
0x1A01EE21,
0x1A00EE00,
0x0A10EE11,
0xF820F7E6,
0x460B4602,
0x0B18EC51,
0xFD49F7E5,
0xEC413501,
0x34080B18,
0x42B73701,
0x4628DBDF,
0xFF57F7E5,
0x6B18EC58,
0x460B4602,
0x46414630,
0xFE50F7E5,
0x0A20ED9F,
0x1A00ED9B,
0x460D4607,
0x0A00EE21,
0x0A10EE10,
0xFFFCF7E5,
0x460B4602,
0x46294638,
0xFE3EF7E5,
0x0F03F1B9,
0x0B10EC41,
0x8BCEED8B,
0x0BD0ED8B,
0xED9FD017,
0xEC570B11,
0x462A5B10,
0xF7E5463B,
0x4681FDBB,
0x4630468A,
0x462A4641,
0xF7E5463B,
0xEC41FDB3,
0xEC4A0B10,
0xED8B9B11,
0xED8B0BCE,
0x20001BD0,
0x8B02ECBD,
0xE8BDB001,
0xBF008FF0,
0x00000000,
0x00000000,
0x00000000,
0x40100000,
0x447A0000,
0xDB112801,
0x4809B281,
0x0C01F04F,
0x4201EB00,
0x29012000,
0x4770BFB8,
0xF5A21413,
0x39013280,
0xF303FA0C,
0xE7F44318,
0x47702000,
0xFFFF0000,
0xB0A5B5F0,
0x42504604,
0x25002280,
0xEE004F23,
0xA8050A10,
0xEEB82C01,
0x92000AC0,
0x90039502,
0x10C1EA4F,
0x0164F04F,
0xF0F1FBB0,
0xF1079001,
0xED8D0008,
0xBF040A04,
0x0008F244,
0x0008F2C4,
0x68002B00,
0x3602F3C0,
0x2700D017,
0xE006466D,
0x5100F107,
0xF0004628,
0xF507F825,
0xF5B77700,
0xD1F54F00,
0x2001B2F1,
0x23024622,
0xFE90F7E9,
0x21002001,
0xFCA0F7E9,
0xB2F1E00E,
0x46222001,
0xF7E92302,
0x2001FEAE,
0xF7E92100,
0x4804FC95,
0x60456005,
0x637D633D,
0xBDF0B025,
0x40084008,
0x40088024,
0x4FF8E92D,
0x8B06ED2D,
0x6D80F5AD,
0xEEB34683,
0xEEB22A04,
0x46880A04,
0x1A04ED9B,
0x0A02EEC1,
0xFAEAF00B,
0x1A01ED9B,
0x3A4EED9F,
0x2A00EEB7,
0x1AC1EEB8,
0xAA03EE20,
0x9A01EE82,
0x0A49EEB0,
0xFFE7F00B,
0x8A40EEB0,
0x8A48EEB4,
0xFA10EEF1,
0xEEB0D005,
0xF00B0A49,
0xEEB0FFDC,
0x46EA8A40,
0x4000F8DB,
0x6180F44F,
0xF7E54650,
0xF8DBFC40,
0xF6406008,
0xF7E54025,
0xEE00FC19,
0xF8DB4A10,
0xEE2A000C,
0x24011A08,
0x0946EA4F,
0x37FFF04F,
0x0AC0EEB8,
0x8A00EE21,
0xE01D7004,
0x71D0EB00,
0xEBB44626,
0xBFA20F61,
0x1000F8DB,
0x18261A08,
0xFBF2F7E5,
0x7080F3C0,
0x100CF8DB,
0x0040EB07,
0x0A10EE00,
0x0AC0EEB8,
0xEB0A5508,
0x340100C6,
0x0A00EE28,
0x0A00ED80,
0x0004F8DB,
0xDBDD4284,
0x46514821,
0x23012201,
0xFFFEF7E4,
0x1000F8DB,
0xEB084C1E,
0xF10A0049,
0x23000204,
0x77FFF647,
0xED12E01E,
0xEEBD0A01,
0xEE100AC0,
0x42A66A10,
0x4626BFD8,
0xBFA842BE,
0xF820463E,
0xEB006023,
0x33010683,
0x0A00ED92,
0xEEBD3208,
0xEE100AC0,
0x42A55A10,
0x4625BFD8,
0xBFA842BD,
0x8075463D,
0xDBDE428B,
0x0008F8DB,
0x0181EB08,
0x46400082,
0xFBB4F7E5,
0x6D80F50D,
0x8B06ECBD,
0xE8BDB001,
0xBF008FF0,
0x46800000,
0x00029A78,
0xFFFF8000,
0xB086B5B0,
0x6081F44F,
0x410CF240,
0x680A6800,
0x0581F3C0,
0x2A006808,
0xB284DB24,
0x0A24ED9F,
0xEE014260,
0xEEB80A10,
0xEE811AC1,
0xEE100A00,
0xF7E50A10,
0xEC41FE87,
0xA0270B10,
0x22002100,
0xE9CD23AC,
0x20011000,
0x31FFF04F,
0xED8D9502,
0xF7FD0B04,
0xB2E8FB3B,
0xB0064621,
0x40B0E8BD,
0xBB2CF7E9,
0xF7E9B2E8,
0x4604FACF,
0x0A10ED9F,
0xEE014260,
0xEEB80A10,
0xEE811AC1,
0xEE100A00,
0xF7E50A10,
0xEC41FE5F,
0xA00A0B10,
0x22002100,
0xE9CD23B0,
0x20011000,
0x31FFF04F,
0xED8D9502,
0xF7FD0B04,
0xF44FFB13,
0x60046084,
0xBDB0B006,
0x447A0000,
0x20746567,
0x2078726F,
0x303A6863,
0x2C782578,
0x74746120,
0x203A6E65,
0x332E3025,
0x62642066,
0x00000A0D,
0x2078726F,
0x303A6863,
0x2C782578,
0x74746120,
0x203A6E65,
0x332E3025,
0x62642066,
0x00000A0D,
0x8105F3EF,
0xF3EFB929,
0xB9118110,
0x8111F3EF,
0xF06FB111,
0x47700005,
0xC004F8DF,
0x4770DF00,
0x00021D8D,
0x8014F3EF,
0x0F01F010,
0xF3EFD008,
0xB9288005,
0x8010F3EF,
0xF3EFB910,
0xB1108011,
0x7A004804,
0xF8DF4770,
0xDF00C008,
0xBF004770,
0x00021DA1,
0x00000F2C,
0x8005F3EF,
0xF3EFB928,
0xB9108010,
0x8011F3EF,
0xF06FB110,
0x47700005,
0xC004F8DF,
0x4770DF00,
0x00021DA9,
0x8005F3EF,
0xF3EFB928,
0xB9108010,
0x8011F3EF,
0xF06FB110,
0x47700005,
0xC004F8DF,
0x4770DF00,
0x00021F19,
0x4605B5F8,
0x8005F3EF,
0x460E4614,
0xF3EFB928,
0xB9108010,
0x8011F3EF,
0xF06FB300,
0xB31D0003,
0xB30EBB13,
0x29087829,
0x7868D11E,
0x4628B198,
0xFFA8F7E8,
0xB1774607,
0xF1076A6A,
0x4630010C,
0xFAB8F7E5,
0x78F8B10C,
0x46387020,
0xF00060FD,
0x2000FA35,
0xF06FE008,
0xE0050002,
0xC00CF8DF,
0x46314628,
0xDF004622,
0xBDF0B001,
0x00021FA1,
0x8305F3EF,
0xF3EFB92B,
0xB9138310,
0x8311F3EF,
0x2000B10B,
0xF8DF4770,
0xDF00C008,
0xBF004770,
0x00022091,
0x41F0E92D,
0xF3EF4606,
0x46908005,
0xB928460D,
0x8010F3EF,
0xF3EFB910,
0xB3388011,
0x0703F06F,
0xBB03B30E,
0x7830B1FD,
0xD11C2808,
0xB1C07870,
0x000CF106,
0xF8AAF000,
0xB1944604,
0xF1046A72,
0x4629000C,
0xFA6CF7E5,
0x1007F240,
0x80202700,
0x70A74620,
0x8003F884,
0x5601E9C4,
0xF9E4F000,
0xF06FE001,
0x46380702,
0x81F0E8BD,
0xC00CF8DF,
0x46294630,
0xDF004642,
0x81F0E8BD,
0x000221C5,
0xE7FEE7FE,
0x2300B5B0,
0xB3C9B3D0,
0xD8372A03,
0x310F4686,
0x4F08F85E,
0x0C07F021,
0x1004F8DE,
0xEBA34623,
0xF021040E,
0x1B640503,
0xD2054564,
0x469E681C,
0xD1F12C00,
0xE0212300,
0x4300E9D0,
0x60434463,
0xF8504420,
0x429C4C04,
0x3808BF3E,
0xF8DE6043,
0xB1691004,
0x0000F8DE,
0x0103F021,
0x000EF841,
0x0002EA4C,
0x60484471,
0x1000F8CE,
0xE003468E,
0x0002EA4C,
0x0004F8CE,
0x0308F10E,
0xBDB04618,
0x2200B580,
0xB311B318,
0x0308F100,
0x0C08F1A1,
0x0E00F04F,
0x4562461A,
0x6813D005,
0x2B004696,
0x2200D1F8,
0xF851E013,
0x68423C04,
0x0F00F1BE,
0x0303F023,
0x0203EBA2,
0xF04F6042,
0xBF190201,
0x0000F8DC,
0x0000F8CE,
0xF8412000,
0x46100C04,
0xB108BD80,
0xD0020742,
0x46102200,
0x22004770,
0xD3FA2918,
0x0307F011,
0x2210D1F7,
0x1200E9C0,
0xF1A14401,
0x60830308,
0xF8412300,
0x68813C08,
0x2201604A,
0xE7E860C3,
0xB5B0B308,
0xC9044601,
0x3F00E851,
0xD802429A,
0x8F2FF3BF,
0x1C5CE004,
0x4500E841,
0xE7F3B105,
0x428B6801,
0x40B0E8BD,
0xF100D20D,
0xE8510114,
0xB9100F00,
0x8F2FF3BF,
0x6802E004,
0x2300E841,
0xE7F4B103,
0x20004770,
0xB5B04770,
0x68C2B310,
0xD81F428A,
0x428A6902,
0x1D02D91C,
0x3F00E852,
0xF3BFB913,
0xE0048F2F,
0xE8421E5C,
0xB1054500,
0xB193E7F4,
0x68023014,
0xF3BF600A,
0xE8508F5F,
0x680B2F00,
0xD1F64293,
0x1400E840,
0xE7F2B104,
0xBDB02000,
0x0003F06F,
0xF06FBDB0,
0xBDB00002,
0x20004684,
0x0F00F1BC,
0x2900BF18,
0xB302D021,
0xB580B1FB,
0x0E00F04F,
0x3001FB02,
0x1E00E9CC,
0x2302E9CC,
0x0304E9CC,
0xF1C11E48,
0x46190E01,
0xFC02FB00,
0x1888E004,
0x0E01F10E,
0x46016008,
0x0F00F1BE,
0x2000D1F7,
0x000CF843,
0xE8BD2001,
0x47704080,
0x4604B5F8,
0x28007860,
0x78A0D05E,
0x68E5B3A8,
0x28007868,
0x4628D058,
0xF7E84621,
0x2000FE7E,
0x060CF105,
0x70604621,
0xF7FF4630,
0x68A8FF94,
0xD0492800,
0x28937840,
0x4630D146,
0xFF66F7FF,
0x2C004604,
0x4628D040,
0xFA06F000,
0x22002100,
0x27004606,
0xFAB8F000,
0xF0004630,
0x4606FA4D,
0xF1046A6A,
0x68B1000C,
0xF91AF7E5,
0x1007F240,
0x70A78020,
0x70E068F0,
0x68A5E027,
0xB3187868,
0xB31068A8,
0x28837840,
0x4628D11F,
0xF9E4F000,
0x22002100,
0x27004606,
0xFA96F000,
0xF0004630,
0x4606FA2B,
0xF1046A6A,
0x68B0010C,
0xF8F8F7E5,
0xB10868F0,
0x700178E1,
0xF1057067,
0x4621000C,
0x40F8E8BD,
0xBF47F7FF,
0x4628BDF8,
0xE8BD4621,
0xF7E840F8,
0xE92DBDF0,
0x460441F0,
0xF04F2700,
0xE0150801,
0x696C78E8,
0xD5110700,
0x68A8762F,
0x4628B170,
0xF9B0F000,
0x22002100,
0xF0004606,
0x60EEFA63,
0xE9C56AF0,
0x62F57004,
0x8018F885,
0x2D004625,
0xE8BDD1E6,
0x000081F0,
0x4CF5B5F8,
0x76FFF64F,
0x0556F104,
0x075AF104,
0xE8D7E027,
0x1C4A1F5F,
0xD8004290,
0xE8C72200,
0xB1032F53,
0xB288E7F5,
0xF8516DE1,
0x28000020,
0x7801D026,
0x29063901,
0xE8DFD813,
0x1204F001,
0x0D0A1207,
0x6E210010,
0xE00A4788,
0x47886E61,
0x6EA1E007,
0xE0044788,
0x47886EE1,
0x6F21E001,
0xF8B44788,
0xE8D50054,
0xB9111F5F,
0x8F2FF3BF,
0x1E4AE004,
0x2F53E8C5,
0xE7F4B103,
0xD1C84231,
0xE8BD2000,
0xF00040F8,
0xBF00B901,
0x4601B570,
0xF8B048F2,
0xF1002054,
0xE8D30356,
0x42A24F5F,
0xF3BFD802,
0xE0048F2F,
0xE8C31C65,
0xB1065F56,
0xB2A3E7F3,
0xD21A4293,
0x0358F100,
0x4F5FE8D3,
0x42AA1C65,
0x2500D800,
0x5F56E8C3,
0xE7F5B106,
0xB2A26DC3,
0x1022F843,
0x29007A41,
0x2101BF19,
0x48057281,
0x5180F04F,
0x6001BF08,
0x2002BD70,
0x4070E8BD,
0xBDF6F7FF,
0xE000ED04,
0x7841B510,
0x6881B1D1,
0xF100B1C1,
0xE8D1010C,
0xB9122F5F,
0x8F2FF3BF,
0x1E53E004,
0x3F54E8C1,
0xE7F4B104,
0x71FFF64F,
0xD007420A,
0xF908F000,
0x22002100,
0x4010E8BD,
0xB9BAF000,
0x0000BD10,
0x70412101,
0xF99049D9,
0xF101C020,
0x4613021C,
0xF8514619,
0xB14A2F08,
0x1020F992,
0xDCF64561,
0x010CF102,
0x2302E9C0,
0xE0026098,
0xE9C02200,
0x60082302,
0xBF004770,
0x1C4AB580,
0x4AF4D01A,
0x0E00F04F,
0x0C2CF102,
0xE0064662,
0x429169DA,
0x1A89D327,
0x0210F103,
0x6813469E,
0xD1F52B00,
0x210061C1,
0x0F00F1BE,
0x1E04E9C0,
0xF10EBF18,
0xE0250C10,
0x220049F6,
0x0C30F101,
0x46114663,
0xF102681A,
0x2A000310,
0xF04FD1F9,
0x290032FF,
0xF04F61C2,
0xE9C00200,
0xBF182104,
0x0C10F101,
0xF1BEE00E,
0xE9C00F00,
0x61C13E04,
0xF10EBF18,
0xF8CC0C10,
0xF1030000,
0x69DA0C14,
0x61D91A51,
0x0000F8CC,
0xBF00BD80,
0x694169C3,
0xD0111C5A,
0xC3D8F8DF,
0xF8DCB921,
0x4282202C,
0x4770BF18,
0xB1226902,
0x69D16151,
0x61D14419,
0xB1396941,
0xE00E610A,
0xB9314AED,
0x42836B13,
0x4770D003,
0x202CF8CC,
0x69034770,
0x6159B10B,
0xB1196941,
0x2100610B,
0x47706141,
0x47706313,
0x4DE3B5B0,
0xB11C6AEC,
0x380169E0,
0xD00061E0,
0x4620BDB0,
0xF88DF000,
0xF0004620,
0x6924F8A9,
0x69E0B12C,
0xD0F42800,
0x61602000,
0x2400E000,
0xBDB062EC,
0x4605B5B0,
0x2D0048D5,
0x7A016944,
0x2902D00D,
0xB12CD106,
0x0020F994,
0x1020F995,
0xDC134281,
0xE8BD4628,
0xF00040B0,
0x2902B889,
0xB19CD114,
0xB18D6A45,
0x0020F994,
0x1020F995,
0xBFD84281,
0x4628BDB0,
0xF85BF000,
0xF7FF4620,
0x4628FF31,
0x40B0E8BD,
0xB8C2F000,
0xBF00BDB0,
0x4604B510,
0x70602000,
0xF01078A0,
0xD00D0F02,
0xD40506C0,
0x6B2148BA,
0xF7FF6F40,
0xE005FD31,
0x6B2148B7,
0x0084F8D0,
0xFD93F7FF,
0x07C078A0,
0xBD10BF08,
0xF8D149B2,
0xB1200088,
0xE8BD4621,
0xF7FF4010,
0xF8D1BD86,
0x46210080,
0x4010E8BD,
0xBD16F7FF,
0x68884601,
0x6882B130,
0x608A2A00,
0x60D1D000,
0x60C12100,
0xB1C94770,
0xC020F991,
0x0208F100,
0xF993E006,
0x45622020,
0xF103DB0A,
0x46180208,
0x2B006813,
0x2200D1F5,
0x2002E9C1,
0xE0043008,
0x3002E9C1,
0xF1036081,
0x6001000C,
0x68C14770,
0x6882B131,
0x6882608A,
0x60D1B102,
0x60C12100,
0xB5104770,
0x78604604,
0xBF182833,
0xF894BD10,
0x6A612023,
0xF7EB4620,
0x4601FBFB,
0x4620B129,
0xE8BD2200,
0xF0004010,
0xBD10B873,
0x20014601,
0x48867048,
0xF7FF301C,
0xBF00BFBE,
0x00000F2C,
0x1022F890,
0x6B802240,
0x0181EA02,
0x0160F081,
0x47704408,
0x6941487D,
0x6B08B139,
0x42826B8A,
0x6800D904,
0x42904A03,
0x4770D100,
0xF7FF2001,
0xBF00BC6B,
0xE25A2EA5,
0x4D74B5B0,
0xB1086AA8,
0xE00A2401,
0x21004859,
0x480E6D82,
0xFA02F005,
0x2C004604,
0xBF1862AC,
0x48542401,
0xB1616E41,
0xB9516CA9,
0x48086DC2,
0xF0052100,
0x2800F9F3,
0xBF1864A8,
0x40202001,
0x4620BDB0,
0xBF00BDB0,
0x00000F2C,
0x0001CA07,
0x0001D271,
0x70412102,
0x6188495E,
0xBFBEF7FF,
0x4C5CB510,
0x7A204684,
0xBF1C2802,
0xBD102000,
0x20006963,
0x6A62B16B,
0x4618B15A,
0xC001F883,
0xFE6EF7FF,
0x001CF104,
0xFF4EF7FF,
0xFFE2F7FF,
0xBD102001,
0x00000F2C,
0x4604B5B0,
0x22404615,
0x0022F894,
0x0080EA02,
0xF0806BA2,
0x50110060,
0xF7FF4620,
0x4620FE9D,
0xE8BDB11D,
0xF7FF40B0,
0xE8BDBEDB,
0xF7FF40B0,
0x0000BF75,
0xF7E8B5B0,
0x4D40FE2B,
0x6D2868E9,
0x28003101,
0xD00060E9,
0xF7FF4780,
0x2000FEAF,
0xFEC6F7FF,
0xB3116C29,
0x6BA869AA,
0xBF1C4290,
0x210EE9C5,
0x6BE9BDB0,
0x3901B111,
0xD11663E9,
0x29027A29,
0x6A6CD113,
0xF890B18C,
0xF8940020,
0x42811020,
0x4620D10B,
0xFF29F7FF,
0xF7FF6BA8,
0x4620FF45,
0xFF92F7FF,
0xE9C56C28,
0xBDB0400E,
0x00000F2C,
0x480DB5BC,
0xE9D02108,
0xF7FF2018,
0x4D22FB71,
0x64E82800,
0x490AD00E,
0x6529466C,
0x22004621,
0x33FFF04F,
0xFB2CF7FF,
0xE9DDB910,
0x47881000,
0xE7F36CE8,
0xBF00BDBC,
0x0002D330,
0x00000F2C,
0x0001D2B5,
0x4D14B570,
0xB31C6C6C,
0x26016920,
0x61203801,
0x6920E01C,
0x68E0B9E0,
0x68A1B108,
0x64686081,
0x0118F104,
0x23002200,
0xF7FF6CE8,
0xB118FB51,
0x46212003,
0xFB8CF7FF,
0x280178E0,
0x6961D104,
0xF7EB4620,
0xE000FB1F,
0x6C6C7066,
0xD1E02C00,
0xBF00BD70,
0x00000F2C,
0x8205F3EF,
0xF3EFB92A,
0xB9128210,
0x8211F3EF,
0xF06FB302,
0xB1D80203,
0x7801B9D1,
0xD1172905,
0xB1997841,
0xE8D0300C,
0xB9111F5F,
0x8F2FF3BF,
0x1E4AE004,
0x2F53E8C0,
0xE7F4B103,
0x70FFF64F,
0x42012200,
0xF06FBF08,
0xE0010202,
0x0202F06F,
0x47704610,
0xC004F8DF,
0x4770DF00,
0x00022289,
0x8305F3EF,
0xF3EFB92B,
0xB9138310,
0x8311F3EF,
0x2000B10B,
0xF8DF4770,
0xDF00C008,
0xBF004770,
0x000222E9,
0x8105F3EF,
0xF3EFB929,
0xB9118110,
0x8111F3EF,
0xB5B0B319,
0x7801B1D8,
0xD1182905,
0xB1C97841,
0xF10089C1,
0xE8D2020C,
0x42993F5F,
0xF3BFD802,
0xE0048F2F,
0xE8C21C5C,
0xB1054F55,
0x89C2E7F3,
0x4291B299,
0xF7FFD206,
0x2000FCE9,
0xF06FBDB0,
0xBDB00003,
0x0002F06F,
0xF8DFBDB0,
0xDF00C008,
0xBF004770,
0x00022369,
0xC004F8DF,
0xE7FEDF00,
0x000223C9,
0x8105F3EF,
0xF3EFB929,
0xB9118110,
0x8111F3EF,
0xF06FB111,
0x47700005,
0xC004F8DF,
0x4770DF00,
0x00022431,
0x8005F3EF,
0xF3EFB928,
0xB9108010,
0x8011F3EF,
0x2000B108,
0xF8DF4770,
0xDF00C008,
0xBF004770,
0x00022475,
0x8205F3EF,
0xF3EFB92A,
0xB9128210,
0x8211F3EF,
0xB5B0B1F2,
0x0403F06F,
0x2900B1C0,
0x7802DB16,
0xD1132A01,
0xF0427842,
0x2A040204,
0xF06FD102,
0xE00B0402,
0x0228F100,
0x3F00E852,
0x0401EA43,
0x4500E842,
0xE7F7B105,
0xFC8AF7FF,
0xBDB04620,
0xC004F8DF,
0x4770DF00,
0x00022491,
0x8305F3EF,
0xF3EFB92B,
0xB9138310,
0x8311F3EF,
0xF06FB113,
0x47700005,
0xC004F8DF,
0x4770DF00,
0x000224FD,
0x8005F3EF,
0xF3EFB928,
0xB9108010,
0x8011F3EF,
0x2000B108,
0xF8DF4770,
0xDF00C008,
0xBF004770,
0x00022545,
0x8305F3EF,
0xF3EFB92B,
0xB9138310,
0x8311F3EF,
0x2000B10B,
0xF8DF4770,
0xDF00C008,
0xBF004770,
0x00022551,
0x4915B5E0,
0xF012680A,
0xD10B0F01,
0x2100A015,
0x23332200,
0x1000E9CD,
0xF04F2005,
0xF7FC31FF,
0xBD8CFC77,
0xF8D14A0D,
0x4B0DC004,
0xFBB26812,
0x2300F2F3,
0xFE00FB02,
0x688A6888,
0xD0FC4290,
0x42904403,
0xEBA34610,
0xBF980302,
0x45734463,
0xBD8CBF28,
0xBF00E7F1,
0xE000E010,
0x00000E10,
0x000F4240,
0x74737973,
0x206B6369,
0x20746F6E,
0x6B726F77,
0x00000A0D,
0x2100B51C,
0x91012810,
0xAA01D113,
0x3080F44F,
0x23012120,
0xF7EA2401,
0x2800FB35,
0x9801DB20,
0x0F80F010,
0xF3C0D11B,
0x21012002,
0xF400FA01,
0x280FE016,
0x0080F04F,
0xF04FAA01,
0xF04F0180,
0xF04F0301,
0xBF080401,
0x7000F44F,
0xFB1AF7EA,
0xDB052800,
0xF3C09801,
0x40841002,
0x2405E000,
0xB002B2A0,
0x0000BD10,
0x43FEE92D,
0x460F4605,
0x0F02F015,
0x809BF000,
0x7002F44F,
0xAE014C95,
0x486EF04F,
0x90022101,
0xF8CD4630,
0x47A08004,
0x2F004991,
0x0014F101,
0xF04F4689,
0x90010101,
0xBF184638,
0x7002F44F,
0x46309002,
0x488B47A0,
0x8004F8CD,
0x90022101,
0x47A04630,
0x0010F109,
0xF04F2F00,
0x90010101,
0xBF1C4638,
0xF2C22010,
0x90020004,
0x47A04630,
0x4002F04F,
0x8004F8CD,
0x90022101,
0x47A04630,
0x0008F109,
0xF04F2F00,
0x90010101,
0xBF184638,
0x4002F04F,
0x46309002,
0x487747A0,
0x8004F8CD,
0x90022101,
0x47A04630,
0x0004F109,
0xF04F2F00,
0x90010101,
0xBF1C4638,
0x0000F241,
0x0000F6C0,
0x46309002,
0xF44F47A0,
0xF8CD7080,
0x21018004,
0x46309002,
0x2F0047A0,
0xF8CD4638,
0xF04F9004,
0xBF180101,
0x02002001,
0x46309002,
0xB14747A0,
0xF44F4C62,
0x211C2080,
0xF7EA6862,
0x68A2FAEF,
0xF44FE018,
0x211C2080,
0xFA4EF7EA,
0x4C5B495C,
0x61F8F101,
0xEA006060,
0xF44F0201,
0x211C2080,
0xFADCF7EA,
0x7000F44F,
0xF7EA21A0,
0x60A0FA3D,
0x427CF020,
0x7000F44F,
0xF7EA21A0,
0xB117FACF,
0xF001200F,
0x0768F9BD,
0x808EF140,
0xF04F484D,
0x4ED2486E,
0x2101AD01,
0x8004F8CD,
0x46289002,
0x494947B0,
0xF1012F00,
0x46890004,
0x0101F04F,
0x46389001,
0x2040BF1C,
0x0001F2C4,
0x46289002,
0x204047B0,
0x8004F8CD,
0x90022101,
0x47B04628,
0x463C2F00,
0x9004F8CD,
0x0101F04F,
0x2401BF18,
0x900201A0,
0x47B04628,
0x3080F44F,
0x8004F8CD,
0x90022101,
0x47B04628,
0x001CF109,
0x90012101,
0x90020420,
0x47B04628,
0xF8CD4830,
0x21018004,
0x46289002,
0xF10947B0,
0x2F000008,
0x0101F04F,
0x46389001,
0x2010BF1C,
0x0008F2C0,
0x46289002,
0xF44F47B0,
0xF8CD0000,
0x21018004,
0x46289002,
0xF10947B0,
0x2101000C,
0x05E09001,
0x46289002,
0xB14747B0,
0xF44F4C19,
0x21282080,
0xF7EA68E2,
0x6922FA5D,
0xF44FE015,
0x21282080,
0xF9BCF7EA,
0x46024C12,
0x2080F44F,
0x60E22128,
0x321AF36F,
0xFA4CF7EA,
0x21A02080,
0xF9AEF7EA,
0xF0206120,
0x2080427C,
0xF7EA21A0,
0x2F00FA41,
0xE8BDBF08,
0x200E83FE,
0xF92CF001,
0x83FEE8BD,
0x0001FF65,
0xE20F0048,
0x20040010,
0x08001000,
0x0003F750,
0xF8000FFF,
0x40010040,
0xE20E003C,
0x00080010,
0x4D2FB5BF,
0xF0044604,
0x78280101,
0x0201F000,
0xD0114291,
0xF891492B,
0xF0111118,
0xD00B0F80,
0x001FF001,
0xFA012101,
0x4927F000,
0xF3C16809,
0xF7E67100,
0x7828FFD3,
0x0102F000,
0x0202F004,
0xD011428A,
0xF891491F,
0xF0111119,
0xD00B0F80,
0x001FF001,
0xFA012101,
0x491BF000,
0xF3C18889,
0xF7E62140,
0x7828FFBB,
0x0104F000,
0x0204F004,
0xD011428A,
0xF8914913,
0xF011111A,
0xD00B0F80,
0x001FF001,
0xFA012101,
0x490FF000,
0xF3C18989,
0xF7E62140,
0x7828FFA3,
0x42A0B174,
0xA00BD00C,
0x22002100,
0xE9CD2316,
0x20051000,
0x31FFF04F,
0xF7FC9402,
0x702CFA75,
0xB0042000,
0xBF00BDB0,
0x0005E148,
0x00035000,
0x4000000C,
0x206C6C70,
0x74617473,
0x3A207375,
0x25783020,
0x000A0D78,
0x4FFEE92D,
0x460C4605,
0xD05B2D0E,
0xD06D2D0F,
0xBF182D10,
0x8FFEE8BD,
0xF04F4843,
0xF8DF486E,
0xF10D9F08,
0x21010A04,
0x8004F8CD,
0x46509002,
0x493B47C8,
0x0028F101,
0xEA40468B,
0x90014005,
0xFAB01E60,
0x0947F080,
0xFAB01EA0,
0x0940F080,
0xEA4107C1,
0xEA417147,
0xFAB45000,
0x094EF184,
0xEA402101,
0x90022086,
0x47C84650,
0x2088F44F,
0xE9CD2101,
0x46508001,
0xF10B47C8,
0x2101002C,
0x4005EA40,
0x03B09001,
0x4087EA40,
0x46509002,
0xF44F47C8,
0xF8CD40E0,
0x21018004,
0x46509002,
0xF10B47C8,
0xF44F0014,
0xEA405180,
0x90014005,
0x0002F1C4,
0xF000FA01,
0x90022101,
0x47C84650,
0x8FFEE8BD,
0x2060F44F,
0x2101AE01,
0xF04F9002,
0x9001406E,
0xF0024630,
0x4811FA93,
0xEA403004,
0x90014005,
0x5D00480F,
0xE0110440,
0x70E0F04F,
0x2101AE01,
0xF04F9002,
0x9001406E,
0xF0024630,
0x4807FA7F,
0x4005EA40,
0x48069001,
0x05805D00,
0x46309002,
0xF0022101,
0xE8BDFA73,
0xBF008FFE,
0xE2000008,
0x0002EFCC,
0xA0100400,
0x0001FF65,
0x4604B57C,
0xD00A2C0E,
0x3000F44F,
0xD10F2C0F,
0x4913B179,
0x1120F8D1,
0x2601EA20,
0xF44FE00A,
0xB1315000,
0xF8D149F9,
0xEA201120,
0xE00106C1,
0x2600E000,
0xF04F9001,
0x466D406E,
0x90002101,
0xF0024628,
0xF04FFA45,
0x21014062,
0x4004EA40,
0x0600E9CD,
0xF0024628,
0x2000FA3B,
0xBD70B002,
0x00035000,
0x280F4A08,
0x3204BF18,
0x60086810,
0xBF004770,
0x280F4A04,
0x3204BF18,
0xBF182900,
0x60112101,
0xBF004770,
0x00000D18,
0x41FCE92D,
0x4617461E,
0xF0004604,
0x4605F98B,
0x463A2003,
0xFBB54633,
0x4620F8F0,
0x8000F8CD,
0xFFEEF000,
0x0048EB08,
0xEBA52C10,
0xD1090600,
0x2010B2F1,
0xFF06F7FF,
0xF188FA5F,
0xF0012010,
0xE006F819,
0xFA5F9B08,
0xB2F2F188,
0xF0024620,
0xB2F1FC4B,
0xF7E74620,
0x4620F845,
0xFF9AF000,
0x48AE4606,
0xD1032C10,
0xF36F6801,
0xE00A319F,
0x0110F100,
0xBF082C0F,
0x0108F100,
0xFA206808,
0xF36FF108,
0x462051DF,
0xF8DCF001,
0xBF182E00,
0x4500F045,
0xB0024628,
0x81F0E8BD,
0x4FF8E92D,
0x46914698,
0xF0004604,
0x4605F93D,
0xF8DD2603,
0xFBB5B02C,
0xEB00F0F6,
0xF1BB0140,
0xEBA50F00,
0xD01A0701,
0xA0DCF8DF,
0x1027F85A,
0xF000FA21,
0x0209EB10,
0xF1484620,
0xF0000300,
0x4605F923,
0xF0F6FBB5,
0x0140EB00,
0xF85A1A6F,
0x40C11027,
0x0209EB11,
0x0300F148,
0x464AE001,
0xB2C64643,
0x96004620,
0xFF7CF000,
0xD1042C10,
0x2010B2F9,
0xFE98F7FF,
0x9B0AE005,
0x4620B2FA,
0xF0024631,
0xB2F9FBE3,
0xF7E64620,
0x2701FFDD,
0x46202C10,
0x0100F04F,
0x2702BF08,
0xF001463A,
0x4620FA35,
0xFD70F7ED,
0xF1BB4682,
0xD0080F00,
0x464A4620,
0x96004643,
0xFF54F000,
0xF7EB4620,
0x486FFDDD,
0xD1032C10,
0xF36F6801,
0xE00A319F,
0x0110F100,
0xBF082C0F,
0x0108F100,
0xFA206808,
0xF36FF106,
0x462051DF,
0xF85EF001,
0x4620B2FA,
0xF0012101,
0xF1BAFA0B,
0xBF180F00,
0x4500F045,
0xB0014628,
0x8FF0E8BD,
0x0002DC0C,
0xED2DB5F8,
0x46068B02,
0xFED0F000,
0x46304604,
0xFC58F7FF,
0x48574605,
0xD0052E0E,
0xD00A2E10,
0xD12F2E0F,
0xE0003008,
0x68003010,
0xFB2AF7E4,
0x0B18EC41,
0x6800E028,
0x407FF020,
0xFB22F7E4,
0x484D4605,
0x6D40460E,
0xFB1CF7E4,
0x460B4602,
0x46314628,
0xF994F7E4,
0x460B4602,
0xF8E9F7E4,
0xB2E04605,
0xF7E4460E,
0x4602FAFC,
0x4628460B,
0xF7E44631,
0xED9FF9F7,
0xEC530B1C,
0xF7E42B10,
0xE027F97F,
0x8B16ED9F,
0x6D40483B,
0xFAFAF7E4,
0x460B4602,
0x0B18EC51,
0xF972F7E4,
0xB2E04606,
0xF7E4460F,
0x4602FADE,
0x4630460B,
0xF7E44639,
0xED9FF9D9,
0xEC530B0F,
0xF7E42B10,
0x4604F961,
0x460E4628,
0xFADEF7E4,
0x460B4602,
0x46314620,
0xF9C8F7E4,
0x0B10EC41,
0x8B02ECBD,
0xBDF0B001,
0x00000000,
0x00000000,
0x00000000,
0x3F000000,
0x00000000,
0x3E800000,
0x4606B570,
0xFE56F000,
0x46304604,
0xFBDEF7FF,
0x481A4605,
0xD0052E0E,
0xD0072E10,
0xD1192E0F,
0xE0003008,
0x68003010,
0xE0132100,
0x680049EF,
0x2300B2E2,
0xF0206D49,
0xFBA1407F,
0x00490100,
0x71D0EA41,
0xF7E30040,
0x0BC0FFD9,
0x4041EA40,
0xBD700BC9,
0x6D524AE5,
0x0302FBA0,
0x3102FB01,
0x2300B2E2,
0xFFCAF7E3,
0x462A0DC0,
0xEA402300,
0x0DC92041,
0xFFC2F7E3,
0xBF00BD70,
0x4000000C,
0x00000C00,
0x4604B570,
0xF04F4915,
0x4E155000,
0x2C0F4D15,
0xF04FBF08,
0xF8D15080,
0x4201112C,
0x46194610,
0x4635BF08,
0xFA51F7E4,
0xED9F2C10,
0xEE001A0F,
0xF04F0A10,
0xBF080000,
0xE00A4635,
0x2A00ED95,
0x2A01EE22,
0x2AC0EEB4,
0xFA10EEF1,
0x3504DD03,
0x28173001,
0xB2C0D9F2,
0xBF00BD70,
0x00035000,
0x0002DDCC,
0x0002DE2C,
0x447A0000,
0x4FF0E92D,
0x4605B085,
0xF04F4F46,
0x26C00B06,
0x78AC7C29,
0xF1077828,
0x29010292,
0x0102F1A4,
0xF181FAB1,
0x1CBABF08,
0xEA4F2C01,
0xF8321151,
0xBF089011,
0x0B00F04F,
0x2603BF08,
0xD1172803,
0x0040F44F,
0x210146E8,
0xF04F9001,
0x9000406E,
0xF0024640,
0x2000F82F,
0xF04F2C01,
0x90010101,
0xBF084831,
0x3080F500,
0x46409000,
0xF822F002,
0x4648A902,
0xFC2EF7FB,
0x00E0F8D7,
0x0B402164,
0xE9DD4348,
0x180A1302,
0xF14378E8,
0xF0020300,
0x2002FAA6,
0x46222100,
0x25002315,
0xFDAEF7E5,
0x4F264822,
0xF20F466C,
0xF2460988,
0x46805A8F,
0xD8332D02,
0x406EF04F,
0x21019601,
0x46209000,
0xFFF8F001,
0x21014640,
0xF8599000,
0xFA000025,
0x9001F00B,
0xF0014620,
0x2002FFED,
0xF7E72101,
0x2000FFB5,
0x22002100,
0xF937E008,
0x32013012,
0xBFC84299,
0x42984619,
0x4618BFB8,
0x5F80F5B2,
0x2800D1F3,
0x4240D500,
0xD5002900,
0x42884249,
0x0501F105,
0x4601BFC8,
0xDCC94551,
0xE8BDB005,
0xBF008FF0,
0x00035000,
0xE20C0030,
0xE2120024,
0x00000000,
0x00000002,
0x00000001,
0x20010000,
0x460CB57C,
0x2C004605,
0x2401BF18,
0x0F02F015,
0xF44FD012,
0x466E4080,
0x90012101,
0x406EF04F,
0x46309000,
0xFFA6F001,
0x2101480F,
0x03A09000,
0x46309001,
0xFF9EF001,
0xBF580768,
0xF44FBD7C,
0x466D7080,
0x90012101,
0x406EF04F,
0x46289000,
0xFF90F001,
0x21014805,
0x02209000,
0x46289001,
0xFF88F001,
0xBF00BD7C,
0xE20F004C,
0xE20E002C,
0x4FF8E92D,
0xB028F8DD,
0x46064615,
0xF04F461F,
0xEA4F090F,
0xEB1B70EB,
0xEB400205,
0x2E000307,
0xF04FBF08,
0x4648090E,
0xFEDCF7FF,
0xF04F4604,
0x2E000803,
0x463B462A,
0xFAF8FBB4,
0x004AEB0A,
0x0000EBA4,
0xF04F9000,
0xBF08000E,
0xF7FF200F,
0xFBB0FEC9,
0x2001F8F8,
0x23004A3B,
0xF708FA00,
0x0107FB8B,
0xB004F8D2,
0x4A3868D5,
0x6D5205C9,
0x2150EA41,
0xF7E305C0,
0x2101FEA2,
0xD0262E00,
0xF60AFA01,
0xFBA11941,
0xEA4F0206,
0xFB0173E6,
0xF04F2103,
0xEA4F0200,
0xF14273E7,
0xFB020200,
0x463A1106,
0xFE5AF7E3,
0x45C24927,
0x6048460A,
0xF015D234,
0xD0310001,
0x881100F0,
0xF0F7FB90,
0x0007F000,
0x0107F021,
0x80104308,
0xFA01E026,
0xEB10F50A,
0xFBA1010B,
0xEA4F0205,
0xFB0173E5,
0xF04F2103,
0xEA4F0200,
0xF14273E7,
0xFB020200,
0x463A1105,
0xFE32F7E3,
0x45C24913,
0x60C8460A,
0xF01BD20C,
0xD0090001,
0x891100E8,
0xF0F7FB90,
0x0007F000,
0x0107F021,
0x81104308,
0xFA5F9800,
0x9B0BF589,
0xF18AFA5F,
0x4628B2C2,
0xF93CF002,
0xF0004628,
0x2800FC8F,
0xF044BF18,
0x46204400,
0xE8BDB001,
0xBF008FF0,
0x40000010,
0x00000C00,
0x4605B570,
0x460C4E46,
0x0F01F015,
0x6830D01B,
0xF4204621,
0x60303080,
0xF0002001,
0x6830F885,
0x2C004940,
0x3080F440,
0x46206030,
0x2001BF18,
0x212CF8D1,
0x637EF002,
0x627FF022,
0x5000EA43,
0xF8C14310,
0x07A8012C,
0x2002D52B,
0xF0002100,
0x2004FD83,
0x22002103,
0xF7F02300,
0x2003FAFB,
0xFF52F7E8,
0xF4206830,
0x60303000,
0xF000200F,
0x2002FC49,
0xF0004621,
0x6830F857,
0x2C0022FD,
0x3000F440,
0x48276030,
0x112CF8D0,
0x5211EA02,
0x617FF021,
0xF042BF18,
0xEA410202,
0xF8C05102,
0x0768112C,
0x481FD403,
0x012CF8D0,
0x2004E02B,
0xF0002100,
0x2004FD51,
0x22002103,
0xF7F02300,
0x2003FAC9,
0xFF20F7E8,
0xF4206830,
0x60302080,
0xF000200E,
0x2004FC17,
0xF0004621,
0x6830F825,
0x22FB49FB,
0xF4402C00,
0x60302080,
0x012CF8D1,
0x5210EA02,
0x607FF020,
0xF042BF18,
0xEA400204,
0xF8C15002,
0xF020012C,
0xF0100110,
0xBF18607F,
0xEA412001,
0x49EE1000,
0x012CF8C1,
0xBD702000,
0x40000030,
0x00035000,
0x4FF0E92D,
0x468BB085,
0x0F01F010,
0xD05B9001,
0x6000F44F,
0xF10D4CDE,
0xF04F080C,
0x21014A6E,
0x46409004,
0xA00CF8CD,
0x4DDA47A0,
0x21012000,
0x90049503,
0x47A04640,
0xF8CD48D7,
0x2101A00C,
0x46409004,
0x352047A0,
0x0F00F1BB,
0xF04F4658,
0x95030101,
0xF640BF1C,
0xF2C00080,
0x900410C0,
0x47A04640,
0xF44F2704,
0xF06F34F8,
0x063E0901,
0x4F75F1B6,
0x20C8DD15,
0xF8C2F7F1,
0x21014640,
0xA403E9CD,
0xFE02F001,
0x3007EA04,
0x21019503,
0x46409004,
0xFDFAF001,
0x6726EB09,
0x0F01F1BB,
0xF44FD1E5,
0xF04F6400,
0xAE03406E,
0x94042101,
0x46309003,
0xFDEAF001,
0x210148B6,
0x0403E9CD,
0xF0014630,
0x9801FDE3,
0x4CB40781,
0xB008F8CD,
0xF14049B3,
0x48B480A1,
0xE9D04689,
0x200F2340,
0xFD44F7FF,
0x4606AF03,
0xF04F6824,
0xF04F0840,
0x21014A6E,
0xF04F465D,
0x46380B01,
0x8010F8CD,
0xA00CF8CD,
0xFDC2F001,
0x3080F509,
0xE9CD2101,
0x46380803,
0xFDBAF001,
0xF6472003,
0xF04F71FF,
0xF04F08C8,
0xFBB60904,
0xFA01F0F0,
0x4020F000,
0x0409F06F,
0xF04FBF04,
0xF04F0864,
0xBF080B02,
0x040EF06F,
0xBF082800,
0x090DF04F,
0xD1142D01,
0x6078F04F,
0x2101AE03,
0xA003E9CD,
0xF0014630,
0x4890FD95,
0x30042101,
0xFA5F9003,
0x05C0F089,
0x46309004,
0xFD8AF001,
0xF04FE01C,
0xAF036578,
0x4640E014,
0xF83CF7F1,
0x21014638,
0xA503E9CD,
0xFD7CF001,
0x21014883,
0x90033004,
0x50C6EA05,
0x46389004,
0xFD72F001,
0x090BEBA6,
0xF689FA4F,
0xDDE642B4,
0x0000F44F,
0xAE034CFE,
0x456EF04F,
0x90042101,
0x95034630,
0x487647A0,
0xB008F8DD,
0x46072101,
0x0F00F1BB,
0x97034658,
0xF44FBF18,
0x90040000,
0x47A04630,
0x5040F44F,
0x21019503,
0x46309004,
0xF10747A0,
0xF1BB0014,
0xF04F0F00,
0x90030101,
0xBF184658,
0x5040F44F,
0x46309004,
0x496347A0,
0x4C619801,
0xF1400740,
0x486280B4,
0xE9D04688,
0x200E2342,
0xFCA0F7FF,
0x4605AE03,
0x27026824,
0x496EF04F,
0xF04F2101,
0x46300A01,
0xF8CD9704,
0xF001900C,
0x4630FD21,
0xE9CD2101,
0xF0018703,
0x2003FD1B,
0x71FFF647,
0xFBB52704,
0xFA01F0F0,
0x4659F000,
0x0BC8F04F,
0xF06F4020,
0xBF040409,
0x0B64F04F,
0x0A02F04F,
0xF06FBF08,
0x2800040E,
0x270DBF08,
0xD1172901,
0xF44FAD03,
0x21013478,
0xE9CD4628,
0xF0019403,
0xF108FCF7,
0x21050010,
0xB2F89003,
0xFAD4F7E5,
0x3040EA04,
0x90042101,
0xF0014628,
0xE01FFCE9,
0x3578F44F,
0xE018AE03,
0xF7F04658,
0x4630FF9B,
0xE9CD2101,
0xF0019503,
0x4832FCDB,
0x30102105,
0x46389003,
0xFAB8F7E5,
0x3040EA05,
0x90042101,
0xF0014630,
0xEBA7FCCD,
0xB27F070A,
0xDDE342BC,
0x7000F44F,
0xAD034CAC,
0x466EF04F,
0x90042101,
0x96034628,
0x482347A0,
0x8008F8DD,
0x46072101,
0x0F00F1B8,
0x0010F107,
0x46409003,
0xF44FBF18,
0x90047000,
0x47A04628,
0x96032060,
0x90042101,
0x47A04628,
0x0034F107,
0x0F00F1B8,
0x0101F04F,
0x46409003,
0x2060BF18,
0x46289004,
0xF44F47A0,
0x96035040,
0x90042101,
0x47A04628,
0xF1B8480E,
0xF04F0F00,
0xF1000101,
0x90030014,
0xF44FBF18,
0x46285840,
0x8010F8CD,
0x200047A0,
0xE8BDB005,
0xBF008FF0,
0x0001FF65,
0xE2100000,
0x01C00880,
0x40000014,
0xE20E0000,
0xE20F000C,
0x00035000,
0x460CB5BC,
0xD5140780,
0x6000F44F,
0x2101466D,
0xF04F9001,
0x9000406E,
0xF0014628,
0x4806FC61,
0x90002101,
0x0004F004,
0x90010240,
0xF0014628,
0x2000FC57,
0xBDB0B002,
0xE20F0020,
0x4FFEE92D,
0xAF014D71,
0x46819100,
0x7B00F44F,
0x466EF04F,
0x46922101,
0xF8CD4638,
0x9601B008,
0x486B47A8,
0x0F00F1BA,
0xF04F4654,
0x90010101,
0x2401BF18,
0xEA4F4638,
0xF8CD2844,
0x47A88008,
0x21014638,
0x6B01E9CD,
0x486247A8,
0xE9CD2101,
0x46380801,
0xF04F47A8,
0x9601407F,
0x90022101,
0x47A84638,
0x2101485A,
0x3040F500,
0x07E09001,
0x46389002,
0xF44F47A8,
0x96015040,
0x90022101,
0x47A84638,
0xF1BA4E54,
0xF04F0F00,
0xF1060101,
0x90010008,
0xBF184650,
0x5040F44F,
0x46389002,
0xF00947A8,
0xF0090101,
0xEA500002,
0xD1090201,
0x0F00F1BA,
0xF44F4655,
0xBF180070,
0x0570F44F,
0xE0339C00,
0x0F00F1BA,
0x9C00D00A,
0x2220B159,
0x0301F004,
0x1204EA02,
0xF442431A,
0xE0040270,
0x25009C00,
0xF44FE00C,
0x28000270,
0x2300BF0F,
0x4300F44F,
0x3384EA03,
0x238AF364,
0x0502EA43,
0x2120B141,
0x0201F004,
0x1104EA01,
0xF4414311,
0xE0010170,
0x0170F44F,
0xBF0F2800,
0xF44F2000,
0xEA004000,
0xF3643084,
0x4308208A,
0xF04F9002,
0xAF01406E,
0x90012101,
0xF0014638,
0x4638FBB3,
0xE9CD2101,
0xF0016501,
0xEA5FFBAD,
0xD5397049,
0x0F01F014,
0xF44FD01A,
0xAE013000,
0x90022101,
0x406EF04F,
0x46309001,
0xFB9CF001,
0xF1BA481B,
0xF04F0F00,
0xF5000101,
0x90013080,
0xBF184650,
0x04402001,
0x46309002,
0xFB8CF001,
0xD51907A0,
0x3000F44F,
0x2101AD01,
0xF04F9002,
0x9001406E,
0xF0014628,
0x480DFB7F,
0x0F00F1BA,
0x0101F04F,
0xBF189001,
0x0A01F04F,
0x404AEA4F,
0x46289002,
0xFB70F001,
0xB0032000,
0x8FF0E8BD,
0x0001FF65,
0xE20F0018,
0xE20E0050,
0xE2120020,
0xE20A0004,
0x43FEE92D,
0x46814E62,
0x78332002,
0x88B18872,
0x4048F896,
0x5090F896,
0x0701F003,
0xF202FA00,
0x0F02F013,
0xF101FA00,
0xF1C74B5A,
0xEA070700,
0xBF180702,
0xF8B6430F,
0xF0151092,
0xFA000F01,
0xBF18F101,
0xF8B6430F,
0xF0151094,
0xFA000F02,
0xBF18F101,
0xF8B6430F,
0xF014104A,
0xFA000F01,
0xBF18F101,
0xF8B6430F,
0xF014104C,
0xFA000F02,
0xBF18F001,
0xF8D64307,
0xF0190130,
0xF0800F01,
0xD1010807,
0xE0272400,
0xEA5F6819,
0xF04F72C8,
0xD01D0400,
0x5180F011,
0x2010D11A,
0xF000461D,
0xA03DF8B9,
0x22002100,
0x5377F240,
0xE9CD2401,
0x20011000,
0x31FFF04F,
0xFA64F7FB,
0x7010F242,
0xFDBAF7F0,
0x6818462B,
0x7410EA24,
0x0130F8D6,
0x0001F020,
0x0130F8C6,
0x0507EA09,
0xD52707A9,
0xEA5F8899,
0xD51F7288,
0x7100F411,
0x200FD11C,
0xF000461F,
0xA02DF88F,
0x22002100,
0x5382F240,
0x1000E9CD,
0xF04F2001,
0xF7FB31FF,
0xF242FA3B,
0xF7F07010,
0x463BFD91,
0xF4108898,
0xBF087F00,
0x0402F044,
0x0130F8D6,
0x0002F020,
0x0130F8C6,
0xD5260769,
0xEA5F8999,
0xD51E7248,
0x7100F411,
0x200ED11B,
0xF000461D,
0xA01DF865,
0x22002100,
0x538DF240,
0x1000E9CD,
0xF04F2001,
0xF7FB31FF,
0xF242FA11,
0xF7F07010,
0x89A8FD67,
0x7F00F410,
0xF044BF08,
0xF8D60404,
0xF0200130,
0xF8C60004,
0x43200130,
0x0130F8C6,
0xB0034620,
0x83F0E8BD,
0x00035000,
0x4000000C,
0x6F6C6572,
0x62206B63,
0x6C6C7062,
0x0A0D2E2E,
0x00000000,
0x6F6C6572,
0x72206B63,
0x6C6C7066,
0x0A0D2E2E,
0x00000000,
0x6F6C6572,
0x6F206B63,
0x6C706672,
0x0D2E2E6C,
0x0000000A,
0x2100B5E0,
0x91012810,
0xAA01D104,
0x3080F44F,
0xE0082134,
0xF04F280F,
0xAA010080,
0x0180F04F,
0xF44FBF08,
0x23017000,
0xF8B8F7E9,
0xBF0F3001,
0x30FFF04F,
0xF3C09801,
0x300100C0,
0xBD80B002,
0x4604B570,
0x21002501,
0xBF082C10,
0x462A2502,
0xFB00F000,
0xF7EC4620,
0x4606FE3B,
0x21014620,
0xF000462A,
0x4630FAF7,
0x0000BD70,
0x4D0DB570,
0x20014604,
0x682E2103,
0xF9D4F7E8,
0x2103201F,
0x23002201,
0xFE84F7EF,
0xEA604807,
0x40304004,
0xF44F6028,
0xEA0020E0,
0x43304004,
0x20006028,
0xBF00BD70,
0x40000030,
0xFFF8FFFF,
0x4604B510,
0x21019802,
0xFA012C10,
0xB281F000,
0x0202FBA1,
0x2103FB01,
0x4A14D10B,
0x230003C9,
0x4150EA41,
0x6D5203C0,
0xF938F7E3,
0x60084910,
0x4A0EBD10,
0x230005C9,
0x2150EA41,
0x6D5205C0,
0xF92CF7E3,
0xD0092C0E,
0xBF182C0F,
0x4908BD10,
0x88886088,
0x0007F020,
0xBD108088,
0x61084904,
0xF0208988,
0x81880007,
0xBF00BD10,
0x00000C00,
0x4000000C,
0x43FEE92D,
0x460C4605,
0xD03C2D0E,
0xD0552D0F,
0xBF182D10,
0x83FEE8BD,
0x60F0F44F,
0xAE014FBB,
0x486EF04F,
0x90022101,
0xF8CD4630,
0x47B88004,
0x0220492E,
0xBF082C05,
0x90022080,
0x0014F101,
0x21014689,
0x4005EA40,
0x46309001,
0xF44F47B8,
0xF8CD6070,
0x21018004,
0x46309002,
0xF10947B8,
0x2C050004,
0x0101F04F,
0x4005EA40,
0xF44F9001,
0xFA007080,
0xBF08F004,
0x60A0F44F,
0x46309002,
0xE8BD47B8,
0xF44F83FE,
0xAE0150E0,
0x90022101,
0x406EF04F,
0x46309001,
0xF99AF001,
0xF0044813,
0x30040102,
0x4005EA40,
0x20049001,
0x0280F3C4,
0x0084EA00,
0x43084311,
0xE00F0280,
0x50E0F04F,
0x2101AE01,
0xF04F9002,
0x9001406E,
0xF0014630,
0x4806F97F,
0x4005EA40,
0x06A09001,
0x46309002,
0xF0012101,
0xE8BDF975,
0xBF0083FE,
0xE200000C,
0x4605B5B0,
0x0F01F015,
0x2400D101,
0xF44FE007,
0x217C3080,
0xFF80F7E8,
0xEA212101,
0x07A82450,
0xF44FD513,
0x21744000,
0xFF76F7E8,
0xF44F2800,
0xF04F4000,
0xBFA80178,
0x0402F044,
0xFF6CF7E8,
0x4F40F1B0,
0xF044BF38,
0x07680420,
0x4620BF5C,
0xF44FBDB0,
0x217C4080,
0xFF5EF7E8,
0xF44F4605,
0x21684080,
0xFF58F7E8,
0x41C0F400,
0xEA202004,
0xF5B17015,
0xEA404FC0,
0xBF180004,
0x0040F040,
0x0000BDB0,
0x2804B5FE,
0x2802D00D,
0xBDFEBF18,
0x26200288,
0x7141EA40,
0xEA014810,
0x490E0500,
0x3780F501,
0xF001E006,
0x4F0B0007,
0x0305264C,
0x40E0F44F,
0xF04F9002,
0xAC01406E,
0x90012101,
0xF0014620,
0xEA46F90D,
0x21010007,
0x0501E9CD,
0xF0014620,
0xBDFEF905,
0xE20E0000,
0x80000C00,
0x43FEE92D,
0x460D4604,
0xD00E2C0E,
0xD0152C0F,
0xBF182C10,
0x83FEE8BD,
0xF643B1D5,
0x402870F0,
0xF080FAB0,
0x07070940,
0xB3C5E013,
0xF36F4628,
0xFAB0405F,
0x0940F080,
0xE0310387,
0xD04B2D00,
0xF36F4628,
0xFAB0405F,
0x0940F080,
0xE0440407,
0xF04F2700,
0xF8DF5080,
0xAE0184B0,
0x496EF04F,
0x90022101,
0xF8CD4630,
0x47C09004,
0x4F329702,
0xF1072101,
0xEA400010,
0x90014004,
0x47C04630,
0xF8CD2040,
0x21019004,
0x46309002,
0xEA4747C0,
0x90014004,
0xF085FAB5,
0x01800940,
0x2700E045,
0x2004F44F,
0x2101AE01,
0xF04F9002,
0x9001406E,
0xF0014630,
0xFAB5F8A5,
0x2101F085,
0xEA470940,
0x900240C0,
0x3008481C,
0x4004EA40,
0x46309001,
0xF896F001,
0x83FEE8BD,
0xF44F2700,
0xF8DF3080,
0xAE018428,
0x496EF04F,
0x90022101,
0xF8CD4630,
0x47C09004,
0x4F109702,
0xF1072101,
0xEA400010,
0x90014004,
0x47C04630,
0x4000F44F,
0x9004F8CD,
0x90022101,
0x47C04630,
0x0014F107,
0x4004EA40,
0xFAB59001,
0x0940F085,
0x900203C0,
0x21014630,
0xE8BD47C0,
0xBF0083FE,
0xE2000010,
0x0001FF65,
0x4FF8E92D,
0x3B10ED2D,
0x9A62ED9F,
0x8A62ED9F,
0xAA62ED9F,
0xE01A2412,
0x21032000,
0xFB9EF7E9,
0xAAC0EEB4,
0x1A40EEB0,
0x9A00EE39,
0xEEF13C01,
0xEEB4FA10,
0xBFB88AC0,
0x1A4AEEB0,
0xFA10EEF1,
0xEEB0BFC8,
0xEEB00A48,
0xEEB0AA41,
0x2C008A40,
0xEE3AD1E2,
0xED9F1A08,
0xED9F0A52,
0xEE398A52,
0xEE211A41,
0xEEB40A00,
0xEEF10AC8,
0xDD08FA10,
0x8A4DED9F,
0x0AC8EEB4,
0xFA10EEF1,
0xEEB0BFB8,
0x484A8A40,
0xB1697801,
0xED9F4849,
0xED9F0A4A,
0xED902A4A,
0xEE211A03,
0xEE080A00,
0xED800A02,
0xE0060A03,
0xEEB02101,
0x70010A48,
0xED804840,
0xEE108A03,
0xF7E30A10,
0x4604FA9F,
0x0A10EE18,
0xF7E3460D,
0xEC41FA99,
0xA23C0B10,
0x2100A040,
0x4B11EC45,
0x63DCF44F,
0xE9CD2601,
0x92021000,
0xF04F2001,
0x220031FF,
0x1B04ED8D,
0x0B06ED8D,
0xFF46F7FA,
0xA0F4F8DF,
0x80B4F8DF,
0x00E8F10A,
0x0BF0F10A,
0xE03D9009,
0x0016F83A,
0x2801B118,
0x4658D137,
0x9809E000,
0x5400E9D0,
0x46214628,
0xFF06F7F5,
0x8A40EEB0,
0x0A03ED98,
0x9A00EE28,
0x0A10EE19,
0xFA60F7E3,
0xEE184681,
0x460F0A10,
0xFA5AF7E3,
0x0B10EC41,
0xEC472000,
0xF04F9B11,
0x220031FF,
0x7304F240,
0xA0259000,
0x0501E9CD,
0x94032001,
0x0B04ED8D,
0x1B06ED8D,
0xFF08F7FA,
0x0008F8D8,
0xD1042801,
0xEEB1B2F0,
0xF0010A49,
0x3601FA43,
0xD1BF2E03,
0xECBD2000,
0xB0013B10,
0x8FF0E8BD,
0x00000000,
0xC3480000,
0x43480000,
0x3D800000,
0xC2200000,
0x43020000,
0x0005E149,
0x00000D18,
0x3F19999A,
0x3ECCCCCD,
0x5F6C6C70,
0x636E7973,
0x6172745F,
0x6E696B63,
0x00000067,
0x203A7325,
0x706D6574,
0x342E2520,
0x75632066,
0x25203A72,
0x0D66342E,
0x0000000A,
0x00035000,
0x665F6F6C,
0x5B716572,
0x646C6C25,
0x63202C5D,
0x65706D6F,
0x7461736E,
0x61662065,
0x726F7463,
0x5D66255B,
0x6E61202C,
0x5B656C67,
0x0D5D6625,
0x0000000A,
0x43FEE92D,
0x46164604,
0x2C0E460D,
0x2C0FD035,
0x2C10D04D,
0x4860D165,
0x1120F890,
0xD06007C9,
0x013EE9D0,
0x0351EA5F,
0x0230EA4F,
0xF7FE2010,
0x2103FEA5,
0xF1F1FBB0,
0x0141EB01,
0x48581A47,
0x42B17801,
0x7841D14F,
0x428AB2FA,
0xF04FD14B,
0x2E02406E,
0xF0409001,
0xF44F8092,
0xAE016000,
0x90022101,
0xF0004630,
0xFAB5FF19,
0x0940F085,
0x900202C0,
0x30344849,
0x4847E015,
0x0120F890,
0xBF580740,
0x83FEE8BD,
0x7080F44F,
0x2101AE01,
0xF04F9002,
0x9001406E,
0xF0004630,
0x0228FEFF,
0x483E9002,
0xEA403014,
0x90014004,
0x483AE015,
0x0120F890,
0xD5140780,
0x6080F04F,
0x2101AE01,
0xF04F9002,
0x9001406E,
0xF0004630,
0x4833FEE7,
0x4004EA40,
0x06A89001,
0x46309002,
0xF0002101,
0xE8BDFEDD,
0x704783FE,
0xF04F7006,
0xF44F486E,
0x210170F0,
0x8004F8CD,
0xA8019002,
0xFECEF000,
0x2E024826,
0x4504EA4F,
0xF1004681,
0xEA400028,
0xAC014004,
0xBF119001,
0xB2F82006,
0x7180F44F,
0x10C0EBA1,
0x90024F1F,
0x21014620,
0x208547B8,
0x8004F8CD,
0x90022101,
0x47B84620,
0x0034F109,
0xF04F2E02,
0xEA400101,
0x90010005,
0x0080F04F,
0x2085BF08,
0x46209002,
0x200847B8,
0x8004F8CD,
0x90022101,
0x47B84620,
0x0020F109,
0x43282101,
0x20009001,
0x46209002,
0xE8BD47B8,
0x200883FE,
0x2101AE01,
0x46309002,
0xFE88F000,
0x900200E8,
0x30204802,
0xBF00E787,
0x00035000,
0xE2000004,
0x0003F750,
0x0001FF65,
0x1A40EEB0,
0x2A10ED9F,
0x3A11ED9F,
0x4A0FED9F,
0x0A00EEB7,
0x5A41EEB0,
0x6A01EE25,
0x6AC0EEB5,
0xFA10EEF1,
0x4770BFD8,
0x1AC0EEB5,
0xFA10EEF1,
0xEE20DD04,
0xEE350A02,
0xE7ED5A03,
0x0A02EE80,
0x5A04EE35,
0xBF00E7E8,
0x3F8025BF,
0x3C23D70A,
0xBC23D70A,
0x780048CF,
0x0F04F010,
0xF8DFBF01,
0xF8900BA8,
0xEA5F005D,
0x477070C0,
0x4FF8E92D,
0x8B04ED2D,
0x6DEEF5AD,
0x4004F240,
0x21402400,
0xF2402200,
0xF8B043D4,
0xF60FA000,
0xE9CD3080,
0x20014000,
0xA008F8CD,
0xFD8CF7FA,
0x3894F60F,
0x3B98F60F,
0x399CF60F,
0x26002500,
0x17F0E029,
0x7050EB06,
0x0007F020,
0xD1091A37,
0x21402001,
0xF44F2200,
0xE9CD639B,
0x95024800,
0xFD72F7FA,
0x0400F8D5,
0x4B00E9CD,
0x22002140,
0x43D9F240,
0x20019002,
0xFD66F7FA,
0xD1082F07,
0x21402001,
0xF2402200,
0xE9CD43DB,
0xF7FA4900,
0x3504FD5B,
0x2E103601,
0xF1AAD1D3,
0x4EA30004,
0xD839282F,
0xF010E8DF,
0x00A30030,
0x00C900B2,
0x010000DD,
0x011C0108,
0x014E0146,
0x019E0157,
0x00A301A8,
0x01C900A3,
0x01FB01E1,
0x02140205,
0x02580227,
0x025E025B,
0x02890286,
0x00A300A3,
0x0297028C,
0x02B3029A,
0x02E502D4,
0x02F402E8,
0x00A300A3,
0x00A300A3,
0x00A300A3,
0x00A300A3,
0x032E0305,
0x03340331,
0xF7E92003,
0x2003F86F,
0xF838F7E9,
0xBCCAF000,
0x5090F5AA,
0xD81A2809,
0xF010E8DF,
0x0300000A,
0x032B0065,
0x033A032E,
0x0340033D,
0x03660356,
0x6081F44F,
0x68036801,
0xF0016800,
0xF3C30203,
0xF3C01101,
0xF7E72003,
0xF000FF9B,
0xF5AABCAB,
0x28035000,
0xF241D926,
0x45820001,
0x835CF000,
0x1001F241,
0xF0004582,
0xF24183B4,
0x45821002,
0x835DF000,
0x70FFF64F,
0xD1344582,
0x6081F44F,
0x1A54F8DF,
0xF2402200,
0x6800638C,
0x0134F8C1,
0x2148F60F,
0x2100E9CD,
0x20019002,
0x31FFF04F,
0xE2A82200,
0xF010E8DF,
0x034C0004,
0x03920366,
0x6281F44F,
0x400CF240,
0x68016813,
0xF0036810,
0xF1B3437F,
0xF0404F90,
0xF3C083C4,
0x68124007,
0xFA032301,
0xB28BF000,
0xF44FB291,
0xF7E86282,
0xF000FC2B,
0x2000BC5F,
0x31FFF04F,
0xF2402200,
0x9000639B,
0x0A80F8DF,
0x20059001,
0xFCA0F7FA,
0xBC54F000,
0x0A68F8DF,
0xF04F2400,
0x220031FF,
0x63A5F44F,
0x90019400,
0xF7FA2002,
0xF7E3FC91,
0xF8DFFEB7,
0xF04F0A50,
0x220031FF,
0x532AF240,
0xF44FE1E6,
0x68026081,
0xF3C06800,
0xF0021103,
0x30010001,
0xF0002900,
0x290183C3,
0x83C2F000,
0xBF0C2908,
0x2219221C,
0xF44FE3BD,
0xEEBA6081,
0xED9F1A0F,
0x68022A31,
0x68006801,
0x3007F3C0,
0x0A10EE00,
0x0001F002,
0x0AC0EEB8,
0x1103F3C1,
0xEE303001,
0x29000A01,
0x0A02EE20,
0x83A7F000,
0xF0002901,
0x290883A6,
0x221CBF0C,
0xE3A12219,
0x6081F44F,
0xF0006800,
0x1C410001,
0xE09C2001,
0x6081F44F,
0x68006802,
0x1103F3C0,
0x0001F002,
0x29003001,
0x8392F000,
0xF0002901,
0x29088391,
0x221CBF0C,
0xE38C2219,
0x6081F44F,
0x1A0FEEBA,
0x2A11ED9F,
0x68016802,
0xF3C06800,
0xEE003007,
0xF0020A10,
0xEEB80001,
0xF3C10AC0,
0x30011103,
0x0A01EE30,
0xEE202900,
0xF0000A02,
0x29018378,
0x8377F000,
0xBF0C2908,
0x2219221C,
0xBF00E372,
0x40000040,
0x2001C000,
0x3D800000,
0x6081F44F,
0xF0006800,
0x1C410001,
0xE0562002,
0x6081F44F,
0x68002215,
0x0001F000,
0x20041C41,
0xF44FE354,
0xEEBA6081,
0xED1F1A0F,
0x22152A0C,
0x68006801,
0x3007F3C0,
0x0501F001,
0x0A10EE00,
0x20041C6C,
0x0AC0EEB8,
0xEE304621,
0xEE200A01,
0xEEB08A02,
0xF7F70A48,
0x48E2F909,
0xF8DF2D00,
0xF44F18D8,
0xF1004280,
0xBF040008,
0x0008F244,
0x0008F2C4,
0xF3C06800,
0xEB013002,
0xF44F0080,
0xED904180,
0x46200A00,
0x9AC0EEB8,
0xFBEAF7E4,
0x0A00EEB6,
0x1A09EE28,
0x46212001,
0xEE212300,
0xEEBD0A00,
0xEE100AC0,
0xF7E62A10,
0xE363F973,
0x6081F44F,
0xF0006800,
0x1C41000F,
0xF7F62004,
0xE359FBB3,
0x6081F44F,
0x210146B1,
0x0801F04F,
0x68056804,
0x68076806,
0xF7E348C3,
0x4240FF6F,
0xE9CD17C1,
0xF3C40100,
0xF0063000,
0xF3C7010F,
0x464E5201,
0x31014240,
0x009FF368,
0x7095EB00,
0xFE9EF001,
0xF44FE338,
0xF8DF6081,
0x220017A0,
0x68002302,
0x0001F000,
0x0140EB01,
0xE9CD8849,
0x1C422200,
0x29002001,
0x0100F04F,
0x2304BF08,
0xFE78F001,
0xF44FE320,
0x22006081,
0x68012302,
0xF0016800,
0xF8DF0001,
0xEB011764,
0xF8B10140,
0xE9CD1092,
0x1C422200,
0x29002002,
0x0100F04F,
0x2304BF08,
0xFE50F001,
0xF44FE306,
0x21036081,
0xF0006800,
0x30010001,
0xFBAAF7FA,
0xF8DFE2FC,
0xF44F072C,
0xF8D06181,
0x68090148,
0x0101F001,
0xEA113101,
0xF04F0200,
0xE00D0001,
0x070CF8DF,
0x6181F44F,
0x0148F8D0,
0xF0016809,
0x31010101,
0x0200EA11,
0x0002F04F,
0x2201BF18,
0xFFC4F000,
0xF44FE2DA,
0xF04F6081,
0x220031FF,
0x539EF240,
0xF04F4637,
0x680536FF,
0x0F286804,
0xF8DF9002,
0x90010740,
0x90002000,
0xF7FA2001,
0xEB06FB13,
0x280E7015,
0x8293F200,
0xF010E8DF,
0x028B000F,
0x02910291,
0x02910291,
0x02910291,
0x02970291,
0x02B102A2,
0x02BB0291,
0x200102E8,
0xF7EF2100,
0xE2A8FE8B,
0xF98EF7EE,
0xF7EEE2A6,
0xE2A7FC1F,
0x6281F44F,
0x68106811,
0x2A006812,
0x829CF2C0,
0x050FF001,
0x22842100,
0x91000903,
0x16CCF8DF,
0x91019502,
0xEA0121FC,
0x29841110,
0x31FFF04F,
0xEB02BF38,
0x20011310,
0xB2DC2200,
0x53CFF240,
0xF7FA9403,
0xB2E8FACF,
0xF7E74621,
0xE27BFAC9,
0xFEBAF005,
0xF7EEE278,
0xE275F837,
0x6081F44F,
0x68002201,
0x0001F000,
0x20011C41,
0xF93EF001,
0xF7F6E26A,
0xE26BF88F,
0x0658F8DF,
0xF04F2400,
0x220031FF,
0x53E5F240,
0x90019400,
0xF7FA2001,
0xF7F8FAA9,
0xF20FFD4F,
0xF04F6040,
0x220031FF,
0x63BDF44F,
0x4000E9CD,
0xF44FE076,
0xF44F6081,
0x6800717A,
0x4501FBA0,
0x05C0F8DF,
0xE9C04629,
0x4620453A,
0xFF2FF7E6,
0xF7FE200F,
0xE9CDFA59,
0xF8DF0104,
0xE9CD05FC,
0xF04F4502,
0x220031FF,
0x53F1F240,
0x20009001,
0xE0559000,
0x6081F44F,
0x68046801,
0xF0012001,
0x460A010F,
0xF8E2F7E3,
0x1103F3C4,
0x460A2002,
0xF8DCF7E3,
0xF7F9E21C,
0xE21DFF3B,
0x6081F44F,
0xF3C06800,
0x46201401,
0xFF66F7F2,
0xF7ED4620,
0xE20DFB7F,
0x254CF8DF,
0x6081F44F,
0x1340F648,
0x58D76801,
0x0703F361,
0x680050D7,
0xF3600900,
0x50D71707,
0xF44FE1FC,
0xED9F6081,
0xED901A1A,
0xEEB80A00,
0xEE200A40,
0xEE100A01,
0xF7E20A10,
0xF8DFFD13,
0xE9C44510,
0xF7E3013E,
0xE9D4FCA9,
0x2800123E,
0x816DF2C0,
0xE9CD2000,
0xF04F1202,
0x220031FF,
0x630DF240,
0xF8DF9000,
0x90010538,
0xF7FA2002,
0xE1D3FA23,
0xF9BAF003,
0xF7F2E1D4,
0xE1D1FC53,
0xFCAEF7EF,
0xBF00E1CE,
0x40084008,
0xFFFFFDC0,
0x447A0000,
0x6081F44F,
0x21004637,
0xF44F2200,
0x250163C9,
0xF20F6806,
0xE9CD40C4,
0x20011000,
0x31FFF04F,
0x040FF006,
0xF7FA9402,
0xF016F9FD,
0xD1000F0C,
0xF8DFB934,
0xF3C61488,
0x25020081,
0x0090F881,
0x0003F016,
0x80EDF040,
0xF0002C00,
0x2D0280EA,
0x08A4BF08,
0xF7FCE0E9,
0xE195FE7F,
0x6081F44F,
0x1458F8DF,
0xF0006800,
0xF8810003,
0xF7E70048,
0xE18AFB23,
0xFEFEF005,
0xF7EEE186,
0xE183FF61,
0x6081F44F,
0x737AF44F,
0x68076801,
0x400CF240,
0xFB006800,
0xF44FF203,
0x68006082,
0xF0014343,
0xF3C70003,
0xF7E51101,
0xE16EFF7D,
0x6081F44F,
0x410CF240,
0x6282F44F,
0x68096800,
0xF3C06812,
0xB2891001,
0xF7E4B292,
0xE15EF9D5,
0x6281F44F,
0x68116810,
0x1103F3C1,
0xF0006812,
0x29040003,
0x2212EA4F,
0x8106F000,
0xF0002902,
0x29018107,
0x814AF040,
0xB2D3B2C1,
0xE1022001,
0x6081F44F,
0x68026801,
0x2003F3C1,
0x0103F002,
0xFF3EF7F3,
0xF44FE13A,
0x21016081,
0xF3C06800,
0xF7E61081,
0xE132F9ED,
0x6281F44F,
0x400CF240,
0x68016813,
0xF0036810,
0xF1B3437F,
0xF0404F90,
0xF3C08085,
0x68124007,
0xFA032301,
0xB28BF000,
0xF44FB291,
0xF7E86284,
0xE117F85D,
0x6081F44F,
0x420CF240,
0x680146B1,
0xF44F6816,
0x68176282,
0x417FF001,
0x4F90F1B1,
0x6801D171,
0xF10D2201,
0x23010820,
0x4107F3C1,
0xFA026800,
0x4642F401,
0x4620B285,
0xF7E84629,
0x9908F83D,
0x0006EA07,
0x23014642,
0x430843B1,
0x90084629,
0xF7E84620,
0xE05CF8B7,
0xF8D8F7FA,
0xF44FE0EC,
0xF2406081,
0x68016322,
0x68066802,
0x68056804,
0x8000F8D0,
0xA0C76807,
0xF3C29001,
0xF0011000,
0xF04F0901,
0x220031FF,
0x90049007,
0xF8CD2000,
0x90009008,
0x4B07F3C7,
0xF8CD2001,
0xF7FAB00C,
0xF3C6F915,
0xF3C41040,
0xF3C51681,
0xF3C82403,
0x2C073803,
0xF1B8BF98,
0xD32E0F03,
0xF44F4EA8,
0xF06F6080,
0x60010101,
0x49A6E0B6,
0x0501F045,
0xB2E87008,
0x463EB2E1,
0xF932F7E7,
0xF44FE0A8,
0xE0026282,
0x3901CA08,
0x2900C008,
0xE09FD1FA,
0x6284F44F,
0xC808E002,
0xC2083901,
0xD1FA2900,
0x6800E096,
0x0106EA07,
0x43B26802,
0x60014311,
0xF44F489A,
0x464E6180,
0x0C3AE08D,
0xF1B94605,
0xD1470F00,
0x2E012003,
0xF188FA5F,
0xBF08B2D2,
0xF1BB2002,
0xB2C00F0E,
0x80D4F200,
0xFEFAF7E8,
0x2000E0D5,
0x1202E9CD,
0x31FFF04F,
0xF2402200,
0x9000630F,
0x90014896,
0xE6922005,
0xE0002215,
0xB2C12218,
0x2001B2D2,
0x2215E00C,
0x2218E000,
0xB2D2B2C1,
0xE00E2001,
0xE0002215,
0xB2C12218,
0x2002B2D2,
0xFDA6F7F7,
0x2215E052,
0x2218E000,
0xB2D2B2C1,
0xF7F62002,
0xE049FDC5,
0xB2D3B2C1,
0xE0022004,
0xB2D3B2C1,
0xF2402002,
0xF7F4420C,
0xE03DF8F9,
0xFA5FB2F0,
0xB2D2F188,
0x0F0EF1BB,
0x8093F200,
0xFEF2F7E8,
0xF004E091,
0x30010001,
0xFF4AF7F8,
0x4888E02B,
0xF1C16801,
0x60010101,
0xF44FE025,
0x68016081,
0xF3C16802,
0xF3C21003,
0xF0002103,
0xE01AFC87,
0xF04F2000,
0x220031FF,
0x53ABF240,
0x487B9000,
0x20019001,
0xF85EF7FA,
0xFA52F7F9,
0xF44FE00B,
0x21016081,
0x68002201,
0x1003F3C0,
0xFCD8F002,
0xF7F0E001,
0x463EFB85,
0xF44F4852,
0x60086180,
0xF2402000,
0x680163A4,
0x68316001,
0x49366031,
0x205CF8B1,
0x7280F422,
0x205CF8A1,
0x460A4931,
0xF0417811,
0x70110108,
0xF8CD4969,
0x2200A008,
0x0100E9CD,
0x21402001,
0xF82CF7FA,
0x6DEEF50D,
0x8B04ECBD,
0xE8BDB001,
0x47704FF0,
0x2100A055,
0xF2402200,
0xE9CD53B5,
0x20011000,
0x31FFF04F,
0xF818F7FA,
0xAC084852,
0x68006801,
0xF0114851,
0xF44F0F80,
0xF50061EA,
0xBF044080,
0x0010F248,
0x0008F2C4,
0x46206805,
0xF85DF7E2,
0xF3C5494A,
0x463E30C2,
0xF8514622,
0xF44F0020,
0xFBB0717A,
0xF5A6F1F1,
0xF7F14040,
0xE7A5FF3B,
0xFDF2F7E7,
0xF7E7E001,
0xB988FE2B,
0x0FFFF1BB,
0xF088FA5F,
0xB2F3B2E1,
0xBF08462A,
0x0B00F04F,
0x1000E9CD,
0x99074648,
0xB008F8CD,
0xF9A6F7E6,
0x6180F44F,
0xE78C4E11,
0x40000040,
0x00000C00,
0x2D2D0A0D,
0x2D2D2D2D,
0x50532D2D,
0x4D432049,
0x45422044,
0x204E4947,
0x2578305B,
0x5D583830,
0x2D2D2D2D,
0x000A0D2D,
0x78323025,
0x0000003A,
0x78383025,
0x00000020,
0x00000A0D,
0x2001C000,
0x00035000,
0x20746573,
0x616C6564,
0x64252079,
0x0D736D20,
0x0000000A,
0xC0DE00D0,
0x5258524F,
0x68632058,
0x25783020,
0x0D583830,
0x0000000A,
0x65646F6D,
0x2064253A,
0x3A637273,
0x78257830,
0x6E6F632C,
0x0D64253A,
0x0000000A,
0x0002E0B4,
0x0002E08F,
0x0002E2B6,
0x0002E1DA,
0x666E6F43,
0x6A206769,
0x20647365,
0x454E4F44,
0x00000A0D,
0x0002E1B5,
0x0002E1CC,
0x20434441,
0x54534554,
0x00000A0D,
0x40090008,
0x40084008,
0x00000DF8,
0x0002E1F7,
0x00000D20,
0x0002E0F1,
0x0002E0E1,
0x0002E206,
0x0002E069,
0x4FF0E92D,
0x4C99B087,
0x8254F8DF,
0xF04F4605,
0x20000B00,
0xF04F468A,
0xF8CD0900,
0x9004B018,
0xF855E115,
0xEB057039,
0x684000C9,
0x29060F79,
0xD8169005,
0x2A00177A,
0x8107F2C0,
0x0687EA04,
0xF001E8DF,
0x3626020D,
0x1000F8D8,
0xF0002900,
0x683280FC,
0xEA224008,
0x92060101,
0x60304308,
0xF06FE0F3,
0xEB01016F,
0x29076157,
0x80EDF200,
0xF001E8DF,
0x7C5F3804,
0xAAA7EBEB,
0x4104F3C7,
0xAA052001,
0x291F4088,
0xBF08B2B9,
0xE04C2000,
0x68314C72,
0x91064281,
0x2064D002,
0xFA6AF7EF,
0xF0003401,
0xE9DD8094,
0x42880105,
0xE0ABD1F1,
0x1000F8D8,
0xF0002900,
0x4F6880C8,
0x40116832,
0x42889206,
0x2064D002,
0xFA54F7EF,
0xF0003701,
0xF8D8809D,
0x98061000,
0x0200EA01,
0x42909805,
0xE0B2D1EC,
0x0000F8D8,
0xF0002800,
0xF3C780AE,
0x21014004,
0x0B18F10D,
0x2301B2BF,
0xF600FA01,
0x4639281F,
0xBF08465A,
0x46302600,
0xFDCEF7E7,
0x0000F8D8,
0x9A059906,
0x40104381,
0xF04F465A,
0x43080B00,
0x90064639,
0x23014630,
0xFE44F7E7,
0xF3C7E08B,
0x21014004,
0xFA014C48,
0x281FF600,
0x2600BF08,
0x4630B2B9,
0x2301AA06,
0xFDAEF7E7,
0x0105E9DD,
0xD0024281,
0xF7EF2064,
0x3401FA0B,
0xE9DDD041,
0x42810105,
0xE04DD1EC,
0x0000F8D8,
0xD06A2800,
0x4004F3C7,
0xFA012101,
0x281FF600,
0xBF084836,
0x46832600,
0x4630B2B9,
0x2301AA06,
0xFD8CF7E7,
0x0000F8D8,
0x40089906,
0x42889905,
0x2064D002,
0xF9E6F7EF,
0x0B01F11B,
0xF8D8D03A,
0x99060000,
0x99054008,
0xD1E54288,
0x0B00F04F,
0xF7EFE043,
0xE040F9D7,
0x0000F8C8,
0x4826E03D,
0x31FFF04F,
0x232E2200,
0xB000F8CD,
0x48219001,
0x202E9002,
0x4820E00A,
0xB000F8CD,
0x31FFF04F,
0x23762200,
0x481B9001,
0x20769002,
0x20059003,
0xFE5EF7F9,
0x90042001,
0xE01E4C18,
0xF04F4816,
0x220031FF,
0xF8CD2340,
0x9001B000,
0x90024811,
0xE00C2040,
0xF04F4810,
0xF04F0B00,
0x220031FF,
0xF8CD238B,
0x9001B000,
0x9002480A,
0x9003208B,
0xF7F92005,
0x2001FE3D,
0xF1099004,
0x45D10901,
0xAEE7F47F,
0xB0079804,
0x8FF0E8BD,
0xFFFFF000,
0x0005E14C,
0x0002F000,
0x0002EFEB,
0x7FFFFFFC,
0xF010B5F0,
0xD01D0C02,
0x2B004C27,
0x6148F8D4,
0xE14EF894,
0x514CF8B4,
0x450EEA45,
0x6716EA4F,
0xF026469E,
0xBF18467F,
0x2E05EA47,
0xEA45B2ED,
0xF8A4250E,
0xEB0E514C,
0xEA460502,
0xF8C46505,
0xE0015148,
0x0E00F04F,
0x0004F010,
0x4C16D013,
0xF8942B00,
0xF8B4514E,
0xEA46614C,
0xBF184505,
0xF40546AE,
0xFA52437F,
0xF884F58E,
0xB2EDE14E,
0xF8A4432B,
0x4F0C314C,
0xF38EFA5F,
0x0383EB07,
0x73E4F503,
0xF1BCE00B,
0xBF1C0F00,
0xF843680F,
0xB1087C78,
0x601F680F,
0x33043104,
0x2A003A01,
0x2000D1F1,
0xBF00BDF0,
0x00035000,
0x2001B5E0,
0x22402101,
0x90002301,
0x90014802,
0xF7EE2003,
0xBD8CFA1F,
0x0002DF38,
0x47F0E92D,
0x7B08ED2D,
0x8A40EEB0,
0x46914698,
0x4607468A,
0x8A40EEB5,
0xFA10EEF1,
0x2400D035,
0xEE00E031,
0xEEB84A10,
0xEE200AC0,
0xEEB09A08,
0xF0060A49,
0xEEB0F9E3,
0xEEB0AA40,
0xF0080A49,
0xEB07F889,
0xF9370084,
0xF9B02024,
0xEE011002,
0xEEB82A10,
0xEE021AC1,
0xEEB81A10,
0xEE2A2AC2,
0xEE2A3A01,
0xEE004A02,
0xEE003A42,
0xEEBD4A01,
0xEEBD0AC3,
0xEE101AC4,
0xF8271A10,
0xEE111024,
0x34011A10,
0x45548041,
0xAA01DBCB,
0x4638466B,
0xF7F44651,
0x2400FB4B,
0xF937E056,
0xED9D0024,
0xEB070A01,
0xEEB50584,
0xEEF18A40,
0xEE01FA10,
0xEEB80A10,
0xEE311AC1,
0xEEBD0A40,
0xEE100AC0,
0xF8270A10,
0xF9B50024,
0xED9D0002,
0xEE010A00,
0xEEB80A10,
0xEE311AC1,
0xEEBD0A40,
0xEE100AC0,
0x80680A10,
0xEE00D02F,
0x00664A10,
0x0AC0EEB8,
0x9A08EE20,
0x0A49EEB0,
0xF980F006,
0xAA40EEB0,
0x0A49EEB0,
0xF826F008,
0x1002F9B5,
0x0016F937,
0x1A10EE01,
0x0A10EE02,
0x1AC1EEB8,
0x2AC2EEB8,
0x3A01EE20,
0x1A01EE2A,
0x3A02EE0A,
0x1A42EE00,
0x0AC3EEBD,
0x1AC1EEBD,
0x0A10EE10,
0x0016F827,
0x0A10EE11,
0x34018068,
0xDBA64554,
0x0F00F1B9,
0xF1B8BF18,
0xD0050F00,
0xF8C99801,
0x98000000,
0x0000F8C8,
0x7B08ECBD,
0x87F0E8BD,
0x460EB5FE,
0x2B014604,
0x007FF04F,
0xF04FAF01,
0x46150101,
0x3601BF08,
0xF04F9002,
0x9001406E,
0xF7FF4638,
0xB2F6FD9B,
0x0002F1C5,
0xF04F2C0F,
0xEA400101,
0x90021006,
0xBF084806,
0x3000F500,
0x46389001,
0xFD8AF7FF,
0x46314620,
0xFB9EF7FE,
0xBF00BDFE,
0xE2070080,
0x460CB510,
0xD0062804,
0xBF1C2802,
0x30FFF04F,
0x200FBD10,
0x200EE000,
0xF7FDB2C0,
0x0049FCA1,
0xEA410042,
0xE9C470D0,
0x20002000,
0x2804BD10,
0x2802D008,
0xF04FBF1C,
0x477030FF,
0x46194610,
0xB966F7E6,
0x46194610,
0xBB42F7E5,
0x47F0E92D,
0x8B0CED2D,
0x48634680,
0x9A40EEB0,
0x0F01F1B8,
0x6580F500,
0xF249BF04,
0xF2C40500,
0xF0060508,
0xEEB0F8E3,
0xEEB08A40,
0xF0070A49,
0xF1A8FF89,
0x49590002,
0xED9F4E5A,
0xEEB0CA5B,
0x24009A40,
0x4780F44F,
0xDA00EEB7,
0xBA00EEBE,
0xF080FAB0,
0xF8310940,
0x49519010,
0xA010F831,
0x5928E04E,
0xF180FA16,
0x4F80F410,
0xB281BF08,
0xF001FB01,
0xEB065929,
0xEA174211,
0xBF084F11,
0xFB020C0A,
0xEE000002,
0xEEB80A10,
0xEEB0AAC0,
0xF0080A4A,
0xEEB4F85C,
0xEEF10A40,
0xD003FA10,
0x0A4AEEB0,
0xF853F008,
0x1A00EE28,
0x0A00EE29,
0x2A4CEEB0,
0x3A4CEEB0,
0x1AC0EEB5,
0xFA10EEF1,
0x0AC0EEB5,
0xEEB0BFC8,
0xEEF12A4D,
0xEE31FA10,
0xBFC81A02,
0x3A4DEEB0,
0x0A03EE30,
0x1A0BEE31,
0x1AC1EEBD,
0x0A0BEE30,
0x0A10EE11,
0x0AC0EEBD,
0x30DFF36F,
0x1A10EE10,
0x401EF361,
0x34045160,
0x6F80F5B4,
0xFA0FD1AD,
0xFA0FF08A,
0xEE00F189,
0xEE011A10,
0xEA590A10,
0xEEB8000A,
0xEEB80AC0,
0xD0341AC1,
0x2A00EE28,
0x3A01EE28,
0x2A01EE09,
0x3A40EE09,
0x0A4CEEB0,
0x2AC0EEB5,
0xFA10EEF1,
0x3AC0EEB5,
0xEEB0BFC8,
0xEEF10A4D,
0xBFC8FA10,
0xCA4DEEB0,
0x0A00EE32,
0x0F01F1B8,
0x1A0CEE33,
0x0A0BEE30,
0x1A0BEE31,
0x0AC0EEBD,
0x1AC1EEBD,
0x0A10EE10,
0x1A10EE11,
0x4000EAC1,
0xF101490B,
0xBF04010C,
0x0114F24B,
0x0108F2C4,
0xECBD6008,
0xE8BD8B0C,
0xBF0087F0,
0x40089000,
0x0003F704,
0x0003F700,
0xFFFF8000,
0x00000000,
0x4008B014,
0x460DB5BF,
0x2D034604,
0xA02FD30D,
0x2200A132,
0xE9CD23DD,
0xE9CD2100,
0x20050502,
0x31FFF04F,
0xF7F92200,
0x2D02FBD1,
0x2D01D007,
0xF44FD10B,
0x220C4080,
0x73FFF641,
0xF44FE009,
0x220A4080,
0x73FFF240,
0x4B2AE003,
0x40F0F44F,
0x49292210,
0xD1172C01,
0xB2D2604B,
0xF423680B,
0xEA4373F8,
0xF04F1202,
0x600A4300,
0xEAC06A4A,
0x624A0202,
0xEBA3B282,
0x6A4B4202,
0x431AB29B,
0xF851624A,
0xE0162F2C,
0xB2D2608B,
0xF423680B,
0xEA4333F8,
0xF04F3202,
0x600A4300,
0xEAC06A8A,
0x628A0202,
0xEBA3B282,
0x6A8B4202,
0x431AB29B,
0xF851628A,
0xEAC02F30,
0x600A0202,
0x1A104A0F,
0xEAC2680A,
0x60084000,
0xBF00BDBF,
0x645F7872,
0x6F635F63,
0x735F7272,
0x00007465,
0x203A7325,
0x6F727265,
0x77622072,
0x6C65735F,
0x5D64255B,
0x00000A0D,
0x0001FFFF,
0x4008B008,
0xFFFF8000,
0x4614B570,
0x4606460D,
0xF80AF000,
0x4630B134,
0x46224629,
0x4070E8BD,
0xB9DCF000,
0x0000BD70,
0x4FF8E92D,
0x8B04ED2D,
0x4604B098,
0x460E48C7,
0x4100F44F,
0xF04F2302,
0x58420900,
0xEA035841,
0xF3C22151,
0x231612C0,
0x22004311,
0xA1C74231,
0x3008BF08,
0xA0BE6805,
0x905CF8CD,
0x9915E9CD,
0x9913E9CD,
0x9911E9CD,
0x990FE9CD,
0x9100E9CD,
0x31FFF04F,
0x0602E9CD,
0x94042001,
0xFB26F7F9,
0x271C1E60,
0xF3C52C01,
0xF44F38C2,
0xBF085580,
0x2E012704,
0x960DB2C0,
0xF44FBF08,
0x28025500,
0x48BBD30A,
0x31FFF04F,
0x23192200,
0x9000F8CD,
0x20059001,
0xFB0AF7F9,
0xAA0FB2B9,
0x23014628,
0xF7E7910C,
0x980FFA7F,
0x2301AA0E,
0x900E43C0,
0xB2811D38,
0x910B4628,
0xFA74F7E7,
0xFA5F980D,
0x2215F188,
0x460C2301,
0xFAE0F7F4,
0x0A10EE10,
0xFE28F7E1,
0xEC41A2A7,
0x20010B10,
0x31FFF04F,
0xE9CD231F,
0x22009200,
0x0B02ED8D,
0xFADEF7F9,
0xF04F2000,
0xF04F0A00,
0x900A0900,
0x990CE0D9,
0xAA0F4628,
0xF8CD2301,
0xF7E7A03C,
0x980FFA4B,
0xAA0E990B,
0x43C02301,
0x4628900E,
0xFA42F7E7,
0x4621980D,
0x23012215,
0xFAB0F7F4,
0x8A40EEB0,
0x0B00F04F,
0x46802080,
0xEEB0465E,
0x45C39A48,
0x4891D920,
0x0608EBAB,
0xAA0F990C,
0xF8102301,
0xFA060009,
0xEA40F000,
0x900F000A,
0xF7E74628,
0x980FFA21,
0xAA0E990B,
0x43C02301,
0x4628900E,
0xFA18F7E7,
0x4621980D,
0x23012215,
0xFA86F7F4,
0x9A40EEB0,
0x0708EB0B,
0x0A48EEB0,
0x2FFE4658,
0x487DD827,
0xAA0F990C,
0xF8102301,
0xFA070009,
0xEA40F000,
0x900F000A,
0xF7E74628,
0x980FF9FB,
0xAA0E990B,
0x43C02301,
0x4628900E,
0xF9F2F7E7,
0x4621980D,
0x23012215,
0xFA60F7F4,
0x0F00F1B8,
0xEEB4D006,
0x46380AC8,
0xFA10EEF1,
0xE000DB09,
0x455E4638,
0xEEB4D010,
0x46079AC8,
0xFA10EEF1,
0xEEB4DA0A,
0xEEB00AC9,
0x46B38A49,
0xFA10EEF1,
0xEEB0BFDC,
0x46BB8A40,
0x0058EA4F,
0x0F01F1B8,
0x485DD191,
0x0F03F1B9,
0x6009F810,
0xFA0BA814,
0xF840F706,
0xA8107029,
0x0089EB00,
0x8A00ED80,
0xF1B9D013,
0xF04F0F01,
0xD11E0800,
0x0A10ED9D,
0x1A11ED9D,
0xA9142000,
0x0AC1EEB4,
0xFA10EEF1,
0x2001BFA8,
0xA020F851,
0xED9DE00F,
0xED9D0A12,
0x200C1A13,
0xF04FA914,
0xEEB40800,
0xEEF10AC1,
0xBFB8FA10,
0x58082008,
0xEE18900A,
0xF7E10A10,
0xEC41FD51,
0x980A0B10,
0xA020F8CD,
0x8000F8CD,
0x31FFF04F,
0x23682200,
0x483C9009,
0x0901E9CD,
0xE9CD2001,
0xED8D6703,
0xF7F90B06,
0xF109F9FF,
0xF1B90901,
0xF47F0F04,
0x980AAF22,
0xAA0F990C,
0xEA402301,
0x900F000A,
0xF7E74628,
0x980FF96B,
0xAA0E990B,
0x43C02301,
0x4628900E,
0xF962F7E7,
0x4621980D,
0x23012215,
0xF9D0F7F4,
0x8A40EEB0,
0x0A10EE18,
0xFD16F7E1,
0xEC419A0F,
0xA0240B10,
0x23702100,
0x0B02ED8D,
0xE9CD9204,
0x20011000,
0x31FFF04F,
0xF7F92200,
0xEEB0F9C9,
0xB0180A48,
0x8B04ECBD,
0xE8BDB001,
0xBF008FF0,
0x40088008,
0x645F7872,
0x666F5F63,
0x74657366,
0x6C61635F,
0x6E615F69,
0x676F6C61,
0x00000000,
0x3D3D0A0D,
0x3A73253E,
0x6C614320,
0x68432069,
0x25206E61,
0x79545B64,
0x25206570,
0x0A0D5D64,
0x00000000,
0x0002EBF4,
0x6F666542,
0x43206572,
0x3A696C61,
0x322E2520,
0x000A0D66,
0x0002DDC0,
0x0002EBAA,
0x65746641,
0x61432072,
0x203A696C,
0x66322E25,
0x5053202C,
0x65522049,
0x78305B67,
0x0D5D5825,
0x0000000A,
0x47F0E92D,
0x4B0AED2D,
0x48744606,
0x4614468A,
0x4D732202,
0x6801237F,
0xEA026800,
0xF3C12050,
0x220011C0,
0xA1764308,
0x0F0AEA10,
0xBF084628,
0x68073008,
0xE9CDA06B,
0xF04F2100,
0x220031FF,
0x0A02E9CD,
0xE9CD2001,
0xF7F96404,
0xF3C7F955,
0x2E0138C2,
0x2E02D02D,
0x2000D00A,
0x31FFF04F,
0x23822200,
0x48719000,
0x20059001,
0xF944F7F9,
0x5040F44F,
0x0208F06F,
0x0F01F1BA,
0x58294623,
0xF06FBF08,
0xEA010204,
0xF04F0102,
0xBF080203,
0x2C002202,
0x2301BF18,
0xFA032C00,
0xEA41F202,
0x50290102,
0xF1AAD066,
0x25000001,
0xF080FAB0,
0xF44FE01F,
0xF06F5140,
0xF1BA0202,
0x462F0F01,
0xBF085868,
0x0201F06F,
0xEA024625,
0xF1AA0200,
0x46030001,
0x2301BF18,
0xBF182C00,
0x2C002501,
0xF303FA05,
0x0203EA42,
0xD043507A,
0xF080FAB0,
0xEA4F2501,
0xFA5F1950,
0x2002F888,
0x231A4652,
0xF7E24641,
0x2002FF3D,
0xF7E52101,
0x4848F961,
0xAB06AA07,
0x5100F44F,
0xFEC0F7F3,
0x0A07ED9D,
0x1A06ED9D,
0x2D004843,
0x0A40EEB1,
0x1A41EEB1,
0x0AC0EEBD,
0x1AC1EEBD,
0x6A10EE10,
0x7A10EE11,
0xF1B9D01B,
0xBF0C0F00,
0x1F0CF850,
0xEAC66801,
0x60010101,
0xEAC16801,
0x60014107,
0x0002F1AA,
0xFAB04935,
0x0940F080,
0x6010F821,
0x0040EB01,
0xE0108087,
0x8A00EEBF,
0xF1B9E02A,
0xBF0C0F00,
0x1F10F850,
0x1F04F850,
0x0101EAC6,
0x68016001,
0x4107EAC1,
0x46506001,
0x221C4641,
0xF7F42301,
0xEEB0F89B,
0xEE188A40,
0xF7E10A10,
0xEC41FBE1,
0xA0220B10,
0x22002100,
0xE9CD23C8,
0x20021000,
0x31FFF04F,
0x6702E9CD,
0x0B04ED8D,
0xF894F7F9,
0x0A48EEB0,
0x4B0AECBD,
0x87F0E8BD,
0x40090008,
0x40088008,
0x645F7872,
0x666F5F63,
0x74657366,
0x6C61635F,
0x69645F69,
0x61746967,
0x0000006C,
0x3D3D0A0D,
0x3A73253E,
0x6C614320,
0x68432069,
0x25206E61,
0x79545B64,
0x25206570,
0x4D205D64,
0x61756E61,
0x64255B6C,
0x000A0D5D,
0x0002EBF4,
0x20010000,
0x4008B014,
0x0003F700,
0x69676944,
0x206C6174,
0x4F204344,
0x65736666,
0x3A492074,
0x20642520,
0x25203A51,
0x255B2064,
0x5D66322E,
0x00000A0D,
0x4D44B570,
0xF44F4606,
0x24024000,
0x5828582B,
0x2050EA04,
0x13C0F3C3,
0x42304318,
0xBF084628,
0x2A003008,
0xF3C06800,
0xD04730C2,
0xD1562902,
0xF04F2100,
0xE0085200,
0xF04F2900,
0xBF080300,
0x2380F06F,
0x3021F842,
0xF5B13101,
0xD1F35F00,
0x21004A31,
0x5380F44F,
0x188DE005,
0xF8D53104,
0xF8C543D4,
0x291033D4,
0xB2C5D1F7,
0x46322001,
0x4629231B,
0xFA8FF7E5,
0x46292002,
0x23014632,
0xFE4CF7E2,
0x21012003,
0xF870F7E5,
0x4B244923,
0x22002000,
0xF851E004,
0x429E6022,
0x3201D003,
0x3F52EBB0,
0xA01FD0F7,
0xF5B2A120,
0xBFB85F80,
0xA01F4601,
0x4070E8BD,
0xB9A0F005,
0x2001B2C1,
0x231B4632,
0xFA67F7E5,
0x21002001,
0xF7E52400,
0x4811F84D,
0x622C61EC,
0x60446004,
0xF44FBD70,
0xF04F5100,
0x23005200,
0xEA41E005,
0xF5030503,
0x39013380,
0x2900C220,
0xB2C1D1F7,
0x46322001,
0xF7E5231B,
0x2001FA1F,
0xE8BD2100,
0xF7E54070,
0xBF00B82D,
0x40088008,
0x40084038,
0x20010000,
0x7FFF7FFF,
0x646E6966,
0x00000000,
0x00746F6E,
0x20207325,
0x65646E69,
0x093A2078,
0x0A0D6425,
0x00000000,
0xBF182804,
0xB806F000,
0x46114608,
0xF000461A,
0x0000B8A9,
0x43FEE92D,
0x461D4F50,
0x460E4614,
0x486EF04F,
0xD1272801,
0xD14D2E01,
0xF8DF486A,
0xAE019E80,
0x8004F8CD,
0x90022101,
0x47C84630,
0x5004EA45,
0x21019701,
0x6044EA40,
0x1045EA40,
0x2085EA40,
0x30C5EA40,
0x46309002,
0xF24047C8,
0xF8CD30FF,
0x21018004,
0x46309002,
0x1D3847C8,
0xEA449001,
0xE04E1044,
0xF8CD4857,
0x21018004,
0xA8019002,
0xF804F7FF,
0x5004EA45,
0xEA402E01,
0xEA406044,
0xEA401045,
0xEA402085,
0xD14030C5,
0xF1079002,
0x4E4D000C,
0x2101AD01,
0x46289001,
0xF24047B0,
0xF8CD30FF,
0x21018004,
0x46289002,
0xF10747B0,
0xE03F0010,
0xF8DF4825,
0xAE019DE4,
0x8004F8CD,
0x90022101,
0x47C84630,
0x21011D38,
0x03209001,
0x4044EA40,
0x46309002,
0x483A47C8,
0x8004F8CD,
0x90022101,
0x47C84630,
0x0008F107,
0xEA459001,
0xEA405004,
0xEA406044,
0xEA401045,
0xEA402085,
0x900230C5,
0x21014630,
0xE8BD47C8,
0x900283FE,
0x0014F107,
0xAD014E2C,
0x90012101,
0x47B04628,
0x30FFF240,
0x8004F8CD,
0x90022101,
0x47B04628,
0x0018F107,
0xEA449001,
0x21011044,
0x46289002,
0xE8BD47B0,
0xBF0083FE,
0xE2120000,
0x003FF000,
0x47FCE92D,
0x481B4607,
0x4A6EF04F,
0x8D3CF8DF,
0x460C46E9,
0x46162101,
0xA000F8CD,
0x46489001,
0xEA4647C0,
0x4D155004,
0xF04F2F01,
0xEA400101,
0xEA406044,
0xBF081046,
0x3580F505,
0x2086EA40,
0xEA409500,
0x900130C6,
0x47C04648,
0x30FFF240,
0xA000F8CD,
0x90012101,
0x47C04648,
0x0004F045,
0x90002101,
0x1044EA44,
0x46489001,
0xE8BD47C0,
0xBF0087FC,
0x3FFFFFFF,
0x0001FF65,
0xE20A0000,
0x4614B570,
0x4A0EB108,
0xB1C16010,
0x4DF8B1BC,
0x4E0BB2C8,
0x1148F8D5,
0x617FF421,
0x1000EA41,
0x0148F8C5,
0x6830E003,
0xFA3AF004,
0x2C003C01,
0xF8D5D1F9,
0xF4200148,
0xF8C5607F,
0xBD700148,
0x0005E350,
0x4FF0E92D,
0x4606B08F,
0x2092460D,
0x46174699,
0x2E0440E8,
0x4649464C,
0x0A01F000,
0x463CBF08,
0x0802F1CA,
0xF7F34640,
0xE9DDFE4B,
0xF8DD131A,
0x4683C060,
0xD1092E04,
0x28061F28,
0x1FE8D21A,
0x28032200,
0x454FD311,
0xE00ED114,
0xD0062E02,
0xD1092E01,
0x0F00F1BA,
0x2201D00C,
0xF240E005,
0x40E8306D,
0xD00507C0,
0x2F022200,
0xF1B9BF98,
0xD3130F03,
0xF04F488C,
0x220031FF,
0x13D7F240,
0x0025F850,
0x0602E9CD,
0x900148A3,
0x90002000,
0xF7F82005,
0xB00FFE49,
0x8FF0E8BD,
0xE1DCF8DF,
0x1044F648,
0x0000F85E,
0x0F0BEA10,
0xA074D00C,
0x22002100,
0x13DDF240,
0x1000E9CD,
0x9008F8CD,
0xF04F2005,
0xE7E431FF,
0x930B4877,
0xF8CD910A,
0xF850C030,
0x1F28E025,
0xE9CD2805,
0xD8102008,
0x1CF8F20F,
0xA8032200,
0x5004E88D,
0x02C0E880,
0x1306E9CD,
0xF04F2001,
0x220031FF,
0x73F1F44F,
0xA16AE015,
0xF1BCA26B,
0xF04F0F02,
0xF04F0300,
0xBF080001,
0xA169460A,
0x3100E9CD,
0xE602E9CD,
0x2904E9CD,
0x31FFF04F,
0xF44F2200,
0xF7F873F2,
0x4B52FDFB,
0x1044F648,
0x58199A0C,
0x010BEA41,
0x46285019,
0xF7FA4649,
0x4630F919,
0xF7F34621,
0x4683FD8B,
0x2000990C,
0xF8CB465B,
0xF88B000C,
0xF88B5000,
0xF88B7001,
0xF88B9002,
0xF88B1003,
0xF8436010,
0x98090F08,
0x210AE9DD,
0xD8142805,
0x0001EA52,
0x2E04D011,
0xD125930C,
0x46212004,
0xFF8CF7E3,
0x21009A0A,
0x9A0B9200,
0x2101E9CD,
0xFA5FB282,
0x4649F088,
0x1E68E027,
0xD82A2802,
0xF1B94857,
0x68000F01,
0x0A00BF18,
0x000FF010,
0x2001BF18,
0x42019908,
0xAF65F47F,
0xB00F4658,
0x4FF0E8BD,
0xBDEEF7FC,
0xF088FA5F,
0xF7E34649,
0x9A0AFF65,
0x21009B0B,
0xEB614252,
0xE9CD0303,
0x91022300,
0x2004B282,
0xF7EB4639,
0x9A0CFDC5,
0xE9C22100,
0x1FE80100,
0xD8132802,
0x316DF240,
0xFA211F30,
0xBF18F105,
0x07C92001,
0xB928D006,
0xB00F4658,
0x4FF0E8BD,
0xBB0EF004,
0x0101F08A,
0xD01C4308,
0xF47F2D06,
0xF44FAF2E,
0xAC0D0040,
0x900E2101,
0x406EF04F,
0x4620900D,
0xFE0CF7FE,
0xF1B92000,
0xF04F0F01,
0x900E0101,
0xBF08482D,
0x3080F500,
0x4620900D,
0xFDFEF7FE,
0x4658E713,
0xE8BDB00F,
0xF0044FF0,
0xBF00BB97,
0x00035000,
0x255B5852,
0x69205D64,
0x636F2073,
0x69707563,
0x62206465,
0x746F2079,
0x20726568,
0x504F4F4C,
0x4B434142,
0x00000A0D,
0x00000E24,
0x4C504652,
0x0000004C,
0x5046524F,
0x00004C4C,
0x75746573,
0x73252070,
0x726F6620,
0x3A642520,
0x20732520,
0x52203E2D,
0x64255B78,
0x000A0D5D,
0x75746573,
0x73252070,
0x726F6620,
0x3A642520,
0x5B785420,
0x205D6425,
0x52203E2D,
0x64255B78,
0x6F4C205D,
0x66666F20,
0x5B746573,
0x646C6C25,
0x000A0D5D,
0x00058CD4,
0xE20C0030,
0x0002ED8E,
0x4694B5F8,
0x4601460A,
0x93009807,
0x90034663,
0x90029806,
0xF7FF2002,
0xBD8FFE65,
0x4694B5F8,
0x4601460A,
0x93009807,
0x90034663,
0x90029806,
0xF7FF2001,
0xBD8FFE57,
0x41FFE92D,
0x780AE9DD,
0x46144606,
0xEA57460D,
0xD0140008,
0x4A101E69,
0x0092F04F,
0x2101BF18,
0xEB0240F0,
0xF0000141,
0xF8B10001,
0xF1C0104A,
0xFAB10002,
0x094AF181,
0xF7E34621,
0x2002FED5,
0x7802E9CD,
0x462A4631,
0x90004623,
0xF7FF2004,
0xE8BDFE2D,
0xBF0081FF,
0x00035000,
0x00000000,
0xED2DB5F8,
0x46058B06,
0xF06F460C,
0x68A80101,
0x0040EB01,
0xFF31F7E0,
0x0B27ED9F,
0x0B11EC41,
0xFD5EF005,
0x6A2E6AE8,
0xED94B110,
0xE00E8B06,
0xA1236928,
0xBF082800,
0xED913108,
0xEC511B00,
0xEC530B10,
0xF7E02B11,
0xEC41FDA7,
0xED940B18,
0xF5049B0C,
0x42777598,
0x2F02E011,
0xED95D30D,
0xEC51AB00,
0xEC530B19,
0xF7E02B1A,
0x2800FEAC,
0xEEB0BF04,
0xEEF09A4A,
0x35089A6A,
0x42B73701,
0xEC51DDEB,
0xEC530B18,
0xF7E02B19,
0xEC41FDF7,
0xF0050B10,
0xED9FFBCD,
0xEC511B0E,
0xEC530B10,
0xF7E02B11,
0xF7E0FD79,
0x60A0FFB4,
0xECBD2000,
0xB0018B06,
0xBF00BDF0,
0x00000000,
0x40000000,
0xC0000000,
0x3FD96E2E,
0x00000000,
0x3FF00000,
0x00000000,
0x40240000,
0x4FF8E92D,
0x4B0EED2D,
0x460E4605,
0x0101F06F,
0xEB0168A8,
0xF7E00040,
0xED9FFEC4,
0xEC410B7D,
0xF0050B11,
0x6928FCF1,
0x6AECA17B,
0xBF082800,
0xED913108,
0xEC511B00,
0xEC530B10,
0xF7E02B11,
0xEC41FD3F,
0x2C000B10,
0x1006E9CD,
0xED96D001,
0xED960B06,
0x46341BCE,
0x0B10EC51,
0x0102E9CD,
0xEC569401,
0x465ABB11,
0xF7E04633,
0xEC41FD9B,
0x4A730B18,
0x4330F8D4,
0x0A48EEB0,
0x0A68EEF0,
0xED9F4790,
0xEC511B69,
0xEC570B10,
0x462A5B11,
0xF7E0463B,
0xF7E0FD15,
0x4680FF50,
0xF7E04620,
0x4681FE80,
0x4658468A,
0x464A4631,
0xF7E04653,
0x9C01FC60,
0xB008F8DD,
0x460B4602,
0x93059204,
0x8004F8C4,
0x800CF8DD,
0x46414658,
0xFD6AF7E0,
0x0B19EC41,
0xEEB04E5A,
0xEEF00A49,
0x47B00A69,
0x0B10EC51,
0x463B462A,
0xFCEAF7E0,
0xFF25F7E0,
0x46586120,
0x464A4641,
0xF7E04653,
0xEC41FD53,
0xEEB00B1A,
0xEEF00A4A,
0x47B00A6A,
0x0B10EC51,
0x463B462A,
0xFCD4F7E0,
0xFF0FF7E0,
0x0A48EEB0,
0xEEF060E0,
0x47B00A68,
0x0B10EC51,
0x463B462A,
0xFCC6F7E0,
0xFF01F7E0,
0x0A49EEB0,
0xEEF06060,
0x47B00A69,
0x0B10EC51,
0x463B462A,
0xFCB8F7E0,
0xFEF3F7E0,
0x0A4AEEB0,
0xEEF06120,
0x47B00A6A,
0x0B10EC51,
0x463B462A,
0xFCAAF7E0,
0xFEE5F7E0,
0x0A48EEB0,
0xEEF060E0,
0x47B00A68,
0x0B10EC51,
0x463B462A,
0xFC9CF7E0,
0xFED7F7E0,
0x0A49EEB0,
0xEEF06060,
0x47B00A69,
0x0B10EC51,
0x463B462A,
0xFC8EF7E0,
0xFEC9F7E0,
0x0A4AEEB0,
0xEEF06120,
0x47B00A6A,
0x0B10EC51,
0x463B462A,
0xFC80F7E0,
0xFEBBF7E0,
0xE9DD60E0,
0xE9DD1006,
0xF7E02304,
0xEC41FCE9,
0x47B00B10,
0x0B10EC51,
0x463B462A,
0xFC6EF7E0,
0x0B12ED9F,
0x2B10EC53,
0xFBC1F7E0,
0x0B11ED9F,
0x2B10EC53,
0xFCD4F7E0,
0xFE9DF7E0,
0x20006160,
0x4B0EECBD,
0xE8BDB001,
0xBF008FF0,
0x00000000,
0x40000000,
0x20000000,
0x3FD07E28,
0x00000000,
0x3FF00000,
0x00000000,
0x40240000,
0xC28F5C29,
0xBFFC28F5,
0xE147AE14,
0x4018147A,
0x00026CE1,
0x4FF0E92D,
0x4682B085,
0xFE7AF7FB,
0xF7F64605,
0x4628FC49,
0xFC06F004,
0x0000F8DA,
0x4953B108,
0xF7E16008,
0x4F52FDA5,
0x4C534E52,
0x1850F648,
0x0B70F04F,
0x0900F04F,
0xA010F8CD,
0xFD5CF7FD,
0xB1106CF0,
0xFEBCF7E7,
0xF7E9E001,
0x6838FA27,
0x0F70F010,
0xF8D4D01F,
0xB910011C,
0x0008F814,
0xF8C7B180,
0x6838B000,
0x1502F3C0,
0xF7FCB2E8,
0xF015F823,
0xD00C0F01,
0xF7E32000,
0xF8C7FF45,
0xE7DBB000,
0xF3C06838,
0xF7FD1002,
0x4605F823,
0xF8C7E7EC,
0x2064B000,
0xFE38F7ED,
0xF7E62001,
0xF109FF7F,
0xF2420901,
0xFBB97110,
0xFB00F0F1,
0x28009011,
0xF857D1C2,
0xF0100C2C,
0xD0BD5F80,
0x21032000,
0xFEB6F7E6,
0x7078F648,
0x0AC0EEBD,
0xB3C05C20,
0x0A10EE10,
0xDB342883,
0xF04F2500,
0xE00C0A03,
0x21032000,
0xFEA4F7E6,
0x0AC0EEBD,
0x0A01F1AA,
0x0A10EE10,
0xBFC82882,
0xF1BA3501,
0xD1EF0F00,
0xA010F8DD,
0xD11C2D03,
0x2000B205,
0x31FFF04F,
0x23742200,
0xA0189000,
0x0501E9CD,
0xF7F82005,
0x2000FA99,
0xFBE0F7E5,
0x21002003,
0xFACCF7E5,
0x49184817,
0x60012DFF,
0x25FFBFA8,
0x7079F648,
0xF8D45425,
0xF000012C,
0x2980018F,
0xF010D104,
0xD001607F,
0xFABEF7FD,
0xF884F7E3,
0x0000F8DA,
0xFE12F003,
0xBF00E768,
0x0005E350,
0x40000038,
0x00000C00,
0x00035000,
0x3D3D3D3D,
0x3D3D3D3D,
0x6D65743D,
0x766F2070,
0x25207265,
0x000A0D64,
0x40094004,
0xBEAD0000,
0x4FF0E92D,
0x460DB087,
0x46149005,
0x0A00F04F,
0x6AA96868,
0x0630F104,
0x08F0F104,
0x7952F504,
0x90049106,
0x70D0EB00,
0x31FFF04F,
0x0B60EB01,
0xE02D1047,
0x9800E9CD,
0x465B4639,
0x98059602,
0xF7FA9A04,
0xF8D8FA69,
0x21300000,
0xF10A3608,
0x44200A01,
0x1348F880,
0xED946828,
0xEB000A00,
0xF8D871D0,
0x10490000,
0x0A10EE01,
0x1A10EE02,
0x1AC1EEB8,
0x2AC2EEB8,
0x2A01EE10,
0x2A10ED08,
0x290368E9,
0x0080BF1C,
0x0000F8C8,
0x0804F108,
0x45829806,
0x2000DBCE,
0xE8BDB007,
0xB5808FF0,
0x0E00F04F,
0x0C00F04F,
0xEB0CE007,
0xF10E038C,
0xEB020E01,
0xF1A20243,
0xFA1F0C30,
0x5C82F28E,
0x0330F1A2,
0x2B09B2DB,
0x4660D9EF,
0xE000F8A1,
0x0000BD80,
0x4FF0E92D,
0x2A04B089,
0xD1019006,
0xE0062000,
0xF2002A02,
0xB25080A9,
0xF853A356,
0x3A040020,
0x4340EA4F,
0x000FF080,
0x931CF8DF,
0x081CF10D,
0x0B0FF04F,
0x0480F44F,
0x456EF04F,
0xF782FAB2,
0x1757EA4F,
0x53C7EA43,
0x0702F04F,
0xBF189302,
0x90052201,
0x0002F001,
0x90040592,
0x0001F001,
0x90039201,
0x2F02E06F,
0x0A02F04F,
0x0002F04F,
0xF04FBF08,
0xBF080A04,
0x99062001,
0xD0614208,
0xB3709803,
0x001EF44F,
0xE9CD2101,
0x46405007,
0x48AC47C8,
0x46062101,
0x400AEA46,
0x98029007,
0x46409008,
0x464047C8,
0xE9CD2101,
0x47C85B07,
0x0034F106,
0xEA402101,
0x98054B0A,
0xB01CF8CD,
0x46409008,
0x464047C8,
0xE9CD2101,
0x47C85407,
0xF8CD9801,
0x2101B01C,
0x0B0FF04F,
0x46409008,
0x980447C8,
0xF44FB370,
0xF04F001E,
0x2101446E,
0x46409008,
0x47C89407,
0x21014892,
0x3080F500,
0x400AEA40,
0x98029007,
0x46409008,
0x464047C8,
0xE9CD2101,
0x47C84B07,
0x2101488C,
0x460AEA40,
0x96079805,
0x46409008,
0x940747C8,
0x0480F44F,
0x21014640,
0x47C89408,
0x96079801,
0x90082101,
0x47C84640,
0x2F003F01,
0x480DD18D,
0xF0216801,
0x60017180,
0xF0416801,
0x60017180,
0xF0216801,
0x60017180,
0xE0012000,
0x30FFF04F,
0xE8BDB009,
0xBF008FF0,
0x0000000F,
0x00000007,
0x00000005,
0x40000030,
0x4FF0E92D,
0x9005B08F,
0x2904200A,
0xF04F900B,
0x900A0005,
0xE9D04869,
0xE9D07600,
0xE9CD5002,
0xE9CD5008,
0xF0407606,
0x220080A4,
0x1F0B2000,
0x060FF1C2,
0xF383FAB3,
0xF010095B,
0xF04F0508,
0xF8DF070F,
0xBF08A180,
0x070FF1C0,
0xBF8842BE,
0x1F0E4637,
0xF486FAB6,
0x09649701,
0x05D5EA44,
0x42AB2402,
0x461DBF88,
0xEA4F2904,
0xAD0D53C5,
0x4040EA43,
0xEA439004,
0x90034042,
0x2601BF18,
0x9004F8DD,
0x900205B0,
0x2C02E06F,
0x0002F04F,
0x2001BF08,
0x42089905,
0xF44FD066,
0x2101001E,
0x476EF04F,
0xF04F900E,
0x900D406E,
0x47D04628,
0xF44F2C02,
0x4E423800,
0x0101F04F,
0xF44FBF08,
0xEA482880,
0x900D0006,
0x900E9803,
0x47D04628,
0x970D200F,
0x900E2101,
0x47D04628,
0x0034F106,
0xEA482101,
0x46280B00,
0xB90DE9CD,
0xF44F47D0,
0x970D0080,
0x900E2101,
0x47D04628,
0x46289F02,
0xF8CD2101,
0x970EB034,
0xF44F47D0,
0xF04F001E,
0x21014B6E,
0x4628900E,
0xB034F8CD,
0xF50647D0,
0x21013080,
0x0008EA40,
0x9804900D,
0x4628900E,
0x200F47D0,
0xE9CD2101,
0x4628B00D,
0x482247D0,
0xEA482101,
0x46280600,
0x690DE9CD,
0xF44F47D0,
0xF8CD0080,
0x2101B034,
0x4628900E,
0x462847D0,
0xE9CD2101,
0x47D0670D,
0x2C003C01,
0x2000D18D,
0x1E48E020,
0x2801B2C0,
0xAF06D81A,
0x2902AE0A,
0x0083EB07,
0x0301F003,
0xEA46BF08,
0xEB070083,
0xF0020382,
0x29020201,
0xBF086800,
0x0382EA46,
0xF012681A,
0xF43F0F08,
0x260FAF42,
0xE7442301,
0x30FFF04F,
0xE8BDB00F,
0xBF008FF0,
0x0002DD90,
0xE2000034,
0x0001FF65,
0xE2010068,
0xB1294601,
0x2013B580,
0xF9FEF7FB,
0x4080E8BD,
0x47702000,
0x7A0048BA,
0xBF004770,
0x43F8E92D,
0x896CF8DF,
0x0008F898,
0xF0002801,
0x280080A5,
0x80A4F040,
0xF04F4F75,
0x6D7930FF,
0xF0C02948,
0x68FC809F,
0xF0002C00,
0x8A3D809B,
0xF0002D00,
0xF1088097,
0x219C0008,
0xF877F7E0,
0x5054F8A8,
0x405CF8C8,
0xE9D768B8,
0xF8C8410B,
0x46200040,
0xFE6DF7FA,
0xF8C8B108,
0xE9D74080,
0xF8DF4105,
0xE9D79108,
0x46205607,
0xF8D847C8,
0x28001080,
0xBF184628,
0xF8C84621,
0x46311074,
0xF8D847C8,
0x28001080,
0x4629BF18,
0x1078F8C8,
0x4109E9D7,
0x47C84620,
0x1080F8D8,
0xBF182800,
0x6B7C4621,
0x107CF8C8,
0x6821B144,
0x2302E9D4,
0xF7FA4620,
0xB108FEA9,
0x4084F8C8,
0xB1446BBC,
0xE9D46821,
0x46202302,
0xFE9EF7FA,
0xF8C8B108,
0x6BFC4088,
0x6821B144,
0x2302E9D4,
0xF7FA4620,
0xB108FE93,
0x408CF8C8,
0xB1446C3C,
0xE9D46821,
0x46202302,
0xFE88F7FA,
0xF8C8B108,
0x6C7C4090,
0x6821B144,
0x2302E9D4,
0xF7FA4620,
0xB108FE7D,
0x4094F8C8,
0xB1446CBC,
0xE9D46821,
0x46202302,
0xFE72F7FA,
0xF8C8B108,
0x6CFC4098,
0x6821B144,
0x2302E9D4,
0xF7FA4620,
0xB108FE67,
0x409CF8C8,
0xB1446D3C,
0xE9D46821,
0x46202302,
0xFE5CF7FA,
0xF8C8B108,
0x200140A0,
0x0008F888,
0xE0012000,
0x30FFF04F,
0xE8BDB001,
0xBF0083F0,
0x0001CADB,
0x4CF2B5B0,
0x28017A20,
0xF7FBD11C,
0xB1C8F907,
0x21FF481A,
0x75814D1A,
0x68027D81,
0x01FFF081,
0x2202F3C2,
0xF181FAB1,
0x0120F1C1,
0xBF28428A,
0x22FE1C51,
0xF101FA02,
0x686874C1,
0xF7E34911,
0xB110FF9B,
0x30FFF04F,
0xF7E3BDB0,
0x6120FF91,
0xFF7CF7E3,
0x001CF104,
0xF874F7FB,
0xD0F12800,
0xF906F7FB,
0x07C07828,
0x2003BF0C,
0xF3802002,
0x20028814,
0x20007220,
0xBF00BDB0,
0xE000ED0C,
0x0002D330,
0x000018C5,
0x43F8E92D,
0x461E4604,
0x460F4690,
0x0503F06F,
0xD0672C00,
0xD0652F00,
0x28087820,
0x7860D162,
0xD05B2800,
0xF7E34620,
0x4681FC55,
0x0F00F1B9,
0x4620D042,
0xF7E34649,
0x6A62FCA2,
0x010CF109,
0xF7DF4638,
0xF1B8FF5F,
0xF1040F00,
0xF04F060C,
0x46490500,
0xF899BF1C,
0xF8880003,
0xF8890000,
0x46305001,
0xFDA9F7FA,
0xB3D868A0,
0x28937840,
0x4630D137,
0xFD7CF7FA,
0x25004606,
0x4620B396,
0xF81CF7FB,
0x22012100,
0xF7FB4607,
0x4638F8CF,
0xF864F7FB,
0x6A624607,
0x000CF106,
0xF7DF68B9,
0xF240FF31,
0x46311007,
0x70B58030,
0x70F068F8,
0xF7E34620,
0xE015FC32,
0x2083B186,
0xF7FB4631,
0xB140F899,
0x694148F1,
0xF7FB4620,
0xF3EFF802,
0xE9C08009,
0xF06F7802,
0xE0030501,
0x0502F06F,
0x2500E000,
0xB0014628,
0x83F0E8BD,
0x00000F2C,
0x4FF8E92D,
0x460D4604,
0xB1642700,
0xF105B15D,
0xFAB4010F,
0xF021F084,
0xFAB60603,
0x4408F186,
0xD2042820,
0x46382700,
0xE8BDB001,
0xFB068FF0,
0xB172F804,
0xA008F8D2,
0xE9D26813,
0xF1BA9004,
0xD0110F00,
0x718AEA5F,
0x68D1D1EC,
0xD3E92934,
0x2300E00D,
0x0900F04F,
0x930049E8,
0x00A0F8D1,
0xF7FAB178,
0xE012FD0D,
0x290068D1,
0xF1B9D1DA,
0xD0310F00,
0x45402700,
0xF019D3D5,
0xD02D0003,
0xF8D1E7D1,
0x21340080,
0xF7FA2201,
0x4682FC75,
0x0B01F04F,
0x0F00F1B9,
0xF1BAD112,
0xD00F0F00,
0x46414FD6,
0x6FF82200,
0xFC66F7FA,
0xF1B94681,
0xD0070F00,
0x46414648,
0xFEC5F7DF,
0xE01A4657,
0xE01A4657,
0x0F00F1BB,
0xF8D7D014,
0xB16000A0,
0xF7FA4651,
0xE00DFCFA,
0xD1A32800,
0x0F00F1BA,
0x9300D0BA,
0x0B00F04F,
0xF8D7E7D4,
0x46510080,
0xFC82F7FA,
0xF04B2700,
0x2F000B02,
0xAF93F43F,
0x7084F44F,
0xF8879900,
0x4632B002,
0x8038464B,
0xE9C72000,
0xE9C71001,
0xE9C75009,
0xF107000B,
0x4621000C,
0xFCFCF7FA,
0x490148E4,
0xE77A6701,
0x0001CC05,
0x43F8E92D,
0x46994605,
0x460E4690,
0x0703F06F,
0xD0522D00,
0xD0502E00,
0x28087828,
0x7868D14D,
0xD0482800,
0xB1D068A8,
0x28837840,
0x4628D117,
0xFF32F7FA,
0x22012100,
0x27004604,
0xFFE4F7FA,
0xF7FA4620,
0x4604FF79,
0x46316A6A,
0xF7DF68A0,
0x68E0FE47,
0xF880B388,
0x27008000,
0xF105E02D,
0xF7FA000C,
0x4604FC73,
0x6A6AB18C,
0x000CF104,
0xF7DF4631,
0xF240FE35,
0x27001007,
0x80204621,
0x70A74628,
0x8003F884,
0xFB35F7E3,
0xF1B9E015,
0xD0100F00,
0x46492093,
0xFF9AF7FA,
0x48BAB140,
0x46286941,
0xFF03F7FA,
0x8009F3EF,
0x6802E9C0,
0x0701F06F,
0xF06FE001,
0x46380702,
0xE8BDB001,
0xBF0083F0,
0x4604B5B0,
0x7820B324,
0xD1212805,
0xB3107860,
0x000CF104,
0x2F5FE8D0,
0xF3BFB912,
0xE0048F2F,
0xE8C01E53,
0xB1053F55,
0xF64FE7F4,
0x420270FF,
0x2000BF1C,
0xB171BDB0,
0xF7FA2063,
0xB120FF67,
0x694148A0,
0xF7FA4620,
0xF06FFED0,
0xBDB00001,
0x0003F06F,
0xF06FBDB0,
0xBDB00002,
0x00000F2C,
0x4604B570,
0x73FEF64F,
0x2100460D,
0x42981E60,
0x42A5BF98,
0x4608D901,
0xB14ABD70,
0x68166890,
0x0781B170,
0x68D2D10F,
0x2A102100,
0xE014D3F3,
0x498C2600,
0x0098F8D1,
0xF7FAB138,
0xE00AFBF5,
0x280068D0,
0x2100D0F5,
0xF8D1E7E5,
0x21100080,
0xF7FA2201,
0xB168FB65,
0x70812101,
0x1105F240,
0x80014A06,
0xE9C02100,
0x49F26101,
0x81C48185,
0xE000668A,
0x46012000,
0xBF00E7CD,
0x0001CE1D,
0xB170B5B0,
0x29057801,
0x7841D10B,
0x6881B169,
0xF7FAB171,
0x2100FE6F,
0x24002201,
0xFF22F7FA,
0xF06FE001,
0x46200403,
0xF06FBDB0,
0xE7FA0402,
0xF10089C1,
0xE8D2020C,
0x42993F5F,
0xF3BFD802,
0xE0048F2F,
0xE8C21C5C,
0xB1054F55,
0x89C2E7F3,
0x0002F06F,
0x4291B299,
0x2000BF38,
0x0000BDB0,
0x4DD4B5B0,
0xB364696C,
0x28027A28,
0x6A68D129,
0x6AE0B338,
0xFC7DF7FA,
0xB11869A0,
0x22002100,
0xFEF0F7FA,
0x8009F3EF,
0xF10563A0,
0xF7FA001C,
0xF7FAFE31,
0x2000FEC5,
0x78E06168,
0xD00107C0,
0xB12069A0,
0xE8BD4620,
0xF7FA40B0,
0x2000BDF9,
0x200460E0,
0x6B687060,
0x60A02800,
0x60C4D000,
0xBDB0636C,
0x00000F2C,
0x694949BA,
0x2800B149,
0x784ADB0A,
0x0204F042,
0xD1082A04,
0x0102F06F,
0xF04FE012,
0xE00F31FF,
0x0103F06F,
0xB510E00C,
0x0228F101,
0x1F00E852,
0x0300EA21,
0x3400E842,
0xE7F7B104,
0x4010E8BD,
0x47704608,
0x694048A9,
0x7841B130,
0x0104F041,
0xBF1C2904,
0x47706A80,
0x47702000,
0x00000F2C,
0x4605B5B0,
0x0403F06F,
0x2900B15D,
0x7828DB09,
0xD1062801,
0xF0407868,
0x28040004,
0xF06FD103,
0x46200402,
0xF105BDB0,
0xE8500028,
0xEA422F00,
0xE8400401,
0xB1034300,
0x7868E7F7,
0xD1F02833,
0x2023F895,
0x46286A69,
0xF9F8F7E6,
0x29004601,
0xF895D0E7,
0x460C0023,
0x07802201,
0x6A68BF5C,
0x0400EA21,
0xF7FA4628,
0xE7DAFE69,
0x4605B5F8,
0x46144886,
0x6947460E,
0x2D00B197,
0x4638DB13,
0x46324629,
0xF9DAF7E6,
0xB17CB990,
0x46212033,
0x6023F887,
0xF7FA627D,
0xF06FFE35,
0xE0070001,
0x30FFF04F,
0xF06FE004,
0xE0010003,
0x0002F06F,
0xBDF0B001,
0x69404875,
0xBF004770,
0x00000F2C,
0x4FFEE92D,
0xF1B84680,
0xD0210F00,
0xF102B16A,
0xE89A0A10,
0xE9D20680,
0x68954300,
0x07A8B1B5,
0x68D0D116,
0xD3132844,
0xF04FE017,
0x23000A18,
0xF04F2700,
0x24000900,
0x93024A64,
0x0088F8D2,
0x1400E9CD,
0xF7FAB1C8,
0xE01CFABB,
0xB12068D0,
0x46302600,
0xE8BDB003,
0xB1378FF0,
0xF1B92600,
0xD0F60F00,
0x0007F017,
0xF1BAD1F3,
0xD0380F00,
0x0001F1AA,
0xD8EB2837,
0xF8D2E035,
0x21440080,
0xF7FA2201,
0x4605FA19,
0x0B01F04F,
0xB15DB967,
0x0F00F1B9,
0x484DD00A,
0x22004649,
0xF7FA6F40,
0x4607FA0B,
0xE011B987,
0xE03E462E,
0x49484847,
0x0084F8D0,
0x9054F8D1,
0xD0EC2800,
0xFA80F7FA,
0xB11F4607,
0x0B10F04B,
0xE02C462E,
0x0F00F1BB,
0x493ED01C,
0x0088F8D1,
0x4629B1E0,
0xFA95F7FA,
0xF04FE01D,
0xF1B90A18,
0xD0060F00,
0xF1B92600,
0xD3AE0F48,
0x0007F019,
0x2D00D1AB,
0xAF9CF43F,
0x1400E9CD,
0xF04F9302,
0xE7BF0B00,
0x0B00F04F,
0xE0072700,
0x0080F8D1,
0xF7FA4629,
0x2700FA0D,
0x0B01F04F,
0xF04B2600,
0x2E000B02,
0xAF91F43F,
0x1001F240,
0xB002F886,
0x80302118,
0x70F09802,
0x60709801,
0x0008F106,
0xFC1DF7DF,
0x0109EB07,
0xF88620FD,
0xF886A021,
0xF886A020,
0x20000022,
0xF8863940,
0xF8C6002F,
0xF8C6002B,
0xF8C60027,
0xE9C60023,
0xE9C6790C,
0x4916180E,
0x60399D00,
0x78094913,
0xD50A0749,
0x1D3A2111,
0x33CCF04F,
0x0199EBA1,
0xC208E001,
0x29003101,
0x6BB1D1FB,
0xE0022200,
0x0022F841,
0x2A0D3201,
0x4A0AD1FA,
0x7080F04F,
0xE9C1620D,
0x63C8280D,
0x49074803,
0x46306601,
0xFC4AF7FA,
0xBF00E743,
0x00000F2C,
0x0002D330,
0xE25A2EA5,
0x0001D3F9,
0x0001D0BF,
0x47F0E92D,
0x1B12ED2D,
0x486C4606,
0xF04F460F,
0x251C0900,
0xAA0A4690,
0x2F012302,
0x0008F100,
0xF248BF04,
0xF2C40008,
0x2F010008,
0xA000F8D0,
0x30FFF04F,
0x990CE9CD,
0x9006E9CD,
0x2504BF08,
0x5000F44F,
0xF7E54629,
0xAA08FA4B,
0x5080F44F,
0x23024629,
0xFA44F7E5,
0xF44FAC06,
0x46295000,
0x46222302,
0xFAC2F7E5,
0x5080F44F,
0x46224629,
0xF7E52302,
0x4638FABB,
0xF7E42103,
0xED9FFB75,
0x46380A50,
0xF7E22103,
0xF3CAFC79,
0xF01834C2,
0x46BA0802,
0x4650D005,
0x22012102,
0xF7EC2300,
0x2F01F819,
0x0101F04F,
0x2702BF18,
0xBF182E04,
0x46382602,
0xF7F84632,
0x4638FE47,
0x46322102,
0xFE42F7F8,
0x2001B2E6,
0x231A2201,
0xF7E14631,
0x2002F955,
0x22024631,
0xF7E1231A,
0x2003F94F,
0xF7E32101,
0xF002FB73,
0xB2ADFF7F,
0xF44FAA0A,
0x23025000,
0xF7E54629,
0xAA08FA79,
0x5080F44F,
0x23024629,
0xFA72F7E5,
0xF7F2A80C,
0xEEB0F829,
0xEE188A40,
0xF7DF0A10,
0x9A0CFE29,
0x0B19EC41,
0xF7DF4610,
0xEC41FE23,
0xA0260B10,
0x31FFF04F,
0xF2402200,
0xE9CD2387,
0x20019000,
0x0B02ED8D,
0x9B04ED8D,
0xFAD6F7F7,
0x0F00F1B8,
0xED9FD02A,
0xEEB50A27,
0xED9F8AC0,
0xEEF11A26,
0xEE38FA10,
0xBFB80A00,
0x8A40EEB0,
0x8AC1EEB4,
0xFA10EEF1,
0xED9FDD18,
0xEEB40A20,
0xEEF18AC0,
0xDA11FA10,
0x21024650,
0x23012201,
0xFFA4F7EB,
0x2100481A,
0xF2402200,
0xE9CD238E,
0x20011000,
0x31FFF04F,
0xFAA8F7F7,
0x0A0CED9D,
0x21034650,
0x0A40EEB1,
0xFBE4F7E2,
0x1B12ECBD,
0x87F0E8BD,
0x40088008,
0x00000000,
0x2046494C,
0x636E7973,
0x676E6120,
0x203A656C,
0x322E3325,
0x68632066,
0x66666964,
0x3325203A,
0x0D66322E,
0x0000000A,
0x43B40000,
0x42B40000,
0x43870000,
0x0002EF6F,
0x4FF8E92D,
0x8B02ED2D,
0x460CB0A2,
0x20014680,
0x46932101,
0xFC32F7E2,
0x28004ADE,
0x071CF04F,
0x0302F04F,
0x0A02F04F,
0x7184F502,
0xF502BF08,
0xF1B87180,
0xAA1E0F04,
0x1000E9D1,
0x1018E9CD,
0x0000F04F,
0x31FFF04F,
0x0020E9CD,
0x011AE9CD,
0x46A0BF08,
0x5000F44F,
0x0F01F1B8,
0x2704BF08,
0xF7E54639,
0xAA1CF93F,
0x5080F44F,
0x23024639,
0xF938F7E5,
0x0968F10D,
0xF44F4DC7,
0x46395000,
0x464A2302,
0xF44F47A8,
0x46395080,
0x2302464A,
0x4DC247A8,
0x22014EC2,
0x68282300,
0x901746B1,
0x90166868,
0x901568A8,
0x901468E8,
0x90136928,
0x90126968,
0x4080F44F,
0x90115828,
0x90106830,
0x1F04F859,
0x4659910F,
0x900E68B0,
0x900D68F0,
0x900C6930,
0x900B6970,
0xF4406928,
0x61284000,
0xF4406968,
0x61684000,
0xF0406928,
0x61280004,
0xF0406968,
0x61680004,
0xF0406930,
0x61300001,
0xF0406970,
0x61700001,
0x94094620,
0xFEE4F7EB,
0xF7E44658,
0x4658FB3B,
0x4180F44F,
0x4280F44F,
0xF7E1900A,
0x4640FA11,
0xF7E42103,
0x2405FA1F,
0x0F01F1B8,
0x0101F04F,
0x0204F04F,
0x2404BF08,
0xF7F84620,
0x4620FD03,
0x22042102,
0xFCFEF7F8,
0x0F01F1B8,
0xF04F4648,
0xF04F0201,
0xBF08031A,
0x4080F505,
0xF3C06800,
0x200134C2,
0xF7E14621,
0x4621F807,
0x20024C87,
0x231A2202,
0xF7E046A3,
0x2003FFFF,
0xF7E32101,
0x2000FA23,
0x22002100,
0xF9DAF7E1,
0xFE2AF002,
0xF44F4C7F,
0x46395000,
0x2302AA1E,
0xF44F47A0,
0x46395080,
0x2302AA1C,
0xF89B47A0,
0xF89B0000,
0x28001090,
0xF04FBF1C,
0x46010A01,
0x4650B2C9,
0xF9D0F7E4,
0x0048F89B,
0xFADCF7E4,
0xF44F9817,
0x60284180,
0x60689816,
0x60A89815,
0x60E89814,
0x61289813,
0x61689812,
0x50689811,
0x60309810,
0xF8C9980F,
0x980E0000,
0x980D60B0,
0x980C60F0,
0x980B6130,
0xA8206170,
0xFEA8F7F1,
0xE9DD4A63,
0x23000118,
0xF938F7DF,
0x0A20ED9D,
0x2A62ED9F,
0x0A10EE03,
0x0AC0EEB5,
0xFA10EEF1,
0xED9FBFBE,
0xEE301A5C,
0xED8D0A01,
0xED9D0A20,
0xEEB58A21,
0xEEF18AC0,
0xBFBEFA10,
0x1A55ED9F,
0x8A01EE38,
0x8A21ED8D,
0x3A43EEB8,
0x1A52ED9F,
0x2A01EE03,
0x1AC2EEBD,
0x0A10EE11,
0x0F5BF110,
0x21B4DC01,
0x285BE003,
0xF64FDB03,
0xFA11714C,
0xFA0FF080,
0xF108F880,
0xEE01005A,
0xEEB80A10,
0xEEB41AC1,
0xEEF10AC1,
0xDD22FA10,
0x7087F508,
0x0A10EE01,
0x1AC1EEB8,
0x07C0980A,
0xEEB4D019,
0xEEF10AC1,
0xDA14FA10,
0x21019D09,
0x23012201,
0xF7EB4628,
0xA03AFE07,
0x22002100,
0x132DF240,
0x1000E9CD,
0x21102001,
0xF7F79502,
0xED9DF90B,
0xF1088A21,
0xEE000046,
0xEEB80A10,
0xEEB40AC0,
0xEEF18AC0,
0xDD22FA10,
0x00FAF108,
0x0A10EE00,
0x0AC0EEB8,
0x0780980A,
0xEEB4D519,
0xEEF18AC0,
0xDA14FA10,
0x21029D09,
0x23012201,
0xF7EB4628,
0xA029FDD9,
0x22002100,
0x1333F240,
0x1000E9CD,
0x21102001,
0xF7F79502,
0xED9DF8DD,
0x98208A21,
0x7640E9DB,
0xFC12F7DF,
0xEE184604,
0x460D0A10,
0xFC0CF7DF,
0x0B10EC41,
0x4B11EC45,
0x2100A020,
0x8020F8CD,
0xF44F2200,
0xED8D739B,
0xED8D1B04,
0xE9CD0B06,
0x20011000,
0xE9CD2110,
0xF7F77602,
0x2000F8B9,
0xECBDB022,
0xB0018B02,
0x8FF0E8BD,
0x00035000,
0x00007D1D,
0x40084008,
0x4008800C,
0x000F4240,
0x43B40000,
0xBD7CB924,
0x430FDC29,
0x65707974,
0x7830203B,
0x63207825,
0x66203168,
0x0A0D6E61,
0x00000000,
0x65707974,
0x7830203B,
0x63207825,
0x66203268,
0x0A0D6E61,
0x00000000,
0x71657266,
0x6C25203A,
0x6120646C,
0x656C676E,
0x25203A30,
0x332E362D,
0x6E612066,
0x31656C67,
0x2D25203A,
0x66332E36,
0x676E612C,
0x6F5F656C,
0x65736666,
0x25203A74,
0x000A0D64,
0x21014801,
0xB908F7FD,
0x0002F328,
0x43F0E92D,
0xF240B087,
0x68004004,
0x4007F3C0,
0xF2002807,
0xE8DF81E7,
0x0008F010,
0x003A010A,
0x00C400B0,
0x0150011A,
0xF8DF00E8,
0xF44F43C8,
0xF06F6081,
0x6801020F,
0xF8D46800,
0xF8D4712C,
0xEA62311C,
0xF0171210,
0xEA4F0F10,
0xBF041710,
0x4208F64F,
0x72FFF6CF,
0x050FF011,
0x0203EA02,
0xF8C44629,
0xF3C0211C,
0xF3C01802,
0xBF181603,
0xF1B82101,
0xF0000F00,
0xF8DF8192,
0x6CC00410,
0xF0002800,
0xB2F08189,
0xFCBCF7E2,
0xF44FE187,
0x4DD66181,
0x6808680F,
0x1603F3C0,
0x68096808,
0x4170F401,
0x5F80F5B1,
0x49D2D108,
0xF8C12200,
0xF8D1211C,
0x402A212C,
0x212CF8C1,
0xEA4F4BCC,
0xF0072810,
0x07F8090F,
0x49CAD018,
0xF44F461C,
0x26026000,
0x5378F504,
0x2088EA00,
0x212CF8D1,
0x402A4013,
0x43104318,
0x7000F440,
0x012CF8C1,
0xF189FA5F,
0xF7FB2002,
0x4623FC19,
0x0404F007,
0x0F02F017,
0xB1B4D102,
0xD1142E04,
0xF44F49B9,
0x26043080,
0x30C8EA00,
0x212CF8D1,
0x402A4013,
0x43104318,
0x4080F440,
0x012CF8C1,
0xF189FA5F,
0xF7FB2004,
0x4FAFFBFB,
0x2C00B2F5,
0x5128F8C7,
0x8150F000,
0x012CF8D7,
0xBF082E02,
0x6170F410,
0xFA5FD106,
0x2002F189,
0xFBE8F7FB,
0x012CF8D7,
0xEA5F0429,
0xEA417288,
0xBF584185,
0xF4010429,
0x43082170,
0x012CF8C7,
0x489EE134,
0x31FFF04F,
0xF44F2200,
0xF8D07343,
0x48BF411C,
0x20009001,
0x90009402,
0xF7F62001,
0xF44FFF99,
0x60046084,
0xF44FE120,
0x68016081,
0x040FF001,
0xF3C16801,
0x68001503,
0x2603F3C0,
0xF0002E00,
0x2E0880A4,
0x80B8F040,
0xB2E1B2E8,
0xFB8EF7F8,
0x6184F44F,
0x60082C00,
0xF8D04887,
0xF0411128,
0xBF080208,
0x0208F021,
0x2128F8C0,
0x4A82E0A4,
0x6081F44F,
0x68006801,
0x312CF8D2,
0x040FF011,
0x1346F361,
0x312CF8C2,
0x1003F3C0,
0x2800BF18,
0xB2C0D003,
0xF7FB2100,
0xA078F9B5,
0x22002100,
0x7353F44F,
0x1000E9CD,
0xF04F2001,
0x940231FF,
0xF44FE08F,
0x68006081,
0x1003F3C0,
0xFDA6F7FB,
0x2201486D,
0x112CF8D0,
0x0103F362,
0x112CF8C0,
0xF44FE0CA,
0x680A6181,
0xF3C06808,
0x68080440,
0x150BF3C0,
0xF3C3680B,
0x2E014603,
0x2E00D074,
0x80BAF040,
0x0701F012,
0x0900D007,
0x46212D00,
0x2002BF08,
0xF7ECB240,
0xB164FAB5,
0x21012001,
0xF8E0F7E2,
0xF04F2800,
0xF04F0102,
0xBF080001,
0xF0002104,
0x2000FA19,
0xE9CD9704,
0xF04F6402,
0x220031FF,
0x3332F240,
0x48729000,
0xF44FE047,
0x68026081,
0xF0126801,
0x4A4B000F,
0xBF184603,
0xF8D22301,
0xF5B1712C,
0xF0273F80,
0xEA470780,
0xF8C213C3,
0xBF24312C,
0xF8A20C0B,
0x14093122,
0x2300A24B,
0x3200E9CD,
0x0102E9CD,
0xF04F2001,
0x220031FF,
0x3343F240,
0xB2E8E023,
0xF7F8B2E1,
0xF44FFB7B,
0x2D046184,
0xF44F6008,
0xBF086180,
0x6100F44F,
0x48342800,
0x011CF8D0,
0x4388BF14,
0x49314308,
0x011CF8C1,
0x94042000,
0x6502E9CD,
0x31FFF04F,
0xF2402200,
0x90003323,
0x9001484E,
0xF7F62001,
0xE047FEBD,
0xBF982D28,
0x6808257D,
0x462A6809,
0x5401F3C0,
0x5681F3C1,
0x46314620,
0xFBA4F7F5,
0xF44FB200,
0xA2346184,
0x60082300,
0xE9CDB2A9,
0xE9CD3200,
0x22004602,
0x3339F240,
0x1004E9CD,
0xF04F2001,
0xE7DA31FF,
0xF7FBB2F0,
0x0738F85D,
0xF894BF5C,
0xEA5F0128,
0xD50C7000,
0x2100200F,
0xFCC4F7FA,
0x2100200E,
0xFCC0F7FA,
0xF088FA5F,
0xF7E12101,
0x2D00FDB7,
0x462EBF08,
0xF8C42D00,
0xF8D46128,
0xF020012C,
0xBF18000F,
0x0001F040,
0x012CF8C4,
0xB0072000,
0x83F0E8BD,
0xFFF000FF,
0x000FBF00,
0x00035000,
0x636E7973,
0x66666F20,
0x74666120,
0x73207265,
0x20636E79,
0x67616C66,
0x74657320,
0x0D64253A,
0x0000000A,
0x636E7973,
0x6D657420,
0x72742070,
0x206B6361,
0x6E3A6E65,
0x0964253A,
0x706D6574,
0x63616620,
0x3A726F74,
0x0D642520,
0x0000000A,
0x6473656A,
0x6C656420,
0x72207961,
0x5B686378,
0x78257830,
0x7874205D,
0x305B6863,
0x5D782578,
0x6C656420,
0x685B7961,
0x3A65706F,
0x3A5D6425,
0x0A0D6425,
0x00000000,
0x0002E18D,
0x0002E212,
0x0002E259,
0x00000C00,
0x4FF0E92D,
0x4606B08D,
0x30FFF04F,
0xAA0B251C,
0xF04F2302,
0x90070A02,
0x2E012000,
0xBF089006,
0xF44F2504,
0x46295000,
0xFCFEF7E4,
0xF44FAA09,
0x46295080,
0xF7E42302,
0xAF06FCF7,
0xB1DCF8DF,
0x5000F44F,
0x23024629,
0x47D8463A,
0x5080F44F,
0x463A4629,
0x47D82302,
0x68384F71,
0x9005463C,
0x90046878,
0x1F08F854,
0x21039102,
0x900CF8D7,
0x90016938,
0x90006978,
0x900369B8,
0xF0406978,
0x61780001,
0xF04069B8,
0x61B80001,
0xF7E34630,
0x2E01FE0F,
0xF04F4620,
0xF04F0201,
0xBF04031A,
0x0008F248,
0x0008F2C4,
0xF3C06800,
0x200136C2,
0xF7E04631,
0x2002FC07,
0x22024631,
0xF7E0231A,
0x2003FC01,
0xF7E22101,
0xF44FFE25,
0x46295000,
0x2302AA0B,
0xF44F47D8,
0x46295080,
0x2302AA09,
0x485047D8,
0xF8907801,
0x29000090,
0xF04FBF1C,
0x46080A01,
0x4650B2C1,
0xFDDAF7E3,
0xED9F9805,
0xF04F0A4A,
0x60380C00,
0x2A40EEB0,
0x3A40EEB0,
0x1A40EEB0,
0x60789804,
0x60209802,
0x900CF8C7,
0x61389801,
0x61789800,
0x61B89803,
0x4686483F,
0x46814840,
0x46824840,
0x46834840,
0x46804840,
0x4670E044,
0x46524649,
0xEB00465F,
0xF10C068C,
0xF9B60C02,
0xF9B64014,
0x5E710016,
0xF9B65EB2,
0xF9B63018,
0x5FF7501A,
0x0A10EE05,
0xEE044640,
0xEE064A10,
0xEE071A10,
0xEE002A10,
0xEE013A90,
0xEE025A90,
0x5E307A90,
0x4AC4EEB8,
0x5AC5EEB8,
0x6AC6EEB8,
0x7AC7EEB8,
0x3A04EE33,
0x4AE0EEB8,
0x2A05EE32,
0x5AE1EEB8,
0x0A06EE30,
0x6AE2EEB8,
0x1A07EE31,
0x0A90EE03,
0x3A04EE33,
0x2A05EE32,
0x0A06EE30,
0x7AE3EEB8,
0x1A07EE31,
0xEBB02000,
0xD0B62FDC,
0x4A16ED9F,
0xEE2248DE,
0xEE232A04,
0xEE203A04,
0xEE210A04,
0xEEBD1A04,
0xEEBD2AC2,
0xEEBD3AC3,
0xEEBD0AC0,
0xEE121AC1,
0x80411A10,
0x1A10EE13,
0xEE108001,
0x80811A10,
0x1A10EE11,
0x200080C1,
0xE8BDB00D,
0xBF008FF0,
0x00007D1D,
0x40088008,
0x00035000,
0x00000000,
0x200007D0,
0x3A000000,
0x00010014,
0x00010016,
0x00010018,
0x0001001A,
0x4FF8E92D,
0x8B02ED2D,
0x4CB3B092,
0xF8DF4680,
0x468AB2CC,
0x0F01F1B8,
0x0008F104,
0xF248BF04,
0xF2C40008,
0x68000008,
0x30C2F3C0,
0xF89B9006,
0xF0000040,
0x28010003,
0xF8DBD102,
0xE005703C,
0x0084F241,
0xF7E02101,
0x4607F8AB,
0x090FF04F,
0x0F04F1BA,
0xBF08A911,
0x090EF04F,
0x900D6820,
0x900C6860,
0x900B68A0,
0x900A68E0,
0x90096920,
0x90086960,
0x900769A0,
0xF7FA4648,
0x4648FB27,
0x26012101,
0xFB2AF7FA,
0x0404F1BA,
0xBF18A90E,
0x46202401,
0xF960F7F6,
0xE9DD4891,
0x1A80230E,
0x0003EB76,
0x30FFF04F,
0x2001BFB8,
0xF507FB00,
0xE9CD4620,
0xF7FA5600,
0xF89BFDBD,
0xF0000040,
0x28010003,
0x4884D00D,
0x69604604,
0x0001F020,
0x69A06160,
0x0001F020,
0x426861A0,
0xFA1CF7E2,
0x464063E0,
0x22012102,
0x27002300,
0xF974F7EB,
0x21034640,
0xFCBAF7E3,
0x0F01F1B8,
0xF04F4644,
0x46520101,
0x2402BF18,
0xF7F74620,
0x4620FF9F,
0x46522102,
0xFF9AF7F7,
0x22019806,
0xB2C4231A,
0x46212001,
0xFAACF7E0,
0x46212002,
0x231A2202,
0xFAA6F7E0,
0xF00A4C6B,
0xF00A0B04,
0xF00A0502,
0xE0150601,
0x6820B11E,
0x5F80F010,
0xB11DD00B,
0xF41088A0,
0xD0067F00,
0x0F00F1BB,
0x89A0D00A,
0x7F00F410,
0xF640D106,
0xF7EB30B8,
0x3701FF9F,
0xD9E72F01,
0x6820B11E,
0x5F80F010,
0xB11DD00B,
0xF41088A0,
0xD0067F00,
0x0F00F1BB,
0x89A0D01C,
0x7F00F410,
0x6820D118,
0x89A288A1,
0xF3C123CE,
0x91042140,
0x7000F3C0,
0x31FFF04F,
0xA04E9003,
0xA0509002,
0x20009001,
0xF3C29000,
0x22002040,
0x20059005,
0xFC18F7F6,
0x21012003,
0xFC80F7E2,
0xF88CF002,
0xF1BA4D41,
0xD1040F04,
0x0142E9D5,
0xFA8AF7E2,
0xE9D5E003,
0xF7E30140,
0x9911F8A3,
0xFA5F4C39,
0xF7FAF089,
0x7829FA71,
0x2090F895,
0x29002002,
0x2001BF1C,
0xB2D1460A,
0xFC2EF7E3,
0x2600980D,
0x980C6020,
0x980B6060,
0x980A60A0,
0x980960E0,
0x98086120,
0x98076160,
0x4C3861A0,
0xF8B42000,
0xF8B4A002,
0x60269000,
0x88A588E7,
0xF7F16066,
0xEEB0F90F,
0xED9F8A40,
0xED9F0A32,
0xEEB51A32,
0xEE388AC0,
0xEEF10A00,
0xBFB8FA10,
0x8A40EEB0,
0x8AC1EEB4,
0xFA10EEF1,
0xED9FDD16,
0xEEB40A2B,
0xEEF18AC0,
0xDA0FFA10,
0x21024640,
0x23012201,
0xF8A8F7EB,
0x21004825,
0x23E62200,
0x1000E9CD,
0x21102001,
0xFBAEF7F6,
0x0A10EE18,
0xFEE6F7DE,
0xEC41A21F,
0x20010B10,
0x23E82110,
0x6200E9CD,
0xED8D2200,
0xF7F60B02,
0xF8A4FB9D,
0xF8A4A002,
0x80A59000,
0xB01280E7,
0x8B02ECBD,
0xE8BDB001,
0xBF008FF0,
0x40088008,
0x00035000,
0x4DC93800,
0x4000000C,
0x636E7973,
0x6378725F,
0x00000068,
0x50207325,
0x6C204C4C,
0x206B636F,
0x3A727265,
0x20642520,
0x0A0D6425,
0x00000000,
0x00058CD8,
0x43B40000,
0x42B40000,
0x43870000,
0x0002EF6F,
0x73207872,
0x20636E79,
0x66666964,
0x676E615F,
0x203A656C,
0x66322E25,
0x00000A0D,
0x43F0E92D,
0x4604B087,
0xF8D4488A,
0xB9111A5C,
0x31FFF04F,
0xF8D46241,
0x29011120,
0x2900D03F,
0x80E8F040,
0x2110F894,
0x4D834984,
0x0308F101,
0xBF042A01,
0x0308F244,
0x0308F2C4,
0xF3C3681B,
0x682F3302,
0x2502682E,
0x2656EA05,
0x17C0F3C7,
0xF8944337,
0x42376124,
0xF501BF18,
0x68004080,
0x35C2F3C0,
0x42AB2001,
0x461DBF88,
0x311CF894,
0xF7E24629,
0xF894FDA2,
0xF8942124,
0x2002312C,
0xF7E04629,
0x2003F95D,
0xF7E22101,
0xF894FB81,
0xF8941110,
0x2000211C,
0xF942F7E5,
0x4966E0AA,
0x680A2302,
0xEA036809,
0xF3C22151,
0x4B6312C0,
0xF8944311,
0x42112124,
0xF503BF18,
0x68004080,
0x38C2F3C0,
0xF0106820,
0xD1050F01,
0xF0100101,
0xD10F0F02,
0xE0132200,
0x2110F894,
0x311CF894,
0xF188FA5F,
0xF7E22001,
0x2001FD3F,
0xF7E22100,
0xE055FB4F,
0x3140F8B4,
0x2B002204,
0x2202BF08,
0x07004311,
0x2000D401,
0xF8B4E005,
0x20042130,
0xBF082A00,
0x43082002,
0xF0002600,
0xF0000704,
0x48470502,
0xE0104681,
0x4648B125,
0xF4108800,
0xD0057F00,
0x4648B15F,
0xF4108900,
0xD1067F00,
0x5030F247,
0xFE12F7EB,
0x2E013601,
0xB125D9EC,
0x88004648,
0x7F00F410,
0xB30FD005,
0x89004648,
0x7F00F410,
0xF859D11C,
0xF8B90C04,
0xF8B91000,
0xF44F2008,
0xF3C173D2,
0x91042140,
0x7000F3C0,
0x31FFF04F,
0xA02F9003,
0xA0329002,
0x20009001,
0xF3C29000,
0x22002040,
0x20059005,
0xFA8CF7F6,
0xF588FA5F,
0x2124F894,
0x312CF894,
0x46292002,
0xF8C6F7E0,
0x21012002,
0xFAEAF7E2,
0x07C07820,
0xF894D012,
0xF8942110,
0x2001311C,
0xF7E24629,
0x2001FCF4,
0xF7E22101,
0xF894FADB,
0xF8941110,
0x2000211C,
0xF89CF7E5,
0x1118F8D4,
0x0A58F8D4,
0xFCA2F000,
0x21002000,
0xF7E02200,
0x2001FA85,
0x22002100,
0xF7E22300,
0x6861F817,
0x0A5CF8D4,
0x71D1EB01,
0x0F61EBB0,
0xB007BF1C,
0x83F0E8BD,
0x1A58F8D4,
0x0124F894,
0xE8BDB007,
0xF00043F0,
0xBF00BE1D,
0x40088010,
0x40090008,
0x40084008,
0x40000010,
0x656E6F74,
0x7061635F,
0x65727574,
0x00000000,
0x50207325,
0x6C204C4C,
0x206B636F,
0x3A727265,
0x20642520,
0x0A0D6425,
0x00000000,
0x00000000,
0x4FF8E92D,
0x8B10ED2D,
0xED9FB09E,
0x90059B81,
0x0128F8D0,
0xEEB049A8,
0xEEB0AA49,
0xEEB0BA49,
0xEEB08A49,
0xEEB0CA49,
0xEEB0DA49,
0xEEB0EA49,
0xEB01FA49,
0x21000080,
0xAA69EEF0,
0xBA69EEF0,
0x8A69EEF0,
0xCA69EEF0,
0xDA69EEF0,
0xEA69EEF0,
0xFA69EEF0,
0xE07A9006,
0x910DA81C,
0x7200F44F,
0x90002300,
0x9001A81A,
0x9002A818,
0x9003A816,
0x18449806,
0x5100F04F,
0x0050F104,
0xFB16F002,
0x4965A814,
0x7200F44F,
0x90002300,
0x9001A812,
0x9002A810,
0x9003A80E,
0x600FF504,
0xFB06F002,
0x231CE9DD,
0x0B1FEC51,
0xFA37F7DE,
0x100BE9CD,
0x0B1EEC51,
0x231AE9DD,
0xFA2FF7DE,
0x1009E9CD,
0x0B1DEC51,
0x2318E9DD,
0xFA27F7DE,
0x1007E9CD,
0x0B1CEC51,
0x2316E9DD,
0xFA1FF7DE,
0x2314E9DD,
0x46884604,
0x0B19EC51,
0xFA17F7DE,
0x2312E9DD,
0x468A4681,
0x0B1AEC51,
0xFA0FF7DE,
0x2310E9DD,
0x460D4683,
0x0B1BEC51,
0xFA07F7DE,
0x230EE9DD,
0x460F4606,
0x0B18EC51,
0xF9FFF7DE,
0x0B18EC41,
0xE9DD990D,
0xEC472007,
0xEC456B1B,
0xEC4ABB1A,
0xEC489B19,
0xEC424B1C,
0xE9DD0B1D,
0xF5012009,
0xEC42518A,
0xE9DD0B1E,
0xEC42200B,
0xF5B10B1F,
0xD1814FCF,
0xF8D49C05,
0xF5045A5C,
0xF8D471AC,
0xEB010A60,
0xEB0102C5,
0xED8201C0,
0xF504FB00,
0xEB027256,
0xED8303C5,
0xF504EB00,
0xEB0363AB,
0xED8707C5,
0xF504BB00,
0xEB0767EB,
0xED8606C5,
0xED818B00,
0xEB029B00,
0xED8101C0,
0xEB03AB00,
0xEB0701C0,
0xED8100C0,
0xED80DB00,
0xEC51CB00,
0xF7DE0B1E,
0x4606FC96,
0x0B1FEC51,
0xFC91F7DE,
0x6A10EE00,
0x0A90EE00,
0xFBE8F002,
0x0B1AEC51,
0x8A40EEB0,
0xFC85F7DE,
0xEC514606,
0xF7DE0B19,
0xEE00FC80,
0xEE006A10,
0xF0020A90,
0xEB04FBD7,
0xEE380085,
0xF6000A40,
0xED801058,
0xB01E0A00,
0x8B10ECBD,
0xE8BDB001,
0xBF008FF0,
0xBF00BF00,
0x00000000,
0x00000000,
0x200008A0,
0x00000000,
0x4FF8E92D,
0x8B10ED2D,
0x9004B0B6,
0x1128F8D0,
0x2200481D,
0x630AF500,
0x0057E005,
0x7017F833,
0x7022F820,
0xF5B23201,
0xD1F67F0A,
0x8B18ED9F,
0x304E4A19,
0xEB029005,
0xEEB00181,
0xEEB0BA48,
0xEEB09A48,
0xEEB0CA48,
0xEEB0DA48,
0xEEB0EA48,
0xEEB0FA48,
0xED8DAA48,
0xED8D8B1C,
0xED8D8B1A,
0xED8D8B18,
0x91068B16,
0xEEF02100,
0xEEF0BA68,
0xEEF09A68,
0xEEF0CA68,
0xEEF0DA68,
0xEEF0EA68,
0xEEF0FA68,
0xE16FAA68,
0x20000002,
0xBF00BF00,
0x00000000,
0x00000000,
0x20010000,
0x9D05A834,
0xF44F9115,
0x23007200,
0xA8329000,
0xA8309001,
0xA82E9002,
0x98069003,
0x46291844,
0x0050F104,
0xF9E4F002,
0x4629A82C,
0x7200F44F,
0x90002300,
0x9001A82A,
0x9002A828,
0x9003A826,
0x600FF504,
0xF9D4F002,
0x992D982C,
0x91249025,
0x6734E9DD,
0x463B4632,
0xF9A8F7DE,
0x460D4604,
0x992B982A,
0x91229023,
0xAB32E9DD,
0x465B4652,
0xF99CF7DE,
0x460B4602,
0x46294620,
0xF8EFF7DE,
0x1020E9CD,
0x46394630,
0x463B4632,
0x970F9610,
0xF98CF7DE,
0x460D4604,
0x46594650,
0x465B4652,
0xA038F8CD,
0xB034F8CD,
0xF980F7DE,
0x460B4602,
0x46294620,
0xF8D3F7DE,
0x460D4604,
0x1020E9DD,
0x462B4622,
0xF9E4F7DE,
0x460B4602,
0x0B1AEC51,
0xF8C5F7DE,
0x1013E9CD,
0x46394630,
0x3222E9DD,
0xF964F7DE,
0x460F4606,
0x1024E9DD,
0x465B4652,
0xF95CF7DE,
0x460B4602,
0x46394630,
0xF950F7DE,
0x462B4622,
0xF9C4F7DE,
0x460B4602,
0x0B18EC51,
0xF8A5F7DE,
0x1011E9CD,
0x99299828,
0x91209021,
0xA530E9DD,
0x462B4652,
0xF940F7DE,
0x46894680,
0x99279826,
0x911E901F,
0x672EE9DD,
0x463B4632,
0xF934F7DE,
0x460B4602,
0x46494640,
0xF887F7DE,
0x910C4683,
0x46294650,
0x462B4652,
0xF7DE9508,
0x4604F925,
0x4630460D,
0x46324639,
0xF7DE463B,
0x4602F91D,
0x4620460B,
0xF7DE4629,
0x4680F870,
0x990C4689,
0x46424658,
0xF7DE464B,
0x4602F981,
0xEC51460B,
0xF7DE0B1B,
0xE9CDF903,
0x4650100B,
0xB020F8DD,
0x321EE9DD,
0xF7DE4659,
0x4604F8FF,
0xE9DD460D,
0x46321020,
0xF7DE463B,
0x4622F8F7,
0xF7DE462B,
0x4642F8ED,
0xF7DE464B,
0x4602F961,
0xEC51460B,
0xF7DE0B19,
0xE9CDF842,
0xEC511009,
0xE9DD0B1C,
0xF7DE320F,
0xE9CDF83A,
0xEC51100F,
0xE9DD0B1D,
0xF7DE320D,
0xE9CDF832,
0xEC51100D,
0x46520B1E,
0xF7DE465B,
0xE9CDF82A,
0xEC511007,
0x46320B1F,
0xF7DE463B,
0xED9DF822,
0xE9DD0B1C,
0x46823224,
0xEC51468B,
0xF7DE0B10,
0xED9DF818,
0xE9DD0B1A,
0x46063222,
0xEC51460F,
0xF7DE0B10,
0xED9DF80E,
0xE9DD0B18,
0x46043220,
0xEC51460D,
0xF7DE0B10,
0xED9DF804,
0xE9DD0B16,
0x4680321E,
0xEC514689,
0xF7DD0B10,
0xEC41FFFA,
0x99150B10,
0xAB1FEC4B,
0x0B16ED8D,
0x8B10EC49,
0x0B18ED8D,
0x4B10EC45,
0x518AF501,
0x0B1AED8D,
0x6B10EC47,
0x0B1CED8D,
0x2007E9DD,
0x0B1EEC42,
0x200DE9DD,
0x0B1DEC42,
0x200FE9DD,
0x0B1CEC42,
0x2009E9DD,
0x0B19EC42,
0x200BE9DD,
0x0B1BEC42,
0x2011E9DD,
0x0B18EC42,
0x2013E9DD,
0x0B1AEC42,
0x4FCFF5B1,
0xAE96F47F,
0x0B75ED9F,
0x0B1AEC51,
0x4B10EC56,
0x46334622,
0xF7DE9414,
0x4681F8D3,
0xEC514688,
0x46220B18,
0x46B34633,
0xF8CAF7DE,
0x0B6DED9F,
0x460C4682,
0x46414648,
0xA048F8CD,
0xEC559413,
0x46326B10,
0x961F462B,
0xF7DD9520,
0x9B04FFA0,
0x0B10EC41,
0xAB18EC44,
0xF8D34629,
0xF8D32A60,
0xF5037A5C,
0x469A7056,
0x92259022,
0x72ACF503,
0x04C7EB00,
0x46434630,
0xEB029224,
0xED8202C7,
0x464A0B00,
0xF824F7DE,
0x0B10EC41,
0x60ABF50A,
0xED849D14,
0x465C8B00,
0x90239721,
0x00C7EB00,
0xED804623,
0xEC510B00,
0x462A0B1B,
0xF888F7DE,
0x0B4EED9F,
0x468B4680,
0x0B10EC51,
0x911E9015,
0x2312E9DD,
0xF804F7DE,
0x6AEBF50A,
0x0B10EC41,
0x0B19EC51,
0xEB0A4623,
0xED8202C7,
0x462A0B00,
0xF86EF7DE,
0x9E209D1F,
0x460F4681,
0x46594640,
0x4633462A,
0xFF4BF7DD,
0x0B10EC41,
0x98229A25,
0xEC479924,
0x465B9B11,
0x01C2EB01,
0x00C2EB00,
0x46424614,
0x0B00ED81,
0x1B00ED80,
0x46314628,
0xFFD6F7DD,
0xEC419A23,
0x98150B18,
0x463B991E,
0x06C4EB02,
0xF7DD464A,
0xED9DFFCB,
0xEC410B16,
0xEC510B19,
0xED860B1F,
0xEB0A8B00,
0xEC5304C4,
0xF7DD2B10,
0xED84FFBD,
0xF7DE9B00,
0xED9DF9FC,
0x46040B18,
0x0B1EEC51,
0x2B10EC53,
0xFFB0F7DD,
0xF9F1F7DE,
0x4A10EE00,
0x0A90EE00,
0xF948F002,
0x8A40EEB0,
0x0B1AED9D,
0x0B1DEC51,
0x2B10EC53,
0xFEFDF7DD,
0xF9DFF7DE,
0x0B1CED9D,
0xEC514604,
0xEC530B1C,
0xF7DD2B10,
0xF7DEFEF2,
0xEE00F9D4,
0xEE004A10,
0xF0020A90,
0x9804F92B,
0xEE389921,
0xEB000A40,
0xF6000081,
0xED801058,
0xB0360A00,
0x8B10ECBD,
0xE8BDB001,
0xBF008FF0,
0x00000000,
0x40180000,
0x00000000,
0x3FF00000,
0x00000000,
0x80000000,
0x43F0E92D,
0x4604B08D,
0x0145E9D4,
0x2A58F8D4,
0xF0001A10,
0x4D4AF897,
0x3128F8D4,
0x0810F10D,
0x0918F10D,
0xAF0AAE08,
0x5100F04F,
0x5200F44F,
0x7600E9CD,
0x9802E9CD,
0xF0014628,
0xF8D4FF77,
0xED9D0A5C,
0xEB040B0A,
0xED8000C0,
0xED9D0B56,
0xED800B08,
0xF8D40BD6,
0xE9D40A58,
0x44102145,
0xF870F000,
0x3128F8D4,
0xF04F4628,
0xF44F5100,
0xE9CD5200,
0xE9CD7600,
0xF0019802,
0xF8D4FF57,
0xED9D0A5C,
0xEB040B0A,
0xF50000C0,
0xF50061AB,
0xED8160EB,
0xED9D0B00,
0xED800B08,
0xB00D0B00,
0x83F0E8BD,
0xB08CB510,
0xF8D44604,
0x2803010C,
0xE8DFD831,
0x3202F000,
0xAA083E38,
0xF8D4A80A,
0xF10D3128,
0xA9060C10,
0x0200E9CD,
0xE9CD481C,
0xF04F1C02,
0xF44F5100,
0xF0015200,
0xF8D4FF27,
0xED9D0A5C,
0xEB040B0A,
0xED8000C0,
0xED9D0B56,
0xED800B08,
0xF8D40BD6,
0xED9D0A60,
0xEB040B06,
0xF50000C0,
0xF50061AB,
0xED8160EB,
0xED9D0B00,
0xED800B04,
0xB00C0B00,
0x4620BD10,
0xE8BDB00C,
0xF7FF4010,
0x4620BF6D,
0xE8BDB00C,
0xF7FF4010,
0x4620BCB7,
0xE8BDB00C,
0xF7FF4010,
0xBF00BBA1,
0x20010000,
0x4FF0E92D,
0x4E58B09D,
0xF44F9000,
0x46894038,
0x4FC14956,
0x5830AC16,
0x4855900A,
0x91095841,
0x91086801,
0x90076840,
0x90066838,
0x68014851,
0x68419105,
0x68819104,
0x68C19103,
0x211C9102,
0x90016900,
0xF7DD4620,
0x4D4BFDF4,
0xE0052000,
0x0180EB07,
0xF8445949,
0x30011020,
0xD1F72807,
0x212CAF0B,
0xF7DD4638,
0x2000FDE4,
0xF856E004,
0xF8471020,
0x30011020,
0xD1F8280B,
0xF04F483C,
0x46010A01,
0x68496808,
0xF0004008,
0x28010003,
0xF04FBF08,
0x46500A02,
0xFDC6F7E3,
0x21004837,
0x0B00F04F,
0x0124F8D0,
0x0003F000,
0x0F01F090,
0xBF084650,
0xF7E42103,
0x4931FB15,
0x68082300,
0x49954688,
0x0D00460A,
0xF3606811,
0x20011188,
0x46516011,
0xF7E19A00,
0x2064FB13,
0xF8AAF7EB,
0x46494650,
0xF7DF464A,
0xF8D8FD73,
0x46520000,
0xF3C02302,
0x20015102,
0xFB86F7DF,
0x21012001,
0xFDAAF7E1,
0xF857E005,
0xF846002B,
0xF10B002B,
0xF1BB0B01,
0xD1F60F0B,
0xF44F990A,
0x4B7E4038,
0x48135031,
0x9A094911,
0x99085042,
0x99076001,
0x98066041,
0x480F6018,
0x60019905,
0x60419904,
0x60819903,
0x60C19902,
0x61019901,
0x28072000,
0xB01DBF04,
0x8FF0E8BD,
0x1020F854,
0x0280EB03,
0x51513001,
0xBF00E7F3,
0x40084808,
0xFFFFFEA4,
0x4009016C,
0x4008400C,
0xFFFFC000,
0x00035000,
0x40094008,
0xED2DB570,
0x46048B04,
0xF5046820,
0x2801718A,
0xF604BF08,
0xF8942158,
0x680D0110,
0x2801495D,
0x0108F101,
0xF244BF04,
0xF2C40108,
0x680E0108,
0x1118F8D4,
0xF7DF460A,
0xF894FD09,
0x20011110,
0x2300462A,
0xFA9AF7E1,
0x3102F3C6,
0x2110F894,
0x23022001,
0xFB16F7DF,
0x21012001,
0xFD3AF7E1,
0x010CF8D4,
0xF2002803,
0xE8DF8092,
0x5202F000,
0x4C496E5D,
0x5500F04F,
0x0000F9B4,
0x1000F9B5,
0x0A10EE00,
0x1A10EE01,
0x0AC0EEB8,
0x0AC1EEF8,
0xFF60F001,
0x9A40EEB0,
0xF8EAF002,
0x8A40EEB0,
0x0A49EEB0,
0xFF90F003,
0xEEB12000,
0xE02C0A40,
0x1020F935,
0x2020F934,
0x3020F935,
0x1A10EE01,
0x2A10EE02,
0x3A10EE04,
0x1AC1EEB8,
0x1020F934,
0x2AC2EEB8,
0x1A01EE28,
0x1A10EE03,
0x1A42EE00,
0x3AC3EEB8,
0x2AC4EEB8,
0x1AC1EEBD,
0x3A03EE28,
0x1A10EE11,
0x3A02EE00,
0x1AC3EEBD,
0x1020F825,
0x1A10EE11,
0x1020F824,
0xF5B03001,
0xD1CF5F00,
0x4921E03D,
0x22002000,
0xF821E002,
0x32010022,
0x5F00F5B2,
0xE032D1F9,
0x4A1D491B,
0xF44F2000,
0x2500533B,
0xEB02E005,
0xF8210685,
0x35010025,
0xF5B552F0,
0xD1F67F0A,
0x4914E00B,
0xE0052000,
0x2020F831,
0xF8214252,
0x30012020,
0x7F0AF5B0,
0x4810D1F6,
0xF44F4910,
0xF7DD620A,
0x4C0CFC87,
0xE0092501,
0xF04F4620,
0xF44F5100,
0xF7DD528A,
0x3501FC7D,
0x548AF504,
0x2806B2A8,
0xECBDD9F2,
0xBD708B04,
0x40084008,
0x20000002,
0x20004002,
0x20001140,
0x200008A0,
0x20004000,
0x00000000,
0xED2DB5F8,
0x46044B0A,
0x493D460D,
0x6000F44F,
0xBF082C01,
0x6080F44F,
0x42016809,
0xA039D00B,
0x22002100,
0xE9CD23F1,
0x20011000,
0x31FFF04F,
0xF7F59402,
0xED9FFC0B,
0x4F3A8B30,
0xE0182600,
0x0086EB07,
0x1000F9B0,
0x2000F9B0,
0x3002F9B0,
0x0002F9B0,
0xF003FB10,
0x0001FB12,
0xFE79F7DD,
0x460B4602,
0x0B18EC51,
0xFC5BF7DD,
0xEC413601,
0xF5B60B18,
0xD1E36F80,
0x0B18EC51,
0xFF35F7DD,
0x0A10EE00,
0xFBD8F002,
0x8A27ED9F,
0x1A04EEB2,
0x8A01EE00,
0x0A0EEEBB,
0x8AC0EEB4,
0xFA10EEF1,
0xEE01DA25,
0xED9F5A10,
0xEEB80A21,
0xEE811AC1,
0xEE100A00,
0xF7DD0A10,
0x4605FF05,
0x0A10EE18,
0xF7DD460E,
0xEC41FEFF,
0xA0190B10,
0xEC462100,
0x22005B11,
0xE9CD23FC,
0x20011000,
0x31FFF04F,
0xED8D9402,
0xED8D0B04,
0xF7F51B06,
0xECBDFBAF,
0xB0014B0A,
0xBF00BDF0,
0x00000000,
0x00000000,
0x40088034,
0x72615709,
0x676E696E,
0x5852203A,
0x61684320,
0x6425206E,
0x65766F20,
0x6F6C6672,
0x000A0D77,
0x20011000,
0xC2F0D2F2,
0x49742400,
0x61572009,
0x6E696E72,
0x52203A67,
0x68432058,
0x25206E61,
0x6F6C2064,
0x6F702077,
0x20726577,
0x322E255B,
0x46426466,
0x40205D73,
0x342E2520,
0x0D7A4866,
0x0000000A,
0xB088B570,
0xF8D44604,
0xEB040A5C,
0x68850080,
0x5A58F8C4,
0xF0166826,
0xD0280F0A,
0xD40607B0,
0x234EE9D4,
0x0130F8B4,
0x95002100,
0xE9D4E006,
0xF8B42352,
0x426E0140,
0x96002100,
0xF7F99101,
0xF8B4FC6F,
0xA9060140,
0xFFFCF7F4,
0x0130F8B4,
0xF7F4A904,
0x9806FFF7,
0x1A089904,
0x1150F8D4,
0xF8C44408,
0x20640A58,
0xFE96F7EA,
0xF0166826,
0xD0210F30,
0x0140F8B4,
0xF7F4A906,
0xE9D4FFE3,
0xF8B42352,
0x21010140,
0x5100E9CD,
0xFC48F7F9,
0x1000F3C6,
0xEB012102,
0xA9020040,
0xFE40F7FB,
0x99029806,
0xF8D41A08,
0x44081150,
0x0A58F8C4,
0xF7EA2064,
0x6826FE71,
0xD00207F0,
0xF7FF4620,
0xB008FE13,
0x0000BD70,
0xF1A1B5F8,
0xF1BC0C01,
0xD8510F3F,
0x1A00EEBF,
0x0AC1EEB4,
0xFA10EEF1,
0xEEB7DB4A,
0xEEF41A00,
0xEEF10AC1,
0xDA43FA10,
0x2A10EE01,
0x2A00EEB6,
0xEEB84603,
0xEE211AC1,
0xEE213A00,
0xEE234A20,
0xEE243A02,
0xEEBD4A02,
0xEE133AC3,
0xF843EA10,
0xEEBDEF08,
0xF8C33AC4,
0xEE132100,
0xEE032A10,
0xF843CA10,
0x39021C04,
0x202CF843,
0xEEB82203,
0x1E933AC3,
0xBFD8459C,
0xEE04BD8F,
0xEE051A10,
0x39013A10,
0x4AC4EEB8,
0x5AC5EEB8,
0x4A00EE24,
0x4A20EE05,
0x4A03EE84,
0x4A01EE24,
0x4A02EE24,
0x4AC4EEBD,
0x3A10EE14,
0x3022F840,
0xE7E03201,
0xA10EA007,
0xF2402200,
0xE9CD232F,
0x90022100,
0xF04F2005,
0x220031FF,
0xFAA8F7F5,
0xBF00BD8F,
0x656E6F74,
0x6577735F,
0x665F7065,
0x5F716572,
0x7473696C,
0x6E6F635F,
0x00676966,
0x65207325,
0x726F7272,
0x65726620,
0x6F632071,
0x6769666E,
0x00000A0D,
0x47F0E92D,
0x4B0AED2D,
0x4EAF4604,
0x82B4F8DF,
0x0140F8B4,
0x46374635,
0xBF082800,
0xF8B44645,
0x28000130,
0x4647BF08,
0xF0106820,
0xD00C0F01,
0x2100A0A6,
0xF2402200,
0xE9CD2346,
0x20021000,
0x31FFF04F,
0xFA68F7F5,
0xF0106820,
0xD01B0F30,
0x0710F000,
0xA9062002,
0x00D7EB00,
0xFD7AF7FB,
0x0106E9DD,
0xF04F2F00,
0xF2400200,
0xE9CD234E,
0xBF080104,
0xA09B4646,
0xE9CD2100,
0x96021000,
0xF04F2002,
0xE01C31FF,
0x014EE9D4,
0x22002600,
0x2352F240,
0x0104E9CD,
0xF04FA09A,
0xE9CD31FF,
0x20026000,
0xF7F59702,
0x7820FA37,
0xD50A0700,
0xF04F489B,
0x220031FF,
0x7315F44F,
0x90019600,
0xF7F52002,
0xE9D4FA29,
0xF04F0152,
0x22000A00,
0x2357F240,
0x0104E9CD,
0xF04FA092,
0xE9CD31FF,
0x2002A000,
0xF7F59502,
0x7820FA17,
0xD50B0780,
0xF04F488B,
0x220031FF,
0x2359F240,
0xA000F8CD,
0x20029001,
0xFA08F7F5,
0x0154E9D4,
0x8234F8DF,
0xF2402200,
0xE9CD235A,
0x48890102,
0x31FFF04F,
0xA000E9CD,
0x47C02002,
0xF04F6860,
0x220031FF,
0x7317F44F,
0x48849002,
0xA000E9CD,
0x47C02002,
0x0108F8D4,
0x8A81ED9F,
0x0A10EE00,
0x0AC0EEB8,
0x0A08EE80,
0x0A10EE10,
0xFD1AF7DD,
0xEC414A7C,
0x20020B10,
0x31FFF04F,
0x235DF240,
0xA200E9CD,
0xED8D2200,
0x47C00B02,
0xF04FA076,
0x220031FF,
0x235EF240,
0xA000E9CD,
0x47C02002,
0xF8DF4D82,
0xF104920C,
0x26000708,
0xF857E02A,
0xEE000026,
0xEEB80A10,
0xEE800AC0,
0xEE100A08,
0xF7DD0A10,
0xEC41FCEF,
0x20020B10,
0x31FFF04F,
0xF2402200,
0xE9CD2361,
0xED8DA500,
0xF7F50B02,
0x3601F9A5,
0x0F07F016,
0x6860D10C,
0xD0094286,
0xF04F2002,
0x220031FF,
0x2363F240,
0xA900E9CD,
0xF994F7F5,
0x42866860,
0x495BDBD1,
0x010CF8D4,
0x22002600,
0x2365F240,
0x91019600,
0xF8514957,
0xF04F0020,
0x900231FF,
0x47C02002,
0x0110F894,
0x31FFF04F,
0xF2402200,
0x90022366,
0xE9CD4850,
0x20026000,
0xF89447C0,
0xF04F011C,
0x220031FF,
0x2367F240,
0x484B9002,
0x6000E9CD,
0x47C02002,
0xF8D44949,
0x22000120,
0x731AF44F,
0x6100E9CD,
0xF8514946,
0xF04F0020,
0x900231FF,
0x47C02002,
0x0124F894,
0x31FFF04F,
0xF2402200,
0x90022369,
0xE9CD483F,
0x20026000,
0xF89447C0,
0xA13D012C,
0xF2402200,
0xE9CD236A,
0xF04F6100,
0x900231FF,
0x47C02002,
0x0128F8D4,
0x31FFF04F,
0xF2402200,
0x9002236B,
0xE9CD4838,
0x20026000,
0xECBD47C0,
0xE8BD4B0A,
0xBF0087F0,
0x0002ED09,
0x0002ED08,
0x434E0A0D,
0x2020204F,
0x20202020,
0x20202020,
0x2A2A2A2A,
0x00000000,
0x4C500A0D,
0x7A48284C,
0x20202029,
0x203A2020,
0x25207325,
0x20646C6C,
0x2A2A2A2A,
0x00000000,
0x58540A0D,
0x48284F4C,
0x2020297A,
0x203A2020,
0x20733625,
0x646C6C25,
0x00000000,
0x0002ECEA,
0x58520A0D,
0x48284F4C,
0x2020297A,
0x203A2020,
0x20733625,
0x646C6C25,
0x00000000,
0x0002ED31,
0x00019E25,
0x0002EC1B,
0x49742400,
0x0002EC6B,
0x71657246,
0x7473694C,
0x7A484D28,
0x00203A29,
0x0002ECB1,
0x0002DC24,
0x0002EC45,
0x0002EC58,
0x0002EC9E,
0x0002DC18,
0x0002EC32,
0x20706143,
0x696E6F50,
0x20202074,
0x6425203A,
0x00000A0D,
0x0002EC06,
0x0002ECDA,
0x0002ECC8,
0x4FF0E92D,
0xF10DB09B,
0x46060850,
0x4640211C,
0xF90BF7DD,
0x20004F51,
0xF857E004,
0xF8481020,
0x30011020,
0xD1F82807,
0x4080F44F,
0xF857AD09,
0x484BA000,
0xB000F8D0,
0x91066841,
0x91056881,
0x910468C1,
0x6900212C,
0x46289003,
0xF8EDF7DD,
0x20004C44,
0xF854E004,
0xF8451020,
0x30011020,
0xD1F8280B,
0x110CF8D6,
0x0900E9D6,
0x0101F021,
0x72D9EB09,
0xBF082902,
0x0962EA4F,
0x0F00F1B9,
0xF04FBF08,
0x28000901,
0xBA07E9CD,
0x2000D028,
0x22002100,
0xF7E02300,
0xF8D6FE2F,
0xB9200118,
0xF8B04831,
0xF8C60144,
0xF04F0118,
0xF04F0A00,
0xE0123BFF,
0xF8C66870,
0x4458AA5C,
0x0A60F8C6,
0xF7FF4630,
0x4630FCE7,
0xFCFAF7FE,
0xF7FF4630,
0xF1ABFA43,
0xF10A0B01,
0x45CA0A01,
0xE00DDBEA,
0xA126A022,
0xF44F2200,
0xE9CD73F3,
0x90022100,
0xF04F2005,
0x220031FF,
0xF83EF7F5,
0x21002000,
0x26002200,
0xF860F7DF,
0x21002001,
0x23002200,
0xFDF2F7E0,
0xF44F9908,
0x50394080,
0x99074810,
0x99066001,
0x99056041,
0x99046081,
0x990360C1,
0xE0046101,
0x0026F858,
0x0026F847,
0x2E073601,
0x2000D1F8,
0xBF04280B,
0xE8BDB01B,
0xF8558FF0,
0xF8441020,
0x30011020,
0xBF00E7F4,
0x40080008,
0x4008400C,
0x40084808,
0x00035000,
0x656E6F74,
0x6577735F,
0x705F7065,
0x00636F72,
0x203A7325,
0x6F727265,
0x72732072,
0x65735F63,
0x000A0D6C,
0x4FF8E92D,
0x1B1AED2D,
0xA097900D,
0x460D2400,
0x31FFF04F,
0xF2402200,
0xE9CD2371,
0x20024000,
0xFFE2F7F4,
0x950C2D00,
0xA0A1D00E,
0x31FFF04F,
0xF2402200,
0x90062373,
0x9005A09F,
0x9004A0A0,
0x9003A0A1,
0xE00DA0A2,
0xF04FA08C,
0x220031FF,
0x2375F240,
0xA08A9006,
0xA08A9005,
0xA08A9004,
0xA08A9003,
0x4000E9CD,
0x90024890,
0xF7F42002,
0x980DFFBB,
0xBA9DED9F,
0xEEB22500,
0xF04FCA04,
0xF1000800,
0xF5000108,
0x910B69EB,
0x980BE0E1,
0x0028F850,
0x0A10EE00,
0x0AC0EEB8,
0x0A0BEE80,
0x0A10EE10,
0xFADCF7DD,
0x0B10EC41,
0xF04FA090,
0x220031FF,
0x2379F240,
0x90019500,
0xED8D2002,
0xF7F40B02,
0xF5A9FF91,
0x980C64C0,
0x0B00ED94,
0xF0002800,
0xEC51809F,
0x46020B10,
0xF7DD460B,
0xF5A9F895,
0x46066580,
0xED95460F,
0xEC510B00,
0x46020B10,
0xF7DD460B,
0x4602F889,
0x4630460B,
0xF7DC4639,
0xF7DDFFDC,
0xEE00FABE,
0xF0010A10,
0xEEB0FF61,
0xED198A40,
0xED990B80,
0xEC519B00,
0x46020B10,
0xF7DD460B,
0x4606F871,
0xEC51460F,
0x46020B19,
0xF7DD460B,
0x4602F869,
0x4630460B,
0xF7DC4639,
0xF7DDFFBC,
0xEE00FA9E,
0xF0010A10,
0xEEB0FF41,
0xED959A40,
0xEC510B00,
0xF7DD0B10,
0xED94FA92,
0x46060B00,
0x0B10EC51,
0xFA8BF7DD,
0x6A10EE00,
0x0A90EE00,
0xF9E2F001,
0xAA40EEB0,
0x0B00ED99,
0xDB80ED19,
0x0B10EC51,
0xFA7BF7DD,
0xEC514606,
0xF7DD0B1D,
0xEE00FA76,
0xEE006A10,
0xEE280A90,
0xEE29DA0C,
0xF0019A0C,
0xEE1DF9C9,
0xEEB00A10,
0xF7DD8A40,
0x4682FA53,
0x0A10EE19,
0xF7DD468B,
0x4604FA4D,
0x0A10EE1A,
0xF7DD460D,
0x4606FA47,
0x0A10EE18,
0xF7DD460F,
0xEC41FA41,
0x484E0B13,
0x4B11EC45,
0x6B10EC47,
0xEC4B2500,
0xF04FAB12,
0x220031FF,
0x7320F44F,
0xED8D9500,
0xED8D2B02,
0xED8D1B04,
0xED8D0B06,
0x90013B08,
0xE0182002,
0x6080F5A9,
0x1B00ED99,
0x2B80ED19,
0x31FFF04F,
0xF44F2200,
0xED907321,
0xA0323B00,
0x0B02ED8D,
0x90019500,
0xED8D2002,
0xED8D2B06,
0xED8D1B08,
0xF7F43B04,
0xF109FECF,
0xF1080908,
0x980D0801,
0x45806840,
0xAF19F6FF,
0x1B1AECBD,
0xE8BDB001,
0xBF008FF0,
0x77730A0D,
0x20706565,
0x75736572,
0x0D3A746C,
0x0000000A,
0x0051324B,
0x0049324B,
0x0051314B,
0x0049314B,
0x20733925,
0x31312520,
0x25202073,
0x20733131,
0x31312520,
0x25202073,
0x0D733131,
0x0000000A,
0x0002ECE3,
0x74656854,
0x00003261,
0x74656854,
0x00003161,
0x6428324B,
0x00002942,
0x6428314B,
0x00002942,
0x20733925,
0x73382520,
0x38252020,
0x25202073,
0x20207337,
0x0D733725,
0x0000000A,
0x49742400,
0x342E3925,
0x00202066,
0x2E313125,
0x20206534,
0x2E313125,
0x20206534,
0x2E313125,
0x20206534,
0x2E313125,
0x0A0D6534,
0x00000000,
0x0002EC81,
0x4605B5F8,
0x2004460C,
0x782F7869,
0xF7E078AE,
0xF8A4F81D,
0x481F0130,
0xF8504A1F,
0x20021027,
0x46314211,
0x2001BF08,
0xF810F7E0,
0x0140F8A4,
0x719CF504,
0x0130F8B4,
0xFAF6F7F4,
0x0140F8B4,
0x71A4F504,
0xFAF0F7F4,
0x0102E9D5,
0xE9C42F09,
0xD8100154,
0xFA002001,
0xF411F107,
0xD1097F58,
0x0F0EF011,
0x78E8D008,
0x28022110,
0x2120BF08,
0xBDF86021,
0xBDF86020,
0x40B82001,
0x0F90F010,
0xBDF8BF08,
0x21097C28,
0xBF082804,
0x60212101,
0xBF00BDF8,
0x0002DEAC,
0x00DB0001,
0x4FF0E92D,
0xF7F8B087,
0xF7E2F965,
0xF7F8FE0F,
0xF7EDF961,
0x4EFDFABB,
0x1450F648,
0x0B01F04F,
0x10FFF240,
0xF04F2100,
0xF7F832FF,
0x4680F941,
0x0F00F1B8,
0x5930D0F4,
0x6208EA5F,
0xF000B2C1,
0x290080FC,
0x80F9F040,
0x1C40F648,
0x0901F04F,
0x0020F008,
0x0A00F04F,
0x300CF856,
0x3F80F413,
0xF04FBF08,
0x90060908,
0x0010F008,
0xF0089005,
0x90040008,
0x0004F008,
0xF0089003,
0x90020002,
0x0001F008,
0xFA4F9001,
0x4581F08A,
0x8140F340,
0x014EF896,
0x114CF8B6,
0x4200EA41,
0x0151E9D6,
0xEA430D0B,
0xF3433302,
0x2F000703,
0xF003DB14,
0xE8DF030F,
0x1D04F003,
0x5042372B,
0x9B01645E,
0xD05E2B00,
0xD55806C8,
0xF7E12001,
0x2801FAC7,
0x2701D166,
0xE03A2001,
0x214CF8A6,
0x0170F421,
0xF0220C13,
0xE9C6427F,
0xF8860151,
0xE048314E,
0x2B009B02,
0x0688D045,
0x2002D53F,
0xFAAEF7E1,
0xD14D2801,
0x20012701,
0xE0212102,
0xB3C39B03,
0xD5320648,
0xF7E12001,
0x2802FAA1,
0x2701D140,
0xE0142002,
0xB3639B04,
0xD5260608,
0xF7E12002,
0x2802FA95,
0x2002D134,
0x9B05E016,
0x0548B30B,
0x2001D51B,
0xFE66F7E2,
0x2701B350,
0x21012004,
0xFA8CF7F2,
0x9B06E025,
0x0508B19B,
0x2002D50D,
0xFE58F7E2,
0x2004B1E0,
0xF7F22102,
0x2701FA7F,
0x9B05E017,
0x05C8B12B,
0x2700D409,
0x9B06E013,
0x2700B90B,
0x0588E021,
0x2700D446,
0x2001E050,
0xFE40F7E2,
0x2001B120,
0xF7F52701,
0xE000FCC9,
0xF6482700,
0xE9D61C40,
0xEB0B0151,
0xF4215211,
0xF0020170,
0xEA41020F,
0xF8965102,
0xF8B6214E,
0xF8C6314C,
0xEA431148,
0x0D0C4202,
0x300CF856,
0x3402EA44,
0x050FF004,
0xF505FA0B,
0x2513EA05,
0xD016062D,
0x3580F403,
0xD10F432F,
0x214CF8A6,
0xF4210C12,
0xF8860170,
0x1C62214E,
0x020FF002,
0xBF982A07,
0x5102EA41,
0x0151E9C6,
0x0A01F10A,
0x2F00E739,
0xE7E9D1FA,
0xF7E22002,
0xB120FDFB,
0xF7F52002,
0x2701FC85,
0x2700E000,
0x1C40F648,
0x0151E9D6,
0x0170F421,
0xF240E7BF,
0xEA181203,
0xF43F0F02,
0xEA5FAEED,
0xD50552C8,
0x0F03F091,
0xF7ECD102,
0x5930FE8D,
0x31FFF04F,
0xF180FA51,
0xD9712903,
0xB2C02100,
0xF1703901,
0xF4FF0004,
0x483AAED7,
0x0F01F018,
0xF04F6801,
0xBF180000,
0xD0192900,
0x1258F648,
0x105AF648,
0x5C305CB2,
0x72E1EB02,
0x4100F021,
0xFB923201,
0xFB03F3F0,
0x0F8A2010,
0x1364F648,
0xEB060089,
0x50C21000,
0x1260F648,
0x20015081,
0x21064A28,
0x7388EA5F,
0x0148EA01,
0xD51B6852,
0xF648B1D2,
0xF6481759,
0xF040135B,
0x5DF70002,
0xEB075CF3,
0xF02277E2,
0x37014200,
0xF5F3FB97,
0x7313FB05,
0xF6480F97,
0x0092156C,
0x1303EB06,
0xF648515F,
0x51DA1768,
0x23004A16,
0xB2C86550,
0xF7EC2200,
0xE687FFBF,
0xF64825C0,
0xEA051440,
0xEA400088,
0x02000008,
0x4318B280,
0x000CF846,
0xFF82F7F7,
0x0280EA05,
0x43105931,
0xB2800200,
0x51304308,
0xF7F720FF,
0xF648FF65,
0xE66B1450,
0xF93EF7ED,
0x70C8EA5F,
0xAE66F43F,
0xF7EC2001,
0xE661FDEB,
0x400000B4,
0x4D6EB5B0,
0xF8D54604,
0x06C00148,
0x2001D508,
0xF974F7E1,
0xD1032801,
0x21014620,
0xFF6AF7F7,
0x0148F8D5,
0xD5080680,
0xF7E12002,
0x2801F967,
0x4620D103,
0xF7F72102,
0xF8D5FF5D,
0x06400148,
0x2001D508,
0xF95AF7E1,
0xD1032802,
0x21044620,
0xFF50F7F7,
0x0148F8D5,
0xD5080600,
0xF7E12002,
0x2802F94D,
0x4620D103,
0xF7F72108,
0xF8D5FF43,
0xF4100148,
0xD0076FA0,
0xF7E22001,
0xB118FD1B,
0x21104620,
0xFF36F7F7,
0x0148F8D5,
0x6F20F410,
0xBDB0BF08,
0xF7E22002,
0xB128FD0D,
0x21204620,
0x40B0E8BD,
0xBF26F7F7,
0xBF00BDB0,
0x00035000,
0xB088B570,
0xA9062000,
0x0006E9CD,
0x0004E9CD,
0xF7F42000,
0xA904F8B3,
0xF7F42001,
0xF000F8AF,
0x2000F877,
0x22002100,
0xFC20F7DE,
0xF44F4E37,
0x2300727A,
0x5440E9D6,
0x0106E9DD,
0x41A11B40,
0xFBE9F7DC,
0xD5002800,
0x28654240,
0x2000DB04,
0x4623462A,
0xF8A4F7F4,
0x5442E9D6,
0x0104E9DD,
0x727AF44F,
0x1B402300,
0xF7DC41A1,
0x2800FBD4,
0x4240D500,
0xDB042865,
0x462A2001,
0xF7F44623,
0x2002F88F,
0xF7DF2101,
0xF8B6FD8B,
0x42902092,
0x2002D003,
0xF7DF2101,
0x2002FDCB,
0xF7DF2102,
0xF8B6FD7F,
0x42902094,
0x2002D003,
0xF7DF2102,
0x2001FDBF,
0xF7DF2101,
0x8872FD73,
0xD0034290,
0x21012001,
0xFDB4F7DF,
0x21022001,
0xF7DF2401,
0x88B2FD67,
0xD0034290,
0x21022001,
0xFDA8F7DF,
0x1044F648,
0x22002100,
0x66B15031,
0x60B16531,
0xF8C66231,
0xF8C61098,
0xE9CD10B0,
0x20001100,
0x94022100,
0xFBBAF7E7,
0xBD70B008,
0x00035000,
0x43FEE92D,
0x4F2B466C,
0xF04F4D2B,
0x2101496E,
0xF8CD4620,
0x97019000,
0x4E2847A8,
0x0800F04F,
0xF5062101,
0x90003000,
0xF8CD4620,
0x47A88004,
0x21014620,
0x9700E9CD,
0x462047A8,
0xE9CD2101,
0x47A86800,
0x407FF04F,
0x9000F8CD,
0x90012101,
0x47A84620,
0xF04F4F1A,
0x21015088,
0x90019700,
0x47A84620,
0xF8CD20C3,
0x21019000,
0x46209001,
0xF10747A8,
0x21010008,
0x20419000,
0x46209001,
0xF04F47A8,
0xF8CD4070,
0x21019000,
0x46209001,
0xF10747A8,
0x2101000C,
0x0800E9CD,
0x47A84620,
0x21022003,
0xFF72F7DD,
0x21022003,
0xF88AF7DE,
0x83FEE8BD,
0x3FFF0000,
0x0001FF65,
0xE2060030,
0xE212001C,
0xB086B570,
0x6081F44F,
0x0A1AED9F,
0xF2406806,
0x6805400C,
0xB2846800,
0xEE014260,
0xEEB80A10,
0xEE811AC1,
0xEE100A00,
0xF7DC0A10,
0xEC41FE49,
0xA0110B10,
0xF0062100,
0x22000603,
0xE9CD23BB,
0x20011000,
0x31FFF04F,
0xED8D9602,
0xF7F40B04,
0xB2F0FAFB,
0xDB052D00,
0xB0064621,
0x4070E8BD,
0xBEBEF7E2,
0xFE66F7E2,
0x6184F44F,
0xB0066008,
0xBF00BD70,
0x447A0000,
0x63207874,
0x78303A68,
0x202C7825,
0x65747461,
0x30253A6E,
0x2066332E,
0x0A0D6264,
0x00000000,
0xB087B5F0,
0x4004F240,
0xF3C06800,
0x28034007,
0xE8DFD848,
0x0702F000,
0xB007332D,
0x40F0E8BD,
0xBFA2F7FF,
0x6081F44F,
0x430CF240,
0x68026801,
0x681C6800,
0x6382F44F,
0xF3C0681D,
0xF0012007,
0x9000060F,
0x1703F3C2,
0x46224630,
0x4639462B,
0xF984F7E3,
0xE9CD481D,
0xE9CD4504,
0xF04F6702,
0x220031FF,
0x900123DA,
0x90002000,
0xE0172001,
0xF958F7E3,
0x6184F44F,
0xE0136008,
0x6081F44F,
0xF0006800,
0x4620040F,
0xF952F7E3,
0x2100A006,
0x23E22200,
0x1000E9CD,
0xF04F2001,
0x940231FF,
0xFA86F7F4,
0xBDF0B007,
0x70207874,
0x7265776F,
0x72746320,
0x7265206C,
0x65722072,
0x20746573,
0x203A6863,
0x78257830,
0x00000A0D,
0x0002E26B,
0x4FF0E92D,
0x4D4DB099,
0xF44F4680,
0xAC124080,
0xA000F855,
0xF8D0484A,
0xF8D0B000,
0x68869004,
0x910668C1,
0x6900211C,
0x46209005,
0xFAB1F7DC,
0xE0042000,
0x1020F855,
0x1020F844,
0x28073001,
0xAD07D1F8,
0x4628212C,
0xFAA3F7DC,
0x20004F3D,
0xF857E004,
0xF8451020,
0x30011020,
0xD1F8280B,
0x0000F898,
0x00FEF000,
0xD1632808,
0x6903E9CD,
0xF8984E35,
0xF8989001,
0xF8B68002,
0x46481144,
0xF7DE460A,
0xF8D6FA55,
0x216400E0,
0x26002300,
0xFB000B40,
0x2001F201,
0xF7DF4649,
0x2002FFE1,
0x46422100,
0xF7DE2315,
0x4640F85F,
0xF7DD2101,
0xF1B0FE57,
0xDC0E3FFF,
0xF04FA024,
0x220031FF,
0x1365F240,
0x6000E9CD,
0xF7F42005,
0x4640FA09,
0xF7DD2102,
0x2000FE45,
0x22002100,
0xF7DE2600,
0x2000FA27,
0x22002100,
0xF7DF2300,
0xF8DDFFB9,
0xE004C00C,
0x0026F855,
0x0026F847,
0x2E0B3601,
0x4A0FD1F8,
0x9F044B0D,
0xE0042000,
0x1020F854,
0x1020F843,
0x28073001,
0xF44FD1F8,
0xF8434080,
0xF8C2A000,
0x6057B000,
0xC008F8C2,
0x60D09806,
0x61109805,
0xE8BDB019,
0xBF008FF0,
0x40080008,
0x4008400C,
0x40084808,
0x00035000,
0x3A727265,
0x78726F20,
0x65766F5F,
0x6F6C6672,
0x000A0D77,
0x4FF0E92D,
0x4E45B097,
0xF44F4680,
0xAC104080,
0x9000F856,
0xF8D04842,
0xF8D0A000,
0x6881B004,
0x68C19104,
0x211C9103,
0x90026900,
0xF7DC4620,
0x2000FA00,
0xF856E004,
0xF8441020,
0x30011020,
0xD1F82807,
0x212CAD05,
0xF7DC4628,
0x4F35F9F2,
0xE0042000,
0x1020F857,
0x1020F845,
0x280B3001,
0xF898D1F8,
0x28070000,
0xE9CDD155,
0xF8DFBA00,
0x46CBA190,
0x9001F898,
0x8002F898,
0x1144F8BA,
0x460A4648,
0xF9A4F7DE,
0x00E0F8DA,
0x23002164,
0x0A00F04F,
0xFB000B40,
0x4649F201,
0x200146D9,
0xB000F8DD,
0xFF2CF7DF,
0x21002002,
0x23154642,
0xFFAAF7DD,
0x21014640,
0xFEBEF7DD,
0x21002000,
0xF7DE2200,
0x2000F985,
0x22002100,
0xF7DF2300,
0xE005FF17,
0x002AF855,
0x002AF847,
0x0A01F10A,
0x0F0BF1BA,
0x9A01D1F6,
0xE0042000,
0x1020F854,
0x1020F846,
0x28073001,
0xF44FD1F8,
0xF8464080,
0x48079000,
0xF8C06002,
0x9904B004,
0x99036081,
0x990260C1,
0xB0176101,
0x8FF0E8BD,
0x40080008,
0x4008400C,
0x40084808,
0xB0A4B5B0,
0x4605AC04,
0x46202180,
0xF97DF7DC,
0x2840B2E8,
0xA01AD30D,
0x22002100,
0x231DF240,
0x1000E9CD,
0xF04F2005,
0x950231FF,
0xF914F7F4,
0x4A1C2520,
0x70D5EB05,
0x0103F06F,
0x0140EA01,
0xF44F4010,
0x1A284200,
0xFA020100,
0x4A17F000,
0x48155060,
0x40116801,
0xF0412280,
0x6001417F,
0x46214813,
0xF938F7DC,
0x68014812,
0x0180F021,
0x68416001,
0x0180F021,
0xB0246041,
0xBF00BDB0,
0x20746573,
0x6473656A,
0x64207872,
0x79616C65,
0x72726520,
0x6E69202C,
0x3A786564,
0x0A0D6425,
0x00000000,
0x0FFFFFFE,
0x40086008,
0x00FFFF5F,
0x40086094,
0x40084018,
0x48074602,
0x012EF890,
0xD0060700,
0x2001B580,
0xF7FC2104,
0xE8BDFE49,
0x20004080,
0xBF004770,
0x00035000,
0x4FF0E92D,
0x4601B08B,
0x0800F04F,
0xF8CDA806,
0x91018018,
0xF952F7E3,
0xF64F4FCE,
0xF10D74FF,
0x9801091E,
0x31FFF04F,
0xFB1CF7F7,
0xD1F82800,
0x0400F8B7,
0xF8B7E177,
0x44380400,
0x8001F880,
0x0400F8B7,
0xF8A73001,
0xFA170400,
0xF811F180,
0xB2812C01,
0xD0072A0D,
0xD0052A0A,
0x6F80F5B1,
0x8161F0C0,
0x3901E15C,
0xF0002900,
0x190A8159,
0x5C38B290,
0xBF18284D,
0xD1F42853,
0xFA172100,
0x2600FB82,
0x25002200,
0x21009105,
0x601EF8AD,
0xE1339103,
0xFA82FA5F,
0xF1BA9204,
0xD8340F05,
0xF00AE8DF,
0x7E49413B,
0x46580303,
0xF7E34649,
0xF8BDFC07,
0x2900101E,
0x8083F000,
0x900A9A03,
0xB2D29602,
0xF0002A12,
0x2A02808F,
0x80A0F000,
0xF0002A11,
0x2A0180C0,
0x80F3F040,
0x0EB29E02,
0xF2002A10,
0x4F9B80C2,
0x6F80F5B6,
0x0800F04F,
0x74FFF64F,
0x091EF10D,
0xF0406030,
0x980A80C9,
0x42904A90,
0x80BCF000,
0xF1BAE0C2,
0xBF110FFF,
0x20009A04,
0x22FF9003,
0x2853E0ED,
0x284DD053,
0x2201D154,
0x2852E0BF,
0x2857D053,
0x2202BF0C,
0x98032200,
0x4658E050,
0x46B2A908,
0x8020F8AD,
0xFBBEF7E3,
0xF8BD9005,
0xB3B00020,
0x0600EB0B,
0xF7E44630,
0x1831F91D,
0x283C5C30,
0x7848D112,
0xD10F283C,
0x46301C8E,
0xF912F7E4,
0xA9084406,
0xF7E34630,
0xF8BDFBA5,
0xB1F11020,
0x44319A05,
0x92054082,
0x000BEBA1,
0xF8AD9905,
0x2900001E,
0x0401DB16,
0xD0144656,
0xF080FA1B,
0xE0092203,
0x46494658,
0xFB8CF7E3,
0xF8BD4606,
0xB140001E,
0x22044458,
0x0B01F1A0,
0xF04FE09D,
0x900530FF,
0x22004656,
0x2011E097,
0xE06D2201,
0x22002000,
0x9803E06A,
0x30012202,
0x38014601,
0x9103B2C0,
0xBF382802,
0xE0862203,
0x2700B284,
0x9805E00C,
0xAA0AB2B1,
0xF7E12301,
0x9A0AFEB7,
0x4631484F,
0xF970F000,
0x36043701,
0x4284B2B8,
0xE058D8EF,
0x8008F8DD,
0xF04FB286,
0xE0170900,
0x4F88F1B8,
0x4845D90A,
0xD10D4540,
0x49434845,
0x005DF890,
0x0201F000,
0xE0034841,
0x2000F8D8,
0x4641483F,
0xF950F000,
0x0901F109,
0x0804F108,
0xF089FA1F,
0xD8E34286,
0x9A05E035,
0xB33A2100,
0xE0019B02,
0x31010852,
0xD1FB2A00,
0x4A33E021,
0xF04F4F39,
0xF64F0800,
0xF10D74FF,
0x4296091E,
0xB138D108,
0x4602482F,
0x005CF8B2,
0x7080F440,
0x005CF8A2,
0xEB0B9A04,
0xF1BA0001,
0xF1060F04,
0xF1A00604,
0xBF080B01,
0x20013201,
0xE0249003,
0x90099B02,
0x4001EA43,
0xF0402101,
0x90084060,
0xF7F9A808,
0x9A04FFFD,
0x0F04F1BA,
0xF04F4F22,
0xF64F0800,
0xF10D74FF,
0xBF08091E,
0xF8BD3201,
0x9E02001E,
0x36044458,
0x0B01F1A0,
0xF0409803,
0xB2C00010,
0xBF082812,
0xF81B22FF,
0x35010F01,
0x417CF405,
0x2F91EBB8,
0xB2C0D109,
0xD006280D,
0xD0F22809,
0xD0F02820,
0xF47F280A,
0x203EAEBD,
0xFCE2F003,
0xF8A72000,
0xFA170400,
0x9806F180,
0xFBE8F7E0,
0xF6BF2800,
0xE674AE80,
0x44000030,
0x0002E3E0,
0x00000C00,
0x00D0C0DE,
0x4902B110,
0x0404F8C1,
0xBF004770,
0x0003F280,
0xDC062920,
0xFB922220,
0xFB02F2F1,
0x2B20F301,
0xB5F8D00F,
0xA114A011,
0xF44F2200,
0xE9CD7357,
0x90022100,
0xF04F2005,
0x220031FF,
0xFEFAF7F3,
0xEA4FBD8F,
0x4A080C82,
0x428B2300,
0x4770BFA8,
0x1A00ED92,
0x0A00ED90,
0x33014462,
0x0A00EE21,
0x0A00ED80,
0xE7F03004,
0x0002DC34,
0x646E6977,
0x6E69776F,
0x00000067,
0x65207325,
0x726F7272,
0x6E69203A,
0x696C6176,
0x69772064,
0x776F646E,
0x6E656C20,
0x0D687467,
0x0000000A,
0x4FF8E92D,
0x7B06ED2D,
0x46119101,
0x91002A00,
0x2800D071,
0x9901D06F,
0xD06C2900,
0x2F009F10,
0x9F11D069,
0xD0662F00,
0x2F009F12,
0x9F13D063,
0xD0602F00,
0x0283EB00,
0x0800F04F,
0x0900F04F,
0xF04F2700,
0x25000E00,
0xF04F2600,
0xF04F0A00,
0x23000B00,
0x9801E021,
0x0483EB02,
0x463146AC,
0x5000F9B4,
0x0083EB00,
0xF9B03301,
0xFBC66000,
0xF9B48985,
0xF9B06002,
0xFBC55002,
0xF9B4AB86,
0xF9B06000,
0xFBC55002,
0xF9B47E86,
0xF9B06002,
0x46650000,
0x5186FBC0,
0x9800460E,
0xDBDA4283,
0x0008EB1A,
0xEB4B4674,
0xF7DC0109,
0xEC41F916,
0x98100B10,
0x0B00ED80,
0xEB661BE8,
0xF7DC0104,
0xEC41F90C,
0xEBB80B18,
0xEB69000A,
0xF7DC010B,
0xEC41F904,
0x98110B19,
0x8B00ED80,
0xEB4619E8,
0xF7DC0104,
0xEC41F8FA,
0x98120B10,
0x9B00ED80,
0xED809813,
0xECBD0B00,
0xB0017B06,
0x8FF0E8BD,
0x4B05B40F,
0xA903B510,
0x98024A04,
0xF83CF003,
0xF85DBC10,
0x0000FB14,
0x00014649,
0x00054A60,
0x4B08B40F,
0xA904B510,
0x9803AA02,
0xF82CF003,
0xA9024604,
0xF0032000,
0x4620FBBE,
0xF85DBC10,
0x0000FB14,
0x00029943,
0x4614B537,
0x4B064608,
0x4621466A,
0xF818F003,
0x46694604,
0xF0032000,
0x4620FBAA,
0x0000BD3E,
0x00029943,
0x9801B403,
0x98000041,
0x20C1EA50,
0x2004BF18,
0xBF180D4A,
0x0001F040,
0x72FFF240,
0x5F51EBB2,
0xF040BF08,
0x28010002,
0x2005BF08,
0x4770B002,
0x02080041,
0x2004BF18,
0xBF180E0A,
0x0001F040,
0x427FF04F,
0x0101EA32,
0xF040BF08,
0x28010002,
0x2005BF08,
0x00004770,
0xF04FB510,
0xED2D400E,
0xEEB08B02,
0xEE188A40,
0xEB004A10,
0xF1B00044,
0xD84A6F50,
0x40FCF04F,
0x0F44EBB0,
0xEEB0D222,
0xEEF70AC8,
0xEE300A00,
0xEEF60AC0,
0xEE600A00,
0xEE188A20,
0xF0030A90,
0xEE01FBCC,
0xF0140A10,
0xBF1D4F00,
0x0A2DEDDF,
0x0A2DED9F,
0x1A41EEB1,
0x0A2CEDDF,
0xED9FBF08,
0xEEF80A2C,
0xEE211A00,
0xE0058A21,
0x0A29EDDF,
0x8A08EE68,
0x0A60EEB0,
0x1A27ED9F,
0x1A27EDDF,
0x0A08EE30,
0x1A81EE48,
0x1A25ED9F,
0x1AA1EE08,
0x1A24EDDF,
0x1A81EE48,
0x1A23ED9F,
0x1AA1EE08,
0x1A28EE68,
0x8B02ECBD,
0x0A81EE01,
0x0A20EE30,
0xF04FBD10,
0xEBB040E4,
0xD90C0F44,
0x0A10EE18,
0xFF8AF7FF,
0xBF082804,
0xFDF2F002,
0x0A48EEB0,
0x8B02ECBD,
0xF04FBD10,
0xEBB0407F,
0xD2070F44,
0x0A48EEB0,
0x8B02ECBD,
0x4010E8BD,
0xBDCAF002,
0xF0022001,
0xECBDFE9F,
0xE8BD8B02,
0xF0024010,
0x0000BDC7,
0xBFC90000,
0xB9FDAA22,
0x3FC90000,
0x39FDAA22,
0x00000000,
0x3D1CFE24,
0x3CD88AC7,
0x3D38671E,
0x3D99931B,
0x3E2AAAAF,
0x0A10EE10,
0xEE10B510,
0xF04F1A90,
0xEB024268,
0xED2D0340,
0xF1B38B02,
0xBF3C4F65,
0x0241EB02,
0x4F65F1B2,
0xBF00D27C,
0x53C7F3C0,
0x52C7F3C1,
0x2A1B1A9A,
0xF010DD09,
0xBF144F00,
0x0A6EED9F,
0x0A6EED9F,
0x8B02ECBD,
0xF112BD10,
0xDA1B0F1A,
0x4F00F011,
0xF010D009,
0xBF0C4F00,
0x0A68ED9F,
0x0A68ED9F,
0x8B02ECBD,
0xEE80BD10,
0xEE188A20,
0xF7FF0A10,
0x2804FF1B,
0xF002BF08,
0xEEB0FD83,
0xECBD0A48,
0xBD108B02,
0xEBB20042,
0xD9370F41,
0x4F00F010,
0xEDDFBF19,
0xED9F1A5C,
0xEDDF1A5C,
0xED9F1A5C,
0xEEB01A5C,
0x460A2A60,
0x0A40EEF1,
0x4100F080,
0x0A42EEB0,
0x1A0A4610,
0xF1B20052,
0xD2347F80,
0xF0104048,
0xEDDF4F00,
0xED9F2A53,
0xBF1D3A53,
0x2A00EEBE,
0x1AE2EE71,
0x1A43EE31,
0x2A00EEB6,
0xEE71BF04,
0xEE311AA2,
0xEEF01A03,
0xEE422A40,
0xEE402A60,
0xEE820A02,
0xE0182AA0,
0x4F00F011,
0xED9FBF04,
0xEEF01A46,
0xD0D41A41,
0x4F00F010,
0xEDDFBF1C,
0xED9F1A43,
0xE0001A43,
0xBF04E026,
0x1A41EDDF,
0x1A41ED9F,
0xEE80E7C5,
0xEE222A20,
0xEDDF0A02,
0xEDDF0A3F,
0xECBD2A3F,
0xEE408B02,
0xEDDF2A20,
0xEE400A3D,
0xEDDF0A22,
0xEE402A3C,
0xEDDF2A20,
0xEE400A3B,
0xEE220A22,
0xEE000A00,
0xEE311A20,
0xEE300A02,
0xBD100A21,
0x427FF04F,
0x0F40EBB2,
0xEBB2BF28,
0xD2050F41,
0x8B02ECBD,
0x4010E8BD,
0xBCE9F002,
0x0301EA40,
0xBF08005B,
0x41FFF041,
0xEBB2D00B,
0xBF080F40,
0x0F41EBB2,
0xF020D108,
0xEE004080,
0xF0210A10,
0xEE004180,
0xE7371A90,
0x0F40EBB2,
0xEA5FBF12,
0xF0400241,
0xF00140FF,
0xF43F4100,
0x004AAF2D,
0x0340EA92,
0xAF28F53F,
0xBFAC2A00,
0x1A1AED9F,
0x1A1AED9F,
0x0A01EE20,
0x0A81EE60,
0x0A10EE10,
0x1A90EE10,
0x0000E718,
0xBFC90FDB,
0x3FC90FDB,
0x40490FDB,
0xC0490FDB,
0xBFC90000,
0xB9FDAA22,
0x3FC90000,
0x39FDAA22,
0x3EED6000,
0x37CE0AC3,
0x00000000,
0xC0490000,
0xBA7DAA22,
0x40490000,
0x3A7DAA22,
0xBD65AD2D,
0x3DD5B88F,
0xBE11B50F,
0x3E4CC861,
0xBEAAAAA8,
0x4F800000,
0x2F800000,
0x00000000,
0x492FB510,
0x1B2CED9F,
0x0B02ED2D,
0x9805B084,
0x4000F020,
0xBFD84288,
0x0B04ED9D,
0x4929DD2D,
0xD1094288,
0xB9409804,
0x0001F04F,
0xFD42F002,
0xFC2EF002,
0xBD10B006,
0xED9DDB05,
0xF0020B04,
0xB006FC13,
0x4668BD10,
0x0B04ED9D,
0xF80CF002,
0x0003F010,
0xED9DBF04,
0xED9D1B02,
0xD00C0B00,
0xD00E2801,
0x1B02ED9D,
0x0B00ED9D,
0xD0172802,
0xF0022001,
0xB006FB49,
0xF002BD10,
0xB006FA11,
0xED9DBD10,
0xED9D1B02,
0x20010B00,
0xFB3CF002,
0x0B10EC51,
0x4100F081,
0xEC41B006,
0xBD100B10,
0xF9FEF002,
0x0B10EC51,
0x4100F081,
0xEC41B006,
0xBD100B10,
0x00000000,
0x00000000,
0x00000000,
0x3FE921FB,
0x7FF00000,
0x1A10EE10,
0x4A44B508,
0xEBB24668,
0xD9280F41,
0x40E6F04F,
0x0F41EBB0,
0x2000BF94,
0x30FFF04F,
0x98009000,
0xDB612800,
0x0A00EE60,
0x0F01F010,
0xF010D045,
0xEDDF0F02,
0xED9F1A39,
0xEE001A39,
0xEDDF1AA1,
0xEE401A38,
0xEE211A81,
0xEEF01AA0,
0xEE400A40,
0xBF080A01,
0x0A60EEF1,
0x0A60EEB0,
0x4B31BD08,
0x4200F021,
0xD93C4293,
0x4F00F011,
0x0A2EEDDF,
0x1A20EE20,
0x0A2DEDDF,
0xEE31BF19,
0xEE711A60,
0xEE310A20,
0xEE711A20,
0xEEBD0A60,
0xEE111AE0,
0xED9F0A10,
0xF0001A27,
0xEE000003,
0xED9F0AC1,
0x90001A25,
0x0AC1EE00,
0x1A23ED9F,
0x0AC1EE00,
0x1A22ED9F,
0x0AC1EE00,
0xED9FE7B1,
0xED9F1A21,
0xF0100A21,
0xEE000F02,
0xED9F0A81,
0xEE001A1F,
0xEEB71A80,
0xEE000A00,
0xBF180A81,
0x0A40EEB1,
0xF002BD08,
0xE79AFBC7,
0x0A10EE10,
0xF1B00040,
0xBF3C4F7F,
0x0A00EEB7,
0xD107BD08,
0x0001F04F,
0xFC72F002,
0x4008E8BD,
0xBB9CF002,
0x4008E8BD,
0xBB92F002,
0x7E921FB6,
0xB94C6D33,
0x3C0882DA,
0xBE2AAAA0,
0x46490E49,
0x3F22F983,
0x4B000000,
0x3FC90000,
0x39FDA000,
0x33A22000,
0x2C34611A,
0xBAB23AB9,
0x3D2A9FCA,
0xBEFFFFDD,
0x0B02ED2D,
0xF0209801,
0x90014000,
0x0B00ED9D,
0x4770B002,
0x00000000,
0x41F0E92D,
0x0B02ED2D,
0x0B3DED9F,
0x8B02ED2D,
0x8B3DED9F,
0x5402E9DD,
0x500AF3C4,
0x36FFF2A0,
0xDA372E14,
0xDA182E00,
0x2B10EC53,
0x0B02ED9D,
0x0B10EC51,
0xFB61F7DB,
0x2B18EC53,
0xFFFCF7DB,
0x2C00D257,
0x2400BFA4,
0xDA524625,
0x4000F024,
0xBF184328,
0xD04C4C2E,
0x482EE01A,
0xF706FA20,
0x0007EA04,
0xD01F4328,
0x2B10EC53,
0x0B02ED9D,
0x0B10EC51,
0xFB41F7DB,
0x2B18EC53,
0xFFDCF7DB,
0x2C00D237,
0xF44FDA03,
0x40F01080,
0x43BC4404,
0xE02E2500,
0xDC072E33,
0x0014F1A6,
0x31FFF04F,
0xF700FA21,
0xD106423D,
0x0B02ED9D,
0x8B02ECBD,
0xE8BDB002,
0xEC5381F0,
0xED9D2B10,
0xEC510B02,
0xF7DB0B10,
0xEC53FBBE,
0xF7DB2B18,
0xD210FFB5,
0xDA0D2C00,
0xBF082E14,
0xD0091C64,
0x0034F1C6,
0xFA012101,
0x4428F000,
0xBF3842A8,
0x46051C64,
0xE9CD43BD,
0xED9D5402,
0xE7D70B02,
0x00000000,
0x8800759C,
0x7E37E43C,
0x00000000,
0x00000000,
0xBFF00000,
0x000FFFFF,
0x4BD9B570,
0xED2D2400,
0xED2D0B02,
0xE9DD8B10,
0x42981010,
0xF020DA05,
0x429A4200,
0xD109D801,
0xED9DB141,
0xECBD0B10,
0xB0028B10,
0x4070E8BD,
0xBA76F002,
0x1F80F5B0,
0x4311DA26,
0x2800D00B,
0x2001DA13,
0xFB92F002,
0x8B10ECBD,
0xE8BDB002,
0xF0024070,
0x2002BA79,
0xFB88F002,
0xFA48F002,
0x0B10EC51,
0x4100F081,
0xF06FE09E,
0xED9F0435,
0xEC530BC0,
0xED9D2B10,
0xEC510B10,
0xF7DB0B10,
0xE9CDFB57,
0x46080110,
0x5120EB04,
0x0413F3C0,
0xF2A148B9,
0x442031FF,
0x1080F400,
0x627FF080,
0x5240F082,
0xEB014322,
0xED9F5520,
0x92110BB5,
0x2B10EC53,
0x0B10ED9D,
0x0B10EC51,
0xFB32F7DB,
0x0B18EC41,
0xF3C01CA0,
0xED9F0013,
0xED9FDBAF,
0x4EB1EBB0,
0x2803447E,
0xED96D26C,
0xEC510B00,
0xEC530B18,
0xF7DB2B10,
0xD11DFF03,
0xBF012D00,
0x0B00ED96,
0x8B10ECBD,
0xBD70B002,
0xF7DB4628,
0xEC41FC88,
0xEC530B18,
0xF7DB2B1D,
0xEC41FB11,
0xEC530B19,
0xEC512B1E,
0xF7DB0B18,
0xEC53FB09,
0xF7DB2B19,
0xE03FFA5E,
0x0B9DED9F,
0x0B18EC51,
0x2B10EC53,
0xFAFCF7DB,
0x1B9BED9F,
0x2B11EC53,
0xFAF3F7DB,
0x0B19EC41,
0x2B18EC53,
0x0B18EC51,
0xFAEEF7DB,
0x2B19EC53,
0xFAEAF7DB,
0x0B19EC41,
0xBF042D00,
0x2B19EC53,
0x0B18EC51,
0x4628D01A,
0xFC4FF7DB,
0x0B1AEC41,
0x2B1DEC53,
0xFAD8F7DB,
0x2B19EC53,
0xFAD1F7DB,
0x2B18EC53,
0xFACAF7DB,
0x0B18EC41,
0x2B1EEC53,
0x0B1AEC51,
0xFAC8F7DB,
0x2B18EC53,
0xFABEF7DB,
0x8B10ECBD,
0xEC41B002,
0xBD700B10,
0x0B7EED9F,
0x0B18EC51,
0x2B10EC53,
0xFA0FF7DB,
0x0B10EC41,
0x0B18EC51,
0x2B10EC53,
0xFB20F7DB,
0x0B19EC41,
0xF7DB4628,
0xEC41FC1A,
0xEC530B1B,
0xEC512B19,
0xF7DB0B19,
0xEC41FAA1,
0x48710B1A,
0x2B1AEC53,
0xEC511826,
0xF7DB0B1A,
0xEC41FA97,
0x486D0B1F,
0x0451F1C4,
0x24D7F504,
0x0A4FEEB0,
0x0A6FEEF0,
0x44782103,
0xF854F002,
0x2B1FEC53,
0x0B10EC51,
0xFA82F7DB,
0x0B1CEC41,
0xEEB04863,
0xEEF00A4F,
0x21040A6F,
0xF0024478,
0xEC53F843,
0xEC512B1A,
0xF7DB0B10,
0x4334FA71,
0x2B1CEC53,
0xF9C5F7DB,
0x0B1CEC41,
0xDD4C2C00,
0x0B51ED9F,
0x0B18EC51,
0x2B10EC53,
0xFA60F7DB,
0x2B18EC53,
0xFA5CF7DB,
0x0B1AEC41,
0xEC53B355,
0xEC512B1D,
0xF7DB0B1B,
0xEC41FA53,
0xEC530B1D,
0xEC512B1C,
0xF7DB0B1A,
0xEC53F9A4,
0xF7DB2B19,
0xEC53FA47,
0xF7DB2B1D,
0xEC53F99C,
0xF7DB2B1A,
0xEC53FA3C,
0xF7DB2B18,
0xEC41FA35,
0xEC530B18,
0xEC512B1E,
0xF7DB0B1B,
0xEC53FA33,
0xF7DB2B18,
0xE769FA29,
0x2B1CEC53,
0x0B1AEC51,
0xF981F7DB,
0x2B19EC53,
0xFA24F7DB,
0x2B1AEC53,
0xFA1DF7DB,
0x2B18EC53,
0xFA19F7DB,
0xB335E756,
0x2B1DEC53,
0x0B1BEC51,
0xFA14F7DB,
0x0B1AEC41,
0x2B1CEC53,
0x0B18EC51,
0xFA06F7DB,
0x2B19EC53,
0xFA08F7DB,
0x2B1AEC53,
0xF9FEF7DB,
0x2B18EC53,
0xF9FAF7DB,
0x0B18EC41,
0x2B1EEC53,
0x0B1BEC51,
0xF9F8F7DB,
0x2B18EC53,
0xF9EEF7DB,
0xEC53E72E,
0xEC512B1C,
0xF7DB0B18,
0xEC53F9E7,
0xF7DB2B19,
0xEC53F9E9,
0xF7DB2B18,
0xE71FF9E2,
0x7FF00000,
0x00000000,
0x00000000,
0x43500000,
0x00095F64,
0x00000000,
0x00000000,
0x3FF00000,
0x35793C76,
0x3DEA39EF,
0xFEE00000,
0x3FE62E42,
0x00006828,
0x00000000,
0x55555555,
0x3FD55555,
0x00000000,
0x3FE00000,
0x00000000,
0x40000000,
0xFFF9EB86,
0x000066AA,
0x000066A0,
0x00000000,
0x4A41B570,
0xED2D2500,
0xED2D0B02,
0xE9DD8B04,
0x42940404,
0xF024DA05,
0x42914100,
0xD109D801,
0xED9DB140,
0xECBD0B04,
0xB0028B04,
0x4070E8BD,
0xB892F002,
0x1F80F5B4,
0x4308DA26,
0x2C00D00B,
0x2001DA13,
0xF9AEF002,
0x8B04ECBD,
0xE8BDB002,
0xF0024070,
0x2002B895,
0xF9A4F002,
0xF864F002,
0x0B10EC51,
0x4100F081,
0xED9FE046,
0xF06F0B29,
0xEC530535,
0xED9D2B10,
0xEC510B04,
0xF7DB0B10,
0xE9CDF973,
0x460C0104,
0x5024EB05,
0x30FFF2A0,
0xF2400FC1,
0x1A5232FF,
0x541FF362,
0xF7DB4408,
0x9405FAD4,
0x0B04ED9D,
0x0B18EC41,
0x0B10EC51,
0xFDF4F002,
0x1B18ED9F,
0x2B11EC53,
0xF954F7DB,
0x0B17ED9F,
0x0B19EC41,
0x2B10EC53,
0x0B18EC51,
0xF94AF7DB,
0x2B19EC53,
0xF89FF7DB,
0x0B12ED9F,
0x0B19EC41,
0x2B10EC53,
0x0B18EC51,
0xF93CF7DB,
0x2B19EC53,
0xF891F7DB,
0x8B04ECBD,
0xEC41B002,
0xBD700B10,
0x00000000,
0x7FF00000,
0x00000000,
0x00000000,
0x43500000,
0x1526E50E,
0x3FDBCB7B,
0x11F12B36,
0x3D59FEF3,
0x509F6000,
0x3FD34413,
0x0A10EE10,
0xF5A0B510,
0xF04F0100,
0xF1B10C00,
0xD26C4FFE,
0x2100F500,
0x027EF06F,
0x53E1EB02,
0x5202F3C1,
0x517EF04F,
0x5102EB01,
0x1A90EE00,
0x50C3EBA0,
0x0103EB0C,
0x0A10EE00,
0x0002EA51,
0xEE30D036,
0xEE301A60,
0xEEC10A20,
0xEE200A00,
0xEE600AA0,
0xED9F1A80,
0xED9F2A3D,
0x483D1A3D,
0x2A3FEDDF,
0x1A02EE00,
0xEB004478,
0xED9F0082,
0xEE212A3A,
0xEE010A81,
0xEDD01A10,
0x48371A00,
0x1AC1EEB8,
0xEB004478,
0xEE410082,
0xEE011A02,
0xED901A10,
0xEEB82A00,
0xEE011AC1,
0xED9F2A22,
0xEE321A31,
0xEE000A00,
0xEE310A81,
0xBD100A80,
0x0A00EEF7,
0x1A2DED9F,
0x0A60EE70,
0x0A2AED9F,
0x1A80EE00,
0x0A2AED9F,
0x1AA0EE60,
0x0A81EE00,
0x1A28ED9F,
0x1A80EE00,
0x0A81EE21,
0x1A26ED9F,
0x0A81EE00,
0x1A0BEEB5,
0x0A81EE00,
0xF04FBD10,
0xEBB1417F,
0xD2030F40,
0x4010E8BD,
0xBFE2F001,
0x4FFFF1B0,
0xBD10BF08,
0x0AC0EEB5,
0xFA10EEF1,
0x2001D206,
0xF8AEF002,
0x4010E8BD,
0xBFD8F001,
0x0AC0EEB5,
0xFA10EEF1,
0x2002D107,
0xF8A2F002,
0xFFBEF001,
0x0A40EEB1,
0xEDDFBD10,
0xF06F0A10,
0xEE200C16,
0xEE100A20,
0xE7630A10,
0x3E3202DE,
0x3E943D3B,
0x0000612C,
0x3E9A2000,
0x00006130,
0x369A84FC,
0x3F5E5BD9,
0x3DA94F92,
0xBDDE7972,
0x3E143E2D,
0xBE5E5BD8,
0x3C4B7B15,
0x4B000000,
0x4DF0E92D,
0x0B04ED2D,
0x8B0EED2D,
0xE9DDB096,
0x9C275025,
0xA090F8DD,
0x4600F025,
0x4800F024,
0x0F00F1BA,
0x2101BF14,
0xEB012100,
0x49FC0245,
0x104A1853,
0xD32A4293,
0xBF142800,
0x23002301,
0x0344EB03,
0x49F7440B,
0xD320428B,
0x0100EA58,
0x9BF5ED9F,
0xF8DFD076,
0x455DB3D8,
0xF1BAD103,
0xD1050F00,
0xF1BAE088,
0xBF080F00,
0xD0002100,
0xEB012101,
0xF5110145,
0xD8081F00,
0xBF142800,
0x21002101,
0x0144EB01,
0x1F00F511,
0xED9DD90B,
0xED9D1B26,
0xB0160B24,
0x8B0EECBD,
0xE8BDB004,
0xF0014DF0,
0x2700BF0B,
0xBFBC2D00,
0x458849E1,
0x49E1DA21,
0xBFA84588,
0xDA1C2702,
0xDC1A45C3,
0xEB0149DE,
0x29145128,
0xF1C1DD08,
0xFA200234,
0xFA01F102,
0x4282F202,
0xE008D10D,
0xF1C1B958,
0xFA280214,
0xFA01F102,
0x4542F202,
0xF001D103,
0xF1C10101,
0xEA560702,
0xD124010A,
0xDA222C00,
0xBF182D00,
0xD0012F02,
0xD00A2F01,
0xF0012002,
0xB016FFF1,
0x8B0EECBD,
0xE8BDB004,
0xF0014DF0,
0x2002BEAB,
0xFFE6F001,
0xFEA6F001,
0x0B10EC51,
0x4100F081,
0x0B10EC41,
0xECBDB016,
0xB0048B0E,
0x8DF0E8BD,
0xED9FE018,
0xED9FABBE,
0x28008BBF,
0x48B8D171,
0xD1224580,
0x4080F105,
0x1080F510,
0xF1BABF08,
0xD0070F00,
0xDC0A45B3,
0xBFA82C00,
0x0B26ED9D,
0xE00DDAE0,
0x0A49EEB0,
0x0A69EEF0,
0x2C00E7DA,
0xED9DDA06,
0xEC510B26,
0xF0810B10,
0xE06F4100,
0x447848AE,
0x0B00ED90,
0x45D8E7CC,
0x2C00D14D,
0xB12EDA48,
0xD13A4286,
0x0F00F1BA,
0xE026D142,
0x0F00F1BA,
0x2002D013,
0xFF9AF001,
0xFE96F001,
0x0B02ED8D,
0x0B24ED9D,
0x0B00ED8D,
0x0A90EE10,
0xF3619903,
0x9003001E,
0x0B02ED9D,
0xED8DE7AA,
0xED9DAB02,
0xEE1A0B24,
0xEE101A90,
0xED8D0A90,
0xF3610B00,
0x9003001E,
0x0B02ED9D,
0xED8DE79A,
0xED9D8B02,
0xEE180B24,
0xEE101A90,
0xED8D0A90,
0xF3610B00,
0x9003001E,
0x0B02ED9D,
0xDA09E78A,
0x0B24ED9D,
0x0B19EC51,
0x2B10EC53,
0xFFB4F7DA,
0xE020E01E,
0x0B24ED9D,
0x4286E77C,
0xF1B4DA1B,
0xD00D4F80,
0x5000F1A4,
0x50FFF1B0,
0x2D00D113,
0xED9DDB11,
0xEC510B24,
0xF0020B10,
0xE007FBE5,
0x0B24ED9D,
0x2B10EC53,
0x0B10EC51,
0xBCC2F000,
0x0B10EC41,
0xED9DE75E,
0xEC510B24,
0xF0020B10,
0xF1BAFB9B,
0xE9CD0F00,
0xD142010E,
0x0B71ED9F,
0xF1A6B346,
0xF1B040E0,
0xD00C607F,
0xD138455E,
0xDA002D00,
0x2F02B3A7,
0x2001BF0C,
0x30FFF04F,
0xF871F7DB,
0x2D00E7DC,
0x2C00DD01,
0x2D00DA0D,
0x2C00DD01,
0x2D00DB1F,
0x2C00DA16,
0x2F01DB14,
0xED9FBF08,
0xF43F0B62,
0xEEB0AF2D,
0xEEF00A4A,
0xE7270A6A,
0xBF182F02,
0xD00C2D00,
0xD10A2F01,
0xF6FF2D00,
0xE006AF1F,
0xBFB82D00,
0xDA082C00,
0xF43F2F01,
0xEEB0AF17,
0xEEF00A48,
0xE7110A68,
0x2001E01B,
0x70E5EB00,
0x0107EA50,
0x1E79D015,
0x8A49EEB0,
0x8A69EEF0,
0xBF084308,
0x8B4DED9F,
0x2500484E,
0xDD704580,
0x484E494D,
0xDD144588,
0xDB0D42B0,
0xDB192C00,
0x2001E02F,
0xFED0F001,
0xECBDB016,
0xB0048B0E,
0x4DF0E8BD,
0xBDB6F001,
0xDC0245B3,
0xDC092C00,
0x4286E01F,
0x2C00DA02,
0xE003DA1B,
0xDD2B455E,
0xDD162C00,
0xF0012002,
0xF001FEB7,
0xED8DFDB3,
0xEC530B02,
0xEC512B1A,
0xF7DA0B18,
0xE9CDFE8F,
0x99030100,
0xF3619801,
0x9003001E,
0x0B02ED9D,
0x2002E6C4,
0xFEA0F001,
0xFDACF001,
0x1A90EE10,
0x0A90EE18,
0x0B02ED8D,
0x8B00ED8D,
0x001EF361,
0xED9D9003,
0xE6B10B02,
0x0B0EED9D,
0x2B19EC53,
0x0B10EC51,
0xFE64F7DA,
0x0B26ED9F,
0x0108E9CD,
0x2B10EC53,
0x0B08ED9D,
0x0B10EC51,
0xFE5EF7DA,
0x1B22ED9F,
0x2B11EC53,
0xFE55F7DA,
0x1B08ED9D,
0x2B11EC53,
0xFE52F7DA,
0x1B1EED9F,
0x2B11EC53,
0xE08CE03C,
0x001FFFFF,
0x000FFFFF,
0x00000000,
0x3FF00000,
0x3FF00000,
0x7FF00000,
0x43400000,
0xFFFFFC01,
0x00000000,
0x7FF00000,
0x00000000,
0x00000000,
0x000060EE,
0x00000000,
0x00000000,
0x80000000,
0x00000000,
0xFFF00000,
0x00000000,
0xBFF00000,
0x41E00000,
0x43F00000,
0x3FEFFFFF,
0x00000000,
0x00000000,
0x3FD00000,
0x55555555,
0x3FD55555,
0x00000000,
0x3FE00000,
0xFE0BF7DA,
0x0B08ED9D,
0x0B1AEC41,
0x2B10EC53,
0x0B10EC51,
0xFE04F7DA,
0x2B1AEC53,
0xFE00F7DA,
0x0B1AEC41,
0x0BFEED9F,
0x2B10EC53,
0x0B08ED9D,
0x0B10EC51,
0xFDF4F7DA,
0x0B1BEC41,
0x0BFAED9F,
0x0B1AEC51,
0x2B10EC53,
0xFDEAF7DA,
0x0B1AEC41,
0x0BF7ED9F,
0x2B10EC53,
0x0B08ED9D,
0x0B10EC51,
0xFDDEF7DA,
0x2B1AEC53,
0xFDD4F7DA,
0x0B1AEC41,
0x0B1BEC51,
0x2B1AEC53,
0xFD2BF7DA,
0xE9CD9006,
0xED9D5106,
0xEC530B06,
0xEC512B1B,
0xF7DA0B10,
0xEC53FDC1,
0xF7DA2B1A,
0xEC41FDC0,
0xF0000B10,
0x2000B9A1,
0x1F80F5B6,
0xED9FDA0E,
0xEC530BE3,
0xED9D2B10,
0xEC510B0E,
0xF7DA0B10,
0xE9CDFDB1,
0xF06F010E,
0x460E0034,
0x5026EB00,
0x37FFF2A0,
0x0013F3C6,
0xF04049DA,
0xF046667F,
0x42885640,
0x2400BFD8,
0x49D7DD08,
0xBFC84281,
0xDC032401,
0xF5A62400,
0x1C7F1680,
0x447848D3,
0x00C4EB00,
0xED90960F,
0xED9DCB00,
0xEC530B0E,
0xEC512B1C,
0xF7DA0B10,
0xED9DFD7F,
0xEC410B0E,
0xEC530B1B,
0xEC512B1C,
0xF7DA0B10,
0xEC41FCD4,
0xEC510B10,
0xEC530B19,
0xF7DA2B10,
0xEC41FDE5,
0xEC510B1D,
0xEC530B1B,
0xF7DA2B1D,
0xEC41FD6B,
0x48BF0B1A,
0xAB10ED8D,
0x95104478,
0x0B00ED90,
0x5000F04F,
0x0066EA40,
0x4084EB00,
0x0B08ED8D,
0x2000F500,
0xED9D9009,
0xEC530B08,
0xEC512B1C,
0xF7DA0B10,
0xED9DFD49,
0xEC531B0E,
0xF7DA2B11,
0xEC41FD46,
0xEC530B10,
0xED9D2B10,
0xEC510B10,
0xF7DA0B10,
0xED9DFD3F,
0xEC410B08,
0xEC530B1C,
0xED9D2B10,
0xEC510B10,
0xF7DA0B10,
0xEC53FD33,
0xF7DA2B1B,
0xEC53FD2C,
0xF7DA2B1C,
0xEC53FD25,
0xF7DA2B1D,
0xEC41FD27,
0xEC530B1C,
0xEC512B1A,
0xF7DA0B1A,
0xEC41FD1F,
0x489A0B1B,
0xEEB02106,
0xEEF00A4B,
0x44780A6B,
0xFAE0F001,
0x1A40EEB0,
0x1A60EEF0,
0xDA41EEB0,
0xDA61EEF0,
0x2B1BEC53,
0x0B1BEC51,
0xFD06F7DA,
0x2B1DEC53,
0xFD02F7DA,
0x0B10ED9D,
0x0B1BEC41,
0x2B1AEC53,
0x0B10EC51,
0xFC51F7DA,
0x2B1CEC53,
0xFCF4F7DA,
0x2B1BEC53,
0xFC49F7DA,
0x0B10ED9D,
0x0B1BEC41,
0x2B10EC53,
0x0B10EC51,
0xFCE6F7DA,
0x0B1DEC41,
0xEB7FED9F,
0x2B1EEC53,
0xFC37F7DA,
0x2B1BEC53,
0xFC33F7DA,
0xE9CD9008,
0xED9D5108,
0xEC530B08,
0xEC512B1E,
0xF7DA0B10,
0xEC53FCC9,
0xF7DA2B1D,
0xEC53FCC5,
0xF7DA2B1B,
0xED9DFCC4,
0xEC410B08,
0xEC530B1D,
0xED9D2B10,
0xEC510B10,
0xF7DA0B10,
0xEC41FCBB,
0xEC530B1B,
0xEC512B1A,
0xF7DA0B1D,
0xED9DFCB3,
0xEC410B08,
0xEC530B1A,
0xEC512B10,
0xF7DA0B1C,
0xEC53FCA9,
0xF7DA2B1A,
0xEC41FBFE,
0xEC510B1A,
0xEC530B1B,
0xF7DA2B1A,
0x900CFBF6,
0x510CE9CD,
0x0B0CED9D,
0x2B1BEC53,
0x0B10EC51,
0xFC8CF7DA,
0x2B1AEC53,
0xFC8BF7DA,
0x0B1BEC41,
0x0B55ED9F,
0x2B10EC53,
0x0B0CED9D,
0x0B10EC51,
0xFC82F7DA,
0x0B1AEC41,
0x0B51ED9F,
0x0B1BEC51,
0x2B10EC53,
0xFC78F7DA,
0x0B1BEC41,
0x0B4EED9F,
0x2B10EC53,
0x0B0CED9D,
0x0B10EC51,
0xFC6CF7DA,
0x2B1BEC53,
0xFBC1F7DA,
0x0B10EC41,
0x44784848,
0x00C4EB00,
0x1B00ED90,
0x0B10EC51,
0x2B11EC53,
0xFBB3F7DA,
0x0B1BEC41,
0xF7DA4638,
0xE9CDFDC6,
0xEC530108,
0xEC512B1B,
0xF7DA0B1A,
0xEC41FBA6,
0x483C0B10,
0xEB004478,
0xED9000C4,
0xEC51CB00,
0xEC530B10,
0xF7DA2B1C,
0xED9DFB98,
0xEC531B08,
0xF7DA2B11,
0x9006FB92,
0x5106E9CD,
0x0B08ED9D,
0x2B10EC53,
0x0B06ED9D,
0x0B10EC51,
0xFC26F7DA,
0x2B1CEC53,
0xFC22F7DA,
0x2B1AEC53,
0xFC1EF7DA,
0x2B1BEC53,
0xFC1DF7DA,
0x0B10EC41,
0x1B26ED9D,
0x2B10EC53,
0x1B00ED8D,
0xED9D9500,
0xEC510B26,
0xF7DA0B10,
0xED9DFC11,
0xEC410B00,
0xEC530B1A,
0xED9D2B10,
0xEC510B26,
0xF7DA0B10,
0xED9DFBFF,
0xEC531B06,
0xE02F2B11,
0x60000000,
0x3FF71547,
0x652B82FE,
0x3FF71547,
0xF85DDF44,
0x3E54AE0B,
0x00000000,
0x43400000,
0x0003988E,
0x000BB67A,
0x00005AC2,
0x00005C98,
0x000059FA,
0x00000000,
0x00000000,
0x40080000,
0xE0000000,
0x3FEEC709,
0xDC3A03FD,
0x3FEEC709,
0x145B01F5,
0xBE3E2FE0,
0x00005886,
0x00005840,
0xFBCEF7DA,
0x2B1AEC53,
0xFB23F7DA,
0x0B06ED9D,
0x0B1AEC41,
0x2B10EC53,
0x0B00ED9D,
0x0B10EC51,
0xFBBEF7DA,
0x010CE9CD,
0x0B0CED9D,
0x0B1AEC51,
0x2B10EC53,
0xFB0DF7DA,
0x0102E9CD,
0x49AA460C,
0xDB2F428C,
0x43081A61,
0xED9DD118,
0xEC530B0C,
0xED9D2B10,
0xEC510B02,
0xF7DA0B10,
0xEC41FB9B,
0xED9F0B1B,
0xEC510BA3,
0xEC530B1A,
0xF7DA2B10,
0xEC53FAF0,
0xF7DA2B1B,
0xD22DFF8B,
0xF0012002,
0xF001FBAD,
0xEE10FAA9,
0xEE181A90,
0xED8D0A90,
0xED8D0B02,
0xF3618B00,
0x9003001E,
0x0B02ED9D,
0xBBBEF7FF,
0xF0244A94,
0x42914100,
0x4993D314,
0x43084421,
0xACEFF47F,
0x0B0CED9D,
0x2B10EC53,
0x0B02ED9D,
0x0B10EC51,
0xFB64F7DA,
0x2B1AEC53,
0xFF5EF7DA,
0xACDFF67F,
0x4000F024,
0x4A894988,
0xEB012600,
0x42825120,
0x1C48DA2B,
0x1180F44F,
0xF000FA21,
0x4A844420,
0x510AF3C0,
0xF2A1447A,
0xED9231FF,
0x4A810B00,
0x0B08ED8D,
0xEA2040CA,
0xF3C00202,
0xF4400013,
0xF1C11080,
0xFA200114,
0x9209F601,
0xBFB82C00,
0xED9D4276,
0xEC530B08,
0xED9D2B10,
0xEC510B0C,
0xF7DA0B10,
0xE9CDFB2B,
0xED9D010C,
0xEC510B0C,
0xEC530B1A,
0xF7DA2B10,
0xED9FFA80,
0x90080B6F,
0x5108E9CD,
0x2B10EC53,
0x0B08ED9D,
0x0B10EC51,
0xFB1AF7DA,
0x0B1BEC41,
0x0B69ED9F,
0x2B10EC53,
0x0B08ED9D,
0x0B10EC51,
0xFB0EF7DA,
0x0B0CED9D,
0x0B1CEC41,
0x2B10EC53,
0x0B08ED9D,
0x0B10EC51,
0xFAFCF7DA,
0x2B1AEC53,
0xFAFBF7DA,
0x1B5EED9F,
0x2B11EC53,
0xFAF8F7DA,
0x2B1CEC53,
0xFA4DF7DA,
0x0B1AEC41,
0x0B1BEC51,
0x2B1AEC53,
0xFA45F7DA,
0x0102E9CD,
0x0B02ED9D,
0x2B1BEC53,
0x0B10EC51,
0xFADCF7DA,
0x2B1AEC53,
0xFADBF7DA,
0x0B02ED9D,
0x0B1AEC41,
0x2B10EC53,
0x0B10EC51,
0xFAD4F7DA,
0x0108E9CD,
0xED9D484A,
0x21050B08,
0xF0014478,
0xED9DF897,
0xEC511B08,
0xEC530B10,
0xF7DA2B11,
0xED9DFAC3,
0xEC531B02,
0xF7DA2B11,
0xE9CDFABA,
0xED9D0106,
0xEC530B02,
0xEC512B1A,
0xF7DA0B10,
0xEC53FAB3,
0xF7DA2B1A,
0xED9FFA08,
0xEC410B3B,
0xEC530B1A,
0xED9D2B10,
0xEC510B06,
0xF7DA0B10,
0xED9DFA9D,
0xEC410B06,
0xEC530B1B,
0xED9D2B10,
0xEC510B02,
0xF7DA0B10,
0xEC53FA97,
0xF7DA2B1B,
0xEC53FB05,
0xF7DA2B1A,
0xED9DFA89,
0xEC531B02,
0xF7DA2B11,
0xEC53FA83,
0xF7DA2B19,
0xE9CDFA82,
0xEB010102,
0x15015006,
0xBFC82900,
0xDC159003,
0x0B02ED9D,
0xEC514632,
0xF7DA0B10,
0xF7FEFDA9,
0x2804FB4B,
0xF001BF08,
0x4632F99B,
0x0B02ED9D,
0x0B10EC51,
0xFD9CF7DA,
0x0102E9CD,
0x0B02ED9D,
0x0B18EC51,
0x2B10EC53,
0xFA5EF7DA,
0xBB3AF7FF,
0x40900000,
0x00000000,
0x652B82FE,
0x3C971547,
0x4090CC00,
0x3F6F3400,
0xFFFFFC01,
0x3FE00000,
0x00005870,
0x000FFFFF,
0x00000000,
0x3FE62E43,
0x0CA86C39,
0xBE205C61,
0xFEFA39EF,
0x3FE62E42,
0x00005598,
0x00000000,
0x00000000,
0x40000000,
0xEE10B510,
0xED2D0A10,
0xEEB78B06,
0xEE101A00,
0xEEB01A90,
0x22008A41,
0x0C00F5A0,
0x9AFEEDDF,
0x7300F04F,
0x4FFEF1BC,
0x447FF04F,
0x0C41EB03,
0x81B4F080,
0x4F80F1BC,
0x8220F0C0,
0x440149F7,
0x3AF7ED9F,
0x5F00F5B1,
0x82D4F240,
0x2180F500,
0xF0030CCB,
0xEE01010F,
0xF3C31A90,
0x3B7F1307,
0x50C3EBA0,
0x2AE1EEB8,
0x0A10EE00,
0xEDDF441A,
0xEEF02AED,
0xEE421A41,
0xEEF01A22,
0xEE703A61,
0xEE302A23,
0xEE122A63,
0xF5000A90,
0xF36F6000,
0xEE01000B,
0xEE730A90,
0xEE333AE1,
0xEEC14A80,
0xEE223A22,
0xEE100A23,
0xF5000A10,
0xF36F6000,
0xEE00000B,
0xEE000A10,
0xEE002A61,
0xEE622A44,
0xEE702A23,
0xEE211A22,
0xEDDF2AA1,
0xEE023AD7,
0xEE233A23,
0xEE203A02,
0xEE222A01,
0xEE031A81,
0xEE321A21,
0xEE100A01,
0xF5000A10,
0xF36F6000,
0xEE00000B,
0xEE720A10,
0xEE311A40,
0xED9F2A81,
0xEE601ACB,
0xED9F1A01,
0xEE201ACA,
0xED9F1A01,
0xEE020AC9,
0xEE311A00,
0xEE100A81,
0xF5000A10,
0xF36F6000,
0xEE00000B,
0x48C30A10,
0x1AC0EE71,
0x2A81EE31,
0xEB004478,
0xED9000C1,
0xEDD03A00,
0x01101A01,
0x0A10EE01,
0x2AC1EEF8,
0x1A21EE32,
0x1A00EE31,
0x1A03EE31,
0x1A22EE31,
0x0A10EE11,
0x6000F500,
0x000BF36F,
0x0A10EE09,
0x1A62EE39,
0x1A43EE31,
0x0A40EE31,
0x0A61EE30,
0xAA40EE32,
0x0A90EE10,
0xF5002100,
0xF36F6000,
0xEE08000B,
0x46080A90,
0xAAE8EE70,
0xFD76F7DA,
0x0A28EE29,
0x010CF000,
0x0AC0EEF0,
0x0A90EE10,
0x4F8BF1B0,
0xEE10DD0D,
0xEBB40A90,
0xD3080F40,
0x0A10EE10,
0x428BF04F,
0x001EF362,
0x0A90EE08,
0xEE69E013,
0xEE380A2A,
0xEE4A1AAA,
0xEE300A01,
0xEE111A20,
0xF5000A10,
0xF36F6000,
0xEE08000B,
0xEE300A90,
0xEE700A68,
0x200C9A20,
0xFD46F7DA,
0x0AA9EE38,
0x0AC0EEB5,
0xFA10EEF1,
0xEEFEBF34,
0xEEF60A00,
0xEE300A00,
0xEEBD0A80,
0xEE100AC0,
0x11010A10,
0x1A10EE00,
0x0AC0EEF8,
0x0A10EE00,
0x0AC0EEB8,
0x0AC0EE38,
0x0A29EE30,
0x1A80EDDF,
0x1A80ED9F,
0x1A21EE00,
0x1A7FEDDF,
0xF000497F,
0xEE40000F,
0xEE211A01,
0x44790A80,
0x0180EB01,
0x1A00ED91,
0x4479497A,
0x0180EB01,
0x1A00EDD1,
0xEE014978,
0x44791A80,
0x0080EB01,
0xED904976,
0xEE310A00,
0xEEB01A00,
0xEE100AE0,
0x42880A10,
0xEE10DA15,
0xEBB40A10,
0xD3100F40,
0x0A6FED9F,
0x0A80EE30,
0x0A6EEDDF,
0x0A20EE20,
0x0A01EE68,
0x8B06ECBD,
0x0AC0EEBC,
0x0A20EE20,
0xEE10BD10,
0x49680A10,
0xDA434288,
0x0A10EE10,
0x0F40EBB4,
0xEEBDD33E,
0xEE680AE0,
0xEE100A01,
0xEB000A10,
0x105172D0,
0xF10105C9,
0xEE00517E,
0xEBA01A10,
0x05C00062,
0x0A20EE60,
0x507EF100,
0x0A10EE00,
0x8A80EE60,
0x0A90EE18,
0x0F40EBB4,
0x2002D10F,
0xF8CAF001,
0xFFFEF000,
0x1A10EE10,
0x0A10EE18,
0x8B06ECBD,
0x001EF361,
0x0A10EE00,
0xEE18BD10,
0x00400A90,
0xEE18D011,
0xF7FE0A90,
0x2804F987,
0xF000BF08,
0xEEB0FFEF,
0xECBD0A68,
0xBD108B06,
0x0AC0EEF5,
0xFA10EEF1,
0x2002D20F,
0xF8A4F001,
0xFFE0F000,
0x1A10EE10,
0x0A10EE18,
0x8B06ECBD,
0x001EF361,
0x0A10EE00,
0x2002BD10,
0xF894F001,
0xFFC8F000,
0x1A10EE10,
0x0A48EEB0,
0x0A10EE10,
0x8B06ECBD,
0x001EF361,
0x0A10EE00,
0xBF00BD10,
0x4F80F1BC,
0xBF00D36C,
0x43FFF100,
0x4FFEF1B3,
0xBF00D224,
0x0AC0EEB0,
0x0A10EE10,
0x53C7F3C1,
0xDB0D2B7F,
0xF6BF2B97,
0xF1C3AE3B,
0xF04F0396,
0xFA0C0C01,
0xF1A3F303,
0xEA1C0C01,
0xD0080F01,
0xF0012001,
0xECBDF861,
0xE8BD8B06,
0xF0004010,
0x420BBF89,
0xEEBFBF18,
0xE6218A00,
0xBF1C0043,
0x7380F04F,
0x0F40EBB3,
0xF06FD934,
0xEDDF021A,
0xEE201A16,
0xEE100A21,
0xE0270A10,
0x00000000,
0xC0801000,
0x3EAAAAAB,
0x3D800000,
0x3E4CE27E,
0x4238B000,
0xBBB89AD4,
0x4238AA3B,
0x00005358,
0x376359FC,
0x3A75FFC9,
0x3D317218,
0x000052F6,
0x0000532A,
0x0000529A,
0x42FC0000,
0x42FE0000,
0x4B000000,
0x43400000,
0x4D000000,
0x4F00F010,
0xE5E5D1A0,
0x0300F5A0,
0x4FFEF1B3,
0xE5DFD221,
0x0341EB03,
0x7F00F1B3,
0xEEF5D311,
0xEEF10AC0,
0xD105FA10,
0xBF180043,
0x0F40EBB4,
0xE783D876,
0x4100F001,
0x51FCF041,
0x1A90EE00,
0xF1B3E77C,
0xD2067F80,
0x3A90EE10,
0x0300F5A3,
0x3A90EE00,
0xF020E772,
0xF06F4200,
0x4C604CFF,
0x030CEB02,
0xD31042A3,
0x4300F021,
0x45A4449C,
0xF1B0D30B,
0xBF185F7E,
0x0C41EA5F,
0xF1B2D050,
0xBF984FFF,
0x4FFFF1B3,
0xECBDD905,
0xE8BD8B06,
0xF0004010,
0xF1B0BEFE,
0xD00F4FFF,
0x52C7F3C1,
0xDB092A7F,
0xDA112A97,
0x0296F1C2,
0xFA032301,
0x1E53F202,
0xD005420B,
0xE0082200,
0x4F00F011,
0xE028D155,
0xBF18420A,
0xD1002201,
0xF5102202,
0xD0130F00,
0xF1B0B328,
0xD0264F00,
0x4F81F110,
0xF04FD04F,
0xEBB242FE,
0xBF940F40,
0x20002001,
0xEB022201,
0x428871E1,
0xE00CD139,
0x4F00F011,
0x2A01D002,
0xE032D038,
0xBF022A01,
0x0A35ED9F,
0x8B06ECBD,
0xED9FBD10,
0xECBD0A34,
0xBD108B06,
0xF011E02F,
0xD10C4F00,
0xF1B1E021,
0xD01E4FFF,
0x0F00F511,
0xF011D005,
0xD0154F00,
0x2A01B10A,
0x2002D008,
0xFF7AF000,
0x8B06ECBD,
0x4010E8BD,
0xBE92F000,
0xF0002002,
0xF000FF71,
0xECBDFE8D,
0xEEB18B06,
0xBD100A40,
0x2A01B10A,
0xEEB0D004,
0xECBD0A69,
0xBD108B06,
0x8B06ECBD,
0x0A1BED9F,
0xECBDBD10,
0xEEB78B06,
0xBD100A00,
0x0A41EE30,
0x1A00EEB5,
0x2A17ED9F,
0x3A41EE00,
0x1A00EEB6,
0x1A00EE60,
0x1A43EE00,
0x1AC1EE61,
0x1A10ED9F,
0x1A01EE20,
0x0A02EE20,
0x2A0FED9F,
0x0A82EE01,
0x1A00EE71,
0x0A90EE11,
0x6000F500,
0x000BF36F,
0x0A10EE09,
0x1A49EE31,
0xAA00EE31,
0x0000E59C,
0x003FFFFF,
0xFF800000,
0x7F800000,
0x80000000,
0x41B8B000,
0xBB389AD4,
0x41B8AA3B,
0x00000000,
0xED2DB510,
0xED2D0B02,
0xB0848B08,
0x0B0CED9D,
0x0B10EC51,
0xFA90F7DA,
0x0B18EC41,
0x0B0CED9D,
0x2B18EC53,
0x0B10EC51,
0xFEE4F7D9,
0x0B19EC41,
0xED9F980D,
0xF0100B29,
0xEC534F00,
0xEC512B10,
0xED9F0B19,
0xED9FAB21,
0xD00EBB22,
0xFAB8F7DA,
0xEC53D90E,
0xEC512B1B,
0xF7DA0B19,
0xD21CFAC9,
0xBF00E014,
0x0B18EC41,
0xF7DAE017,
0xD206FAA9,
0x2B1AEC53,
0x0B18EC51,
0xFEBCF7D9,
0xEC53E7F2,
0xEC512B1B,
0xF7DA0B19,
0xD806FAB3,
0x2B1AEC53,
0x0B18EC51,
0xFE0DF7D9,
0xED8DE7E4,
0xED9D8B02,
0xEE180B0C,
0xEE101A90,
0xED8D0A90,
0xF3610B00,
0x9003001E,
0x0B02ED9D,
0xECBDB004,
0xB0028B08,
0x0000BD10,
0x00000000,
0x00000000,
0x3FF00000,
0x00000000,
0x3FE00000,
0x00000000,
0xBFE00000,
0x492FB510,
0x1B2CED9F,
0x0B02ED2D,
0x9805B084,
0x4000F020,
0xBFDC4288,
0xED9D2000,
0xDD320B04,
0x42884928,
0x9804D109,
0xF04FB940,
0xF0000001,
0xF000FE95,
0xB006FD81,
0xDB05BD10,
0x0B04ED9D,
0xFD66F000,
0xBD10B006,
0xED9D4668,
0xF0000B04,
0xF010F95F,
0xD0110003,
0xD0182801,
0x1B02ED9D,
0x0B00ED9D,
0xD01A2802,
0xFB6EF000,
0x0B10EC51,
0x4100F081,
0xEC41B006,
0xBD100B10,
0x1B02ED9D,
0x0B00ED9D,
0xF0002001,
0xB006FC93,
0xED9DBD10,
0xED9D1B02,
0xF0000B00,
0xB006FB57,
0x2001BD10,
0xFC86F000,
0x0B10EC51,
0x4100F081,
0xEC41B006,
0xBD100B10,
0x00000000,
0x00000000,
0x00000000,
0x3FE921FB,
0x7FF00000,
0xEE10B500,
0xED2D1A10,
0xB0818B02,
0x46684A52,
0x0F41EBB2,
0xF04FD92E,
0xEBB040E6,
0xBF940F41,
0xF04F2000,
0x900030FF,
0xEEB09800,
0x28008A40,
0xF010DB6A,
0xD04B0F01,
0x0A08EE68,
0x1A47ED9F,
0x0A47ED9F,
0x0A81EE00,
0x1A46ED9F,
0x0F02F010,
0x1A80EE00,
0x0A00EEB7,
0x0A81EE00,
0xB001BF02,
0x8B02ECBD,
0xBF00BD00,
0xEEB1B001,
0xECBD0A40,
0xBD008B02,
0xF0214B3C,
0x42934200,
0xF011D941,
0xEDDF4F00,
0xEE200A3A,
0xEDDF1A20,
0xBF190A39,
0x1A60EE31,
0x0A20EE71,
0x1A20EE31,
0x0A60EE71,
0x1AE0EEBD,
0x0A10EE11,
0x1A32ED9F,
0x0003F000,
0x0AC1EE00,
0x1A30ED9F,
0xEE009000,
0xED9F0AC1,
0xEE001A2F,
0xED9F0AC1,
0xEE001A2E,
0xE7AB0AC1,
0x0A08EE28,
0x1A2BED9F,
0x0A2BEDDF,
0x0F02F010,
0x0A01EE40,
0x1A29ED9F,
0x1A20EE00,
0x0A00EE61,
0x0A48EEB0,
0x0A20EE08,
0xB001D1B6,
0x8B02ECBD,
0xF000BD00,
0xE78FFD0D,
0x0A10EE18,
0xF1B00040,
0xD20D4F7F,
0x0A10EE18,
0xFE8EF7FD,
0xBF082804,
0xFCF6F000,
0x0A48EEB0,
0xECBDB001,
0xBD008B02,
0x2001D109,
0xFDAEF000,
0xECBDB001,
0xF85D8B02,
0xF000EB04,
0xB001BCD5,
0x0A48EEB0,
0x8B02ECBD,
0xEB04F85D,
0xBCC6F000,
0x7E921FB6,
0xBAB23AB9,
0x3D2A9FCA,
0xBEFFFFDD,
0x46490E49,
0x3F22F983,
0x4B000000,
0x3FC90000,
0x39FDA000,
0x33A22000,
0x2C34611A,
0xB94C6D33,
0x3C0882DA,
0xBE2AAAA0,
0xED2DB500,
0xEEB08B04,
0xEEF09A40,
0xB0839A60,
0x0B19EC51,
0xF8A3F7DA,
0x0B18EC41,
0x0A10EE18,
0x1A90EE18,
0x8B00ED8D,
0xBF182800,
0x43082001,
0x4000F020,
0x607FF1C0,
0x40E0F100,
0xD0140FC0,
0x1A10EE19,
0x0A90EE19,
0x9B00ED8D,
0xBF182900,
0x43082101,
0x4000F020,
0x607FF1C0,
0x40E0F100,
0xBF040FC0,
0xF0002001,
0xEEB0FD4D,
0xB0030A48,
0x0A68EEF0,
0x8B04ECBD,
0xB510BD00,
0x8B02ED2D,
0x8AC0EEB1,
0x0A10EE18,
0x4000F020,
0x40FFF1C0,
0xD00A0FC0,
0x0A10EE10,
0x4000F020,
0x40FFF1C0,
0xBF040FC0,
0xF0002001,
0xEEB0FD2D,
0xECBD0A48,
0xBD108B02,
0x00000000,
0x4FF1E92D,
0xED2D4604,
0xED2D0B02,
0xB08A8B08,
0x0BE7ED9F,
0x0B02ED80,
0x48E79E13,
0x4500F026,
0xDC0A4285,
0x0B12ED9D,
0xED842000,
0xB00A0B00,
0x8B08ECBD,
0xE8BDB003,
0x48E08FF0,
0xABE0ED9F,
0xBBE1ED9F,
0xDD4742A8,
0xED9F4FE1,
0xED9F9BE3,
0xED9D8BE4,
0xEC530B12,
0xEC512B1A,
0x2E000B10,
0xF7D9DD1C,
0xEC41FCCF,
0x42BD0B10,
0xEC53D008,
0xEC512B1B,
0xF7D90B10,
0xE9C4FCC5,
0xE00B0100,
0x2B19EC53,
0x0B10EC51,
0xFCBCF7D9,
0x2B18EC53,
0xFCB8F7D9,
0x0100E9C4,
0xE7C82001,
0xFC11F7D9,
0x0B10EC41,
0xD00842BD,
0x2B1BEC53,
0x0B10EC51,
0xFC07F7D9,
0x0100E9C4,
0xEC53E00B,
0xEC512B19,
0xF7D90B10,
0xEC53FBFE,
0xF7D92B18,
0xE9C4FBFA,
0xF04F0100,
0xE7AA30FF,
0x42A848C3,
0xED9DDB79,
0xEC510B12,
0xF0010B10,
0xEC41F915,
0xED9F0B18,
0xEC530BC0,
0xF7D92B10,
0xED9FFC8B,
0xEC531BBF,
0xF7D92B11,
0xF7D9FBDE,
0x4607FE5D,
0xFDF1F7D9,
0x0B19EC41,
0x2B1AEC53,
0xFC7AF7D9,
0x2B18EC53,
0xFC73F7D9,
0x0B18EC41,
0x2B1BEC53,
0x0B19EC51,
0xFC6EF7D9,
0xA2C8F8DF,
0x0B10EC41,
0x5815EA4F,
0x44FA2501,
0x2B10EC53,
0x0B18EC51,
0xFC5AF7D9,
0xE9C42D03,
0xD03D0100,
0x500AF3C1,
0x1145EB05,
0x0000EBA8,
0x42813911,
0xEB0ADA34,
0xEEB01B05,
0xED9BAA48,
0xEEF00B00,
0xEC53AA68,
0xEC512B10,
0xF7D90B19,
0xEC41FC45,
0xEC510B1B,
0xEC530B1A,
0xF7D92B1B,
0xEC41FC37,
0xEC510B18,
0xEC530B1A,
0xF7D92B18,
0xEC53FC2F,
0xF7D92B1B,
0xED9BFC2B,
0xEC410B02,
0xEC530B1A,
0xEC512B10,
0xF7D90B19,
0xEC53FC27,
0xF7D92B1A,
0xEC41FC1D,
0x1C6D0B10,
0xE00EE7B8,
0xBFA82E00,
0xF6BF4638,
0xED94AF28,
0xEC510B00,
0xF0810B10,
0xE9C44100,
0x42780100,
0xF3C6E71D,
0xF4400013,
0xF3C61E80,
0xF2A0500A,
0x114730F5,
0x051FF000,
0x0020F1C5,
0xB048F8DD,
0x20009008,
0x90079006,
0x46EC2005,
0x2D004979,
0x0200EB07,
0xBF084479,
0x1022F851,
0xF851D009,
0xEB013022,
0x40AB0182,
0x9908684A,
0xF101FA22,
0xFBA14319,
0xFBA1260E,
0x441A130B,
0xBF34429A,
0x23002301,
0x0806EB03,
0x0380EB0C,
0xA601E9D3,
0x428E440E,
0x2101BF34,
0x44922100,
0xB111448A,
0xD9024592,
0x4592E003,
0x2101D201,
0x2100E000,
0xA601E9C3,
0xF84C4441,
0x1E011020,
0x0001F1A0,
0x9802DCC4,
0x5000F100,
0x98020F85,
0x6703E9DD,
0xF8DD0080,
0xF7D98014,
0xEC41FD24,
0x46300B1A,
0xFD30F7D9,
0x1B54ED9F,
0x2B11EC53,
0xFBA8F7D9,
0x0B1BEC41,
0xF7D94638,
0xED9FFD25,
0xEC531B51,
0xF7D92B11,
0xEC41FB9D,
0x46400B18,
0xFD1AF7D9,
0x1B4DED9F,
0x2B11EC53,
0xFB92F7D9,
0x0B19EC41,
0x0B18EC51,
0x2B19EC53,
0xFAE3F7D9,
0x2B1BEC53,
0xFADFF7D9,
0x2B1AEC53,
0xFADBF7D9,
0x0108E9CD,
0x90082000,
0x0B08ED9D,
0x2B1AEC53,
0x0B10EC51,
0xFB70F7D9,
0x2B1BEC53,
0xFB6CF7D9,
0x2B18EC53,
0xFB68F7D9,
0x2B19EC53,
0xFB67F7D9,
0x1B38ED9F,
0x2B11EC53,
0xFB64F7D9,
0x0B37ED9F,
0x0B18EC41,
0x2B10EC53,
0x0B08ED9D,
0x0B10EC51,
0xFB58F7D9,
0x2B18EC53,
0xFAADF7D9,
0x0B31ED9F,
0x0B18EC41,
0x2B10EC53,
0x0B08ED9D,
0x0B10EC51,
0xFB48F7D9,
0x2B18EC53,
0xFA9DF7D9,
0x0B10EC41,
0xF0109813,
0xD0064F00,
0xEC51426D,
0xF0810B10,
0xEC414100,
0x46280B10,
0x0B00ED84,
0x0000E641,
0x00000000,
0x00000000,
0x00000000,
0x3FE921FB,
0x4002D97C,
0x54400000,
0x3FF921FB,
0x1A626331,
0x3DD0B461,
0x3FF921FB,
0x00000000,
0x1A600000,
0x3DD0B461,
0x2E037073,
0x3BA3198A,
0x413921FB,
0x00000000,
0x6DC9C883,
0x3FE45F30,
0x00000000,
0x3FE00000,
0x00004AA2,
0x000049F0,
0x00000000,
0x3E100000,
0x00000000,
0x3C100000,
0x00000000,
0x3A100000,
0x54442D18,
0x3DF921FB,
0x11A62633,
0x3C110B46,
0x54000000,
0x3DF921FB,
0xED2DB510,
0xED2D0B04,
0xB0828B08,
0x9A41EEB0,
0x9A61EEF0,
0xF020980B,
0xED9F4400,
0xF1B4AB4B,
0xDA115F79,
0x0B0AED9D,
0x0B10EC51,
0xFCAEF7D9,
0xBF012800,
0x0A4AEEB0,
0x0A6AEEF0,
0xECBDB002,
0xBF048B08,
0xBD10B004,
0x0B0AED9D,
0x2B10EC53,
0x0B10EC51,
0xFAC0F7D9,
0x0B18EC41,
0x2106483C,
0x0A48EEB0,
0x0A68EEF0,
0xF0004478,
0xEC53F881,
0xEC512B18,
0xF7D90B10,
0xED9DFAAF,
0xEC410B0A,
0xEC530B1B,
0xEC512B19,
0xF7D90B10,
0xEC41FAA5,
0xEC530B19,
0xEC512B1B,
0xF7D90B18,
0xEC53FA9D,
0xF7D92B19,
0xED9FFA93,
0xEC410B2C,
0xEC530B19,
0xEC512B10,
0xF7D90B18,
0xEC41FA8F,
0x48280B10,
0xDA104284,
0x2B19EC53,
0x0B10EC51,
0xFA7EF7D9,
0x2B1AEC53,
0xFA7DF7D9,
0x0B10EC41,
0xECBDB002,
0xB0048B08,
0x481FBD10,
0xBFBC42A0,
0x1B1EED9F,
0x1B00ED8D,
0xF5A4DB06,
0x90011000,
0x90002000,
0x1B00ED9D,
0x0B10EC51,
0x2B11EC53,
0xFA5EF7D9,
0x0B00ED9D,
0x0B18EC41,
0x2B10EC53,
0x0B1AEC51,
0xFA54F7D9,
0x0B1AEC41,
0x2B19EC53,
0x0B18EC51,
0xFA4CF7D9,
0x2B1AEC53,
0xFA4BF7D9,
0x0B10EC41,
0x0000E7CC,
0x00000000,
0x00000000,
0x3FF00000,
0x000046D4,
0x00000000,
0x00000000,
0x3FE00000,
0x3FD33333,
0x3FE90000,
0x00000000,
0x3FD20000,
0x4604B570,
0x8B02ED2D,
0xEB001E4D,
0xEEB000C5,
0xEEF08A40,
0xED908A60,
0xF0350B00,
0xD0170006,
0x2B18EC53,
0x0B10EC51,
0xFA1EF7D9,
0x0B10EC41,
0xEB041E6D,
0xED9000C5,
0xEC511B00,
0xEC530B10,
0xF7D92B11,
0xEC41F96A,
0xF0350B10,
0xD1E70006,
0xD0362D02,
0xD01C2D04,
0xBF1C2D06,
0x8B02ECBD,
0xEC53BD70,
0xEC512B18,
0xF7D90B10,
0xED94F9FD,
0xEC531B0A,
0xF7D92B11,
0xEC53F950,
0xF7D92B18,
0xED94F9F3,
0xEC531B08,
0xF7D92B11,
0xEC41F946,
0xEC530B10,
0xEC512B18,
0xF7D90B10,
0xED94F9E5,
0xEC531B06,
0xF7D92B11,
0xEC53F938,
0xF7D92B18,
0xED94F9DB,
0xEC530B04,
0xF7D92B10,
0xEC41F92E,
0xEC530B10,
0xEC512B18,
0xF7D90B10,
0xED94F9CD,
0xEC531B02,
0xF7D92B11,
0xEC53F920,
0xF7D92B18,
0xED94F9C3,
0xEC531B00,
0xF7D92B11,
0xECBDF916,
0xEC418B02,
0xBD700B10,
0x4604B531,
0x0B04ED2D,
0x8B0AED2D,
0xBA41EEB0,
0xBA61EEF0,
0xED9D980B,
0xF0200B0A,
0xF1B04000,
0xDA0D5F79,
0x0B10EC51,
0xFA7AF7FD,
0xBF082804,
0xF8CAF000,
0x0B0AED9D,
0x8B0AECBD,
0xBD30B005,
0x2B10EC53,
0x0B10EC51,
0xF992F7D9,
0x0B18EC41,
0x0B0AED9D,
0x2B18EC53,
0x0B10EC51,
0xF988F7D9,
0x0B19EC41,
0xEEB0482C,
0xEEF00A48,
0x21050A68,
0xF7FF4478,
0xED9FFF49,
0xEEB0CB2A,
0xEEF0AA40,
0xB39CAA60,
0x2B1CEC53,
0x0B19EC51,
0xF970F7D9,
0x0B1CEC41,
0x2B1AEC53,
0x0B19EC51,
0xF968F7D9,
0x0B21ED9F,
0x0B19EC41,
0x2B10EC53,
0x0B1BEC51,
0xF95EF7D9,
0x2B19EC53,
0xF954F7D9,
0x2B18EC53,
0xF956F7D9,
0x2B1BEC53,
0xF94CF7D9,
0x2B1CEC53,
0xF948F7D9,
0x1B0AED9D,
0x2B11EC53,
0xF945F7D9,
0x8B0AECBD,
0xEC41B005,
0xBD300B10,
0xEC53E7FF,
0xEC512B1A,
0xF7D90B18,
0xEC53F93B,
0xF7D92B1C,
0xEC53F890,
0xF7D92B19,
0xED9DF933,
0xEC531B0A,
0xF7D92B11,
0xE7E3F886,
0x000045BC,
0x00000000,
0x55555549,
0xBFC55555,
0x00000000,
0x3FE00000,
0x0B07ED9F,
0xEC53B510,
0xED9F2B10,
0xEC510B07,
0xF7D90B10,
0xEC41F987,
0xBD100B10,
0x00000000,
0x00000000,
0x00000000,
0x00000000,
0x3FF00000,
0xEC53B510,
0xEC512B10,
0xF7D90B10,
0xEC41F85A,
0xBD100B10,
0xEC53B510,
0xEC512B11,
0xF7D90B10,
0xEC41F850,
0xBD100B10,
0x0B05ED9F,
0xEC53B510,
0xEC512B10,
0xF7D90B10,
0xEC41F95D,
0xBD100B10,
0x00000000,
0x00000000,
0x0B05ED9F,
0xEC53B510,
0xEC512B10,
0xF7D90B10,
0xEC41F8DB,
0xBD100B10,
0x00000000,
0x70000000,
0x0B05ED9F,
0xEC53B510,
0xEC512B10,
0xF7D90B10,
0xEC41F8CB,
0xBD100B10,
0x00000000,
0x10000000,
0x0A03EDDF,
0x1A00EEB7,
0x0A20EE81,
0x00004770,
0x00000000,
0x0A00EE30,
0xEE304770,
0x47700A20,
0x0A02EDDF,
0x0AA0EE80,
0x00004770,
0x00000000,
0x0A02ED9F,
0x0A00EE20,
0x00004770,
0x70000000,
0x0A02ED9F,
0x0A00EE20,
0x00004770,
0x10000000,
0x01F0E92D,
0x427FF04F,
0x0F41EBB2,
0xF04FBF9F,
0x600131FF,
0x01F0E8BD,
0xF04F4770,
0xEA424200,
0xF3C12301,
0x3A7852C7,
0xF0121155,
0x4C430C1F,
0x0620F1CC,
0xF3C1447C,
0xF1A252C7,
0xEA4F0278,
0xEB041262,
0xF8540282,
0xBF084025,
0x5601E9D2,
0x6855D012,
0xF40CFA04,
0xF706FA25,
0x6897433C,
0xF50CFA05,
0xF806FA27,
0xFA0768D2,
0x40F2FC0C,
0x0508EA45,
0x0602EA4C,
0x4C03FBA4,
0x5203FBA5,
0x6303FBA6,
0x429D441D,
0x2601BF34,
0x19132600,
0xB1164433,
0xD9024293,
0x4293E003,
0x2201D201,
0x2200E000,
0xF1024462,
0x06920C20,
0xEA420CDC,
0xEE003244,
0x035B2A10,
0x0A21EDDF,
0x1AC0EEF8,
0x3A10EE00,
0x1C9CEA4F,
0x4F00F011,
0x0A40EEB8,
0xC000F8C0,
0x1A20EE20,
0x5A10EE00,
0x0A19EDDF,
0x0A40EEB8,
0x0A20EE20,
0x0A81EE71,
0x0A80EE70,
0x2A90EE10,
0x6200F502,
0x020BF36F,
0x2A90EE00,
0x1AE1EE70,
0x1AC1EE31,
0x1A10EDDF,
0x1A41EE30,
0x0A0DED9F,
0x0A80EE20,
0x0A21EE01,
0x1A0CED9F,
0x0A81EE00,
0xE8BDBF04,
0x477001F0,
0x5180F1CC,
0xE8BD6001,
0xEEB101F0,
0x47700A40,
0x000043A0,
0x36000000,
0x2C800000,
0x29FDAA22,
0x2FC90FDB,
0x2FC90000,
0xC808E002,
0xC1081F12,
0xD1FA2A00,
0x47704770,
0xE0012000,
0x1F12C101,
0xD1FB2A00,
0x00004770,
0x60084901,
0x00004770,
0x00000C7C,
0x5FFFE92D,
0x2100B082,
0x3004E9DD,
0xF8DD0D02,
0x4303B040,
0xF644D018,
0xF2A25010,
0x434232FF,
0x98111415,
0xD01F2801,
0x000BEBA5,
0xEA5F1C40,
0xF04F0A00,
0x4F4E0600,
0x9138F8DF,
0x465046B0,
0xF1CAD515,
0xE0130400,
0x24019811,
0x2801A34A,
0xEA6FD101,
0x9802010B,
0xE9C09A11,
0xE9C03100,
0xB0064202,
0x9FF0E8BD,
0x0000F1CB,
0x4604E7DF,
0x4A402100,
0xEB421849,
0xE9CD5004,
0xE0121000,
0xD00707E0,
0x463B4632,
0x46494640,
0xFF94F7D8,
0x46894680,
0x463B4632,
0x46194610,
0xFF8CF7D8,
0x460F4606,
0x2C001064,
0xE9DDD1EA,
0xE9DD0104,
0xF1BA2300,
0xDA060F00,
0xFF7EF7D8,
0x464B4642,
0xFF7AF7D8,
0xF7D8E005,
0x4642FFE9,
0xF7D8464B,
0x4604FFE5,
0x2200460E,
0xF7D94B28,
0xD803FB65,
0x30FFF04F,
0xE0074601,
0x4B252200,
0x46314620,
0xFEBBF7D8,
0xF972F7D9,
0xE0092410,
0xDB0A2C00,
0x2300220A,
0xFE12F7D8,
0x32309B03,
0x1E64551A,
0x0201EA50,
0x1C64D1F2,
0xF1C49A03,
0x44140311,
0x2A019A11,
0x2201D003,
0xD10D4308,
0x4308E00A,
0x2000D004,
0x0B11F04F,
0xE7729011,
0x050BEBA3,
0xE00D1E6D,
0xDD04455B,
0x0200F04F,
0x0501F105,
0xDA03E004,
0x0200F04F,
0x0501F1A5,
0xD0EC2A00,
0x99119802,
0x3102E9C0,
0x4500E9C0,
0x0000E779,
0x40140000,
0x3FF00000,
0x00000030,
0x43F00000,
0x3FE00000,
0x4FFFE92D,
0x469BB095,
0x46064689,
0xE20F2500,
0xD1772825,
0x46272400,
0x21014AF8,
0xE0009405,
0xF8164304,
0x3B203F01,
0xF003FA01,
0xD1F74210,
0x282A7830,
0xF06FD011,
0x7830032F,
0x0230F1A0,
0xD8162A09,
0xF0449A05,
0xEB020402,
0xEB030282,
0x44100242,
0x90051C76,
0xF859E7EF,
0x92052B04,
0xDA032A00,
0xF4444250,
0x90055400,
0x0402F044,
0x78301C76,
0xD116282E,
0x0F01F816,
0x0404F044,
0xD00D282A,
0x022FF06F,
0xF1A07830,
0x2B090330,
0xEB07D809,
0xEB020387,
0x18C70343,
0xE7F31C76,
0x7B04F859,
0x78301C76,
0xD00F286C,
0x284CDC06,
0x2868D017,
0x286AD00D,
0xE004D114,
0xD0102874,
0xD10F287A,
0xF444E00D,
0xE00A1400,
0x1480F444,
0xF444E001,
0x78721440,
0xD1024282,
0x1480F504,
0x1C761C76,
0x28667830,
0xDC13D00B,
0xD0772858,
0x2800DC09,
0x2845D075,
0x2846D0F6,
0x2847D0F4,
0xE19DD11A,
0x2863E018,
0x2864D035,
0x2865D079,
0xE195D112,
0xD0732870,
0x2867DC08,
0x2869D0F1,
0x286ED06F,
0x286FD00D,
0xE0B5D106,
0xD02C2873,
0xD0752875,
0xD0742878,
0x9917465A,
0x1C6D4790,
0xF3C4E175,
0x28025002,
0x2803D009,
0xF8D9D00D,
0x28041000,
0x600DD00D,
0x0904F109,
0xF8D9E167,
0x17EA1000,
0x5200E9C1,
0xF8D9E7F6,
0x800D1000,
0x700DE7F2,
0xF819E7F0,
0xF88D1B04,
0x20001000,
0x0001F88D,
0x200146EA,
0xF859E003,
0xF04FAB04,
0x076130FF,
0x0100F04F,
0xE00DD402,
0x0101F108,
0x42B94688,
0x4580DA0F,
0xF81ADBF8,
0x29001008,
0xE008D1F4,
0x0101F108,
0x42814688,
0xF81ADBFA,
0x29001008,
0x9805D1F6,
0xEBA0465B,
0x46210708,
0x9A174638,
0xFA94F000,
0xEB004428,
0xE0070508,
0xE129E04D,
0xF81AE00D,
0x465A0B01,
0x47909917,
0x0801F1B8,
0x465BD2F7,
0x46384621,
0xE1139A17,
0x220AE042,
0xF3C49200,
0xF04F5202,
0x2A020A00,
0xF859D008,
0x2A03CB04,
0x71ECEA4F,
0xE00DD00A,
0xE02AE029,
0x0107F109,
0x0207F021,
0xC102E8F2,
0xE0094691,
0xFC8CFA0F,
0x71ECEA4F,
0xD1032A04,
0xFC8CFA4F,
0x71ECEA4F,
0xDA072900,
0x2100460A,
0x0C00F1DC,
0x0102EB61,
0xE002222D,
0xD5040522,
0xF88D222B,
0x22012004,
0x07E2E003,
0x2220D001,
0x4690E7F7,
0x210AE059,
0x2210E002,
0x2110E00D,
0x0A00F04F,
0xE00B9100,
0xF04F2210,
0xF0440A00,
0x27080404,
0xE0039200,
0xF04F2208,
0x92000A00,
0x5202F3C4,
0xD0052A02,
0xCB04F859,
0x2A032100,
0xE009D008,
0x0107F109,
0x0207F021,
0xC102E8F2,
0xE0054691,
0xFC8CFA1F,
0xD1012A04,
0x0CFFF00C,
0x0800F04F,
0xD5280722,
0xD0062870,
0xF0839B00,
0xEA530310,
0xD005030A,
0x2240E00E,
0x2004F88D,
0xE0082201,
0x0201EA5C,
0x2230D006,
0x2004F88D,
0x0005F88D,
0x46902202,
0xF0839B00,
0xEA530308,
0xD10A030A,
0x0201EA5C,
0x0762D101,
0x2230D505,
0x2004F88D,
0x0801F04F,
0x28581E7F,
0xA034D004,
0xA80E9003,
0xE00D9002,
0xE7F9A036,
0x46604653,
0xF7D89A00,
0x4684FC31,
0x5C829803,
0x1E409802,
0x70029002,
0x0001EA5C,
0x9802D1F0,
0x1A08A906,
0x0A20F100,
0xD5020760,
0x3480F424,
0x2701E000,
0xDD024557,
0x000AEBA7,
0x2000E000,
0x010AEB00,
0x98059000,
0x1A404441,
0x03E09005,
0x465BD406,
0x9A174621,
0xF0009805,
0x4405F9B3,
0xE0062700,
0x465AA801,
0x99175DC0,
0x1C6D4790,
0x45471C7F,
0x03E0DBF6,
0x465BD50C,
0x9A174621,
0xF0009805,
0x4405F99F,
0x2030E004,
0x9917465A,
0x1C6D4790,
0x1E489900,
0x29009000,
0xE008DCF5,
0x99029802,
0x7800465A,
0x91021C49,
0x47909917,
0xF1BA1C6D,
0xF1AA0100,
0xDCF10A01,
0x0000E165,
0x00012809,
0x33323130,
0x37363534,
0x62613938,
0x66656463,
0x00000000,
0x33323130,
0x37363534,
0x42413938,
0x46454443,
0x00000000,
0xF958F000,
0x1C764405,
0x28007830,
0xADECF47F,
0x4628B019,
0x8FF0E8BD,
0xD4000762,
0xF1092706,
0xF0220207,
0xE8FC0C07,
0x46E12302,
0x4800F003,
0x0C08EA5F,
0xF20FD002,
0xE00D2C70,
0x5C04EA5F,
0xF20FD502,
0xE0072C68,
0x7CC4EA5F,
0xF20FD002,
0xE0012C60,
0x0C70F2AF,
0x38FFF04F,
0x4300F023,
0xC050F8CD,
0xD00C2865,
0x2845DC06,
0x2846D009,
0x2847D01D,
0xE03DD13D,
0xD0182866,
0xD17E2867,
0x2100E038,
0xDB012F11,
0xE0002011,
0xE9CD1C78,
0xA9060100,
0xF7FFA80E,
0xE9DDFCDD,
0x9A0E010F,
0x21009103,
0xF1079200,
0x91040A01,
0xF04FE04D,
0x97004000,
0x1001E9CD,
0xA80EA906,
0xFCCAF7FF,
0x020FE9DD,
0x9B0E9203,
0x22009911,
0xA00CF8DD,
0x92049300,
0x1C79B911,
0x0A01EB00,
0x000AEBB7,
0xF1C0D404,
0xF10730FF,
0x90040A01,
0x0007EBAA,
0xE0449001,
0xDA002F01,
0x21002701,
0xDD012F11,
0xE0002011,
0xE9CD4638,
0xA9060100,
0xF7FFA80E,
0xE9DDFCA1,
0x9A0E010F,
0x21009103,
0x92009104,
0x072146BA,
0x9903D40C,
0xDA004551,
0xF1BA468A,
0xDD050F01,
0xF1AA9A00,
0x5C510101,
0xD0082930,
0xDA0242B8,
0x0F04F110,
0x2101DA06,
0x1001E9CD,
0xF1AAE015,
0xE7E90101,
0xDC052800,
0x44019904,
0xEBAA9104,
0xE0020100,
0x45511C41,
0x468ADD00,
0x1A409904,
0x90011C40,
0x4000F04F,
0x07209002,
0x9801D404,
0xDB014550,
0x8004F8CD,
0xF88D2000,
0x9802004F,
0x074FF10D,
0x4F00F1B0,
0x202BD025,
0x9802900E,
0x0802F04F,
0xDA0C2800,
0x90024240,
0x900E202D,
0x210AE007,
0xF7D89802,
0x3130FE80,
0xF8079002,
0xF1B81D01,
0xF1A80100,
0xDCF20801,
0x28009802,
0x1E79D1EF,
0x7008980E,
0xF0007830,
0xF0400020,
0xF8070045,
0xA8120D02,
0xF1001BC0,
0x98140807,
0xB1007800,
0xEB002001,
0x9801010A,
0x71E0EB01,
0x44419805,
0x1E401A40,
0x03E09005,
0x465BD406,
0x9A174621,
0xF0009805,
0x4405F85D,
0x78009814,
0x465AB118,
0x47909917,
0x03E01C6D,
0x465BD524,
0x9A174621,
0xF0009805,
0x4405F84D,
0x9804E01C,
0xDB072800,
0x0103E9DD,
0xDD034288,
0x5C409800,
0xE0019917,
0x20309917,
0x4790465A,
0xF1059804,
0x1C400501,
0x98019004,
0x90011E40,
0x202ED104,
0x9917465A,
0x1C6D4790,
0x0100F1BA,
0x0A01F1AA,
0xE005DCDD,
0x0B01F817,
0x9917465A,
0x1C6D4790,
0x0100F1B8,
0x0801F1A8,
0x465BDCF4,
0x9A174621,
0xE6AB9805,
0x0000002D,
0x0000002B,
0x00000020,
0x41F0E92D,
0x25004604,
0x4617461E,
0xD4040488,
0x4639E005,
0x47B02020,
0x1E641C6D,
0x4628D5F9,
0x81F0E8BD,
0x41F0E92D,
0x25004604,
0x4690461E,
0xD50103C8,
0xE0002730,
0x04882720,
0xE005D504,
0x46384641,
0x1C6D47B0,
0xD5F91E64,
0xE8BD4628,
0x680A81F0,
0x600B1C53,
0x47707010,
0xE9CDB082,
0xF0210100,
0x90014000,
0x0B00ED9D,
0xEC51B002,
0x47700B10,
0x460DB570,
0xE0024604,
0xF7EA4629,
0xF814FE6B,
0x28000B01,
0xBD70D1F8,
0xEC41B510,
0xF7FC0B10,
0xEC51FFC9,
0xBD100B10,
0xF7EA4901,
0x0000BE5B,
0x00054A60,
0x4604B510,
0xF7EAE001,
0xF814FE53,
0x49040B01,
0xD1F82800,
0x4010E8BD,
0xF7EA200A,
0x0000BE49,
0x00054A60,
0xED2DB500,
0xB0838B04,
0x0B19EC41,
0xFE89F7D8,
0x0B18EC41,
0x0A10EE18,
0x1A90EE18,
0x8B00ED8D,
0xBF182800,
0x43082001,
0x4000F020,
0x607FF1C0,
0x40E0F100,
0xD0140FC0,
0x1A10EE19,
0x0A90EE19,
0x9B00ED8D,
0xBF182900,
0x43082101,
0x4000F020,
0x607FF1C0,
0x40E0F100,
0xBF040FC0,
0xF7FF2001,
0xEC51FB33,
0xB0030B18,
0x8B04ECBD,
0xB510BD00,
0x0A10EE00,
0x8B02ED2D,
0x8AC0EEB1,
0x0A10EE18,
0x4000F020,
0x40FFF1C0,
0xD00A0FC0,
0x0A10EE10,
0x4000F020,
0x40FFF1C0,
0xBF040FC0,
0xF7FF2001,
0xEE18FB13,
0xECBD0A10,
0xBD108B02,
0x00000020,
0x00029A98,
0x0002BF98,
0x00000030,
0x00000080,
0x00029B98,
0x0002BFF8,
0x000000D0,
0x00000400,
0x00029F98,
0x0002C198,
0x00000708,
0x3F800000,
0x00000000,
0x3F7B14BE,
0x3E47C5C2,
0x3F6C835E,
0x3EC3EF15,
0x3F54DB31,
0x3F0E39DA,
0x3F3504F3,
0x3F3504F3,
0x3F0E39DA,
0x3F54DB31,
0x3EC3EF15,
0x3F6C835E,
0x3E47C5C2,
0x3F7B14BE,
0x00000000,
0x3F800000,
0xBE47C5C2,
0x3F7B14BE,
0xBEC3EF15,
0x3F6C835E,
0xBF0E39DA,
0x3F54DB31,
0xBF3504F3,
0x3F3504F3,
0xBF54DB31,
0x3F0E39DA,
0xBF6C835E,
0x3EC3EF15,
0xBF7B14BE,
0x3E47C5C2,
0xBF800000,
0x00000000,
0xBF7B14BE,
0xBE47C5C2,
0xBF6C835E,
0xBEC3EF15,
0xBF54DB31,
0xBF0E39DA,
0xBF3504F3,
0xBF3504F3,
0xBF0E39DA,
0xBF54DB31,
0xBEC3EF15,
0xBF6C835E,
0xBE47C5C2,
0xBF7B14BE,
0x80000000,
0xBF800000,
0x3E47C5C2,
0xBF7B14BE,
0x3EC3EF15,
0xBF6C835E,
0x3F0E39DA,
0xBF54DB31,
0x3F3504F3,
0xBF3504F3,
0x3F54DB31,
0xBF0E39DA,
0x3F6C835E,
0xBEC3EF15,
0x3F7B14BE,
0xBE47C5C2,
0x3F800000,
0x00000000,
0x3F7FB10F,
0x3D48FB2F,
0x3F7EC46D,
0x3DC8BD36,
0x3F7D3AAC,
0x3E164083,
0x3F7B14BE,
0x3E47C5C2,
0x3F7853F8,
0x3E78CFCC,
0x3F74FA0B,
0x3E94A031,
0x3F710908,
0x3EAC7CD4,
0x3F6C835E,
0x3EC3EF15,
0x3F676BD8,
0x3EDAE880,
0x3F61C598,
0x3EF15AEA,
0x3F5B941A,
0x3F039C3D,
0x3F54DB31,
0x3F0E39DA,
0x3F4D9F02,
0x3F187FC0,
0x3F45E403,
0x3F226799,
0x3F3DAEF9,
0x3F2BEB4A,
0x3F3504F3,
0x3F3504F3,
0x3F2BEB4A,
0x3F3DAEF9,
0x3F226799,
0x3F45E403,
0x3F187FC0,
0x3F4D9F02,
0x3F0E39DA,
0x3F54DB31,
0x3F039C3D,
0x3F5B941A,
0x3EF15AEA,
0x3F61C598,
0x3EDAE880,
0x3F676BD8,
0x3EC3EF15,
0x3F6C835E,
0x3EAC7CD4,
0x3F710908,
0x3E94A031,
0x3F74FA0B,
0x3E78CFCC,
0x3F7853F8,
0x3E47C5C2,
0x3F7B14BE,
0x3E164083,
0x3F7D3AAC,
0x3DC8BD36,
0x3F7EC46D,
0x3D48FB2F,
0x3F7FB10F,
0x00000000,
0x3F800000,
0xBD48FB2F,
0x3F7FB10F,
0xBDC8BD36,
0x3F7EC46D,
0xBE164083,
0x3F7D3AAC,
0xBE47C5C2,
0x3F7B14BE,
0xBE78CFCC,
0x3F7853F8,
0xBE94A031,
0x3F74FA0B,
0xBEAC7CD4,
0x3F710908,
0xBEC3EF15,
0x3F6C835E,
0xBEDAE880,
0x3F676BD8,
0xBEF15AEA,
0x3F61C598,
0xBF039C3D,
0x3F5B941A,
0xBF0E39DA,
0x3F54DB31,
0xBF187FC0,
0x3F4D9F02,
0xBF226799,
0x3F45E403,
0xBF2BEB4A,
0x3F3DAEF9,
0xBF3504F3,
0x3F3504F3,
0xBF3DAEF9,
0x3F2BEB4A,
0xBF45E403,
0x3F226799,
0xBF4D9F02,
0x3F187FC0,
0xBF54DB31,
0x3F0E39DA,
0xBF5B941A,
0x3F039C3D,
0xBF61C598,
0x3EF15AEA,
0xBF676BD8,
0x3EDAE880,
0xBF6C835E,
0x3EC3EF15,
0xBF710908,
0x3EAC7CD4,
0xBF74FA0B,
0x3E94A031,
0xBF7853F8,
0x3E78CFCC,
0xBF7B14BE,
0x3E47C5C2,
0xBF7D3AAC,
0x3E164083,
0xBF7EC46D,
0x3DC8BD36,
0xBF7FB10F,
0x3D48FB2F,
0xBF800000,
0x00000000,
0xBF7FB10F,
0xBD48FB2F,
0xBF7EC46D,
0xBDC8BD36,
0xBF7D3AAC,
0xBE164083,
0xBF7B14BE,
0xBE47C5C2,
0xBF7853F8,
0xBE78CFCC,
0xBF74FA0B,
0xBE94A031,
0xBF710908,
0xBEAC7CD4,
0xBF6C835E,
0xBEC3EF15,
0xBF676BD8,
0xBEDAE880,
0xBF61C598,
0xBEF15AEA,
0xBF5B941A,
0xBF039C3D,
0xBF54DB31,
0xBF0E39DA,
0xBF4D9F02,
0xBF187FC0,
0xBF45E403,
0xBF226799,
0xBF3DAEF9,
0xBF2BEB4A,
0xBF3504F3,
0xBF3504F3,
0xBF2BEB4A,
0xBF3DAEF9,
0xBF226799,
0xBF45E403,
0xBF187FC0,
0xBF4D9F02,
0xBF0E39DA,
0xBF54DB31,
0xBF039C3D,
0xBF5B941A,
0xBEF15AEA,
0xBF61C598,
0xBEDAE880,
0xBF676BD8,
0xBEC3EF15,
0xBF6C835E,
0xBEAC7CD4,
0xBF710908,
0xBE94A031,
0xBF74FA0B,
0xBE78CFCC,
0xBF7853F8,
0xBE47C5C2,
0xBF7B14BE,
0xBE164083,
0xBF7D3AAC,
0xBDC8BD36,
0xBF7EC46D,
0xBD48FB2F,
0xBF7FB10F,
0x80000000,
0xBF800000,
0x3D48FB2F,
0xBF7FB10F,
0x3DC8BD36,
0xBF7EC46D,
0x3E164083,
0xBF7D3AAC,
0x3E47C5C2,
0xBF7B14BE,
0x3E78CFCC,
0xBF7853F8,
0x3E94A031,
0xBF74FA0B,
0x3EAC7CD4,
0xBF710908,
0x3EC3EF15,
0xBF6C835E,
0x3EDAE880,
0xBF676BD8,
0x3EF15AEA,
0xBF61C598,
0x3F039C3D,
0xBF5B941A,
0x3F0E39DA,
0xBF54DB31,
0x3F187FC0,
0xBF4D9F02,
0x3F226799,
0xBF45E403,
0x3F2BEB4A,
0xBF3DAEF9,
0x3F3504F3,
0xBF3504F3,
0x3F3DAEF9,
0xBF2BEB4A,
0x3F45E403,
0xBF226799,
0x3F4D9F02,
0xBF187FC0,
0x3F54DB31,
0xBF0E39DA,
0x3F5B941A,
0xBF039C3D,
0x3F61C598,
0xBEF15AEA,
0x3F676BD8,
0xBEDAE880,
0x3F6C835E,
0xBEC3EF15,
0x3F710908,
0xBEAC7CD4,
0x3F74FA0B,
0xBE94A031,
0x3F7853F8,
0xBE78CFCC,
0x3F7B14BE,
0xBE47C5C2,
0x3F7D3AAC,
0xBE164083,
0x3F7EC46D,
0xBDC8BD36,
0x3F7FB10F,
0xBD48FB2F,
0x3F800000,
0x00000000,
0x3F7FFEC4,
0x3BC90F89,
0x3F7FFB11,
0x3C490E90,
0x3F7FF4E6,
0x3C96C9B6,
0x3F7FEC43,
0x3CC90AB0,
0x3F7FE129,
0x3CFB49B9,
0x3F7FD398,
0x3D16C32C,
0x3F7FC38F,
0x3D2FE007,
0x3F7FB10F,
0x3D48FB2F,
0x3F7F9C18,
0x3D621468,
0x3F7F84AB,
0x3D7B2B74,
0x3F7F6AC7,
0x3D8A200A,
0x3F7F4E6D,
0x3D96A905,
0x3F7F2F9D,
0x3DA3308C,
0x3F7F0E58,
0x3DAFB680,
0x3F7EEA9D,
0x3DBC3AC3,
0x3F7EC46D,
0x3DC8BD36,
0x3F7E9BC9,
0x3DD53DB9,
0x3F7E70B0,
0x3DE1BC2E,
0x3F7E4323,
0x3DEE3876,
0x3F7E1324,
0x3DFAB273,
0x3F7DE0B1,
0x3E039502,
0x3F7DABCC,
0x3E09CF86,
0x3F7D7474,
0x3E1008B7,
0x3F7D3AAC,
0x3E164083,
0x3F7CFE73,
0x3E1C76DE,
0x3F7CBFC9,
0x3E22ABB6,
0x3F7C7EB0,
0x3E28DEFC,
0x3F7C3B28,
0x3E2F10A2,
0x3F7BF531,
0x3E354098,
0x3F7BACCD,
0x3E3B6ECF,
0x3F7B61FC,
0x3E419B37,
0x3F7B14BE,
0x3E47C5C2,
0x3F7AC516,
0x3E4DEE60,
0x3F7A7302,
0x3E541501,
0x3F7A1E84,
0x3E5A3997,
0x3F79C79D,
0x3E605C13,
0x3F796E4E,
0x3E667C66,
0x3F791298,
0x3E6C9A7F,
0x3F78B47B,
0x3E72B651,
0x3F7853F8,
0x3E78CFCC,
0x3F77F110,
0x3E7EE6E1,
0x3F778BC5,
0x3E827DC0,
0x3F772417,
0x3E8586CE,
0x3F76BA07,
0x3E888E93,
0x3F764D97,
0x3E8B9507,
0x3F75DEC6,
0x3E8E9A22,
0x3F756D97,
0x3E919DDD,
0x3F74FA0B,
0x3E94A031,
0x3F748422,
0x3E97A117,
0x3F740BDD,
0x3E9AA086,
0x3F73913F,
0x3E9D9E78,
0x3F731447,
0x3EA09AE5,
0x3F7294F8,
0x3EA395C5,
0x3F721352,
0x3EA68F12,
0x3F718F57,
0x3EA986C4,
0x3F710908,
0x3EAC7CD4,
0x3F708066,
0x3EAF713A,
0x3F6FF573,
0x3EB263EF,
0x3F6F6830,
0x3EB554EC,
0x3F6ED89E,
0x3EB8442A,
0x3F6E46BE,
0x3EBB31A0,
0x3F6DB293,
0x3EBE1D4A,
0x3F6D1C1D,
0x3EC1071E,
0x3F6C835E,
0x3EC3EF15,
0x3F6BE858,
0x3EC6D529,
0x3F6B4B0C,
0x3EC9B953,
0x3F6AAB7B,
0x3ECC9B8B,
0x3F6A09A7,
0x3ECF7BCA,
0x3F696591,
0x3ED25A09,
0x3F68BF3C,
0x3ED53641,
0x3F6816A8,
0x3ED8106B,
0x3F676BD8,
0x3EDAE880,
0x3F66BECC,
0x3EDDBE79,
0x3F660F88,
0x3EE0924F,
0x3F655E0B,
0x3EE363FA,
0x3F64AA59,
0x3EE63375,
0x3F63F473,
0x3EE900B7,
0x3F633C5A,
0x3EEBCBBB,
0x3F628210,
0x3EEE9479,
0x3F61C598,
0x3EF15AEA,
0x3F6106F2,
0x3EF41F07,
0x3F604621,
0x3EF6E0CB,
0x3F5F8327,
0x3EF9A02D,
0x3F5EBE05,
0x3EFC5D27,
0x3F5DF6BE,
0x3EFF17B2,
0x3F5D2D53,
0x3F00E7E4,
0x3F5C61C7,
0x3F0242B1,
0x3F5B941A,
0x3F039C3D,
0x3F5AC450,
0x3F04F484,
0x3F59F26A,
0x3F064B82,
0x3F591E6A,
0x3F07A136,
0x3F584853,
0x3F08F59B,
0x3F577026,
0x3F0A48AD,
0x3F5695E5,
0x3F0B9A6B,
0x3F55B993,
0x3F0CEAD0,
0x3F54DB31,
0x3F0E39DA,
0x3F53FAC3,
0x3F0F8784,
0x3F531849,
0x3F10D3CD,
0x3F5233C6,
0x3F121EB0,
0x3F514D3D,
0x3F13682A,
0x3F5064AF,
0x3F14B039,
0x3F4F7A1F,
0x3F15F6D9,
0x3F4E8D90,
0x3F173C07,
0x3F4D9F02,
0x3F187FC0,
0x3F4CAE79,
0x3F19C200,
0x3F4BBBF8,
0x3F1B02C6,
0x3F4AC77F,
0x3F1C420C,
0x3F49D112,
0x3F1D7FD1,
0x3F48D8B3,
0x3F1EBC12,
0x3F47DE65,
0x3F1FF6CB,
0x3F46E22A,
0x3F212FF9,
0x3F45E403,
0x3F226799,
0x3F44E3F5,
0x3F239DA9,
0x3F43E200,
0x3F24D225,
0x3F42DE29,
0x3F26050A,
0x3F41D870,
0x3F273656,
0x3F40D0DA,
0x3F286605,
0x3F3FC767,
0x3F299415,
0x3F3EBC1B,
0x3F2AC082,
0x3F3DAEF9,
0x3F2BEB4A,
0x3F3CA003,
0x3F2D1469,
0x3F3B8F3B,
0x3F2E3BDE,
0x3F3A7CA4,
0x3F2F61A5,
0x3F396842,
0x3F3085BB,
0x3F385216,
0x3F31A81D,
0x3F373A23,
0x3F32C8C9,
0x3F36206C,
0x3F33E7BC,
0x3F3504F3,
0x3F3504F3,
0x3F33E7BC,
0x3F36206C,
0x3F32C8C9,
0x3F373A23,
0x3F31A81D,
0x3F385216,
0x3F3085BB,
0x3F396842,
0x3F2F61A5,
0x3F3A7CA4,
0x3F2E3BDE,
0x3F3B8F3B,
0x3F2D1469,
0x3F3CA003,
0x3F2BEB4A,
0x3F3DAEF9,
0x3F2AC082,
0x3F3EBC1B,
0x3F299415,
0x3F3FC767,
0x3F286605,
0x3F40D0DA,
0x3F273656,
0x3F41D870,
0x3F26050A,
0x3F42DE29,
0x3F24D225,
0x3F43E200,
0x3F239DA9,
0x3F44E3F5,
0x3F226799,
0x3F45E403,
0x3F212FF9,
0x3F46E22A,
0x3F1FF6CB,
0x3F47DE65,
0x3F1EBC12,
0x3F48D8B3,
0x3F1D7FD1,
0x3F49D112,
0x3F1C420C,
0x3F4AC77F,
0x3F1B02C6,
0x3F4BBBF8,
0x3F19C200,
0x3F4CAE79,
0x3F187FC0,
0x3F4D9F02,
0x3F173C07,
0x3F4E8D90,
0x3F15F6D9,
0x3F4F7A1F,
0x3F14B039,
0x3F5064AF,
0x3F13682A,
0x3F514D3D,
0x3F121EB0,
0x3F5233C6,
0x3F10D3CD,
0x3F531849,
0x3F0F8784,
0x3F53FAC3,
0x3F0E39DA,
0x3F54DB31,
0x3F0CEAD0,
0x3F55B993,
0x3F0B9A6B,
0x3F5695E5,
0x3F0A48AD,
0x3F577026,
0x3F08F59B,
0x3F584853,
0x3F07A136,
0x3F591E6A,
0x3F064B82,
0x3F59F26A,
0x3F04F484,
0x3F5AC450,
0x3F039C3D,
0x3F5B941A,
0x3F0242B1,
0x3F5C61C7,
0x3F00E7E4,
0x3F5D2D53,
0x3EFF17B2,
0x3F5DF6BE,
0x3EFC5D27,
0x3F5EBE05,
0x3EF9A02D,
0x3F5F8327,
0x3EF6E0CB,
0x3F604621,
0x3EF41F07,
0x3F6106F2,
0x3EF15AEA,
0x3F61C598,
0x3EEE9479,
0x3F628210,
0x3EEBCBBB,
0x3F633C5A,
0x3EE900B7,
0x3F63F473,
0x3EE63375,
0x3F64AA59,
0x3EE363FA,
0x3F655E0B,
0x3EE0924F,
0x3F660F88,
0x3EDDBE79,
0x3F66BECC,
0x3EDAE880,
0x3F676BD8,
0x3ED8106B,
0x3F6816A8,
0x3ED53641,
0x3F68BF3C,
0x3ED25A09,
0x3F696591,
0x3ECF7BCA,
0x3F6A09A7,
0x3ECC9B8B,
0x3F6AAB7B,
0x3EC9B953,
0x3F6B4B0C,
0x3EC6D529,
0x3F6BE858,
0x3EC3EF15,
0x3F6C835E,
0x3EC1071E,
0x3F6D1C1D,
0x3EBE1D4A,
0x3F6DB293,
0x3EBB31A0,
0x3F6E46BE,
0x3EB8442A,
0x3F6ED89E,
0x3EB554EC,
0x3F6F6830,
0x3EB263EF,
0x3F6FF573,
0x3EAF713A,
0x3F708066,
0x3EAC7CD4,
0x3F710908,
0x3EA986C4,
0x3F718F57,
0x3EA68F12,
0x3F721352,
0x3EA395C5,
0x3F7294F8,
0x3EA09AE5,
0x3F731447,
0x3E9D9E78,
0x3F73913F,
0x3E9AA086,
0x3F740BDD,
0x3E97A117,
0x3F748422,
0x3E94A031,
0x3F74FA0B,
0x3E919DDD,
0x3F756D97,
0x3E8E9A22,
0x3F75DEC6,
0x3E8B9507,
0x3F764D97,
0x3E888E93,
0x3F76BA07,
0x3E8586CE,
0x3F772417,
0x3E827DC0,
0x3F778BC5,
0x3E7EE6E1,
0x3F77F110,
0x3E78CFCC,
0x3F7853F8,
0x3E72B651,
0x3F78B47B,
0x3E6C9A7F,
0x3F791298,
0x3E667C66,
0x3F796E4E,
0x3E605C13,
0x3F79C79D,
0x3E5A3997,
0x3F7A1E84,
0x3E541501,
0x3F7A7302,
0x3E4DEE60,
0x3F7AC516,
0x3E47C5C2,
0x3F7B14BE,
0x3E419B37,
0x3F7B61FC,
0x3E3B6ECF,
0x3F7BACCD,
0x3E354098,
0x3F7BF531,
0x3E2F10A2,
0x3F7C3B28,
0x3E28DEFC,
0x3F7C7EB0,
0x3E22ABB6,
0x3F7CBFC9,
0x3E1C76DE,
0x3F7CFE73,
0x3E164083,
0x3F7D3AAC,
0x3E1008B7,
0x3F7D7474,
0x3E09CF86,
0x3F7DABCC,
0x3E039502,
0x3F7DE0B1,
0x3DFAB273,
0x3F7E1324,
0x3DEE3876,
0x3F7E4323,
0x3DE1BC2E,
0x3F7E70B0,
0x3DD53DB9,
0x3F7E9BC9,
0x3DC8BD36,
0x3F7EC46D,
0x3DBC3AC3,
0x3F7EEA9D,
0x3DAFB680,
0x3F7F0E58,
0x3DA3308C,
0x3F7F2F9D,
0x3D96A905,
0x3F7F4E6D,
0x3D8A200A,
0x3F7F6AC7,
0x3D7B2B74,
0x3F7F84AB,
0x3D621468,
0x3F7F9C18,
0x3D48FB2F,
0x3F7FB10F,
0x3D2FE007,
0x3F7FC38F,
0x3D16C32C,
0x3F7FD398,
0x3CFB49B9,
0x3F7FE129,
0x3CC90AB0,
0x3F7FEC43,
0x3C96C9B6,
0x3F7FF4E6,
0x3C490E90,
0x3F7FFB11,
0x3BC90F89,
0x3F7FFEC4,
0x00000000,
0x3F800000,
0xBBC90F89,
0x3F7FFEC4,
0xBC490E90,
0x3F7FFB11,
0xBC96C9B6,
0x3F7FF4E6,
0xBCC90AB0,
0x3F7FEC43,
0xBCFB49B9,
0x3F7FE129,
0xBD16C32C,
0x3F7FD398,
0xBD2FE007,
0x3F7FC38F,
0xBD48FB2F,
0x3F7FB10F,
0xBD621468,
0x3F7F9C18,
0xBD7B2B74,
0x3F7F84AB,
0xBD8A200A,
0x3F7F6AC7,
0xBD96A905,
0x3F7F4E6D,
0xBDA3308C,
0x3F7F2F9D,
0xBDAFB680,
0x3F7F0E58,
0xBDBC3AC3,
0x3F7EEA9D,
0xBDC8BD36,
0x3F7EC46D,
0xBDD53DB9,
0x3F7E9BC9,
0xBDE1BC2E,
0x3F7E70B0,
0xBDEE3876,
0x3F7E4323,
0xBDFAB273,
0x3F7E1324,
0xBE039502,
0x3F7DE0B1,
0xBE09CF86,
0x3F7DABCC,
0xBE1008B7,
0x3F7D7474,
0xBE164083,
0x3F7D3AAC,
0xBE1C76DE,
0x3F7CFE73,
0xBE22ABB6,
0x3F7CBFC9,
0xBE28DEFC,
0x3F7C7EB0,
0xBE2F10A2,
0x3F7C3B28,
0xBE354098,
0x3F7BF531,
0xBE3B6ECF,
0x3F7BACCD,
0xBE419B37,
0x3F7B61FC,
0xBE47C5C2,
0x3F7B14BE,
0xBE4DEE60,
0x3F7AC516,
0xBE541501,
0x3F7A7302,
0xBE5A3997,
0x3F7A1E84,
0xBE605C13,
0x3F79C79D,
0xBE667C66,
0x3F796E4E,
0xBE6C9A7F,
0x3F791298,
0xBE72B651,
0x3F78B47B,
0xBE78CFCC,
0x3F7853F8,
0xBE7EE6E1,
0x3F77F110,
0xBE827DC0,
0x3F778BC5,
0xBE8586CE,
0x3F772417,
0xBE888E93,
0x3F76BA07,
0xBE8B9507,
0x3F764D97,
0xBE8E9A22,
0x3F75DEC6,
0xBE919DDD,
0x3F756D97,
0xBE94A031,
0x3F74FA0B,
0xBE97A117,
0x3F748422,
0xBE9AA086,
0x3F740BDD,
0xBE9D9E78,
0x3F73913F,
0xBEA09AE5,
0x3F731447,
0xBEA395C5,
0x3F7294F8,
0xBEA68F12,
0x3F721352,
0xBEA986C4,
0x3F718F57,
0xBEAC7CD4,
0x3F710908,
0xBEAF713A,
0x3F708066,
0xBEB263EF,
0x3F6FF573,
0xBEB554EC,
0x3F6F6830,
0xBEB8442A,
0x3F6ED89E,
0xBEBB31A0,
0x3F6E46BE,
0xBEBE1D4A,
0x3F6DB293,
0xBEC1071E,
0x3F6D1C1D,
0xBEC3EF15,
0x3F6C835E,
0xBEC6D529,
0x3F6BE858,
0xBEC9B953,
0x3F6B4B0C,
0xBECC9B8B,
0x3F6AAB7B,
0xBECF7BCA,
0x3F6A09A7,
0xBED25A09,
0x3F696591,
0xBED53641,
0x3F68BF3C,
0xBED8106B,
0x3F6816A8,
0xBEDAE880,
0x3F676BD8,
0xBEDDBE79,
0x3F66BECC,
0xBEE0924F,
0x3F660F88,
0xBEE363FA,
0x3F655E0B,
0xBEE63375,
0x3F64AA59,
0xBEE900B7,
0x3F63F473,
0xBEEBCBBB,
0x3F633C5A,
0xBEEE9479,
0x3F628210,
0xBEF15AEA,
0x3F61C598,
0xBEF41F07,
0x3F6106F2,
0xBEF6E0CB,
0x3F604621,
0xBEF9A02D,
0x3F5F8327,
0xBEFC5D27,
0x3F5EBE05,
0xBEFF17B2,
0x3F5DF6BE,
0xBF00E7E4,
0x3F5D2D53,
0xBF0242B1,
0x3F5C61C7,
0xBF039C3D,
0x3F5B941A,
0xBF04F484,
0x3F5AC450,
0xBF064B82,
0x3F59F26A,
0xBF07A136,
0x3F591E6A,
0xBF08F59B,
0x3F584853,
0xBF0A48AD,
0x3F577026,
0xBF0B9A6B,
0x3F5695E5,
0xBF0CEAD0,
0x3F55B993,
0xBF0E39DA,
0x3F54DB31,
0xBF0F8784,
0x3F53FAC3,
0xBF10D3CD,
0x3F531849,
0xBF121EB0,
0x3F5233C6,
0xBF13682A,
0x3F514D3D,
0xBF14B039,
0x3F5064AF,
0xBF15F6D9,
0x3F4F7A1F,
0xBF173C07,
0x3F4E8D90,
0xBF187FC0,
0x3F4D9F02,
0xBF19C200,
0x3F4CAE79,
0xBF1B02C6,
0x3F4BBBF8,
0xBF1C420C,
0x3F4AC77F,
0xBF1D7FD1,
0x3F49D112,
0xBF1EBC12,
0x3F48D8B3,
0xBF1FF6CB,
0x3F47DE65,
0xBF212FF9,
0x3F46E22A,
0xBF226799,
0x3F45E403,
0xBF239DA9,
0x3F44E3F5,
0xBF24D225,
0x3F43E200,
0xBF26050A,
0x3F42DE29,
0xBF273656,
0x3F41D870,
0xBF286605,
0x3F40D0DA,
0xBF299415,
0x3F3FC767,
0xBF2AC082,
0x3F3EBC1B,
0xBF2BEB4A,
0x3F3DAEF9,
0xBF2D1469,
0x3F3CA003,
0xBF2E3BDE,
0x3F3B8F3B,
0xBF2F61A5,
0x3F3A7CA4,
0xBF3085BB,
0x3F396842,
0xBF31A81D,
0x3F385216,
0xBF32C8C9,
0x3F373A23,
0xBF33E7BC,
0x3F36206C,
0xBF3504F3,
0x3F3504F3,
0xBF36206C,
0x3F33E7BC,
0xBF373A23,
0x3F32C8C9,
0xBF385216,
0x3F31A81D,
0xBF396842,
0x3F3085BB,
0xBF3A7CA4,
0x3F2F61A5,
0xBF3B8F3B,
0x3F2E3BDE,
0xBF3CA003,
0x3F2D1469,
0xBF3DAEF9,
0x3F2BEB4A,
0xBF3EBC1B,
0x3F2AC082,
0xBF3FC767,
0x3F299415,
0xBF40D0DA,
0x3F286605,
0xBF41D870,
0x3F273656,
0xBF42DE29,
0x3F26050A,
0xBF43E200,
0x3F24D225,
0xBF44E3F5,
0x3F239DA9,
0xBF45E403,
0x3F226799,
0xBF46E22A,
0x3F212FF9,
0xBF47DE65,
0x3F1FF6CB,
0xBF48D8B3,
0x3F1EBC12,
0xBF49D112,
0x3F1D7FD1,
0xBF4AC77F,
0x3F1C420C,
0xBF4BBBF8,
0x3F1B02C6,
0xBF4CAE79,
0x3F19C200,
0xBF4D9F02,
0x3F187FC0,
0xBF4E8D90,
0x3F173C07,
0xBF4F7A1F,
0x3F15F6D9,
0xBF5064AF,
0x3F14B039,
0xBF514D3D,
0x3F13682A,
0xBF5233C6,
0x3F121EB0,
0xBF531849,
0x3F10D3CD,
0xBF53FAC3,
0x3F0F8784,
0xBF54DB31,
0x3F0E39DA,
0xBF55B993,
0x3F0CEAD0,
0xBF5695E5,
0x3F0B9A6B,
0xBF577026,
0x3F0A48AD,
0xBF584853,
0x3F08F59B,
0xBF591E6A,
0x3F07A136,
0xBF59F26A,
0x3F064B82,
0xBF5AC450,
0x3F04F484,
0xBF5B941A,
0x3F039C3D,
0xBF5C61C7,
0x3F0242B1,
0xBF5D2D53,
0x3F00E7E4,
0xBF5DF6BE,
0x3EFF17B2,
0xBF5EBE05,
0x3EFC5D27,
0xBF5F8327,
0x3EF9A02D,
0xBF604621,
0x3EF6E0CB,
0xBF6106F2,
0x3EF41F07,
0xBF61C598,
0x3EF15AEA,
0xBF628210,
0x3EEE9479,
0xBF633C5A,
0x3EEBCBBB,
0xBF63F473,
0x3EE900B7,
0xBF64AA59,
0x3EE63375,
0xBF655E0B,
0x3EE363FA,
0xBF660F88,
0x3EE0924F,
0xBF66BECC,
0x3EDDBE79,
0xBF676BD8,
0x3EDAE880,
0xBF6816A8,
0x3ED8106B,
0xBF68BF3C,
0x3ED53641,
0xBF696591,
0x3ED25A09,
0xBF6A09A7,
0x3ECF7BCA,
0xBF6AAB7B,
0x3ECC9B8B,
0xBF6B4B0C,
0x3EC9B953,
0xBF6BE858,
0x3EC6D529,
0xBF6C835E,
0x3EC3EF15,
0xBF6D1C1D,
0x3EC1071E,
0xBF6DB293,
0x3EBE1D4A,
0xBF6E46BE,
0x3EBB31A0,
0xBF6ED89E,
0x3EB8442A,
0xBF6F6830,
0x3EB554EC,
0xBF6FF573,
0x3EB263EF,
0xBF708066,
0x3EAF713A,
0xBF710908,
0x3EAC7CD4,
0xBF718F57,
0x3EA986C4,
0xBF721352,
0x3EA68F12,
0xBF7294F8,
0x3EA395C5,
0xBF731447,
0x3EA09AE5,
0xBF73913F,
0x3E9D9E78,
0xBF740BDD,
0x3E9AA086,
0xBF748422,
0x3E97A117,
0xBF74FA0B,
0x3E94A031,
0xBF756D97,
0x3E919DDD,
0xBF75DEC6,
0x3E8E9A22,
0xBF764D97,
0x3E8B9507,
0xBF76BA07,
0x3E888E93,
0xBF772417,
0x3E8586CE,
0xBF778BC5,
0x3E827DC0,
0xBF77F110,
0x3E7EE6E1,
0xBF7853F8,
0x3E78CFCC,
0xBF78B47B,
0x3E72B651,
0xBF791298,
0x3E6C9A7F,
0xBF796E4E,
0x3E667C66,
0xBF79C79D,
0x3E605C13,
0xBF7A1E84,
0x3E5A3997,
0xBF7A7302,
0x3E541501,
0xBF7AC516,
0x3E4DEE60,
0xBF7B14BE,
0x3E47C5C2,
0xBF7B61FC,
0x3E419B37,
0xBF7BACCD,
0x3E3B6ECF,
0xBF7BF531,
0x3E354098,
0xBF7C3B28,
0x3E2F10A2,
0xBF7C7EB0,
0x3E28DEFC,
0xBF7CBFC9,
0x3E22ABB6,
0xBF7CFE73,
0x3E1C76DE,
0xBF7D3AAC,
0x3E164083,
0xBF7D7474,
0x3E1008B7,
0xBF7DABCC,
0x3E09CF86,
0xBF7DE0B1,
0x3E039502,
0xBF7E1324,
0x3DFAB273,
0xBF7E4323,
0x3DEE3876,
0xBF7E70B0,
0x3DE1BC2E,
0xBF7E9BC9,
0x3DD53DB9,
0xBF7EC46D,
0x3DC8BD36,
0xBF7EEA9D,
0x3DBC3AC3,
0xBF7F0E58,
0x3DAFB680,
0xBF7F2F9D,
0x3DA3308C,
0xBF7F4E6D,
0x3D96A905,
0xBF7F6AC7,
0x3D8A200A,
0xBF7F84AB,
0x3D7B2B74,
0xBF7F9C18,
0x3D621468,
0xBF7FB10F,
0x3D48FB2F,
0xBF7FC38F,
0x3D2FE007,
0xBF7FD398,
0x3D16C32C,
0xBF7FE129,
0x3CFB49B9,
0xBF7FEC43,
0x3CC90AB0,
0xBF7FF4E6,
0x3C96C9B6,
0xBF7FFB11,
0x3C490E90,
0xBF7FFEC4,
0x3BC90F89,
0xBF800000,
0x00000000,
0xBF7FFEC4,
0xBBC90F89,
0xBF7FFB11,
0xBC490E90,
0xBF7FF4E6,
0xBC96C9B6,
0xBF7FEC43,
0xBCC90AB0,
0xBF7FE129,
0xBCFB49B9,
0xBF7FD398,
0xBD16C32C,
0xBF7FC38F,
0xBD2FE007,
0xBF7FB10F,
0xBD48FB2F,
0xBF7F9C18,
0xBD621468,
0xBF7F84AB,
0xBD7B2B74,
0xBF7F6AC7,
0xBD8A200A,
0xBF7F4E6D,
0xBD96A905,
0xBF7F2F9D,
0xBDA3308C,
0xBF7F0E58,
0xBDAFB680,
0xBF7EEA9D,
0xBDBC3AC3,
0xBF7EC46D,
0xBDC8BD36,
0xBF7E9BC9,
0xBDD53DB9,
0xBF7E70B0,
0xBDE1BC2E,
0xBF7E4323,
0xBDEE3876,
0xBF7E1324,
0xBDFAB273,
0xBF7DE0B1,
0xBE039502,
0xBF7DABCC,
0xBE09CF86,
0xBF7D7474,
0xBE1008B7,
0xBF7D3AAC,
0xBE164083,
0xBF7CFE73,
0xBE1C76DE,
0xBF7CBFC9,
0xBE22ABB6,
0xBF7C7EB0,
0xBE28DEFC,
0xBF7C3B28,
0xBE2F10A2,
0xBF7BF531,
0xBE354098,
0xBF7BACCD,
0xBE3B6ECF,
0xBF7B61FC,
0xBE419B37,
0xBF7B14BE,
0xBE47C5C2,
0xBF7AC516,
0xBE4DEE60,
0xBF7A7302,
0xBE541501,
0xBF7A1E84,
0xBE5A3997,
0xBF79C79D,
0xBE605C13,
0xBF796E4E,
0xBE667C66,
0xBF791298,
0xBE6C9A7F,
0xBF78B47B,
0xBE72B651,
0xBF7853F8,
0xBE78CFCC,
0xBF77F110,
0xBE7EE6E1,
0xBF778BC5,
0xBE827DC0,
0xBF772417,
0xBE8586CE,
0xBF76BA07,
0xBE888E93,
0xBF764D97,
0xBE8B9507,
0xBF75DEC6,
0xBE8E9A22,
0xBF756D97,
0xBE919DDD,
0xBF74FA0B,
0xBE94A031,
0xBF748422,
0xBE97A117,
0xBF740BDD,
0xBE9AA086,
0xBF73913F,
0xBE9D9E78,
0xBF731447,
0xBEA09AE5,
0xBF7294F8,
0xBEA395C5,
0xBF721352,
0xBEA68F12,
0xBF718F57,
0xBEA986C4,
0xBF710908,
0xBEAC7CD4,
0xBF708066,
0xBEAF713A,
0xBF6FF573,
0xBEB263EF,
0xBF6F6830,
0xBEB554EC,
0xBF6ED89E,
0xBEB8442A,
0xBF6E46BE,
0xBEBB31A0,
0xBF6DB293,
0xBEBE1D4A,
0xBF6D1C1D,
0xBEC1071E,
0xBF6C835E,
0xBEC3EF15,
0xBF6BE858,
0xBEC6D529,
0xBF6B4B0C,
0xBEC9B953,
0xBF6AAB7B,
0xBECC9B8B,
0xBF6A09A7,
0xBECF7BCA,
0xBF696591,
0xBED25A09,
0xBF68BF3C,
0xBED53641,
0xBF6816A8,
0xBED8106B,
0xBF676BD8,
0xBEDAE880,
0xBF66BECC,
0xBEDDBE79,
0xBF660F88,
0xBEE0924F,
0xBF655E0B,
0xBEE363FA,
0xBF64AA59,
0xBEE63375,
0xBF63F473,
0xBEE900B7,
0xBF633C5A,
0xBEEBCBBB,
0xBF628210,
0xBEEE9479,
0xBF61C598,
0xBEF15AEA,
0xBF6106F2,
0xBEF41F07,
0xBF604621,
0xBEF6E0CB,
0xBF5F8327,
0xBEF9A02D,
0xBF5EBE05,
0xBEFC5D27,
0xBF5DF6BE,
0xBEFF17B2,
0xBF5D2D53,
0xBF00E7E4,
0xBF5C61C7,
0xBF0242B1,
0xBF5B941A,
0xBF039C3D,
0xBF5AC450,
0xBF04F484,
0xBF59F26A,
0xBF064B82,
0xBF591E6A,
0xBF07A136,
0xBF584853,
0xBF08F59B,
0xBF577026,
0xBF0A48AD,
0xBF5695E5,
0xBF0B9A6B,
0xBF55B993,
0xBF0CEAD0,
0xBF54DB31,
0xBF0E39DA,
0xBF53FAC3,
0xBF0F8784,
0xBF531849,
0xBF10D3CD,
0xBF5233C6,
0xBF121EB0,
0xBF514D3D,
0xBF13682A,
0xBF5064AF,
0xBF14B039,
0xBF4F7A1F,
0xBF15F6D9,
0xBF4E8D90,
0xBF173C07,
0xBF4D9F02,
0xBF187FC0,
0xBF4CAE79,
0xBF19C200,
0xBF4BBBF8,
0xBF1B02C6,
0xBF4AC77F,
0xBF1C420C,
0xBF49D112,
0xBF1D7FD1,
0xBF48D8B3,
0xBF1EBC12,
0xBF47DE65,
0xBF1FF6CB,
0xBF46E22A,
0xBF212FF9,
0xBF45E403,
0xBF226799,
0xBF44E3F5,
0xBF239DA9,
0xBF43E200,
0xBF24D225,
0xBF42DE29,
0xBF26050A,
0xBF41D870,
0xBF273656,
0xBF40D0DA,
0xBF286605,
0xBF3FC767,
0xBF299415,
0xBF3EBC1B,
0xBF2AC082,
0xBF3DAEF9,
0xBF2BEB4A,
0xBF3CA003,
0xBF2D1469,
0xBF3B8F3B,
0xBF2E3BDE,
0xBF3A7CA4,
0xBF2F61A5,
0xBF396842,
0xBF3085BB,
0xBF385216,
0xBF31A81D,
0xBF373A23,
0xBF32C8C9,
0xBF36206C,
0xBF33E7BC,
0xBF3504F3,
0xBF3504F3,
0xBF33E7BC,
0xBF36206C,
0xBF32C8C9,
0xBF373A23,
0xBF31A81D,
0xBF385216,
0xBF3085BB,
0xBF396842,
0xBF2F61A5,
0xBF3A7CA4,
0xBF2E3BDE,
0xBF3B8F3B,
0xBF2D1469,
0xBF3CA003,
0xBF2BEB4A,
0xBF3DAEF9,
0xBF2AC082,
0xBF3EBC1B,
0xBF299415,
0xBF3FC767,
0xBF286605,
0xBF40D0DA,
0xBF273656,
0xBF41D870,
0xBF26050A,
0xBF42DE29,
0xBF24D225,
0xBF43E200,
0xBF239DA9,
0xBF44E3F5,
0xBF226799,
0xBF45E403,
0xBF212FF9,
0xBF46E22A,
0xBF1FF6CB,
0xBF47DE65,
0xBF1EBC12,
0xBF48D8B3,
0xBF1D7FD1,
0xBF49D112,
0xBF1C420C,
0xBF4AC77F,
0xBF1B02C6,
0xBF4BBBF8,
0xBF19C200,
0xBF4CAE79,
0xBF187FC0,
0xBF4D9F02,
0xBF173C07,
0xBF4E8D90,
0xBF15F6D9,
0xBF4F7A1F,
0xBF14B039,
0xBF5064AF,
0xBF13682A,
0xBF514D3D,
0xBF121EB0,
0xBF5233C6,
0xBF10D3CD,
0xBF531849,
0xBF0F8784,
0xBF53FAC3,
0xBF0E39DA,
0xBF54DB31,
0xBF0CEAD0,
0xBF55B993,
0xBF0B9A6B,
0xBF5695E5,
0xBF0A48AD,
0xBF577026,
0xBF08F59B,
0xBF584853,
0xBF07A136,
0xBF591E6A,
0xBF064B82,
0xBF59F26A,
0xBF04F484,
0xBF5AC450,
0xBF039C3D,
0xBF5B941A,
0xBF0242B1,
0xBF5C61C7,
0xBF00E7E4,
0xBF5D2D53,
0xBEFF17B2,
0xBF5DF6BE,
0xBEFC5D27,
0xBF5EBE05,
0xBEF9A02D,
0xBF5F8327,
0xBEF6E0CB,
0xBF604621,
0xBEF41F07,
0xBF6106F2,
0xBEF15AEA,
0xBF61C598,
0xBEEE9479,
0xBF628210,
0xBEEBCBBB,
0xBF633C5A,
0xBEE900B7,
0xBF63F473,
0xBEE63375,
0xBF64AA59,
0xBEE363FA,
0xBF655E0B,
0xBEE0924F,
0xBF660F88,
0xBEDDBE79,
0xBF66BECC,
0xBEDAE880,
0xBF676BD8,
0xBED8106B,
0xBF6816A8,
0xBED53641,
0xBF68BF3C,
0xBED25A09,
0xBF696591,
0xBECF7BCA,
0xBF6A09A7,
0xBECC9B8B,
0xBF6AAB7B,
0xBEC9B953,
0xBF6B4B0C,
0xBEC6D529,
0xBF6BE858,
0xBEC3EF15,
0xBF6C835E,
0xBEC1071E,
0xBF6D1C1D,
0xBEBE1D4A,
0xBF6DB293,
0xBEBB31A0,
0xBF6E46BE,
0xBEB8442A,
0xBF6ED89E,
0xBEB554EC,
0xBF6F6830,
0xBEB263EF,
0xBF6FF573,
0xBEAF713A,
0xBF708066,
0xBEAC7CD4,
0xBF710908,
0xBEA986C4,
0xBF718F57,
0xBEA68F12,
0xBF721352,
0xBEA395C5,
0xBF7294F8,
0xBEA09AE5,
0xBF731447,
0xBE9D9E78,
0xBF73913F,
0xBE9AA086,
0xBF740BDD,
0xBE97A117,
0xBF748422,
0xBE94A031,
0xBF74FA0B,
0xBE919DDD,
0xBF756D97,
0xBE8E9A22,
0xBF75DEC6,
0xBE8B9507,
0xBF764D97,
0xBE888E93,
0xBF76BA07,
0xBE8586CE,
0xBF772417,
0xBE827DC0,
0xBF778BC5,
0xBE7EE6E1,
0xBF77F110,
0xBE78CFCC,
0xBF7853F8,
0xBE72B651,
0xBF78B47B,
0xBE6C9A7F,
0xBF791298,
0xBE667C66,
0xBF796E4E,
0xBE605C13,
0xBF79C79D,
0xBE5A3997,
0xBF7A1E84,
0xBE541501,
0xBF7A7302,
0xBE4DEE60,
0xBF7AC516,
0xBE47C5C2,
0xBF7B14BE,
0xBE419B37,
0xBF7B61FC,
0xBE3B6ECF,
0xBF7BACCD,
0xBE354098,
0xBF7BF531,
0xBE2F10A2,
0xBF7C3B28,
0xBE28DEFC,
0xBF7C7EB0,
0xBE22ABB6,
0xBF7CBFC9,
0xBE1C76DE,
0xBF7CFE73,
0xBE164083,
0xBF7D3AAC,
0xBE1008B7,
0xBF7D7474,
0xBE09CF86,
0xBF7DABCC,
0xBE039502,
0xBF7DE0B1,
0xBDFAB273,
0xBF7E1324,
0xBDEE3876,
0xBF7E4323,
0xBDE1BC2E,
0xBF7E70B0,
0xBDD53DB9,
0xBF7E9BC9,
0xBDC8BD36,
0xBF7EC46D,
0xBDBC3AC3,
0xBF7EEA9D,
0xBDAFB680,
0xBF7F0E58,
0xBDA3308C,
0xBF7F2F9D,
0xBD96A905,
0xBF7F4E6D,
0xBD8A200A,
0xBF7F6AC7,
0xBD7B2B74,
0xBF7F84AB,
0xBD621468,
0xBF7F9C18,
0xBD48FB2F,
0xBF7FB10F,
0xBD2FE007,
0xBF7FC38F,
0xBD16C32C,
0xBF7FD398,
0xBCFB49B9,
0xBF7FE129,
0xBCC90AB0,
0xBF7FEC43,
0xBC96C9B6,
0xBF7FF4E6,
0xBC490E90,
0xBF7FFB11,
0xBBC90F89,
0xBF7FFEC4,
0x80000000,
0xBF800000,
0x3BC90F89,
0xBF7FFEC4,
0x3C490E90,
0xBF7FFB11,
0x3C96C9B6,
0xBF7FF4E6,
0x3CC90AB0,
0xBF7FEC43,
0x3CFB49B9,
0xBF7FE129,
0x3D16C32C,
0xBF7FD398,
0x3D2FE007,
0xBF7FC38F,
0x3D48FB2F,
0xBF7FB10F,
0x3D621468,
0xBF7F9C18,
0x3D7B2B74,
0xBF7F84AB,
0x3D8A200A,
0xBF7F6AC7,
0x3D96A905,
0xBF7F4E6D,
0x3DA3308C,
0xBF7F2F9D,
0x3DAFB680,
0xBF7F0E58,
0x3DBC3AC3,
0xBF7EEA9D,
0x3DC8BD36,
0xBF7EC46D,
0x3DD53DB9,
0xBF7E9BC9,
0x3DE1BC2E,
0xBF7E70B0,
0x3DEE3876,
0xBF7E4323,
0x3DFAB273,
0xBF7E1324,
0x3E039502,
0xBF7DE0B1,
0x3E09CF86,
0xBF7DABCC,
0x3E1008B7,
0xBF7D7474,
0x3E164083,
0xBF7D3AAC,
0x3E1C76DE,
0xBF7CFE73,
0x3E22ABB6,
0xBF7CBFC9,
0x3E28DEFC,
0xBF7C7EB0,
0x3E2F10A2,
0xBF7C3B28,
0x3E354098,
0xBF7BF531,
0x3E3B6ECF,
0xBF7BACCD,
0x3E419B37,
0xBF7B61FC,
0x3E47C5C2,
0xBF7B14BE,
0x3E4DEE60,
0xBF7AC516,
0x3E541501,
0xBF7A7302,
0x3E5A3997,
0xBF7A1E84,
0x3E605C13,
0xBF79C79D,
0x3E667C66,
0xBF796E4E,
0x3E6C9A7F,
0xBF791298,
0x3E72B651,
0xBF78B47B,
0x3E78CFCC,
0xBF7853F8,
0x3E7EE6E1,
0xBF77F110,
0x3E827DC0,
0xBF778BC5,
0x3E8586CE,
0xBF772417,
0x3E888E93,
0xBF76BA07,
0x3E8B9507,
0xBF764D97,
0x3E8E9A22,
0xBF75DEC6,
0x3E919DDD,
0xBF756D97,
0x3E94A031,
0xBF74FA0B,
0x3E97A117,
0xBF748422,
0x3E9AA086,
0xBF740BDD,
0x3E9D9E78,
0xBF73913F,
0x3EA09AE5,
0xBF731447,
0x3EA395C5,
0xBF7294F8,
0x3EA68F12,
0xBF721352,
0x3EA986C4,
0xBF718F57,
0x3EAC7CD4,
0xBF710908,
0x3EAF713A,
0xBF708066,
0x3EB263EF,
0xBF6FF573,
0x3EB554EC,
0xBF6F6830,
0x3EB8442A,
0xBF6ED89E,
0x3EBB31A0,
0xBF6E46BE,
0x3EBE1D4A,
0xBF6DB293,
0x3EC1071E,
0xBF6D1C1D,
0x3EC3EF15,
0xBF6C835E,
0x3EC6D529,
0xBF6BE858,
0x3EC9B953,
0xBF6B4B0C,
0x3ECC9B8B,
0xBF6AAB7B,
0x3ECF7BCA,
0xBF6A09A7,
0x3ED25A09,
0xBF696591,
0x3ED53641,
0xBF68BF3C,
0x3ED8106B,
0xBF6816A8,
0x3EDAE880,
0xBF676BD8,
0x3EDDBE79,
0xBF66BECC,
0x3EE0924F,
0xBF660F88,
0x3EE363FA,
0xBF655E0B,
0x3EE63375,
0xBF64AA59,
0x3EE900B7,
0xBF63F473,
0x3EEBCBBB,
0xBF633C5A,
0x3EEE9479,
0xBF628210,
0x3EF15AEA,
0xBF61C598,
0x3EF41F07,
0xBF6106F2,
0x3EF6E0CB,
0xBF604621,
0x3EF9A02D,
0xBF5F8327,
0x3EFC5D27,
0xBF5EBE05,
0x3EFF17B2,
0xBF5DF6BE,
0x3F00E7E4,
0xBF5D2D53,
0x3F0242B1,
0xBF5C61C7,
0x3F039C3D,
0xBF5B941A,
0x3F04F484,
0xBF5AC450,
0x3F064B82,
0xBF59F26A,
0x3F07A136,
0xBF591E6A,
0x3F08F59B,
0xBF584853,
0x3F0A48AD,
0xBF577026,
0x3F0B9A6B,
0xBF5695E5,
0x3F0CEAD0,
0xBF55B993,
0x3F0E39DA,
0xBF54DB31,
0x3F0F8784,
0xBF53FAC3,
0x3F10D3CD,
0xBF531849,
0x3F121EB0,
0xBF5233C6,
0x3F13682A,
0xBF514D3D,
0x3F14B039,
0xBF5064AF,
0x3F15F6D9,
0xBF4F7A1F,
0x3F173C07,
0xBF4E8D90,
0x3F187FC0,
0xBF4D9F02,
0x3F19C200,
0xBF4CAE79,
0x3F1B02C6,
0xBF4BBBF8,
0x3F1C420C,
0xBF4AC77F,
0x3F1D7FD1,
0xBF49D112,
0x3F1EBC12,
0xBF48D8B3,
0x3F1FF6CB,
0xBF47DE65,
0x3F212FF9,
0xBF46E22A,
0x3F226799,
0xBF45E403,
0x3F239DA9,
0xBF44E3F5,
0x3F24D225,
0xBF43E200,
0x3F26050A,
0xBF42DE29,
0x3F273656,
0xBF41D870,
0x3F286605,
0xBF40D0DA,
0x3F299415,
0xBF3FC767,
0x3F2AC082,
0xBF3EBC1B,
0x3F2BEB4A,
0xBF3DAEF9,
0x3F2D1469,
0xBF3CA003,
0x3F2E3BDE,
0xBF3B8F3B,
0x3F2F61A5,
0xBF3A7CA4,
0x3F3085BB,
0xBF396842,
0x3F31A81D,
0xBF385216,
0x3F32C8C9,
0xBF373A23,
0x3F33E7BC,
0xBF36206C,
0x3F3504F3,
0xBF3504F3,
0x3F36206C,
0xBF33E7BC,
0x3F373A23,
0xBF32C8C9,
0x3F385216,
0xBF31A81D,
0x3F396842,
0xBF3085BB,
0x3F3A7CA4,
0xBF2F61A5,
0x3F3B8F3B,
0xBF2E3BDE,
0x3F3CA003,
0xBF2D1469,
0x3F3DAEF9,
0xBF2BEB4A,
0x3F3EBC1B,
0xBF2AC082,
0x3F3FC767,
0xBF299415,
0x3F40D0DA,
0xBF286605,
0x3F41D870,
0xBF273656,
0x3F42DE29,
0xBF26050A,
0x3F43E200,
0xBF24D225,
0x3F44E3F5,
0xBF239DA9,
0x3F45E403,
0xBF226799,
0x3F46E22A,
0xBF212FF9,
0x3F47DE65,
0xBF1FF6CB,
0x3F48D8B3,
0xBF1EBC12,
0x3F49D112,
0xBF1D7FD1,
0x3F4AC77F,
0xBF1C420C,
0x3F4BBBF8,
0xBF1B02C6,
0x3F4CAE79,
0xBF19C200,
0x3F4D9F02,
0xBF187FC0,
0x3F4E8D90,
0xBF173C07,
0x3F4F7A1F,
0xBF15F6D9,
0x3F5064AF,
0xBF14B039,
0x3F514D3D,
0xBF13682A,
0x3F5233C6,
0xBF121EB0,
0x3F531849,
0xBF10D3CD,
0x3F53FAC3,
0xBF0F8784,
0x3F54DB31,
0xBF0E39DA,
0x3F55B993,
0xBF0CEAD0,
0x3F5695E5,
0xBF0B9A6B,
0x3F577026,
0xBF0A48AD,
0x3F584853,
0xBF08F59B,
0x3F591E6A,
0xBF07A136,
0x3F59F26A,
0xBF064B82,
0x3F5AC450,
0xBF04F484,
0x3F5B941A,
0xBF039C3D,
0x3F5C61C7,
0xBF0242B1,
0x3F5D2D53,
0xBF00E7E4,
0x3F5DF6BE,
0xBEFF17B2,
0x3F5EBE05,
0xBEFC5D27,
0x3F5F8327,
0xBEF9A02D,
0x3F604621,
0xBEF6E0CB,
0x3F6106F2,
0xBEF41F07,
0x3F61C598,
0xBEF15AEA,
0x3F628210,
0xBEEE9479,
0x3F633C5A,
0xBEEBCBBB,
0x3F63F473,
0xBEE900B7,
0x3F64AA59,
0xBEE63375,
0x3F655E0B,
0xBEE363FA,
0x3F660F88,
0xBEE0924F,
0x3F66BECC,
0xBEDDBE79,
0x3F676BD8,
0xBEDAE880,
0x3F6816A8,
0xBED8106B,
0x3F68BF3C,
0xBED53641,
0x3F696591,
0xBED25A09,
0x3F6A09A7,
0xBECF7BCA,
0x3F6AAB7B,
0xBECC9B8B,
0x3F6B4B0C,
0xBEC9B953,
0x3F6BE858,
0xBEC6D529,
0x3F6C835E,
0xBEC3EF15,
0x3F6D1C1D,
0xBEC1071E,
0x3F6DB293,
0xBEBE1D4A,
0x3F6E46BE,
0xBEBB31A0,
0x3F6ED89E,
0xBEB8442A,
0x3F6F6830,
0xBEB554EC,
0x3F6FF573,
0xBEB263EF,
0x3F708066,
0xBEAF713A,
0x3F710908,
0xBEAC7CD4,
0x3F718F57,
0xBEA986C4,
0x3F721352,
0xBEA68F12,
0x3F7294F8,
0xBEA395C5,
0x3F731447,
0xBEA09AE5,
0x3F73913F,
0xBE9D9E78,
0x3F740BDD,
0xBE9AA086,
0x3F748422,
0xBE97A117,
0x3F74FA0B,
0xBE94A031,
0x3F756D97,
0xBE919DDD,
0x3F75DEC6,
0xBE8E9A22,
0x3F764D97,
0xBE8B9507,
0x3F76BA07,
0xBE888E93,
0x3F772417,
0xBE8586CE,
0x3F778BC5,
0xBE827DC0,
0x3F77F110,
0xBE7EE6E1,
0x3F7853F8,
0xBE78CFCC,
0x3F78B47B,
0xBE72B651,
0x3F791298,
0xBE6C9A7F,
0x3F796E4E,
0xBE667C66,
0x3F79C79D,
0xBE605C13,
0x3F7A1E84,
0xBE5A3997,
0x3F7A7302,
0xBE541501,
0x3F7AC516,
0xBE4DEE60,
0x3F7B14BE,
0xBE47C5C2,
0x3F7B61FC,
0xBE419B37,
0x3F7BACCD,
0xBE3B6ECF,
0x3F7BF531,
0xBE354098,
0x3F7C3B28,
0xBE2F10A2,
0x3F7C7EB0,
0xBE28DEFC,
0x3F7CBFC9,
0xBE22ABB6,
0x3F7CFE73,
0xBE1C76DE,
0x3F7D3AAC,
0xBE164083,
0x3F7D7474,
0xBE1008B7,
0x3F7DABCC,
0xBE09CF86,
0x3F7DE0B1,
0xBE039502,
0x3F7E1324,
0xBDFAB273,
0x3F7E4323,
0xBDEE3876,
0x3F7E70B0,
0xBDE1BC2E,
0x3F7E9BC9,
0xBDD53DB9,
0x3F7EC46D,
0xBDC8BD36,
0x3F7EEA9D,
0xBDBC3AC3,
0x3F7F0E58,
0xBDAFB680,
0x3F7F2F9D,
0xBDA3308C,
0x3F7F4E6D,
0xBD96A905,
0x3F7F6AC7,
0xBD8A200A,
0x3F7F84AB,
0xBD7B2B74,
0x3F7F9C18,
0xBD621468,
0x3F7FB10F,
0xBD48FB2F,
0x3F7FC38F,
0xBD2FE007,
0x3F7FD398,
0xBD16C32C,
0x3F7FE129,
0xBCFB49B9,
0x3F7FEC43,
0xBCC90AB0,
0x3F7FF4E6,
0xBC96C9B6,
0x3F7FFB11,
0xBC490E90,
0x3F7FFEC4,
0xBBC90F89,
0x00400008,
0x00800010,
0x00C00018,
0x00400020,
0x00480028,
0x00880030,
0x00C80038,
0x00800040,
0x00500048,
0x00D00058,
0x00900050,
0x00C00060,
0x00D00068,
0x00980070,
0x00D80078,
0x00C00088,
0x00A00090,
0x00D000A8,
0x00E00098,
0x00D000B0,
0x00E800B8,
0x00F000D8,
0x00E000C8,
0x00F000E8,
0x02000008,
0x00400010,
0x02400018,
0x00800020,
0x02800028,
0x00C00030,
0x02C00038,
0x01000040,
0x03000048,
0x01400050,
0x03400058,
0x01800060,
0x03800068,
0x01C00070,
0x03C00078,
0x02000080,
0x02080088,
0x03000090,
0x02480098,
0x020800A0,
0x028800A8,
0x00C800B0,
0x02C800B8,
0x010800C0,
0x030800C8,
0x014800D0,
0x034800D8,
0x018800E0,
0x038800E8,
0x01C800F0,
0x03C800F8,
0x02100108,
0x01400110,
0x02500118,
0x03000120,
0x02900128,
0x01480130,
0x02D00138,
0x03100148,
0x03500158,
0x01900160,
0x03900168,
0x01D00170,
0x03D00178,
0x02400180,
0x02180188,
0x03400190,
0x02580198,
0x024801A0,
0x029801A8,
0x034801B0,
0x02D801B8,
0x025001C0,
0x031801C8,
0x035001D0,
0x035801D8,
0x025801E0,
0x039801E8,
0x035801F0,
0x03D801F8,
0x02200208,
0x02400210,
0x02600218,
0x02A00228,
0x02600230,
0x02E00238,
0x03000240,
0x03200248,
0x03400250,
0x03600258,
0x03200260,
0x03A00268,
0x03600270,
0x03E00278,
0x02A00288,
0x03800290,
0x03A00298,
0x038802B0,
0x02E802B8,
0x038002C0,
0x032802C8,
0x039002D0,
0x036802D8,
0x03A002E0,
0x03A802E8,
0x039802F0,
0x03E802F8,
0x03200308,
0x03400310,
0x03600318,
0x03880328,
0x03600330,
0x03980338,
0x03600348,
0x03700358,
0x03B00368,
0x03F00378,
0x03A00388,
0x03C00390,
0x03E00398,
0x03C803B0,
0x03E803B8,
0x03E003C8,
0x03F003D8,
0x10000008,
0x02000010,
0x12000018,
0x04000020,
0x14000028,
0x06000030,
0x16000038,
0x08000040,
0x18000048,
0x0A000050,
0x1A000058,
0x0C000060,
0x1C000068,
0x0E000070,
0x1E000078,
0x08000080,
0x10400088,
0x02400090,
0x12400098,
0x044000A0,
0x144000A8,
0x064000B0,
0x164000B8,
0x084000C0,
0x184000C8,
0x0A4000D0,
0x1A4000D8,
0x0C4000E0,
0x1C4000E8,
0x0E4000F0,
0x1E4000F8,
0x08000100,
0x10800108,
0x02800110,
0x12800118,
0x04800120,
0x14800128,
0x06800130,
0x16800138,
0x08800140,
0x18800148,
0x0A800150,
0x1A800158,
0x0C800160,
0x1C800168,
0x0E800170,
0x1E800178,
0x08400180,
0x10C00188,
0x02C00190,
0x12C00198,
0x04C001A0,
0x14C001A8,
0x06C001B0,
0x16C001B8,
0x08C001C0,
0x18C001C8,
0x0AC001D0,
0x1AC001D8,
0x0CC001E0,
0x1CC001E8,
0x0EC001F0,
0x1EC001F8,
0x08000200,
0x11000208,
0x03000210,
0x13000218,
0x05000220,
0x15000228,
0x07000230,
0x17000238,
0x09000240,
0x19000248,
0x0B000250,
0x1B000258,
0x0D000260,
0x1D000268,
0x0F000270,
0x1F000278,
0x08800280,
0x11400288,
0x03400290,
0x13400298,
0x054002A0,
0x154002A8,
0x074002B0,
0x174002B8,
0x094002C0,
0x194002C8,
0x0B4002D0,
0x1B4002D8,
0x0D4002E0,
0x1D4002E8,
0x0F4002F0,
0x1F4002F8,
0x08400300,
0x11800308,
0x03800310,
0x13800318,
0x05800320,
0x15800328,
0x07800330,
0x17800338,
0x09800340,
0x19800348,
0x0B800350,
0x1B800358,
0x0D800360,
0x1D800368,
0x0F800370,
0x1F800378,
0x08C00380,
0x11C00388,
0x03C00390,
0x13C00398,
0x05C003A0,
0x15C003A8,
0x07C003B0,
0x17C003B8,
0x09C003C0,
0x19C003C8,
0x0BC003D0,
0x1BC003D8,
0x0DC003E0,
0x1DC003E8,
0x0FC003F0,
0x1FC003F8,
0x10000400,
0x10080408,
0x11000410,
0x12080418,
0x10080420,
0x14080428,
0x06080430,
0x16080438,
0x08080440,
0x18080448,
0x0A080450,
0x1A080458,
0x0C080460,
0x1C080468,
0x0E080470,
0x1E080478,
0x18000480,
0x10480488,
0x19000490,
0x12480498,
0x180804A0,
0x144804A8,
0x064804B0,
0x164804B8,
0x084804C0,
0x184804C8,
0x0A4804D0,
0x1A4804D8,
0x0C4804E0,
0x1C4804E8,
0x0E4804F0,
0x1E4804F8,
0x10400500,
0x10880508,
0x11400510,
0x12880518,
0x10480520,
0x14880528,
0x06880530,
0x16880538,
0x08880540,
0x18880548,
0x0A880550,
0x1A880558,
0x0C880560,
0x1C880568,
0x0E880570,
0x1E880578,
0x18400580,
0x10C80588,
0x19400590,
0x12C80598,
0x184805A0,
0x14C805A8,
0x06C805B0,
0x16C805B8,
0x08C805C0,
0x18C805C8,
0x0AC805D0,
0x1AC805D8,
0x0CC805E0,
0x1CC805E8,
0x0EC805F0,
0x1EC805F8,
0x10800600,
0x11080608,
0x11800610,
0x13080618,
0x10880620,
0x15080628,
0x07080630,
0x17080638,
0x09080640,
0x19080648,
0x0B080650,
0x1B080658,
0x0D080660,
0x1D080668,
0x0F080670,
0x1F080678,
0x18800680,
0x11480688,
0x19800690,
0x13480698,
0x188806A0,
0x154806A8,
0x074806B0,
0x174806B8,
0x094806C0,
0x194806C8,
0x0B4806D0,
0x1B4806D8,
0x0D4806E0,
0x1D4806E8,
0x0F4806F0,
0x1F4806F8,
0x10C00700,
0x11880708,
0x11C00710,
0x13880718,
0x10C80720,
0x15880728,
0x07880730,
0x17880738,
0x09880740,
0x19880748,
0x0B880750,
0x1B880758,
0x0D880760,
0x1D880768,
0x0F880770,
0x1F880778,
0x18C00780,
0x11C80788,
0x19C00790,
0x13C80798,
0x18C807A0,
0x15C807A8,
0x07C807B0,
0x17C807B8,
0x09C807C0,
0x19C807C8,
0x0BC807D0,
0x1BC807D8,
0x0DC807E0,
0x1DC807E8,
0x0FC807F0,
0x1FC807F8,
0x10100808,
0x08400810,
0x12100818,
0x11000820,
0x14100828,
0x11800830,
0x16100838,
0x18100848,
0x0A100850,
0x1A100858,
0x0C100860,
0x1C100868,
0x0E100870,
0x1E100878,
0x0A000880,
0x10500888,
0x0B000890,
0x12500898,
0x0A0808A0,
0x145008A8,
0x0B0808B0,
0x165008B8,
0x0A1008C0,
0x185008C8,
0x0A5008D0,
0x1A5008D8,
0x0C5008E0,
0x1C5008E8,
0x0E5008F0,
0x1E5008F8,
0x10900908,
0x09800910,
0x12900918,
0x19000920,
0x14900928,
0x19800930,
0x16900938,
0x0B000940,
0x18900948,
0x0A900950,
0x1A900958,
0x0C900960,
0x1C900968,
0x0E900970,
0x1E900978,
0x0A400980,
0x10D00988,
0x0B400990,
0x12D00998,
0x0A4809A0,
0x14D009A8,
0x0B4809B0,
0x16D009B8,
0x0A5009C0,
0x18D009C8,
0x0AD009D0,
0x1AD009D8,
0x0CD009E0,
0x1CD009E8,
0x0ED009F0,
0x1ED009F8,
0x11100A08,
0x13100A18,
0x11400A20,
0x15100A28,
0x11C00A30,
0x17100A38,
0x19100A48,
0x0B100A50,
0x1B100A58,
0x0D100A60,
0x1D100A68,
0x0F100A70,
0x1F100A78,
0x11500A88,
0x0B800A90,
0x13500A98,
0x11500AA0,
0x15500AA8,
0x0B880AB0,
0x17500AB8,
0x0B800AC0,
0x19500AC8,
0x0B500AD0,
0x1B500AD8,
0x0D500AE0,
0x1D500AE8,
0x0F500AF0,
0x1F500AF8,
0x11900B08,
0x13900B18,
0x19400B20,
0x15900B28,
0x19C00B30,
0x17900B38,
0x19900B48,
0x0B900B50,
0x1B900B58,
0x0D900B60,
0x1D900B68,
0x0F900B70,
0x1F900B78,
0x11D00B88,
0x0BC00B90,
0x13D00B98,
0x19500BA0,
0x15D00BA8,
0x0BC80BB0,
0x17D00BB8,
0x19D00BC8,
0x1BD00BD8,
0x0DD00BE0,
0x1DD00BE8,
0x0FD00BF0,
0x1FD00BF8,
0x12000C00,
0x10180C08,
0x13000C10,
0x12180C18,
0x12080C20,
0x14180C28,
0x13080C30,
0x16180C38,
0x12100C40,
0x18180C48,
0x13100C50,
0x1A180C58,
0x12180C60,
0x1C180C68,
0x0E180C70,
0x1E180C78,
0x1A000C80,
0x10580C88,
0x1B000C90,
0x12580C98,
0x1A080CA0,
0x14580CA8,
0x1B080CB0,
0x16580CB8,
0x1A100CC0,
0x18580CC8,
0x1B100CD0,
0x1A580CD8,
0x1A180CE0,
0x1C580CE8,
0x0E580CF0,
0x1E580CF8,
0x12400D00,
0x10980D08,
0x13400D10,
0x12980D18,
0x12480D20,
0x14980D28,
0x13480D30,
0x16980D38,
0x12500D40,
0x18980D48,
0x13500D50,
0x1A980D58,
0x12580D60,
0x1C980D68,
0x0E980D70,
0x1E980D78,
0x1A400D80,
0x10D80D88,
0x1B400D90,
0x12D80D98,
0x1A480DA0,
0x14D80DA8,
0x1B480DB0,
0x16D80DB8,
0x1A500DC0,
0x18D80DC8,
0x1B500DD0,
0x1AD80DD8,
0x1A580DE0,
0x1CD80DE8,
0x0ED80DF0,
0x1ED80DF8,
0x12800E00,
0x11180E08,
0x13800E10,
0x13180E18,
0x12880E20,
0x15180E28,
0x13880E30,
0x17180E38,
0x12900E40,
0x19180E48,
0x13900E50,
0x1B180E58,
0x12980E60,
0x1D180E68,
0x0F180E70,
0x1F180E78,
0x1A800E80,
0x11580E88,
0x1B800E90,
0x13580E98,
0x1A880EA0,
0x15580EA8,
0x1B880EB0,
0x17580EB8,
0x1A900EC0,
0x19580EC8,
0x1B900ED0,
0x1B580ED8,
0x1A980EE0,
0x1D580EE8,
0x0F580EF0,
0x1F580EF8,
0x12C00F00,
0x11980F08,
0x13C00F10,
0x13980F18,
0x12C80F20,
0x15980F28,
0x13C80F30,
0x17980F38,
0x12D00F40,
0x19980F48,
0x13D00F50,
0x1B980F58,
0x12D80F60,
0x1D980F68,
0x0F980F70,
0x1F980F78,
0x1AC00F80,
0x11D80F88,
0x1BC00F90,
0x13D80F98,
0x1AC80FA0,
0x15D80FA8,
0x1BC80FB0,
0x17D80FB8,
0x1AD00FC0,
0x19D80FC8,
0x1BD00FD0,
0x1BD80FD8,
0x1AD80FE0,
0x1DD80FE8,
0x1BD80FF0,
0x1FD80FF8,
0x10201008,
0x10401010,
0x12201018,
0x14201028,
0x10881030,
0x16201038,
0x11001040,
0x18201048,
0x11401050,
0x1A201058,
0x12081060,
0x1C201068,
0x12881070,
0x1E201078,
0x12001080,
0x12081088,
0x12401090,
0x12601098,
0x122010A0,
0x146010A8,
0x126010B0,
0x166010B8,
0x130010C0,
0x186010C8,
0x134010D0,
0x1A6010D8,
0x121810E0,
0x1C6010E8,
0x129810F0,
0x1E6010F8,
0x12201108,
0x11401110,
0x12A01118,
0x18081120,
0x14A01128,
0x18881130,
0x16A01138,
0x18A01148,
0x1AA01158,
0x1A081160,
0x1CA01168,
0x1A881170,
0x1EA01178,
0x12101180,
0x12181188,
0x12501190,
0x12E01198,
0x181811A0,
0x14E011A8,
0x189811B0,
0x16E011B8,
0x131011C0,
0x18E011C8,
0x135011D0,
0x1AE011D8,
0x1A1811E0,
0x1CE011E8,
0x1A9811F0,
0x1EE011F8,
0x18001200,
0x18081208,
0x18401210,
0x13201218,
0x18201220,
0x15201228,
0x18601230,
0x17201238,
0x19001240,
0x19201248,
0x19401250,
0x1B201258,
0x19201260,
0x1D201268,
0x12C81270,
0x1F201278,
0x1A001280,
0x1A081288,
0x1A401290,
0x13601298,
0x1A2012A0,
0x156012A8,
0x1A6012B0,
0x176012B8,
0x1B0012C0,
0x196012C8,
0x1B4012D0,
0x1B6012D8,
0x1B2012E0,
0x1D6012E8,
0x1B6012F0,
0x1F6012F8,
0x18101300,
0x18181308,
0x18501310,
0x13A01318,
0x18481320,
0x15A01328,
0x18C81330,
0x17A01338,
0x19101340,
0x19A01348,
0x19501350,
0x1BA01358,
0x1A481360,
0x1DA01368,
0x1AC81370,
0x1FA01378,
0x1A101380,
0x1A181388,
0x1A501390,
0x13E01398,
0x185813A0,
0x15E013A8,
0x18D813B0,
0x17E013B8,
0x1B1013C0,
0x19E013C8,
0x1B5013D0,
0x1BE013D8,
0x1A5813E0,
0x1DE013E8,
0x1AD813F0,
0x1FE013F8,
0x14201408,
0x15001410,
0x15201418,
0x15081430,
0x16281438,
0x15001440,
0x18281448,
0x15101450,
0x1A281458,
0x15201460,
0x1C281468,
0x15181470,
0x1E281478,
0x1C001480,
0x1C201488,
0x1D001490,
0x1D201498,
0x1C0814A0,
0x1C2814A8,
0x1D0814B0,
0x166814B8,
0x1C1014C0,
0x186814C8,
0x1D1014D0,
0x1A6814D8,
0x1C1814E0,
0x1C6814E8,
0x1D1814F0,
0x1E6814F8,
0x15201508,
0x15401510,
0x15601518,
0x18281520,
0x1C281528,
0x15481530,
0x16A81538,
0x18A81548,
0x1AA81558,
0x1A281560,
0x1CA81568,
0x1AA81570,
0x1EA81578,
0x1C401580,
0x1C601588,
0x1D401590,
0x1D601598,
0x1C4815A0,
0x1C6815A8,
0x1D4815B0,
0x16E815B8,
0x1C5015C0,
0x18E815C8,
0x1D5015D0,
0x1AE815D8,
0x1C5815E0,
0x1CE815E8,
0x1D5815F0,
0x1EE815F8,
0x1C001600,
0x1C081608,
0x1C401610,
0x1C481618,
0x1C201620,
0x1C281628,
0x1C601630,
0x17281638,
0x1D001640,
0x19281648,
0x1D401650,
0x1B281658,
0x1D201660,
0x1D281668,
0x1D601670,
0x1F281678,
0x1C801680,
0x1CA01688,
0x1D801690,
0x1DA01698,
0x1C8816A0,
0x1CA816A8,
0x1D8816B0,
0x176816B8,
0x1C9016C0,
0x196816C8,
0x1D9016D0,
0x1B6816D8,
0x1C9816E0,
0x1D6816E8,
0x1D9816F0,
0x1F6816F8,
0x1C101700,
0x1C181708,
0x1C501710,
0x1C581718,
0x18681720,
0x1C681728,
0x18E81730,
0x17A81738,
0x1D101740,
0x19A81748,
0x1D501750,
0x1BA81758,
0x1A681760,
0x1DA81768,
0x1AE81770,
0x1FA81778,
0x1CC01780,
0x1CE01788,
0x1DC01790,
0x1DE01798,
0x1CC817A0,
0x1CE817A8,
0x1DC817B0,
0x17E817B8,
0x1CD017C0,
0x19E817C8,
0x1DD017D0,
0x1BE817D8,
0x1CD817E0,
0x1DE817E8,
0x1DD817F0,
0x1FE817F8,
0x18601818,
0x18481830,
0x1C601838,
0x1A301858,
0x1C301868,
0x1A181870,
0x1E301878,
0x1A001880,
0x1A081888,
0x1B001890,
0x19601898,
0x1A2018A0,
0x1A2818A8,
0x1B2018B0,
0x1D6018B8,
0x1A1018C0,
0x1A1818C8,
0x1B1018D0,
0x1A7018D8,
0x1A3018E0,
0x1C7018E8,
0x1A5818F0,
0x1E7018F8,
0x19201908,
0x1A601918,
0x1D081928,
0x19881930,
0x1D881938,
0x1B201948,
0x1AB01958,
0x1B081960,
0x1CB01968,
0x1B881970,
0x1EB01978,
0x1A401980,
0x1A481988,
0x1B401990,
0x1B601998,
0x1A6019A0,
0x1D1819A8,
0x1B6019B0,
0x1D9819B8,
0x1A5019C0,
0x1A5819C8,
0x1B5019D0,
0x1AF019D8,
0x1B1819E0,
0x1CF019E8,
0x1B9819F0,
0x1EF019F8,
0x1C701A38,
0x1B301A58,
0x1D301A68,
0x1B181A70,
0x1F301A78,
0x1AC01A90,
0x1AC81A98,
0x1AE01AB0,
0x1AE81AB8,
0x1B801AC0,
0x1B881AC8,
0x1BC01AD0,
0x1B701AD8,
0x1BA01AE0,
0x1D701AE8,
0x1BE01AF0,
0x1F701AF8,
0x1D481B28,
0x1DC81B38,
0x1B601B48,
0x1BB01B58,
0x1DB01B68,
0x1BC81B70,
0x1FB01B78,
0x1BC01B90,
0x1BC81B98,
0x1D581BA8,
0x1BE01BB0,
0x1DD81BB8,
0x1BF01BD8,
0x1DF01BE8,
0x1FF01BF8,
0x1C201C08,
0x1C301C18,
0x1C681C38,
0x1C601C48,
0x1C701C58,
0x1E381C78,
0x1E001C80,
0x1E201C88,
0x1F001C90,
0x1F201C98,
0x1E081CA0,
0x1E281CA8,
0x1F081CB0,
0x1F281CB8,
0x1E101CC0,
0x1E301CC8,
0x1F101CD0,
0x1F301CD8,
0x1E181CE0,
0x1E381CE8,
0x1F181CF0,
0x1E781CF8,
0x1D201D08,
0x1D301D18,
0x1DA81D38,
0x1D601D48,
0x1D701D58,
0x1F281D68,
0x1EB81D78,
0x1E401D80,
0x1E601D88,
0x1F401D90,
0x1F601D98,
0x1E481DA0,
0x1E681DA8,
0x1F481DB0,
0x1F681DB8,
0x1E501DC0,
0x1E701DC8,
0x1F501DD0,
0x1F701DD8,
0x1E581DE0,
0x1E781DE8,
0x1F581DF0,
0x1EF81DF8,
0x1E201E08,
0x1E301E18,
0x1E601E48,
0x1E701E58,
0x1F381E78,
0x1EA01E88,
0x1F801E90,
0x1FA01E98,
0x1F881EB0,
0x1FA81EB8,
0x1F801EC0,
0x1F881EC8,
0x1F901ED0,
0x1FB01ED8,
0x1FA01EE0,
0x1FA81EE8,
0x1F981EF0,
0x1F781EF8,
0x1F201F08,
0x1F301F18,
0x1F601F48,
0x1F701F58,
0x1FB81F78,
0x1FA01F88,
0x1FC01F90,
0x1FE01F98,
0x1FC81FB0,
0x1FE81FB8,
0x1FE01FC8,
0x1FF01FD8,
0x00000000,
0x3D518000,
0x3DC67000,
0x3E0D9000,
0x3E345000,
0x3E57E000,
0x3E78D000,
0x3E8BC000,
0x00000000,
0x36A9D60A,
0x378C1C43,
0x38738F65,
0x36A22D83,
0x381F1D12,
0x386F75B3,
0x385A53D2,
0x00000000,
0x3FF00000,
0x00000000,
0x3FF80000,
0x00000000,
0x00000000,
0x40000000,
0x3FE2B803,
0x00000000,
0x00000000,
0x43CFD006,
0x3E4CFDEB,
0x33333303,
0x3FE33333,
0xDB6FABFF,
0x3FDB6DB6,
0x518F264D,
0x3FD55555,
0xA91D4101,
0x3FD17460,
0x93C9DB65,
0x3FCD864A,
0x4A454EEF,
0x3FCA7E28,
0x5555553E,
0x3FC55555,
0x16BEBD93,
0xBF66C16C,
0xAF25DE2C,
0x3F11566A,
0xC5D26BF1,
0xBEBBBD41,
0x72BEA4D0,
0x3E663769,
0x00000000,
0x00000000,
0x3FB30000,
0x3A7DBEB2,
0x402E0000,
0x3851CFDF,
0x407E0000,
0xBAFA51BF,
0x40A4E000,
0xBAC3DA19,
0x40C8E000,
0xB98AEDC2,
0x40EB4000,
0xBA2C1FCD,
0x41061000,
0xBAFAFF2A,
0x4115C000,
0x37D1CFDF,
0x4124D000,
0x3A70979A,
0x41335000,
0x368E4789,
0x41414000,
0x389D5BE7,
0x414EB000,
0xB9980AC0,
0x415BA000,
0x3A948F55,
0x41683000,
0xBAC092DA,
0x41744000,
0x3AC6B362,
0x3F800000,
0x3F85A000,
0x3F8B9000,
0x3F91C000,
0x3F983000,
0x3F9EF000,
0x3FA5F000,
0x3FAD5000,
0x3FB50000,
0x3FBD0000,
0x3FC56000,
0x3FCE2000,
0x3FD74000,
0x3FE0C000,
0x3FEAC000,
0x3FF52000,
0x00000000,
0x39AC367D,
0x39383C7D,
0x38F4DCEB,
0x397E0A32,
0x39264C12,
0x39ED6A9B,
0x3983EEA4,
0x391E667F,
0x398A39F6,
0x3965422B,
0x391182A4,
0x391F995B,
0x39CDEEC3,
0x37C6E7DD,
0x392FA2A5,
0x3F800000,
0x3F85AAC3,
0x3F8B95C2,
0x3F91C3D3,
0x3F9837F0,
0x3F9EF532,
0x3FA5FED7,
0x3FAD583F,
0x3FB504F3,
0x3FBD08A4,
0x3FC5672A,
0x3FCE248C,
0x3FD744FD,
0x3FE0CCDF,
0x3FEAC0C7,
0x3FF5257D,
0x5555554C,
0x3FA55555,
0x16C15177,
0xBF56C16C,
0x19CB1590,
0x3EFA01A0,
0x809C52AD,
0xBE927E4F,
0xBDB4B1C4,
0x3E21EE9E,
0xBE8838D4,
0xBDA8FAE9,
0x9997FA04,
0x3FD99999,
0x1D8E78AF,
0x3FCC71C5,
0xD078C69F,
0x3FC39A09,
0x55555593,
0x3FE55555,
0x94229359,
0x3FD24924,
0x96CB03DE,
0x3FC74664,
0xDF3E5244,
0x3FC2F112,
0x00000000,
0x00000000,
0x54400000,
0x3FF921FB,
0x1A626331,
0x3DD0B461,
0x1A600000,
0x3DD0B461,
0x2E037073,
0x3BA3198A,
0x2E000000,
0x3BA3198A,
0x252049C1,
0x397B839A,
0x00000000,
0x00000000,
0xA2F9836E,
0x4E441529,
0xFC2757D1,
0xF534DDC0,
0xDB629599,
0x3C439041,
0xFE5163AB,
0xDEBBC561,
0xB7246E3A,
0x424DD2E0,
0x06492EEA,
0x09D1921C,
0xFE1DEB1C,
0xB129A73E,
0xE88235F5,
0x2EBB4484,
0xE99C7026,
0xB45F7E41,
0x3991D639,
0x835339F4,
0x9C845F8B,
0xBDF9283B,
0x1FF897FF,
0xDE05980F,
0xEF2F118B,
0x5A0A6D1F,
0x6D367ECF,
0x27CB09B7,
0x4F463F66,
0x9E5FEA2D,
0x7527BAC7,
0xEBE5F17B,
0x3D0739F7,
0x8A5292EA,
0x6BFB5FB1,
0x1F8D5D08,
0x00000000,
0xA2F9836E,
0x4E441529,
0xFC2757D1,
0xF534DDC0,
0xDB629599,
0x3C439041,
0xFE5163AB,
0x1110F8A6,
0x3F811111,
0x19C161D5,
0xBF2A01A0,
0x57B1FE7D,
0x3EC71DE3,
0x8A2B9CEB,
0xBE5AE5E6,
0x5ACFD57C,
0x3DE5D93A,
0x00000003,
0x000003E8,
0x00000001,
0x0005CDF8,
0x00000010,
0x00000000,
0x00000000,
0x00000000,
0x00000000,
0x00000000,
0x00000000,
0x0005CE38,
0x00001000,
0x00000000,
0x00000000,
0x00000000,
0x00000000,
0x00000000,
0x00000000,
0x00000000,
0x00000000,
0x00000100,
0x0002DED8,
0x0002DF14,
0x0002DEFC,
0x00000004,
0x0005DEBC,
0x0005DF44,
0x00000000,
0x00000000,
0x00000000,
0x00000000,
0x00000000,
0x00000000,
0x00000000,
0x00000000,
0x00000000,
0x00000000,
0x0005DE38,
0x0005DE6C,
0x20002000,
0x00002000,
0x00C102AD,
0x40404040,
0x40400100,
0x01004040,
0x00404040,
0x40010040,
0x00404040,
0x20000100,
0x20002000,
0x00000000,
0x00000000,
0x00808080,
0x0000808C,
0x00000000,
0x00000000,
0x00000080,
0x20002000,
0x00002000,
0x00C102AD,
0x40404040,
0x40400100,
0x01004040,
0x00404040,
0x40010040,
0x00404040,
0x20000100,
0x20002000,
0x00000000,
0x00000000,
0x00808080,
0x00008000,
0x00000000,
0x00000000,
0x00000080,
0x00033DB2,
0x000443F5,
0x00053724,
0x00067B64,
0x000887EA,
0x000A6E49,
0x000CF6C9,
0x00110FD4,
0x0014DC93,
0x0019ED92,
0x00221FA8,
0x0029B927,
0x0033DB25,
0x00443F50,
0x0053724E,
0x0067B64B,
0x00887EA0,
0x00A6E49C,
0x00CF6C96,
0x0110FD41,
0x014DC938,
0x019ED92C,
0x0221FA82,
0x0342770C,
0x0342770C,
0x00034277,
0x00044B1C,
0x00054310,
0x000684EE,
0x00089638,
0x000A8621,
0x000D09DC,
0x00112C70,
0x00150C42,
0x001A13B8,
0x002258E0,
0x002A1885,
0x00342770,
0x0044B1C1,
0x0054310A,
0x00684EE1,
0x00896382,
0x00A86214,
0x00D09DC3,
0x0112C704,
0x0150C428,
0x01A13B86,
0x02258E09,
0x0342770C,
0x0342770C,
0x60727170,
0x51506261,
0x42414052,
0x20323130,
0x11102221,
0x02010012,
0x00000000,
0x00000000,
0x2A3F0000,
0x935F0000,
0x479F0000,
0x2A3F0000,
0x935F0000,
0x479F0000,
0x00000000,
0x00000000,
0xE0100000,
0x00000000,
0xE0100004,
0x00061000,
0xE0100008,
0x0001F03F,
0xE010000C,
0x13981000,
0xE0100010,
0x000000A1,
0xE0100014,
0x1C000000,
0xE0100018,
0x044C0000,
0xE010001C,
0x0000A654,
0xE0100020,
0x00000820,
0xE0100024,
0x10100001,
0xE0100028,
0xC7280000,
0xE010002C,
0x000C3C00,
0xE0100030,
0x310201C8,
0xE0100034,
0x0C451880,
0xE0100038,
0xA6004498,
0xE0100044,
0x40D00013,
0xE0100048,
0xFFF01B08,
0xE010003C,
0x0CA47D48,
0xE0100040,
0x80001985,
0xE00E0000,
0x00018E1D,
0xE00E0004,
0xC0000322,
0xE00E0008,
0x009C879C,
0xE00E000C,
0x00410000,
0xE00E0010,
0x00380413,
0xE00E0014,
0xD4A00C37,
0xE00E0018,
0x00128009,
0xE00E002C,
0x02000020,
0xE00E0034,
0x00000018,
0xE00E0038,
0x000C7000,
0xE00E003C,
0x005E8640,
0xE00E0040,
0x500D0442,
0xE00E0044,
0x08881111,
0xE00E0048,
0xC8840440,
0xE00E004C,
0x00000000,
0xE00E0050,
0x80332700,
0xE00E0054,
0x08000000,
0xE00E0058,
0xD0170200,
0xE00E005C,
0x04010000,
0xE00E0060,
0x84044830,
0xE00E0064,
0x087F8FF8,
0xE00E0050,
0x80332500,
0xE00E0054,
0x08000000,
0xE00F0000,
0x0061C380,
0xE00F0004,
0x83840000,
0xE00F0008,
0x02A00064,
0xE00F000C,
0x04040000,
0xE00F0010,
0x00672068,
0xE00F0014,
0x1C898000,
0xE00F0020,
0x20000001,
0xE00F0024,
0x0000410A,
0xE00F0034,
0x10061000,
0xE00F0038,
0x0001F03F,
0xE00F003C,
0x25401000,
0xE00F0040,
0x00100100,
0xE00F0044,
0x00007000,
0xE00F0048,
0x110201C8,
0xE00F004C,
0x0C401880,
0xE00F0050,
0xA6000000,
0xE00F0054,
0x0B800A80,
0xE00F0058,
0x20658013,
0xE00F005C,
0xFFF00308,
0xE00F0060,
0xE0000000,
0xE00F0064,
0x70C30528,
0xE00F0018,
0x80332D00,
0xE00F001C,
0x08000800,
0xE0120050,
0x07FF81C0,
0xE0120054,
0x00F70077,
0xE0120058,
0x000001DE,
0xE012005C,
0x81AAFF8F,
0xE0120060,
0x00201000,
0xE0120064,
0x00000201,
0xE0110010,
0x00600000,
0xE0110014,
0x00020000,
0xE0110018,
0x00000708,
0xE011001C,
0x00787878,
0xE0110050,
0x00448059,
0xE00D0000,
0x08C3810E,
0xE00D0004,
0x00000000,
0xE00D0008,
0xFFFFFFFF,
0xE00D000C,
0x00000000,
0xE00D0010,
0x0003C000,
0xE00D0014,
0x09400000,
0xE00D0018,
0x3880010B,
0xE00D001C,
0x00000000,
0xE00D0020,
0xFFFFFFFF,
0xE00D0024,
0x00000000,
0xE00D0028,
0x0003C000,
0xE00D002C,
0x09400000,
0xE00D0030,
0x00C00000,
0xE00D0034,
0x02200220,
0xE00D0060,
0x10011001,
0xE00C0000,
0x08C3810E,
0xE00C0004,
0x00000000,
0xE00C0008,
0xFFFFFFFF,
0xE00C000C,
0x00000000,
0xE00C0010,
0x0003C000,
0xE00C0014,
0x09400000,
0xE00C0018,
0x3880010B,
0xE00C001C,
0x00000000,
0xE00C0020,
0xFFFFFFFF,
0xE00C0024,
0x00000000,
0xE00C0028,
0x0003C000,
0xE00C002C,
0x09400000,
0xE00C0030,
0x00C00000,
0xE00C0034,
0x02200220,
0xE00C0060,
0x10011001,
0xE00B0000,
0x00000000,
0xE00B0004,
0x2008A400,
0xE00B0008,
0x00000000,
0xE00B0034,
0x00002727,
0xE00B003C,
0x00000000,
0xE00B0050,
0x00000008,
0xE00B0054,
0x001F001F,
0xE00B0058,
0x00000000,
0xE00B005C,
0x0000C600,
0xE00B0060,
0x40404040,
0xE00B0064,
0x00003F3F,
0xE00A0000,
0x00000000,
0xE00A0004,
0x2008A400,
0xE00A0008,
0x00000000,
0xE00A0034,
0x00002727,
0xE00A003C,
0x00000000,
0xE00A0050,
0x00000008,
0xE00A0054,
0x001F001F,
0xE00A0058,
0x00000000,
0xE00A005C,
0x0000C600,
0xE00A0060,
0x40404040,
0xE00A0064,
0x00003F3F,
0xE008002C,
0x00120AEB,
0xE0120000,
0x80000000,
0xE0120004,
0xAA000000,
0xE0120008,
0x80000000,
0xE012000C,
0x00000000,
0xE0120010,
0x551AA000,
0xE0120014,
0x00000000,
0xE0120018,
0x0012A000,
0xE012001C,
0xAA3FF015,
0xE0120020,
0x00042108,
0xE0120024,
0x00000041,
0xE0120028,
0x57F00015,
0xE012002C,
0xAA000480,
0x0002F244,
0x0002F240,
0x3D80C6AB,
0xBE988C3E,
0x3FBDDD27,
0xBE988C3E,
0x3D80C6AB,
0x00000000,
0x00000000,
0x00000000,
0x00000000,
0x00000000,
0x00000000,
0x00000000,
0x3CD84E2A,
0xBD994A2A,
0x3F8FAA44,
0xBD994A2A,
0x3CD84E2A,
0x00000000,
0x00000000,
0x00000000,
0x00000000,
0x00000000,
0x00000000,
0x00000000,
0x00000000,
0x00000000,
0x00000000,
0x00000000,
0x3F800000,
0x00000000,
0x00000000,
0x00000000,
0x00000000,
0x00000000,
0x00000000,
0x00000000,
0x3B7EF4DE,
0xBC1C3EE7,
0x3CE91B9C,
0xBE085590,
0x3F9D6700,
0xBE085590,
0x3CE91B9C,
0xBC1C3EE7,
0x3B7EF4DE,
0x00000000,
0x00000000,
0x00000000,
0x3A7EF4DE,
0xBB1C3EE7,
0x3BE91B9C,
0xBD085590,
0x3F87ED35,
0xBD085590,
0x3BE91B9C,
0xBB1C3EE7,
0x3A7EF4DE,
0x00000000,
0x00000000,
0x00000000,
0x00000000,
0x00000000,
0x00000000,
0x00000000,
0x3F800000,
0x00000000,
0x00000000,
0x00000000,
0x00000000,
0x00000000,
0x00000000,
0x00000000,
0x3DA3D70A,
0x3DF549F9,
0x3E6DC5D6,
0x3ECBB2FF,
0x3F168C69,
0x3F451EB8,
0x3F6982AA,
0x3F7D6D5D,
0x3F7D6D5D,
0x3F6982AA,
0x3F451EB8,
0x3F168C69,
0x3ECBB2FF,
0x3E6DC5D6,
0x3DF549F9,
0x3DA3D70A,
0x3DA3D70A,
0x3DB71FBC,
0x3DF02FF9,
0x3E265908,
0x3E646DC6,
0x3E97E60C,
0x3EC2AED1,
0x3EF0D0CC,
0x3F10345D,
0x3F27C1BE,
0x3F3E19CA,
0x3F525259,
0x3F639768,
0x3F7133F4,
0x3F7A9974,
0x3F7F6556,
0x3F7F6556,
0x3F7A9974,
0x3F7133F4,
0x3F639768,
0x3F525259,
0x3F3E19CA,
0x3F27C1BE,
0x3F10345D,
0x3EF0D0CC,
0x3EC2AED1,
0x3E97E60C,
0x3E646DC6,
0x3E265908,
0x3DF02FF9,
0x3DB71FBC,
0x3DA3D70A,
0x047F4063,
0xF907247F,
0x393F0B00,
0x00B900C7,
0x00031700,
0x04AA4043,
0xF90724AA,
0x39BF8B04,
0x00DB0187,
0x00031700,
0x13AA7258,
0x00000BAA,
0x39FF9700,
0x00B900C7,
0x00001700,
0x4040000C,
0x1F04E805,
0x0000913F,
0xFF407FCC,
0x1F082105,
0x0000397F,
0x00989680,
0x004C4B40,
0x002DC6C0,
0x0002ED0F,
0x0002ECF0,
0x0002ECFA,
0x0002ED29,
0x0002ED03,
0x0002ED17,
0x0002ED1F,
0x3DA3D70A,
0x3DB5F11A,
0x3DEB8D34,
0x3E214DF7,
0x3E5BE269,
0x3E91A1D1,
0x3EBA59B4,
0x3EE68847,
0x3F0A3D71,
0x3F2136BE,
0x3F374E07,
0x3F4BA9F9,
0x3F5D8247,
0x3F6C2763,
0x3F77093B,
0x3F7DBCBE,
0x3F800000,
0x3F7DBCBE,
0x3F77093B,
0x3F6C2763,
0x3F5D8247,
0x3F4BA9F9,
0x3F374E07,
0x3F2136BE,
0x3F0A3D71,
0x3EE68847,
0x3EBA59B4,
0x3E91A1D1,
0x3E5BE269,
0x3E214DF7,
0x3DEB8D34,
0x3DB5F11A,
0xEE000000,
0x00000001,
0xE211000C,
0x00000000,
0xE211000C,
0x00000001,
0xE211000C,
0x00000000,
0x0002E058,
0x00000000,
0x00000000,
0x00000000,
0x0003F778,
0x00005000,
0x00000018,
0x00000000,
0x00000000,
0x0002E064,
0x00000000,
0x00000000,
0x00000000,
0x00044778,
0x00000200,
0x00000018,
0x00000000,
0x00000000,
0x0002E973,
0x00000000,
0x00000000,
0x00000000,
0x00044978,
0x00010000,
0x00000020,
0x00000000,
0x00000000,
0xEE000000,
0x01FE0000,
0xE2080008,
0x01620000,
0x30394652,
0x32283930,
0x2D363230,
0x322D3730,
0x37312031,
0x2034323A,
0x00000029,
0x00000000,
0x80808080,
0x80808080,
0x2000A210,
0x00004280,
0x40000000,
0x84000120,
0x80808080,
0x80808080,
0x00000007,
0x0000000B,
0x0000000D,
0x0000000E,
0x3DA3D70A,
0x3E81A21F,
0x3F2471B4,
0x3F7456D6,
0x3F7456D6,
0x3F2471B4,
0x3E81A21F,
0x3DA3D70A,
0x18100800,
0x00000000,
0x00020000,
0x4A8BC540,
0x4A546700,
0x4A2AE600,
0x4A0BC540,
0x49D46700,
0x49AAE600,
0x498BC540,
0x49546700,
0x492AE600,
0x490BC540,
0x48D46700,
0x48AAE600,
0x488BC540,
0x48546700,
0x482AE600,
0x480BC540,
0x47D46700,
0x47AAE600,
0x478BC540,
0x47546700,
0x472AE600,
0x470BC540,
0x46D46700,
0x46AAE600,
0x4A8CAFA0,
0x4A559F80,
0x4A2C6CA0,
0x4A0CAFA0,
0x49D59F80,
0x49AC6CA0,
0x498CAFA0,
0x49559F80,
0x492C6CA0,
0x490CAFA0,
0x48D59F80,
0x48AC6CA0,
0x488CAFA0,
0x48559F80,
0x482C6CA0,
0x480CAFA0,
0x47D59F80,
0x47AC6CA0,
0x478CAFA0,
0x47559F80,
0x472C6CA0,
0x470CAFA0,
0x46D59F80,
0x46AC6CA0,
0xEE000000,
0x00180000,
0xE210003C,
0x00000000,
0xEE000000,
0x00180000,
0xE210003C,
0x00180000,
0x00030000,
0x03000000,
0x04800000,
0x04400000,
0x20200000,
0x10100000,
0x08080000,
0x00000110,
0x00000101,
0x00000101,
0x00000000,
0x00000000,
0x00000000,
0x0005DEBC,
0x00000044,
0x0005DF48,
0x00000100,
0x00000001,
0x00000000,
0x00000000,
0x00000000,
0x00000000,
0x0005DE38,
0x00000034,
0x0005DE6C,
0x00000050,
0x00000000,
0x00000000,
0x0005DF00,
0x00000044,
0x0005E048,
0x00000100,
0x00000028,
0x00000000,
0x00000000,
0x00000033,
0xFFF6FFFC,
0xFFE5FFEE,
0xFFD5FFDC,
0xFFCFFFD0,
0xFFDCFFD3,
0xFFFDFFEB,
0x00290012,
0x0050003E,
0x005E005B,
0x00460057,
0x0007002B,
0xFFB3FFDE,
0xFF69FF8B,
0xFF4EFF54,
0xFF7AFF5A,
0xFFECFFAB,
0x00860037,
0x010E00D0,
0x01460138,
0x00FD0133,
0x003000A5,
0xFF0FFFA5,
0xFDFEFE7D,
0xFD77FDA2,
0xFDE5FD8A,
0xFF81FE8D,
0x023100BB,
0x058803D1,
0x08DB073E,
0x0B6F0A48,
0x0CA90C3E,
0x00249200,
0x00000249,
0x00000000,
0x00000000,
0x00000000,
0x00000C25,
0x00000C35,
0x00000005,
0x00492448,
0x00000492,
0x00249200,
0x00000249,
0x00000000,
0x00000C05,
0x00000C25,
0x00000005,
0x00000000,
0x00000000,
0x00492448,
0x00000492,
0x00000000,
0x00000C35,
0x00000C05,
0x00000005,
0x00000000,
0x00000000,
0x00000000,
0x00000000,
0x00000000,
0x00000C79,
0x00000C79,
0x00000006,
0x00249200,
0x00000249,
0x00249200,
0x00000249,
0x00000000,
0x00000C39,
0x00000C39,
0x00000005,
0x656D614E,
0x7274535F,
0x00676E69,
0x74726175,
0x2D2D2D00,
0x2D2D2D2D,
0x4950532D,
0x444D4320,
0x444E4520,
0x78305B20,
0x58383025,
0x2D2D2D5D,
0x0A0D2D2D,
0x6A000A0D,
0x20647365,
0x656E616C,
0x74617220,
0x72662065,
0x73207165,
0x093A7465,
0x756C6C25,
0x0D7A4809,
0x000A0D0A,
0x6473656A,
0x6E616C20,
0x61722065,
0x66206574,
0x20716572,
0x3A746573,
0x6C6C2509,
0x7A480975,
0x72726520,
0x21212121,
0x0A0D2121,
0x52424200,
0x4C502046,
0x4F44204C,
0x0A0D454E,
0x52424200,
0x4C502046,
0x000A0D4C,
0x30287872,
0x29582578,
0x206F6C20,
0x58257830,
0x74000A0D,
0x78302878,
0x20295825,
0x30206F6C,
0x0D582578,
0x7874000A,
0x25783028,
0x62202978,
0x78302077,
0x0A0D5825,
0x78726F00,
0x20776220,
0x58257830,
0x73000A0D,
0x63207465,
0x20696C61,
0x656E6F74,
0x706D6120,
0x2578303A,
0x666F0978,
0x6F706D64,
0x3A726577,
0x0D64252D,
0x6573000A,
0x72702074,
0x6C616365,
0x6C702069,
0x6C65736C,
0x2578303A,
0x6D202C78,
0x3A65646F,
0x0A0D6425,
0x67696400,
0x6E797320,
0x79742063,
0x25206570,
0x73692064,
0x67697320,
0x205B656C,
0x5D206425,
0x3A6E6520,
0x0A0D6425,
0x67616D00,
0x3A686320,
0x58257830,
0x646E692C,
0x253A7865,
0x000A0D64,
0x74736574,
0x79656B20,
0x0D64253A,
0x6F43000A,
0x6769666E,
0x73656A20,
0x000A0D64,
0x63617274,
0x676E696B,
0x66666F20,
0x4C000A0D,
0x72204F44,
0x74206665,
0x0D6D6972,
0x6D63000A,
0x72652064,
0x0D726F72,
0x636E000A,
0x7830206F,
0x73207825,
0x20636E79,
0x74206863,
0x3A657079,
0x25783020,
0x65202C78,
0x6C62616E,
0x30203A65,
0x0D782578,
0x7428000A,
0x3A657079,
0x78257830,
0x46494C29,
0x646F6D20,
0x78303A65,
0x0A0D7825,
0x6E797300,
0x74732063,
0x3A657461,
0x78257830,
0x74000A0D,
0x6F702078,
0x20726577,
0x6C727463,
0x74657320,
0x3A686320,
0x25783020,
0x6D202C78,
0x3A65646F,
0x2C642520,
0x776F7020,
0x74207265,
0x73657268,
0x2064253A,
0x6662646D,
0x75642073,
0x69746172,
0x303A6E6F,
0x0D782578,
0x7266000A,
0x73207165,
0x093A7465,
0x646C6C25,
0x097A4809,
0x6C250909,
0x4820646C,
0x000A0D7A,
0x66204242,
0x20716572,
0x3A746573,
0x6C6C2509,
0x7A482075,
0x6C6C2509,
0x7A482064,
0x4F000A0D,
0x66204652,
0x20716572,
0x3A746573,
0x6C6C2509,
0x7A482075,
0x6C6C2509,
0x7A482064,
0x20000A0D,
0x5F317872,
0x2F727269,
0x5F6C6F6C,
0x65646F6D,
0x6425203A,
0x6425202C,
0x72200A0D,
0x695F3278,
0x6C2F7272,
0x6D5F6C6F,
0x3A65646F,
0x2C642520,
0x0D642520,
0x7874200A,
0x72695F31,
0x6F6C2F72,
0x6F6D5F6C,
0x203A6564,
0x202C6425,
0x0A0D6425,
0x32787420,
0x7272695F,
0x6C6F6C2F,
0x646F6D5F,
0x25203A65,
0x25202C64,
0x200A0D64,
0x2A2A2A00,
0x2A2A2A2A,
0x2A2A2A2A,
0x2A2A2A2A,
0x2A2A2A2A,
0x2A2A2A2A,
0x2A2A2A2A,
0x2A2A2A2A,
0x2A2A2A2A,
0x2A2A2A2A,
0x2A2A2A2A,
0x2A2A2A2A,
0x2A2A2A2A,
0x2A2A2A2A,
0x0D2A2A2A,
0x7872000A,
0x6C6C7020,
0x6E797320,
0x6B6F2063,
0x74000A0D,
0x6C702078,
0x7973206C,
0x6F20636E,
0x000A0D6B,
0x6464610A,
0x78303A72,
0x58383025,
0x74616420,
0x78303A61,
0x58383025,
0x23000A0D,
0x5B302323,
0x252D6425,
0x49205D64,
0x64257172,
0x61685020,
0x203A6573,
0x66322E25,
0x2E25202C,
0x202C6632,
0x66322E25,
0x2E25202C,
0x202C6632,
0x616C6544,
0x25203A79,
0x25202C64,
0x25202C64,
0x25202C64,
0x000A0D64,
0x31232323,
0x2D64255B,
0x205D6425,
0x25717249,
0x68502064,
0x3A657361,
0x322E2520,
0x25202C66,
0x2C66322E,
0x322E2520,
0x25202C66,
0x2C66322E,
0x6C654420,
0x203A7961,
0x202C6425,
0x202C6425,
0x202C6425,
0x0A0D6425,
0x23232300,
0x64255B32,
0x5D64252D,
0x71724920,
0x50206425,
0x65736168,
0x2E25203A,
0x202C6632,
0x66322E25,
0x2E25202C,
0x202C6632,
0x66322E25,
0x6544202C,
0x3A79616C,
0x2C642520,
0x2C642520,
0x2C642520,
0x0D642520,
0x2323000A,
0x255B3323,
0x64252D64,
0x7249205D,
0x20642571,
0x73616850,
0x25203A65,
0x2C66322E,
0x322E2520,
0x25202C66,
0x2C66322E,
0x322E2520,
0x44202C66,
0x79616C65,
0x6425203A,
0x6425202C,
0x6425202C,
0x6425202C,
0x25000A0D,
0x64255B73,
0x5D64252D,
0x71724920,
0x50206425,
0x65736168,
0x2E25203A,
0x202C6632,
0x66322E25,
0x2E25202C,
0x202C6632,
0x66322E25,
0x6F50202C,
0x25203A77,
0x2C66322E,
0x322E2520,
0x25202C66,
0x2C66322E,
0x322E2520,
0x54202066,
0x3A706D65,
0x322E2520,
0x000A0D66,
0x70205149,
0x65736168,
0x72617720,
0x676E696E,
0x2049203A,
0x66322E25,
0x2051202C,
0x66322E25,
0x09000A0D,
0x093E3D3D,
0x6E726177,
0x3A676E69,
0x25204920,
0x2C66322E,
0x25205120,
0x0066322E,
0x20733525,
0x2520207C,
0x66342E38,
0x2D25202C,
0x66342E38,
0x2D25202C,
0x66342E38,
0x25207C20,
0x66322E38,
0x2D25202C,
0x66322E38,
0x2D25202C,
0x66322E38,
0x25207C20,
0x322E382D,
0x25202C66,
0x66322E38,
0x3825202C,
0x2066322E,
0x3825207C,
0x2C66322E,
0x2E382520,
0x202C6632,
0x322E3825,
0x207C2066,
0x322E3825,
0x25202C66,
0x66322E38,
0x3825202C,
0x2066322E,
0x2520207C,
0x66322E38,
0x7C202020,
0x2E382520,
0x202C6632,
0x322E3825,
0x000A0D66,
0x0A0D0A0D,
0x0A0D0A0D,
0x21212121,
0x52524920,
0x47564120,
0x5D64255B,
0x32203C20,
0x52202C30,
0x74657365,
0x4C4F4C20,
0x646E6120,
0x43455120,
0x0D642520,
0x0A0D000A,
0x0A0D0A0D,
0x61430A0D,
0x5220696C,
0x0D642558,
0x0A0D000A,
0x0A0D0A0D,
0x61430A0D,
0x4F20696C,
0x64255852,
0x0D000A0D,
0x0D0A0D0A,
0x520A0D0A,
0x20642558,
0x696C6163,
0x6C706320,
0x72696678,
0x0D000A0D,
0x0D0A0D0A,
0x4F0A0D0A,
0x64255852,
0x6C616320,
0x70632069,
0x6966786C,
0x000A0D72,
0x0A0D0A0D,
0x0A0D0A0D,
0x2558524F,
0x43442064,
0x66666F20,
0x0D746573,
0x0A0D000A,
0x6B656E6F,
0x61637965,
0x7220696C,
0x68635F78,
0x2064253A,
0x5F78726F,
0x253A6863,
0x78742064,
0x3A68635F,
0x6C206425,
0x79745F70,
0x253A6570,
0x61632064,
0x665F696C,
0x3A67616C,
0x30257830,
0x0A0D7838,
0x49584500,
0x77203A54,
0x72616C5F,
0x25206567,
0x203E2066,
0x31302E30,
0x45000A0D,
0x3A544958,
0x735F6820,
0x6C6C616D,
0x20662520,
0x2E30203C,
0x0A0D3436,
0x49584500,
0x74203A54,
0x6B636172,
0x6E6F635F,
0x67726576,
0x25206465,
0x2066342E,
0x2E30203E,
0x000A0D39,
0x54495845,
0x7269203A,
0x6F6C5F72,
0x252D2077,
0x2066322E,
0x3C204264,
0x2E252D20,
0x64206632,
0x20402042,
0x70207872,
0x7265776F,
0x322E2520,
0x42642066,
0x45000A0D,
0x3A544958,
0x5F787220,
0x65776F70,
0x6F6C5F72,
0x2E252077,
0x64206632,
0x000A0D42,
0x3D3D0A0D,
0x3A73253E,
0x6F6F6C20,
0x646F6D70,
0x73252065,
0x58542820,
0x61684320,
0x6425206E,
0x203E2D20,
0x58522F4F,
0x61684320,
0x6425206E,
0x64255B29,
0x000A0D5D,
0x203A7325,
0x6F727265,
0x6F6C2072,
0x6F6D706F,
0x255B6564,
0x0A0D5D64,
0x20732500,
0x6F727265,
0x72742072,
0x206B6361,
0x6E616863,
0x70797420,
0x64255B65,
0x000A0D5D,
0x203A7325,
0x6F727265,
0x6F6C2072,
0x6162706F,
0x64206B63,
0x79616C65,
0x342E255B,
0x0A0D5D66,
0x64362500,
0x64362509,
0x64362509,
0x64362509,
0x25000A0D,
0x2E382D2B,
0x25096634,
0x2E342D2B,
0x25096634,
0x2E342D2B,
0x25096634,
0x2E342D2B,
0x25096634,
0x2E342D2B,
0x25096634,
0x2E342D2B,
0x25096632,
0x2E342D2B,
0x25096632,
0x2E342D2B,
0x0A0D6632,
0x65775300,
0x43207065,
0x746E756F,
0x203A7265,
0x202C6425,
0x49205246,
0x41205252,
0x61726576,
0x203A6567,
0x66322E25,
0x6147202C,
0x203A6E69,
0x66342E25,
0x6854202C,
0x3A617465,
0x342E2520,
0x000A0D66,
0x25096425,
0x0966362E,
0x66362E25,
0x362E2509,
0x2E250966,
0x0A0D6636,
0x20732500,
0x6F727265,
0x63203A72,
0x6F6E6E61,
0x61632074,
0x7420636C,
0x6C206568,
0x65642062,
0x0D79616C,
0x7169000A,
0x61635F69,
0x6900696C,
0x725F6971,
0x72745F78,
0x006B6361,
0x5F697169,
0x745F7874,
0x6B636172,
0x71695F00,
0x77735F69,
0x00706565,
0x5F697169,
0x696C6163,
0x7361665F,
0x0A0D0074,
0x20495149,
0x65746E49,
0x20726567,
0x616C6544,
0x203D2079,
0x252D6425,
0x46202C64,
0x20636172,
0x616C6544,
0x203D2079,
0x66342E25,
0x6153202C,
0x656C706D,
0x25282073,
0x6E66342E,
0x0A0D2973,
0x4C4F4C00,
0x746E4920,
0x72656765,
0x6C654420,
0x3D207961,
0x2D642520,
0x202C6425,
0x63617246,
0x6C654420,
0x3D207961,
0x342E2520,
0x53202C66,
0x6C706D61,
0x28207365,
0x66342E25,
0x0D29736E,
0x626C000A,
0x6C65645F,
0x635F7961,
0x00636C61,
0x3D3C0A0D,
0x3A73253D,
0x6C654420,
0x50207961,
0x6D617261,
0x303A4928,
0x2C782578,
0x203A5120,
0x78257830,
0x68702029,
0x20657361,
0x61626D69,
0x636E616C,
0x203D2065,
0x66342E25,
0x0D646152,
0x5B09000A,
0x205D6425,
0x20746553,
0x616C6564,
0x61702079,
0x286D6172,
0x49206425,
0x2578303A,
0x51202C78,
0x7830203A,
0x20297825,
0x28726964,
0x642D2B25,
0x74202C29,
0x61746568,
0x342E2520,
0x000A0D66,
0x645F6F6C,
0x79616C65,
0x6C61635F,
0x0A0D0069,
0x253E3D3D,
0x6C203A73,
0x6D706F6F,
0x2065646F,
0x28207325,
0x43205854,
0x206E6168,
0x2D206425,
0x2F4F203E,
0x43205852,
0x206E6168,
0x0D296425,
0x5845000A,
0x203A5449,
0x645F7874,
0x6F705F63,
0x5F726577,
0x6772616C,
0x2E252065,
0x64206632,
0x000A0D42,
0x61647055,
0x54206574,
0x666F2058,
0x74657366,
0x6425203A,
0x20642509,
0x203E3D3D,
0x25096425,
0x000A0D64,
0x6F747561,
0x7465732D,
0x4C4F4C20,
0x69727420,
0x6F66206D,
0x78542072,
0x28206425,
0x3D204F4C,
0x20642520,
0x297A484B,
0x2C49203A,
0x203A5120,
0x202C6425,
0x0A0D6425,
0x6C6F6C00,
0x6C61635F,
0x6E615F69,
0x676F6C61,
0x6C6F6C00,
0x6172745F,
0x6C006B63,
0x635F6C6F,
0x5F696C61,
0x69676964,
0x006C6174,
0x5F6C6F6C,
0x696C6163,
0x6769645F,
0x6C617469,
0x7361665F,
0x64250074,
0x666F203A,
0x64255B74,
0x76202C5D,
0x305B6C61,
0x5D782578,
0x6364202C,
0x29426428,
0x322E255B,
0x66205D66,
0x74737269,
0x6C61685F,
0x78305B66,
0x2D5D7825,
0x6F636573,
0x685F646E,
0x5B666C61,
0x78257830,
0x000A0D5D,
0x6F727265,
0x61632072,
0x7420696C,
0x0D657079,
0x6143000A,
0x614C2070,
0x636E6574,
0x203A2079,
0x0A0D6425,
0x0D000A0D,
0x540A0D0A,
0x20656E6F,
0x206D754E,
0x3A202020,
0x0D642520,
0x6143000A,
0x68432070,
0x20206E61,
0x203A2020,
0x0A0D6425,
0x616C5000,
0x68432079,
0x20206E61,
0x25203A20,
0x000A0D64,
0x79616C50,
0x6E6F5020,
0x20207469,
0x6425203A,
0x46000A0D,
0x484D2873,
0x2020297A,
0x20202020,
0x2E25203A,
0x0A0D6634,
0x2E382500,
0x20206632,
0x322E3825,
0x25202066,
0x66342E37,
0x37252020,
0x0D66342E,
0x6143000A,
0x6F4D2070,
0x20206564,
0x203A2020,
0x0A0D7325,
0x0D0A0D00,
0x616C500A,
0x61502079,
0x72657474,
0x25203A6E,
0x000A0D73,
0x20200A0D,
0x20202020,
0x20202020,
0x20202020,
0x2B250020,
0x342E392D,
0x46002066,
0x7A484D28,
0x2A200029,
0x002A2A2A,
0x5F504143,
0x4E595341,
0x41430043,
0x59535F50,
0x5200434E,
0x004C4145,
0x5046524F,
0x50004C4C,
0x4359414C,
0x49005041,
0x54492051,
0x4300564C,
0x20584C50,
0x564C5449,
0x4D4F4300,
0x58454C50,
0x520A0D00,
0x43444458,
0x297A4828,
0x3A202020,
0x6C6C2520,
0x64250064,
0x6425202C,
0x6625202C,
0x6870202C,
0x32657361,
0x616C6564,
0x66255B79,
0x000A0D5D,
0x61726170,
0x7265206D,
0x20726F72,
0x25206863,
0x000A0D64,
0x25096425,
0x000A0D66,
0x74616C66,
0x7373656E,
0x6C61635F,
0x65730069,
0x5F707574,
0x706F6F6C,
0x6B636162,
0x52524520,
0x7325203A,
0x726F6620,
0x6C616320,
0x79742069,
0x255B6570,
0x0A0D5D64,
0x4C4C5000,
0x636F6C20,
0x7473206B,
0x73757461,
0x72726520,
0x6425203A,
0x0D642520,
0x6550000A,
0x25206B61,
0x6F202C64,
0x6C5F7872,
0x5F747361,
0x20747461,
0x63206425,
0x64252068,
0x6572202C,
0x64252074,
0x54000A0D,
0x4E495F58,
0x4E524554,
0x4C5F4C41,
0x42504F4F,
0x5F4B4341,
0x3258524F,
0x5F585400,
0x45545845,
0x4C414E52,
0x4F4F4C5F,
0x43414250,
0x524F5F4B,
0x50003258,
0x4C5F4C4C,
0x42504F4F,
0x5F4B4341,
0x3258524F,
0x4F4F4C00,
0x43414250,
0x464F5F4B,
0x58540046,
0x544E495F,
0x414E5245,
0x4F4C5F4C,
0x4142504F,
0x4F5F4B43,
0x54005852,
0x58455F58,
0x4E524554,
0x4C5F4C41,
0x42504F4F,
0x5F4B4341,
0x0058524F,
0x5F4C4C50,
0x504F4F4C,
0x4B434142,
0x58524F5F,
0x5F585400,
0x45544E49,
0x4C414E52,
0x4F4F4C5F,
0x43414250,
0x58525F4B,
0x5F585400,
0x45545845,
0x4C414E52,
0x4F4F4C5F,
0x43414250,
0x58525F4B,
0x4C4C5000,
0x4F4F4C5F,
0x43414250,
0x58525F4B,
0x6A646100,
0x5F747375,
0x706F6F6C,
0x6B636162,
0x5F6F6C5F,
0x7366666F,
0x66007465,
0x64726F77,
0x30203A20,
0x38302578,
0x63662058,
0x30203A77,
0x38302578,
0x20586C6C,
0x30257830,
0x586C6C38,
0x76696420,
0x6425203A,
0x0D642520,
0x636E000A,
0x7973206F,
0x2520636E,
0x20646C6C,
0x46494C28,
0x2964253A,
0x676E6120,
0x203A656C,
0x2E362D25,
0x25206633,
0x332E362D,
0x6E612066,
0x5F656C67,
0x726F7770,
0x30203A64,
0x38302578,
0x65742058,
0x203A706D,
0x66322E25,
0x72000A0D,
0x66203278,
0x0A0D6E61,
0x20732500,
0x253A6469,
0x61662064,
0x64656C69,
0x25000A0D,
0x64692073,
0x2064253A,
0x656E6F64,
0x5F000A0D,
0x4341445F,
0x6C61435F,
0x5F5F0069,
0x5F434441,
0x696C6143,
0x50524F00,
0x69204C4C,
0x6F6E2073,
0x6F6C2074,
0x64656B63,
0x21212121,
0x000A0D21,
0x00010204,
0x50207325,
0x4D415241,
0x52524520,
0x66000A0D,
0x725F7269,
0x735F6765,
0x25007465,
0x696C2073,
0x253A656E,
0x69742064,
0x756F656D,
0x000A0D74,
0x73637270,
0x5F61725F,
0x5F646D63,
0x69726573,
0x49007365,
0x20726574,
0x203A6425,
0x69206F4E,
0x6F72706D,
0x656D6576,
0x202C746E,
0x69726873,
0x73206B6E,
0x20706574,
0x28206F74,
0x202C6425,
0x0D296425,
0x7325000A,
0x72726520,
0x203A726F,
0x746C6966,
0x6C207265,
0x74676E65,
0x25282068,
0x6D202964,
0x20747375,
0x6C206562,
0x20737365,
0x6E616874,
0x52494620,
0x4E454C5F,
0x58414D5F,
0x29642528,
0x49000A0D,
0x20726574,
0x203A6425,
0x20797254,
0x74746170,
0x206E7265,
0x65766F6D,
0x206F7420,
0x2C642528,
0x29642520,
0x4A455220,
0x45544345,
0x4F202C44,
0x25206A62,
0x0D66362E,
0x7449000A,
0x25207265,
0x54203A64,
0x70207972,
0x65747461,
0x6D206E72,
0x2065766F,
0x28206F74,
0x202C6425,
0x20296425,
0x45434341,
0x44455450,
0x624F202C,
0x2E25206A,
0x0A0D6636,
0x65744900,
0x64252072,
0x6142203A,
0x70206573,
0x746E696F,
0x64252820,
0x6425202C,
0x53202E29,
0x20706574,
0x2C642528,
0x29642520,
0x6946202E,
0x6920646E,
0x6F72706D,
0x20646576,
0x6E696F70,
0x25282074,
0x25202C64,
0x202E2964,
0x206A624F,
0x66362E25,
0x69000A0D,
0x7266766E,
0x007A7165,
0x55505320,
0x3A642552,
0x65724620,
0x2B252071,
0x66302E2D,
0x2C7A484B,
0x776F5020,
0x25207265,
0x342E2D2B,
0x46426466,
0x202F2073,
0x2E2D2B25,
0x42646634,
0x000A0D63,
0x44482020,
0x642D2B25,
0x7246203A,
0x25207165,
0x302E2D2B,
0x7A484B66,
0x6F50202C,
0x20726577,
0x2E2D2B25,
0x42646634,
0x2F207346,
0x2D2B2520,
0x6466342E,
0x0A0D6342,
0x626D4900,
0x6E616C61,
0x203A6563,
0x74656874,
0x2E252061,
0x202C6635,
0x6E696167,
0x352E2520,
0x000A0D66,
0x53202020,
0x203A524E,
0x2E2D2B25,
0x73256632,
0x4E000A0D,
0x482F4453,
0x25203A7A,
0x342E2D2B,
0x46426466,
0x000A0D73,
0x20202020,
0x203A7346,
0x4B206425,
0x0A0D7A48,
0x20202000,
0x3A574252,
0x322E2520,
0x484B2066,
0x000A0D7A,
0x002E000D,
0x00634264,
0x73464264,
0x00000000,
0x00000000,
0x58522020,
0x207C2020,
0x20202020,
0x20202020,
0x72462020,
0x4D287165,
0x20297A48,
0x20202020,
0x20202020,
0x207C2020,
0x20202020,
0x20202020,
0x776F5020,
0x64287265,
0x29734642,
0x20202020,
0x20202020,
0x20207C20,
0x20202020,
0x4E202020,
0x64284453,
0x2F534642,
0x20295A48,
0x20202020,
0x20202020,
0x2020207C,
0x20202020,
0x20202020,
0x28444854,
0x53464264,
0x20202029,
0x20202020,
0x7C202020,
0x20202020,
0x20202020,
0x20202020,
0x4E452020,
0x2020424F,
0x20202020,
0x20202020,
0x207C2020,
0x61685020,
0x64286573,
0x20296765,
0x4920207C,
0x6C61626D,
0x65636E61,
0x202C4728,
0x74656874,
0x0D202961,
0x00000000,
0x20585452,
0x332E3556,
0x0000302E,
0xE008002C,
0x00120AEB,
0x00000000,
0x00000000,
0x0300A465,
0x00000000,
0x09249249,
0x00000249,
0x2300A065,
0x00000000,
0x12492492,
0x09249492,
0x3300A065,
0x00000000,
0x00000000,
0x00000000,
0x23009E65,
0x00000000,
0x09249249,
0x00000249,
0x23009C65,
0x00000000,
0x0002F3B0,
0x00000400,
0x00000BD0,
0x00002890,
0x0002F570,
0x00035000,
0x0000A690,
0x00002890,
0x0002F720,
0x0003F690,
0x000202C8,
0x00029074,
0xFF01FF01,
0xFF01FF01,
0xFF01FF01,
0xFF01FF01,
0x0F290481,
0x10000302,
0x66656445,
0x746C7561,
0x6F72702D,
0x7463656A,
0x8101FF9A,
0x49206B02,
0x3F804B6C,
0x05856104,
0x020F1F03,
0x12090113,
0x12400114,
0xFEFF1501,
0x1618FFFF,
0x01030303,
0xFFFBFAFD,
0x06080501,
0xFEFFFF01,
0x090802FE,
0xFD131B03,
0x03021DFE,
0x20090203,
0x0201FD09,
0xFDFDFF01,
0x040215FF,
0x011B0305,
0xFF1A8E01,
0x04021502,
0x09100404,
0xFEFAFCFD,
0x06080704,
0xF6F4F83E,
0x191A0AFF,
0x02011D5B,
0x1A600203,
0x131909FF,
0xFDFBFE14,
0x23040323,
0xA6231D4C,
0x0753130E,
0x03A980A4,
0xFF07538C,
0x115E2901,
0x02EE4514,
0x1A04C51A,
0x331A0484,
0x04951A04,
0x1404521A,
0x1A02EDFF,
0x6B1A08AD,
0x04191A04,
0x0A180A12,
0xFFB6FFD9,
0xFFC8FFAD,
0xCC1E04B8,
0xE2FFD5FF,
0xFFFD3408,
0xFF6A1518,
0x1110FED5,
0x6DFF3EFF,
0xA8FF8DFF,
0xCEFFBCFF,
0x01FFE9FF,
0x35121812,
0x15127E12,
0xFFE50810,
0xFFFAFFEF,
0xFFF81417,
0xF3121802,
0xCAFFE5FF,
0xB9FFD3FF,
0x06FF7AFF,
0x87FEB6FF,
0x3206122A,
0xFFF51C07,
0xDF1C1CED,
0x2D02DCFF,
0xFFF0FFDA,
0xC40C182A,
0xC7FFAFFF,
0xBFFFA7FF,
0x100CBDFF,
0xC0FFCF08,
0x0EFFEEFF,
0x0C181612,
0xFF15FFD4,
0xFF1FFEFD,
0x7269FF48,
0x1618A91A,
0xFFEBFFD3,
0x12121203,
0x1A3C1257,
0xED143AEE,
0xFB140CFF,
0x0A1807FF,
0xFFF6FFF9,
0xFFECFFE0,
0x081846D8,
0xFEE8FF55,
0x10A6FF3A,
0x1AB8F91A,
0xF11A1AFA,
0xFFEA1C1A,
0x151204E6,
0x02F31C14,
0x65B09C05,
0x000002FB,
0x29CBEA01,
0x130C088B,
0x180249F0,
0x200185E1,
0x15040BB8,
0x0405A540,
0x0A4026FF,
0xFF01FF01,
0xFF01FF01,
0xFF01FF01,
0xFF01FF01,
0xFF01FF01,
0xFF01FF01,
0xFF01FF01,
0xFF01FF01,
0xFF01FF01,
0xFF01FF01,
0xFF01FF01,
0xFF01FF01,
0xFF01FF01,
0xFF01FF01,
0xFF01FF01,
0xFF01FF01,
0xFF01FF01,
0xFF01FF01,
0xFF01FF01,
0xFF01FF01,
0xFF01FF01,
0xFF01FF01,
0xFF01FF01,
0xFF01FF01,
0xFF01FF01,
0xFF01FF01,
0xFF01FF01,
0xFF01FF01,
0xFF01FF01,
0xFF01FF01,
0xFF01FF01,
0xFF01FF01,
0xFF01FF01,
0xFF01FF01,
0xFF01FF01,
0xFF01FF01,
0xFF01FF01,
0xFF01FF01,
0xFF01FF01,
0xFF01FF01,
0xFF01FF01,
0xFF01FF01,
0xFF01FF01,
0xFF01FF01,
0xFF01FF01,
0xFF01FF01,
0xFF01FF01,
0xFF01FF01,
0xFF01FF01,
0xFF01FF01,
0xFF01FF01,
0xFF01FF01,
0xFF01FF01,
0xFF01FF01,
0xFF01FF01,
0xFF01FF01,
0xFF01FF01,
0xFF01FF01,
0xFF01FF01,
0xFF01FF01,
0xFF01FF01,
0xFF01FF01,
0xFF01FF01,
0xFF01FF01,
0xFF01FF01,
0xFF01FF01,
0xFF01FF01,
0x8101FF01,
0x0102FF02,
0x01FF01FF,
0x01FF01FF,
0x023D01FF,
0x7E030149,
0x3E093F80,
0x09402980,
0x8001047A,
0x29FC7A09,
0x09C00104,
0x7E09C47E,
0x11FF0180,
0x3F80FC0B,
0x11FF0180,
0x3F80FC0B,
0x11FF0180,
0x3F80FC0B,
0x11FF0180,
0x3F80FC0B,
0x11FF0180,
0x3F80FC0B,
0x0BC00180,
0x043F807C,
0x7A098001,
0x010429FC,
0xFC7A0980,
0x80010429,
0x29FC7A09,
0x077E0104,
0x333231FF,
0x01363534,
0x01FF01FF,
0x0000E1FF,
0xC2ACA68B,
};
#endif

