#include <stdlib.h>
#include <string.h>
#include "tx_waveform.h"

//0: zeros; 1: tone
#define TX_SOURCE_SEL 1

void copy_waveform_to_ddr(uint32_t *src, uint32_t length)
{
	uint32_t *dest = (uint32_t *)TX_BUF_ADDR; //TX_BUF_ADDR = 0x3F00_0000
	memcpy(dest, src, length);
	return;
}

const uint32_t sine_lut_iq[1024] = {
	0x00002666, 0x01E2265A, 0x03C32636, 0x05A225FB, 0x077D25A9,
	0x0954253F, 0x0B2524BE, 0x0CEF2427, 0x0EB12379, 0x106A22B6,
	0x121921DD, 0x13BD20EF, 0x15551FED, 0x16DF1ED7, 0x185C1DAE,
	0x19C91C73, 0x1B261B26, 0x1C7319C9, 0x1DAE185C, 0x1ED716DF,
	0x1FED1555, 0x20EF13BD, 0x21DD1219, 0x22B6106A, 0x23790EB1,
	0x24270CEF, 0x24BE0B25, 0x253F0954, 0x25A9077D, 0x25FB05A2,
	0x263603C3, 0x265A01E2, 0x26660000, 0x265AFE1E, 0x2636FC3D,
	0x25FBFA5E, 0x25A9F883, 0x253FF6AC, 0x24BEF4DB, 0x2427F311,
	0x2379F14F, 0x22B6EF96, 0x21DDEDE7, 0x20EFEC43, 0x1FEDEAAB,
	0x1ED7E921, 0x1DAEE7A4, 0x1C73E637, 0x1B26E4DA, 0x19C9E38D,
	0x185CE252, 0x16DFE129, 0x1555E013, 0x13BDDF11, 0x1219DE23,
	0x106ADD4A, 0x0EB1DC87, 0x0CEFDBD9, 0x0B25DB42, 0x0954DAC1,
	0x077DDA57, 0x05A2DA05, 0x03C3D9CA, 0x01E2D9A6, 0x0000D99A,
	0xFE1ED9A6, 0xFC3DD9CA, 0xFA5EDA05, 0xF883DA57, 0xF6ACDAC1,
	0xF4DBDB42, 0xF311DBD9, 0xF14FDC87, 0xEF96DD4A, 0xEDE7DE23,
	0xEC43DF11, 0xEAABE013, 0xE921E129, 0xE7A4E252, 0xE637E38D,
	0xE4DAE4DA, 0xE38DE637, 0xE252E7A4, 0xE129E921, 0xE013EAAB,
	0xDF11EC43, 0xDE23EDE7, 0xDD4AEF96, 0xDC87F14F, 0xDBD9F311,
	0xDB42F4DB, 0xDAC1F6AC, 0xDA57F883, 0xDA05FA5E, 0xD9CAFC3D,
	0xD9A6FE1E, 0xD99A0000, 0xD9A601E2, 0xD9CA03C3, 0xDA0505A2,
	0xDA57077D, 0xDAC10954, 0xDB420B25, 0xDBD90CEF, 0xDC870EB1,
	0xDD4A106A, 0xDE231219, 0xDF1113BD, 0xE0131555, 0xE12916DF,
	0xE252185C, 0xE38D19C9, 0xE4DA1B26, 0xE6371C73, 0xE7A41DAE,
	0xE9211ED7, 0xEAAB1FED, 0xEC4320EF, 0xEDE721DD, 0xEF9622B6,
	0xF14F2379, 0xF3112427, 0xF4DB24BE, 0xF6AC253F, 0xF88325A9,
	0xFA5E25FB, 0xFC3D2636, 0xFE1E265A,
	0x00002666, 0x01E2265A, 0x03C32636, 0x05A225FB, 0x077D25A9,
	0x0954253F, 0x0B2524BE, 0x0CEF2427, 0x0EB12379, 0x106A22B6,
	0x121921DD, 0x13BD20EF, 0x15551FED, 0x16DF1ED7, 0x185C1DAE,
	0x19C91C73, 0x1B261B26, 0x1C7319C9, 0x1DAE185C, 0x1ED716DF,
	0x1FED1555, 0x20EF13BD, 0x21DD1219, 0x22B6106A, 0x23790EB1,
	0x24270CEF, 0x24BE0B25, 0x253F0954, 0x25A9077D, 0x25FB05A2,
	0x263603C3, 0x265A01E2, 0x26660000, 0x265AFE1E, 0x2636FC3D,
	0x25FBFA5E, 0x25A9F883, 0x253FF6AC, 0x24BEF4DB, 0x2427F311,
	0x2379F14F, 0x22B6EF96, 0x21DDEDE7, 0x20EFEC43, 0x1FEDEAAB,
	0x1ED7E921, 0x1DAEE7A4, 0x1C73E637, 0x1B26E4DA, 0x19C9E38D,
	0x185CE252, 0x16DFE129, 0x1555E013, 0x13BDDF11, 0x1219DE23,
	0x106ADD4A, 0x0EB1DC87, 0x0CEFDBD9, 0x0B25DB42, 0x0954DAC1,
	0x077DDA57, 0x05A2DA05, 0x03C3D9CA, 0x01E2D9A6, 0x0000D99A,
	0xFE1ED9A6, 0xFC3DD9CA, 0xFA5EDA05, 0xF883DA57, 0xF6ACDAC1,
	0xF4DBDB42, 0xF311DBD9, 0xF14FDC87, 0xEF96DD4A, 0xEDE7DE23,
	0xEC43DF11, 0xEAABE013, 0xE921E129, 0xE7A4E252, 0xE637E38D,
	0xE4DAE4DA, 0xE38DE637, 0xE252E7A4, 0xE129E921, 0xE013EAAB,
	0xDF11EC43, 0xDE23EDE7, 0xDD4AEF96, 0xDC87F14F, 0xDBD9F311,
	0xDB42F4DB, 0xDAC1F6AC, 0xDA57F883, 0xDA05FA5E, 0xD9CAFC3D,
	0xD9A6FE1E, 0xD99A0000, 0xD9A601E2, 0xD9CA03C3, 0xDA0505A2,
	0xDA57077D, 0xDAC10954, 0xDB420B25, 0xDBD90CEF, 0xDC870EB1,
	0xDD4A106A, 0xDE231219, 0xDF1113BD, 0xE0131555, 0xE12916DF,
	0xE252185C, 0xE38D19C9, 0xE4DA1B26, 0xE6371C73, 0xE7A41DAE,
	0xE9211ED7, 0xEAAB1FED, 0xEC4320EF, 0xEDE721DD, 0xEF9622B6,
	0xF14F2379, 0xF3112427, 0xF4DB24BE, 0xF6AC253F, 0xF88325A9,
	0xFA5E25FB, 0xFC3D2636, 0xFE1E265A,
	0x00002666, 0x01E2265A, 0x03C32636, 0x05A225FB, 0x077D25A9,
	0x0954253F, 0x0B2524BE, 0x0CEF2427, 0x0EB12379, 0x106A22B6,
	0x121921DD, 0x13BD20EF, 0x15551FED, 0x16DF1ED7, 0x185C1DAE,
	0x19C91C73, 0x1B261B26, 0x1C7319C9, 0x1DAE185C, 0x1ED716DF,
	0x1FED1555, 0x20EF13BD, 0x21DD1219, 0x22B6106A, 0x23790EB1,
	0x24270CEF, 0x24BE0B25, 0x253F0954, 0x25A9077D, 0x25FB05A2,
	0x263603C3, 0x265A01E2, 0x26660000, 0x265AFE1E, 0x2636FC3D,
	0x25FBFA5E, 0x25A9F883, 0x253FF6AC, 0x24BEF4DB, 0x2427F311,
	0x2379F14F, 0x22B6EF96, 0x21DDEDE7, 0x20EFEC43, 0x1FEDEAAB,
	0x1ED7E921, 0x1DAEE7A4, 0x1C73E637, 0x1B26E4DA, 0x19C9E38D,
	0x185CE252, 0x16DFE129, 0x1555E013, 0x13BDDF11, 0x1219DE23,
	0x106ADD4A, 0x0EB1DC87, 0x0CEFDBD9, 0x0B25DB42, 0x0954DAC1,
	0x077DDA57, 0x05A2DA05, 0x03C3D9CA, 0x01E2D9A6, 0x0000D99A,
	0xFE1ED9A6, 0xFC3DD9CA, 0xFA5EDA05, 0xF883DA57, 0xF6ACDAC1,
	0xF4DBDB42, 0xF311DBD9, 0xF14FDC87, 0xEF96DD4A, 0xEDE7DE23,
	0xEC43DF11, 0xEAABE013, 0xE921E129, 0xE7A4E252, 0xE637E38D,
	0xE4DAE4DA, 0xE38DE637, 0xE252E7A4, 0xE129E921, 0xE013EAAB,
	0xDF11EC43, 0xDE23EDE7, 0xDD4AEF96, 0xDC87F14F, 0xDBD9F311,
	0xDB42F4DB, 0xDAC1F6AC, 0xDA57F883, 0xDA05FA5E, 0xD9CAFC3D,
	0xD9A6FE1E, 0xD99A0000, 0xD9A601E2, 0xD9CA03C3, 0xDA0505A2,
	0xDA57077D, 0xDAC10954, 0xDB420B25, 0xDBD90CEF, 0xDC870EB1,
	0xDD4A106A, 0xDE231219, 0xDF1113BD, 0xE0131555, 0xE12916DF,
	0xE252185C, 0xE38D19C9, 0xE4DA1B26, 0xE6371C73, 0xE7A41DAE,
	0xE9211ED7, 0xEAAB1FED, 0xEC4320EF, 0xEDE721DD, 0xEF9622B6,
	0xF14F2379, 0xF3112427, 0xF4DB24BE, 0xF6AC253F, 0xF88325A9,
	0xFA5E25FB, 0xFC3D2636, 0xFE1E265A,
	0x00002666, 0x01E2265A, 0x03C32636, 0x05A225FB, 0x077D25A9,
	0x0954253F, 0x0B2524BE, 0x0CEF2427, 0x0EB12379, 0x106A22B6,
	0x121921DD, 0x13BD20EF, 0x15551FED, 0x16DF1ED7, 0x185C1DAE,
	0x19C91C73, 0x1B261B26, 0x1C7319C9, 0x1DAE185C, 0x1ED716DF,
	0x1FED1555, 0x20EF13BD, 0x21DD1219, 0x22B6106A, 0x23790EB1,
	0x24270CEF, 0x24BE0B25, 0x253F0954, 0x25A9077D, 0x25FB05A2,
	0x263603C3, 0x265A01E2, 0x26660000, 0x265AFE1E, 0x2636FC3D,
	0x25FBFA5E, 0x25A9F883, 0x253FF6AC, 0x24BEF4DB, 0x2427F311,
	0x2379F14F, 0x22B6EF96, 0x21DDEDE7, 0x20EFEC43, 0x1FEDEAAB,
	0x1ED7E921, 0x1DAEE7A4, 0x1C73E637, 0x1B26E4DA, 0x19C9E38D,
	0x185CE252, 0x16DFE129, 0x1555E013, 0x13BDDF11, 0x1219DE23,
	0x106ADD4A, 0x0EB1DC87, 0x0CEFDBD9, 0x0B25DB42, 0x0954DAC1,
	0x077DDA57, 0x05A2DA05, 0x03C3D9CA, 0x01E2D9A6, 0x0000D99A,
	0xFE1ED9A6, 0xFC3DD9CA, 0xFA5EDA05, 0xF883DA57, 0xF6ACDAC1,
	0xF4DBDB42, 0xF311DBD9, 0xF14FDC87, 0xEF96DD4A, 0xEDE7DE23,
	0xEC43DF11, 0xEAABE013, 0xE921E129, 0xE7A4E252, 0xE637E38D,
	0xE4DAE4DA, 0xE38DE637, 0xE252E7A4, 0xE129E921, 0xE013EAAB,
	0xDF11EC43, 0xDE23EDE7, 0xDD4AEF96, 0xDC87F14F, 0xDBD9F311,
	0xDB42F4DB, 0xDAC1F6AC, 0xDA57F883, 0xDA05FA5E, 0xD9CAFC3D,
	0xD9A6FE1E, 0xD99A0000, 0xD9A601E2, 0xD9CA03C3, 0xDA0505A2,
	0xDA57077D, 0xDAC10954, 0xDB420B25, 0xDBD90CEF, 0xDC870EB1,
	0xDD4A106A, 0xDE231219, 0xDF1113BD, 0xE0131555, 0xE12916DF,
	0xE252185C, 0xE38D19C9, 0xE4DA1B26, 0xE6371C73, 0xE7A41DAE,
	0xE9211ED7, 0xEAAB1FED, 0xEC4320EF, 0xEDE721DD, 0xEF9622B6,
	0xF14F2379, 0xF3112427, 0xF4DB24BE, 0xF6AC253F, 0xF88325A9,
	0xFA5E25FB, 0xFC3D2636, 0xFE1E265A,
	0x00002666, 0x01E2265A, 0x03C32636, 0x05A225FB, 0x077D25A9,
	0x0954253F, 0x0B2524BE, 0x0CEF2427, 0x0EB12379, 0x106A22B6,
	0x121921DD, 0x13BD20EF, 0x15551FED, 0x16DF1ED7, 0x185C1DAE,
	0x19C91C73, 0x1B261B26, 0x1C7319C9, 0x1DAE185C, 0x1ED716DF,
	0x1FED1555, 0x20EF13BD, 0x21DD1219, 0x22B6106A, 0x23790EB1,
	0x24270CEF, 0x24BE0B25, 0x253F0954, 0x25A9077D, 0x25FB05A2,
	0x263603C3, 0x265A01E2, 0x26660000, 0x265AFE1E, 0x2636FC3D,
	0x25FBFA5E, 0x25A9F883, 0x253FF6AC, 0x24BEF4DB, 0x2427F311,
	0x2379F14F, 0x22B6EF96, 0x21DDEDE7, 0x20EFEC43, 0x1FEDEAAB,
	0x1ED7E921, 0x1DAEE7A4, 0x1C73E637, 0x1B26E4DA, 0x19C9E38D,
	0x185CE252, 0x16DFE129, 0x1555E013, 0x13BDDF11, 0x1219DE23,
	0x106ADD4A, 0x0EB1DC87, 0x0CEFDBD9, 0x0B25DB42, 0x0954DAC1,
	0x077DDA57, 0x05A2DA05, 0x03C3D9CA, 0x01E2D9A6, 0x0000D99A,
	0xFE1ED9A6, 0xFC3DD9CA, 0xFA5EDA05, 0xF883DA57, 0xF6ACDAC1,
	0xF4DBDB42, 0xF311DBD9, 0xF14FDC87, 0xEF96DD4A, 0xEDE7DE23,
	0xEC43DF11, 0xEAABE013, 0xE921E129, 0xE7A4E252, 0xE637E38D,
	0xE4DAE4DA, 0xE38DE637, 0xE252E7A4, 0xE129E921, 0xE013EAAB,
	0xDF11EC43, 0xDE23EDE7, 0xDD4AEF96, 0xDC87F14F, 0xDBD9F311,
	0xDB42F4DB, 0xDAC1F6AC, 0xDA57F883, 0xDA05FA5E, 0xD9CAFC3D,
	0xD9A6FE1E, 0xD99A0000, 0xD9A601E2, 0xD9CA03C3, 0xDA0505A2,
	0xDA57077D, 0xDAC10954, 0xDB420B25, 0xDBD90CEF, 0xDC870EB1,
	0xDD4A106A, 0xDE231219, 0xDF1113BD, 0xE0131555, 0xE12916DF,
	0xE252185C, 0xE38D19C9, 0xE4DA1B26, 0xE6371C73, 0xE7A41DAE,
	0xE9211ED7, 0xEAAB1FED, 0xEC4320EF, 0xEDE721DD, 0xEF9622B6,
	0xF14F2379, 0xF3112427, 0xF4DB24BE, 0xF6AC253F, 0xF88325A9,
	0xFA5E25FB, 0xFC3D2636, 0xFE1E265A,
	0x00002666, 0x01E2265A, 0x03C32636, 0x05A225FB, 0x077D25A9,
	0x0954253F, 0x0B2524BE, 0x0CEF2427, 0x0EB12379, 0x106A22B6,
	0x121921DD, 0x13BD20EF, 0x15551FED, 0x16DF1ED7, 0x185C1DAE,
	0x19C91C73, 0x1B261B26, 0x1C7319C9, 0x1DAE185C, 0x1ED716DF,
	0x1FED1555, 0x20EF13BD, 0x21DD1219, 0x22B6106A, 0x23790EB1,
	0x24270CEF, 0x24BE0B25, 0x253F0954, 0x25A9077D, 0x25FB05A2,
	0x263603C3, 0x265A01E2, 0x26660000, 0x265AFE1E, 0x2636FC3D,
	0x25FBFA5E, 0x25A9F883, 0x253FF6AC, 0x24BEF4DB, 0x2427F311,
	0x2379F14F, 0x22B6EF96, 0x21DDEDE7, 0x20EFEC43, 0x1FEDEAAB,
	0x1ED7E921, 0x1DAEE7A4, 0x1C73E637, 0x1B26E4DA, 0x19C9E38D,
	0x185CE252, 0x16DFE129, 0x1555E013, 0x13BDDF11, 0x1219DE23,
	0x106ADD4A, 0x0EB1DC87, 0x0CEFDBD9, 0x0B25DB42, 0x0954DAC1,
	0x077DDA57, 0x05A2DA05, 0x03C3D9CA, 0x01E2D9A6, 0x0000D99A,
	0xFE1ED9A6, 0xFC3DD9CA, 0xFA5EDA05, 0xF883DA57, 0xF6ACDAC1,
	0xF4DBDB42, 0xF311DBD9, 0xF14FDC87, 0xEF96DD4A, 0xEDE7DE23,
	0xEC43DF11, 0xEAABE013, 0xE921E129, 0xE7A4E252, 0xE637E38D,
	0xE4DAE4DA, 0xE38DE637, 0xE252E7A4, 0xE129E921, 0xE013EAAB,
	0xDF11EC43, 0xDE23EDE7, 0xDD4AEF96, 0xDC87F14F, 0xDBD9F311,
	0xDB42F4DB, 0xDAC1F6AC, 0xDA57F883, 0xDA05FA5E, 0xD9CAFC3D,
	0xD9A6FE1E, 0xD99A0000, 0xD9A601E2, 0xD9CA03C3, 0xDA0505A2,
	0xDA57077D, 0xDAC10954, 0xDB420B25, 0xDBD90CEF, 0xDC870EB1,
	0xDD4A106A, 0xDE231219, 0xDF1113BD, 0xE0131555, 0xE12916DF,
	0xE252185C, 0xE38D19C9, 0xE4DA1B26, 0xE6371C73, 0xE7A41DAE,
	0xE9211ED7, 0xEAAB1FED, 0xEC4320EF, 0xEDE721DD, 0xEF9622B6,
	0xF14F2379, 0xF3112427, 0xF4DB24BE, 0xF6AC253F, 0xF88325A9,
	0xFA5E25FB, 0xFC3D2636, 0xFE1E265A,
	0x00002666, 0x01E2265A, 0x03C32636, 0x05A225FB, 0x077D25A9,
	0x0954253F, 0x0B2524BE, 0x0CEF2427, 0x0EB12379, 0x106A22B6,
	0x121921DD, 0x13BD20EF, 0x15551FED, 0x16DF1ED7, 0x185C1DAE,
	0x19C91C73, 0x1B261B26, 0x1C7319C9, 0x1DAE185C, 0x1ED716DF,
	0x1FED1555, 0x20EF13BD, 0x21DD1219, 0x22B6106A, 0x23790EB1,
	0x24270CEF, 0x24BE0B25, 0x253F0954, 0x25A9077D, 0x25FB05A2,
	0x263603C3, 0x265A01E2, 0x26660000, 0x265AFE1E, 0x2636FC3D,
	0x25FBFA5E, 0x25A9F883, 0x253FF6AC, 0x24BEF4DB, 0x2427F311,
	0x2379F14F, 0x22B6EF96, 0x21DDEDE7, 0x20EFEC43, 0x1FEDEAAB,
	0x1ED7E921, 0x1DAEE7A4, 0x1C73E637, 0x1B26E4DA, 0x19C9E38D,
	0x185CE252, 0x16DFE129, 0x1555E013, 0x13BDDF11, 0x1219DE23,
	0x106ADD4A, 0x0EB1DC87, 0x0CEFDBD9, 0x0B25DB42, 0x0954DAC1,
	0x077DDA57, 0x05A2DA05, 0x03C3D9CA, 0x01E2D9A6, 0x0000D99A,
	0xFE1ED9A6, 0xFC3DD9CA, 0xFA5EDA05, 0xF883DA57, 0xF6ACDAC1,
	0xF4DBDB42, 0xF311DBD9, 0xF14FDC87, 0xEF96DD4A, 0xEDE7DE23,
	0xEC43DF11, 0xEAABE013, 0xE921E129, 0xE7A4E252, 0xE637E38D,
	0xE4DAE4DA, 0xE38DE637, 0xE252E7A4, 0xE129E921, 0xE013EAAB,
	0xDF11EC43, 0xDE23EDE7, 0xDD4AEF96, 0xDC87F14F, 0xDBD9F311,
	0xDB42F4DB, 0xDAC1F6AC, 0xDA57F883, 0xDA05FA5E, 0xD9CAFC3D,
	0xD9A6FE1E, 0xD99A0000, 0xD9A601E2, 0xD9CA03C3, 0xDA0505A2,
	0xDA57077D, 0xDAC10954, 0xDB420B25, 0xDBD90CEF, 0xDC870EB1,
	0xDD4A106A, 0xDE231219, 0xDF1113BD, 0xE0131555, 0xE12916DF,
	0xE252185C, 0xE38D19C9, 0xE4DA1B26, 0xE6371C73, 0xE7A41DAE,
	0xE9211ED7, 0xEAAB1FED, 0xEC4320EF, 0xEDE721DD, 0xEF9622B6,
	0xF14F2379, 0xF3112427, 0xF4DB24BE, 0xF6AC253F, 0xF88325A9,
	0xFA5E25FB, 0xFC3D2636, 0xFE1E265A,
	0x00002666, 0x01E2265A, 0x03C32636, 0x05A225FB, 0x077D25A9,
	0x0954253F, 0x0B2524BE, 0x0CEF2427, 0x0EB12379, 0x106A22B6,
	0x121921DD, 0x13BD20EF, 0x15551FED, 0x16DF1ED7, 0x185C1DAE,
	0x19C91C73, 0x1B261B26, 0x1C7319C9, 0x1DAE185C, 0x1ED716DF,
	0x1FED1555, 0x20EF13BD, 0x21DD1219, 0x22B6106A, 0x23790EB1,
	0x24270CEF, 0x24BE0B25, 0x253F0954, 0x25A9077D, 0x25FB05A2,
	0x263603C3, 0x265A01E2, 0x26660000, 0x265AFE1E, 0x2636FC3D,
	0x25FBFA5E, 0x25A9F883, 0x253FF6AC, 0x24BEF4DB, 0x2427F311,
	0x2379F14F, 0x22B6EF96, 0x21DDEDE7, 0x20EFEC43, 0x1FEDEAAB,
	0x1ED7E921, 0x1DAEE7A4, 0x1C73E637, 0x1B26E4DA, 0x19C9E38D,
	0x185CE252, 0x16DFE129, 0x1555E013, 0x13BDDF11, 0x1219DE23,
	0x106ADD4A, 0x0EB1DC87, 0x0CEFDBD9, 0x0B25DB42, 0x0954DAC1,
	0x077DDA57, 0x05A2DA05, 0x03C3D9CA, 0x01E2D9A6, 0x0000D99A,
	0xFE1ED9A6, 0xFC3DD9CA, 0xFA5EDA05, 0xF883DA57, 0xF6ACDAC1,
	0xF4DBDB42, 0xF311DBD9, 0xF14FDC87, 0xEF96DD4A, 0xEDE7DE23,
	0xEC43DF11, 0xEAABE013, 0xE921E129, 0xE7A4E252, 0xE637E38D,
	0xE4DAE4DA, 0xE38DE637, 0xE252E7A4, 0xE129E921, 0xE013EAAB,
	0xDF11EC43, 0xDE23EDE7, 0xDD4AEF96, 0xDC87F14F, 0xDBD9F311,
	0xDB42F4DB, 0xDAC1F6AC, 0xDA57F883, 0xDA05FA5E, 0xD9CAFC3D,
	0xD9A6FE1E, 0xD99A0000, 0xD9A601E2, 0xD9CA03C3, 0xDA0505A2,
	0xDA57077D, 0xDAC10954, 0xDB420B25, 0xDBD90CEF, 0xDC870EB1,
	0xDD4A106A, 0xDE231219, 0xDF1113BD, 0xE0131555, 0xE12916DF,
	0xE252185C, 0xE38D19C9, 0xE4DA1B26, 0xE6371C73, 0xE7A41DAE,
	0xE9211ED7, 0xEAAB1FED, 0xEC4320EF, 0xEDE721DD, 0xEF9622B6,
	0xF14F2379, 0xF3112427, 0xF4DB24BE, 0xF6AC253F, 0xF88325A9,
	0xFA5E25FB, 0xFC3D2636, 0xFE1E265A
};

#if TX_SOURCE_SEL == 0
const uint32_t tone_lut_iq_245M[TX_BUF_LEN] = {0};
#else
const uint32_t tone_lut_iq_245M[TX_BUF_LEN] = {
		0x00007332, 0x1D226F74, 0x385F6476, 0x4FF152F1, 0x62523C07,
		0x6E4E2137, 0x731E043D, 0x7073E6FE, 0x6678CB5E, 0x55D4B32A,
		0x3F9B9FF5, 0x254092FE, 0x08798D1E, 0xEB258EB5, 0xCF2C97AA,
		0xB660A767, 0xA25DBCE7, 0x9470D6C3, 0x8D81F34E, 0x8E0410AB,
		0x95F02CF4, 0xA4C14650, 0xB9805B1B, 0xD2D569F9, 0xEF1971F3,
		0x0C777285, 0x29056BA5, 0x42E85DC6, 0x587249CE, 0x683D310A,
		0x71401516, 0x72E7F7C3, 0x6D15DAF9, 0x602CC097, 0x4D03AA54,
		0x34D899A4, 0x193D8F9A, 0xFBFF8CE0, 0xDF0391A1, 0xC42C9D8F,
		0xAD39AFE3, 0x9BA7C76D, 0x909CE2A4, 0x8CCEFFC4, 0x907D1CE7,
		0x9B6C382A, 0xACE54FC6, 0xC3C56232, 0xDE8F6E3C, 0xFB86731C,
		0x18C87080, 0x346D6694, 0x4CA955FC, 0x5FEA3FCE, 0x6CEE2579,
		0x72DE08B6, 0x7156EB61, 0x6870CF63, 0x58C0B68E, 0x434AA280,
		0x29759486, 0x0CEE8D88, 0xEF908DFB, 0xD34495D8, 0xB9DFA49C,
		0xA50AB950, 0x961FD29D, 0x8E16EEDD, 0x8D740C3B, 0x944528CC,
		0xA21742B7, 0xB603584C, 0xCEBF6823, 0xEAAF7135, 0x080172EB,
		0x24CE6D29, 0x3F37604E, 0x55834D30, 0x6641350D, 0x70581978,
		0x7323FC3B, 0x6E70DF3D, 0x6290C460, 0x5048AD63, 0x38C89BC5,
		0x1D9690AB, 0x00798CCE, 0xE353906E, 0xC80B9B4F, 0xB066ACBB,
		0x9DEDC392, 0x91D5DE56, 0x8CE6FB4A, 0x8F73188D, 0x99513437,
		0xA9DC4C7C, 0xC0005FC8, 0xDA4D6CDB, 0xF70E72D9, 0x14647161,
		0x30666889, 0x494358E6, 0x5D5D437B, 0x6B6429AE, 0x72710D2A,
		0x720DEFCC, 0x6A3FD37B, 0x5B89BA0F, 0x46DFA52F, 0x2D9A9637,
		0x115E8E1F, 0xF4018D6E, 0xD76C9430, 0xBD7AA1F4, 0xA7DBB5D5,
		0x97F7CE89, 0x8ED6EA74, 0x8D1107C5, 0x92C42495, 0x9F913F04,
		0xB2A4555B, 0xCABD6625, 0xE64D704B, 0x03897324, 0x20896E82,
		0x3B6D62B0, 0x52735073, 0x641D38FC, 0x6F451DD1, 0x733200B5,
		0x6FA1E38D, 0x64CEC83F, 0x536EB091, 0x3CA29E0D, 0x21E491E7,
		0x04F28CE9, 0xE7AE8F66, 0xCBFF9936, 0xB3B1A9B4, 0xA059BFCE,
		0x9339DA15, 0x8D2BF6D2, 0x8E951429, 0x975E302F, 0xA6F44914,
		0xBC545D39, 0xD61A6B4F, 0xF29A726A, 0x0FF87216, 0x2C4D6A56,
		0x45C15BAD, 0x5AAB470F, 0x69B12DD2, 0x71D8119A, 0x7298F43D,
		0x6BE5D7A5, 0x5E2FBDAB, 0x4A59A802, 0x31AE9811, 0x15C88EE2,
		0xF8778D0D, 0xDBA492B1, 0xC12E9F71, 0xAACEB277, 0x99F7CA88,
		0x8FC2E612, 0x8CDA034C, 0x916D2050, 0x9D313B39, 0xAF625249,
		0xC6CF63FF, 0xE1F56F36, 0xFF0F7331, 0x1C386FB0, 0x378C64EC,
		0x4F435398, 0x61D33CD5, 0x6E07221E, 0x7314052F, 0x70A6E7E9,
		0x66E5CC35, 0x5674B3DE, 0x4064A07B, 0x2624934D, 0x096A8D30,
		0xEC138E8A, 0xD0079744, 0xB71AA6CD, 0xA2EABC23, 0x94C7D5E2,
		0x8D9DF25E, 0x8DE20FBD, 0x95932C15, 0xA42E4591, 0xB8C25A86,
		0xD1F76999, 0xEE2A71CF, 0x0B87729E, 0x28236BFA, 0x42235E52,
		0x57D74A87, 0x67D531E4, 0x71131603, 0x72F7F8B3, 0x6D62DBDD,
		0x60B0C161, 0x4DB6AAF6, 0x35AE9A13, 0x1A298FD0, 0xFCF08CD8,
		0xDFEA915D, 0xC4FB9D12, 0xADE1AF37, 0x9C1FC69B, 0x90DAE1BB,
		0x8CCFFED2, 0x90411BFE, 0x9AF73757, 0xAC3F4F17, 0xC2F861B3,
		0xDDA96DF5, 0xFA957312, 0x17DC70B3, 0x33956701, 0x4BF4569C,
		0x5F634096, 0x6C9F265D, 0x72CB09A6, 0x7180EC4E, 0x68D5D03E,
		0x5959B749, 0x440EA30E, 0x2A5694DE, 0x0DDE8DA4, 0xF07F8DDA,
		0xD422957B, 0xBA9FA40A, 0xA59FB892, 0x967FD1C0, 0x8E3BEDEF,
		0x8D5C0B4B, 0x93F127EA, 0xA18C41F2, 0xB54B57B0, 0xCDE667BB,
		0xE9C27107, 0x071072FB, 0x23E96D75, 0x3E6D60D1, 0x54E14DE2,
		0x65D135E3, 0x70221A63, 0x7329FD2C, 0x6EB4E024, 0x630CC52F,
		0x50F4AE0C, 0x39999C3D, 0x1E7F90EA, 0x016A8CD0, 0xE43D9033,
		0xC8DE9ADA, 0xB115AC15, 0x9E6DC2C5, 0x921DDD6F, 0x8CF1FA59,
		0x8F4117A1, 0x98E5335F, 0xA93C4BC7, 0xBF385F41, 0xD96A6C8B,
		0xF61E72C6, 0x1376718A, 0x2F8B68EE, 0x4888597F, 0x5CCE443E,
		0x6B0C2A8E, 0x72550E1A, 0x722EF0BB, 0x6A9BD45A, 0x5C1BBAD0,
		0x479DA5C5, 0x2E789697, 0x124D8E44, 0xF4F18D56, 0xD84E93DC,
		0xBE40A169, 0xA877B51D, 0x985FCDAF, 0x8F04E987, 0x8D0206D4,
		0x927923B0, 0x9F0E3E3A, 0xB1F154B8, 0xC9E865B5, 0xE5627014,
		0x0297732B, 0x1FA26EC5, 0x3A9E632B, 0x51CA511F, 0x63A539CD,
		0x6F061EB9, 0x732F01A6, 0x6FDCE478, 0x6542C913, 0x5414B141,
		0x3D6E9E8D, 0x22CA922F, 0x05E38CF4, 0xE89A8F34, 0xCCD798CA,
		0xB467A915, 0xA0E1BF06, 0x938AD931, 0x8D40F5E2, 0x8E6B133B,
		0x96FA2F54, 0xA65B4859, 0xBB915CAB, 0xD53A6AF6, 0xF1AA724D,
		0x0F097236, 0x2B6E6AB2, 0x45005C3F, 0x5A1647CC, 0x69502EAF,
		0x71B21288, 0x72B0F52E, 0x6C39D887, 0x5EB9BE71, 0x4B11A89E,
		0x3287987A, 0x16B48F10, 0xF9688CFE, 0xDC899266, 0xC1F99EEE,
		0xAB71B1C5, 0x9A68C9B2, 0x8FFAE527, 0x8CD4025B, 0x912B1F68,
		0x9CB63A6A, 0xAEB6519F, 0xC5FF6387, 0xE10C6EF6, 0xFE1D732E,
		0x1B4E6FEA, 0x36B8655F, 0x4E93543D, 0x61533DA1, 0x6DBF2304,
		0x7309061F, 0x70D8E8D5, 0x6751CD0D, 0x5713B494, 0x412CA103,
		0x2708939E, 0x0A5A8D45, 0xED018E61, 0xD0E396E1, 0xB7D6A636,
		0xA379BB61, 0x9521D502, 0x8DBAF16E, 0x8DC20ECD, 0x95372B36,
		0xA39D44D0, 0xB80559F0, 0xD11A6938, 0xED3C71A8, 0x0A9672B5,
		0x27406C4E, 0x415D5EDB, 0x573A4B3E, 0x676C32BD, 0x70E416F0,
		0x7305F9A4, 0x6DADDCC3, 0x6133C22C, 0x4E67AB9A, 0x36839A84,
		0x1B139008, 0xFDE18CD3, 0xE0D2911A, 0xC5CA9C98, 0xAE8BAE8B,
		0x9C98C5CA, 0x911AE0D2, 0x8CD3FDE1, 0x90081B13, 0x9A843683,
		0xAB9A4E67, 0xC22C6133, 0xDCC36DAD, 0xF9A47305, 0x16F070E4,
		0x32BD676C, 0x4B3E573A, 0x5EDB415D, 0x6C4E2740, 0x72B50A96,
		0x71A8ED3C, 0x6938D11A, 0x59F0B805, 0x44D0A39D, 0x2B369537,
		0x0ECD8DC2, 0xF16E8DBA, 0xD5029521, 0xBB61A379, 0xA636B7D6,
		0x96E1D0E3, 0x8E61ED01, 0x8D450A5A, 0x939E2708, 0xA103412C,
		0xB4945713, 0xCD0D6751, 0xE8D570D8, 0x061F7309, 0x23046DBF,
		0x3DA16153, 0x543D4E93, 0x655F36B8, 0x6FEA1B4E, 0x732EFE1D,
		0x6EF6E10C, 0x6387C5FF, 0x519FAEB6, 0x3A6A9CB6, 0x1F68912B,
		0x025B8CD4, 0xE5278FFA, 0xC9B29A68, 0xB1C5AB71, 0x9EEEC1F9,
		0x9266DC89, 0x8CFEF968, 0x8F1016B4, 0x987A3287, 0xA89E4B11,
		0xBE715EB9, 0xD8876C39, 0xF52E72B0, 0x128871B2, 0x2EAF6950,
		0x47CC5A16, 0x5C3F4500, 0x6AB22B6E, 0x72360F09, 0x724DF1AA,
		0x6AF6D53A, 0x5CABBB91, 0x4859A65B, 0x2F5496FA, 0x133B8E6B,
		0xF5E28D40, 0xD931938A, 0xBF06A0E1, 0xA915B467, 0x98CACCD7,
		0x8F34E89A, 0x8CF405E3, 0x922F22CA, 0x9E8D3D6E, 0xB1415414,
		0xC9136542, 0xE4786FDC, 0x01A6732F, 0x1EB96F06, 0x39CD63A5,
		0x511F51CA, 0x632B3A9E, 0x6EC51FA2, 0x732B0297, 0x7014E562,
		0x65B5C9E8, 0x54B8B1F1, 0x3E3A9F0E, 0x23B09279, 0x06D48D02,
		0xE9878F04, 0xCDAF985F, 0xB51DA877, 0xA169BE40, 0x93DCD84E,
		0x8D56F4F1, 0x8E44124D, 0x96972E78, 0xA5C5479D, 0xBAD05C1B,
		0xD45A6A9B, 0xF0BB722E, 0x0E1A7255, 0x2A8E6B0C, 0x443E5CCE,
		0x597F4888, 0x68EE2F8B, 0x718A1376, 0x72C6F61E, 0x6C8BD96A,
		0x5F41BF38, 0x4BC7A93C, 0x335F98E5, 0x17A18F41, 0xFA598CF1,
		0xDD6F921D, 0xC2C59E6D, 0xAC15B115, 0x9ADAC8DE, 0x9033E43D,
		0x8CD0016A, 0x90EA1E7F, 0x9C3D3999, 0xAE0C50F4, 0xC52F630C,
		0xE0246EB4, 0xFD2C7329, 0x1A637022, 0x35E365D1, 0x4DE254E1,
		0x60D13E6D, 0x6D7523E9, 0x72FB0710, 0x7107E9C2, 0x67BBCDE6,
		0x57B0B54B, 0x41F2A18C, 0x27EA93F1, 0x0B4B8D5C, 0xEDEF8E3B,
		0xD1C0967F, 0xB892A59F, 0xA40ABA9F, 0x957BD422, 0x8DDAF07F,
		0x8DA40DDE, 0x94DE2A56, 0xA30E440E, 0xB7495959, 0xD03E68D5,
		0xEC4E7180, 0x09A672CB, 0x265D6C9F, 0x40965F63, 0x569C4BF4,
		0x67013395, 0x70B317DC, 0x7312FA95, 0x6DF5DDA9, 0x61B3C2F8,
		0x4F17AC3F, 0x37579AF7, 0x1BFE9041, 0xFED28CCF, 0xE1BB90DA,
		0xC69B9C1F, 0xAF37ADE1, 0x9D12C4FB, 0x915DDFEA, 0x8CD8FCF0,
		0x8FD01A29, 0x9A1335AE, 0xAAF64DB6, 0xC16160B0, 0xDBDD6D62,
		0xF8B372F7, 0x16037113, 0x31E467D5, 0x4A8757D7, 0x5E524223,
		0x6BFA2823, 0x729E0B87, 0x71CFEE2A, 0x6999D1F7, 0x5A86B8C2,
		0x4591A42E, 0x2C159593, 0x0FBD8DE2, 0xF25E8D9D, 0xD5E294C7,
		0xBC23A2EA, 0xA6CDB71A, 0x9744D007, 0x8E8AEC13, 0x8D30096A,
		0x934D2624, 0xA07B4064, 0xB3DE5674, 0xCC3566E5, 0xE7E970A6,
		0x052F7314, 0x221E6E07, 0x3CD561D3, 0x53984F43, 0x64EC378C,
		0x6FB01C38, 0x7331FF0F, 0x6F36E1F5, 0x63FFC6CF, 0x5249AF62,
		0x3B399D31, 0x2050916D, 0x034C8CDA, 0xE6128FC2, 0xCA8899F7,
		0xB277AACE, 0x9F71C12E, 0x92B1DBA4, 0x8D0DF877, 0x8EE215C8,
		0x981131AE, 0xA8024A59, 0xBDAB5E2F, 0xD7A56BE5, 0xF43D7298,
		0x119A71D8, 0x2DD269B1, 0x470F5AAB, 0x5BAD45C1, 0x6A562C4D,
		0x72160FF8, 0x726AF29A, 0x6B4FD61A, 0x5D39BC54, 0x4914A6F4,
		0x302F975E, 0x14298E95, 0xF6D28D2B, 0xDA159339, 0xBFCEA059,
		0xA9B4B3B1, 0x9936CBFF, 0x8F66E7AE, 0x8CE904F2, 0x91E721E4,
		0x9E0D3CA2, 0xB091536E, 0xC83F64CE, 0xE38D6FA1, 0x00B57332,
		0x1DD16F45, 0x38FC641D, 0x50735273, 0x62B03B6D, 0x6E822089,
		0x73240389, 0x704BE64D, 0x6625CABD, 0x555BB2A4, 0x3F049F91,
		0x249592C4, 0x07C58D11, 0xEA748ED6, 0xCE8997F7, 0xB5D5A7DB,
		0xA1F4BD7A, 0x9430D76C, 0x8D6EF401, 0x8E1F115E, 0x96372D9A,
		0xA52F46DF, 0xBA0F5B89, 0xD37B6A3F, 0xEFCC720D, 0x0D2A7271,
		0x29AE6B64, 0x437B5D5D, 0x58E64943, 0x68893066, 0x71611464,
		0x72D9F70E, 0x6CDBDA4D, 0x5FC8C000, 0x4C7CA9DC, 0x34379951,
		0x188D8F73, 0xFB4A8CE6, 0xDE5691D5, 0xC3929DED, 0xACBBB066,
		0x9B4FC80B, 0x906EE353, 0x8CCE0079, 0x90AB1D96, 0x9BC538C8,
		0xAD635048, 0xC4606290, 0xDF3D6E70, 0xFC3B7323, 0x19787058,
		0x350D6641, 0x4D305583, 0x604E3F37, 0x6D2924CE, 0x72EB0801,
		0x7135EAAF, 0x6823CEBF, 0x584CB603, 0x42B7A217, 0x28CC9445,
		0x0C3B8D74, 0xEEDD8E16, 0xD29D961F, 0xB950A50A, 0xA49CB9DF,
		0x95D8D344, 0x8DFBEF90, 0x8D880CEE, 0x94862975, 0xA280434A,
		0xB68E58C0, 0xCF636870, 0xEB617156, 0x08B672DE, 0x25796CEE,
		0x3FCE5FEA, 0x55FC4CA9, 0x6694346D, 0x708018C8, 0x731CFB86,
		0x6E3CDE8F, 0x6232C3C5, 0x4FC6ACE5, 0x382A9B6C, 0x1CE7907D,
		0xFFC48CCE, 0xE2A4909C, 0xC76D9BA7, 0xAFE3AD39, 0x9D8FC42C,
		0x91A1DF03, 0x8CE0FBFF, 0x8F9A193D, 0x99A434D8, 0xAA544D03,
		0xC097602C, 0xDAF96D15, 0xF7C372E7, 0x15167140, 0x310A683D,
		0x49CE5872, 0x5DC642E8, 0x6BA52905, 0x72850C77, 0x71F3EF19,
		0x69F9D2D5, 0x5B1BB980, 0x4650A4C1, 0x2CF495F0, 0x10AB8E04,
		0xF34E8D81, 0xD6C39470, 0xBCE7A25D, 0xA767B660, 0x97AACF2C,
		0x8EB5EB25, 0x8D1E0879, 0x92FE2540, 0x9FF53F9B, 0xB32A55D4,
		0xCB5E6678, 0xE6FE7073, 0x043D731E, 0x21376E4E, 0x3C076252,
		0x52F14FF1, 0x6476385F, 0x6F741D22, 0x73320000, 0x6F74E2DE,
		0x6476C7A1, 0x52F1B00F, 0x3C079DAE, 0x213791B2, 0x043D8CE2,
		0xE6FE8F8D, 0xCB5E9988, 0xB32AAA2C, 0x9FF5C065, 0x92FEDAC0,
		0x8D1EF787, 0x8EB514DB, 0x97AA30D4, 0xA76749A0, 0xBCE75DA3,
		0xD6C36B90, 0xF34E727F, 0x10AB71FC, 0x2CF46A10, 0x46505B3F,
		0x5B1B4680, 0x69F92D2B, 0x71F310E7, 0x7285F389, 0x6BA5D6FB,
		0x5DC6BD18, 0x49CEA78E, 0x310A97C3, 0x15168EC0, 0xF7C38D19,
		0xDAF992EB, 0xC0979FD4, 0xAA54B2FD, 0x99A4CB28, 0x8F9AE6C3,
		0x8CE00401, 0x91A120FD, 0x9D8F3BD4, 0xAFE352C7, 0xC76D6459,
		0xE2A46F64, 0xFFC47332, 0x1CE76F83, 0x382A6494, 0x4FC6531B,
		0x62323C3B, 0x6E3C2171, 0x731C047A, 0x7080E738, 0x6694CB93,
		0x55FCB357, 0x3FCEA016, 0x25799312, 0x08B68D22, 0xEB618EAA,
		0xCF639790, 0xB68EA740, 0xA280BCB6, 0x9486D68B, 0x8D88F312,
		0x8DFB1070, 0x95D82CBC, 0xA49C4621, 0xB9505AF6, 0xD29D69E1,
		0xEEDD71EA, 0x0C3B728C, 0x28CC6BBB, 0x42B75DE9, 0x584C49FD,
		0x68233141, 0x71351551, 0x72EBF7FF, 0x6D29DB32, 0x604EC0C9,
		0x4D30AA7D, 0x350D99BF, 0x19788FA8, 0xFC3B8CDD, 0xDF3D9190,
		0xC4609D70, 0xAD63AFB8, 0x9BC5C738, 0x90ABE26A, 0x8CCEFF87,
		0x906E1CAD, 0x9B4F37F5, 0xACBB4F9A, 0xC3926213, 0xDE566E2B,
		0xFB4A731A, 0x188D708D, 0x343766AF, 0x4C7C5624, 0x5FC84000,
		0x6CDB25B3, 0x72D908F2, 0x7161EB9C, 0x6889CF9A, 0x58E6B6BD,
		0x437BA2A3, 0x29AE949C, 0x0D2A8D8F, 0xEFCC8DF3, 0xD37B95C1,
		0xBA0FA477, 0xA52FB921, 0x9637D266, 0x8E1FEEA2, 0x8D6E0BFF,
		0x94302894, 0xA1F44286, 0xB5D55825, 0xCE896809, 0xEA74712A,
		0x07C572EF, 0x24956D3C, 0x3F04606F, 0x555B4D5C, 0x66253543,
		0x704B19B3, 0x7324FC77, 0x6E82DF77, 0x62B0C493, 0x5073AD8D,
		0x38FC9BE3, 0x1DD190BB, 0x00B58CCE, 0xE38D905F, 0xC83F9B32,
		0xB091AC92, 0x9E0DC35E, 0x91E7DE1C, 0x8CE9FB0E, 0x8F661852,
		0x99363401, 0xA9B44C4F, 0xBFCE5FA7, 0xDA156CC7, 0xF6D272D5,
		0x1429716B, 0x302F68A2, 0x4914590C, 0x5D3943AC, 0x6B4F29E6,
		0x726A0D66, 0x7216F008, 0x6A56D3B3, 0x5BADBA3F, 0x470FA555,
		0x2DD2964F, 0x119A8E28, 0xF43D8D68, 0xD7A5941B, 0xBDABA1D1,
		0xA802B5A7, 0x9811CE52, 0x8EE2EA38, 0x8D0D0789, 0x92B1245C,
		0x9F713ED2, 0xB2775532, 0xCA886609, 0xE612703E, 0x034C7326,
		0x20506E93, 0x3B3962CF, 0x5249509E, 0x63FF3931, 0x6F361E0B,
		0x733100F1, 0x6FB0E3C8, 0x64ECC874, 0x5398B0BD, 0x3CD59E2D,
		0x221E91F9, 0x052F8CEC, 0xE7E98F5A, 0xCC35991B, 0xB3DEA98C,
		0xA07BBF9C, 0x934DD9DC, 0x8D30F696, 0x8E8A13ED, 0x97442FF9,
		0xA6CD48E6, 0xBC235D16, 0xD5E26B39, 0xF25E7263, 0x0FBD721E,
		0x2C156A6D, 0x45915BD2, 0x5A86473E, 0x69992E09, 0x71CF11D6,
		0x729EF479, 0x6BFAD7DD, 0x5E52BDDD, 0x4A87A829, 0x31E4982B,
		0x16038EED, 0xF8B38D09, 0xDBDD929E, 0xC1619F50, 0xAAF6B24A,
		0x9A13CA52, 0x8FD0E5D7, 0x8CD80310, 0x915D2016, 0x9D123B05,
		0xAF37521F, 0xC69B63E1, 0xE1BB6F26, 0xFED27331, 0x1BFE6FBF,
		0x37576509, 0x4F1753C1, 0x61B33D08, 0x6DF52257, 0x7312056B,
		0x70B3E824, 0x6701CC6B, 0x569CB40C, 0x4096A09D, 0x265D9361,
		0x09A68D35, 0xEC4E8E80, 0xD03E972B, 0xB749A6A7, 0xA30EBBF2,
		0x94DED5AA, 0x8DA4F222, 0x8DDA0F81, 0x957B2BDE, 0xA40A4561,
		0xB8925A61, 0xD1C06981, 0xEDEF71C5, 0x0B4B72A4, 0x27EA6C0F,
		0x41F25E74, 0x57B04AB5, 0x67BB321A, 0x7107163E, 0x72FBF8F0,
		0x6D75DC17, 0x60D1C193, 0x4DE2AB1F, 0x35E39A2F, 0x1A638FDE,
		0xFD2C8CD7, 0xE024914C, 0xC52F9CF4, 0xAE0CAF0C, 0x9C3DC667,
		0x90EAE181, 0x8CD0FE96, 0x90331BC3, 0x9ADA3722, 0xAC154EEB,
		0xC2C56193, 0xDD6F6DE3, 0xFA59730F, 0x17A170BF, 0x335F671B,
		0x4BC756C4, 0x5F4140C8, 0x6C8B2696, 0x72C609E2, 0x718AEC8A,
		0x68EED075, 0x597FB778, 0x443EA332, 0x2A8E94F4, 0x0E1A8DAB,
		0xF0BB8DD2, 0xD45A9565, 0xBAD0A3E5, 0xA5C5B863, 0x9697D188,
		0x8E44EDB3, 0x8D560B0F, 0x93DC27B2, 0xA16941C0, 0xB51D5789,
		0xCDAF67A1, 0xE98770FC, 0x06D472FE, 0x23B06D87, 0x3E3A60F2,
		0x54B84E0F, 0x65B53618, 0x70141A9E, 0x732BFD69, 0x6EC5E05E,
		0x632BC562, 0x511FAE36, 0x39CD9C5B, 0x1EB990FA, 0x01A68CD1,
		0xE4789024, 0xC9139ABE, 0xB141ABEC, 0x9E8DC292, 0x922FDD36,
		0x8CF4FA1D, 0x8F341766, 0x98CA3329, 0xA9154B99, 0xBF065F1F,
		0xD9316C76, 0xF5E272C0, 0x133B7195, 0x2F546906, 0x485959A5,
		0x5CAB446F, 0x6AF62AC6, 0x724D0E56, 0x7236F0F7, 0x6AB2D492,
		0x5C3FBB00, 0x47CCA5EA, 0x2EAF96B0, 0x12888E4E, 0xF52E8D50,
		0xD88793C7, 0xBE71A147, 0xA89EB4EF, 0x987ACD79, 0x8F10E94C,
		0x8CFE0698, 0x92662377, 0x9EEE3E07, 0xB1C5548F, 0xC9B26598,
		0xE5277006, 0x025B732C, 0x1F686ED5, 0x3A6A634A, 0x519F514A,
		0x63873A01, 0x6EF61EF4, 0x732E01E3, 0x6FEAE4B2, 0x655FC948,
		0x543DB16D, 0x3DA19EAD, 0x23049241, 0x061F8CF7, 0xE8D58F28,
		0xCD0D98AF, 0xB494A8ED, 0xA103BED4, 0x939ED8F8, 0x8D45F5A6,
		0x8E6112FF, 0x96E12F1D, 0xA636482A, 0xBB615C87, 0xD5026ADF,
		0xF16E7246, 0x0ECD723E, 0x2B366AC9, 0x44D05C63, 0x59F047FB,
		0x69382EE6, 0x71A812C4, 0x72B5F56A, 0x6C4ED8C0, 0x5EDBBEA3,
		0x4B3EA8C6, 0x32BD9894, 0x16F08F1C, 0xF9A48CFB, 0xDCC39253,
		0xC22C9ECD, 0xAB9AB199, 0x9A84C97D, 0x9008E4ED, 0x8CD3021F,
		0x911A1F2E, 0x9C983A36, 0xAE8B5175, 0xC5CA6368, 0xE0D26EE6,
		0xFDE1732D, 0x1B136FF8, 0x3683657C, 0x4E675466, 0x61333DD4,
		0x6DAD233D, 0x7305065C, 0x70E4E910, 0x676CCD43, 0x573AB4C2,
		0x415DA125, 0x274093B2, 0x0A968D4B, 0xED3C8E58, 0xD11A96C8,
		0xB805A610, 0xA39DBB30, 0x9537D4CA, 0x8DC2F133, 0x8DBA0E92,
		0x95212AFE, 0xA379449F, 0xB7D659CA, 0xD0E3691F, 0xED01719F,
		0x0A5A72BB, 0x27086C62, 0x412C5EFD, 0x57134B6C, 0x675132F3,
		0x70D8172B, 0x7309F9E1, 0x6DBFDCFC, 0x6153C25F, 0x4E93ABC3,
		0x36B89AA1, 0x1B4E9016, 0xFE1D8CD2, 0xE10C910A, 0xC5FF9C79,
		0xAEB6AE61, 0x9CB6C596, 0x912BE098, 0x8CD4FDA5, 0x8FFA1AD9,
		0x9A68364E, 0xAB714E3B, 0xC1F96112, 0xDC896D9A, 0xF9687302,
		0x16B470F0, 0x32876786, 0x4B115762, 0x5EB9418F, 0x6C392779,
		0x72B00AD2, 0x71B2ED78, 0x6950D151, 0x5A16B834, 0x4500A3C1,
		0x2B6E954E, 0x0F098DCA, 0xF1AA8DB3, 0xD53A950A, 0xBB91A355,
		0xA65BB7A7, 0x96FAD0AC, 0x8E6BECC5, 0x8D400A1E, 0x938A26CF,
		0xA0E140FA, 0xB46756EB, 0xCCD76736, 0xE89A70CC, 0x05E3730C,
		0x22CA6DD1, 0x3D6E6173, 0x54144EBF, 0x654236ED, 0x6FDC1B88,
		0x732FFE5A, 0x6F06E147, 0x63A5C633, 0x51CAAEE1, 0x3A9E9CD5,
		0x1FA2913B, 0x02978CD5, 0xE5628FEC, 0xC9E89A4B, 0xB1F1AB48,
		0x9F0EC1C6, 0x9279DC50, 0x8D02F92C, 0x8F041679, 0x985F3251,
		0xA8774AE3, 0xBE405E97, 0xD84E6C24, 0xF4F172AA, 0x124D71BC,
		0x2E786969, 0x479D5A3B, 0x5C1B4530, 0x6A9B2BA6, 0x722E0F45,
		0x7255F1E6, 0x6B0CD572, 0x5CCEBBC2, 0x4888A681, 0x2F8B9712,
		0x13768E76, 0xF61E8D3A, 0xD96A9375, 0xBF38A0BF, 0xA93CB439,
		0x98E5CCA1, 0x8F41E85F, 0x8CF105A7, 0x921D2291, 0x9E6D3D3B,
		0xB11553EB, 0xC8DE6526, 0xE43D6FCD, 0x016A7330, 0x1E7F6F16,
		0x399963C3, 0x50F451F4, 0x630C3AD1, 0x6EB41FDC, 0x732902D4,
		0x7022E59D, 0x65D1CA1D, 0x54E1B21E, 0x3E6D9F2F, 0x23E9928B,
		0x07108D05, 0xE9C28EF9, 0xCDE69845, 0xB54BA850, 0xA18CBE0E,
		0x93F1D816, 0x8D5CF4B5, 0x8E3B1211, 0x967F2E40, 0xA59F476E,
		0xBA9F5BF6, 0xD4226A85, 0xF07F7226, 0x0DDE725C, 0x2A566B22,
		0x440E5CF2, 0x595948B7, 0x68D52FC2, 0x718013B2, 0x72CBF65A,
		0x6C9FD9A3, 0x5F63BF6A, 0x4BF4A964, 0x339598FF, 0x17DC8F4D,
		0xFA958CEE, 0xDDA9920B, 0xC2F89E4D, 0xAC3FB0E9, 0x9AF7C8A9,
		0x9041E402, 0x8CCF012E, 0x90DA1E45, 0x9C1F3965, 0xADE150C9,
		0xC4FB62EE, 0xDFEA6EA3, 0xFCF07328, 0x1A297030, 0x35AE65ED,
		0x4DB6550A, 0x60B03E9F, 0x6D622423, 0x72F7074D, 0x7113E9FD,
		0x67D5CE1C, 0x57D7B579, 0x4223A1AE, 0x28239406, 0x0B878D62,
		0xEE2A8E31, 0xD1F79667, 0xB8C2A57A, 0xA42EBA6F, 0x9593D3EB,
		0x8DE2F043, 0x8D9D0DA2, 0x94C72A1E, 0xA2EA43DD, 0xB71A5933,
		0xD00768BC, 0xEC137176, 0x096A72D0, 0x26246CB3, 0x40645F85,
		0x56744C22, 0x66E533CB, 0x70A61817, 0x7314FAD1, 0x6E07DDE2,
		0x61D3C32B, 0x4F43AC68, 0x378C9B14, 0x1C389050, 0xFF0F8CCF,
		0xE1F590CA, 0xC6CF9C01, 0xAF62ADB7, 0x9D31C4C7, 0x916DDFB0,
		0x8CDAFCB4, 0x8FC219EE, 0x99F73578, 0xAACE4D89, 0xC12E608F,
		0xDBA46D4F, 0xF87772F3, 0x15C8711E, 0x31AE67EF, 0x4A5957FE,
		0x5E2F4255, 0x6BE5285B, 0x72980BC3, 0x71D8EE66, 0x69B1D22E,
		0x5AABB8F1, 0x45C1A453, 0x2C4D95AA, 0x0FF88DEA, 0xF29A8D96,
		0xD61A94B1, 0xBC54A2C7, 0xA6F4B6EC, 0x975ECFD1, 0x8E95EBD7,
		0x8D2B092E, 0x933925EB, 0xA0594032, 0xB3B1564C, 0xCBFF66CA,
		0xE7AE709A, 0x04F27317, 0x21E46E19, 0x3CA261F3, 0x536E4F6F,
		0x64CE37C1, 0x6FA11C73, 0x7332FF4B, 0x6F45E22F, 0x641DC704,
		0x5273AF8D, 0x3B6D9D50, 0x2089917E, 0x03898CDC, 0xE64D8FB5,
		0xCABD99DB, 0xB2A4AAA5, 0x9F91C0FC, 0x92C4DB6B, 0x8D11F83B,
		0x8ED6158C, 0x97F73177, 0xA7DB4A2B, 0xBD7A5E0C, 0xD76C6BD0,
		0xF4017292, 0x115E71E1, 0x2D9A69C9, 0x46DF5AD1, 0x5B8945F1,
		0x6A3F2C85, 0x720D1034, 0x7271F2D6, 0x6B64D652, 0x5D5DBC85,
		0x4943A71A, 0x30669777, 0x14648E9F, 0xF70E8D27, 0xDA4D9325,
		0xC000A038, 0xA9DCB384, 0x9951CBC9, 0x8F73E773, 0x8CE604B6,
		0x91D521AA, 0x9DED3C6E, 0xB0665345, 0xC80B64B1, 0xE3536F92,
		0x00797332, 0x1D966F55, 0x38C8643B, 0x5048529D, 0x62903BA0,
		0x6E7020C3, 0x732303C5, 0x7058E688, 0x6641CAF3, 0x5583B2D0,
		0x3F379FB2, 0x24CE92D7, 0x08018D15, 0xEAAF8ECB, 0xCEBF97DD,
		0xB603A7B4, 0xA217BD49, 0x9445D734, 0x8D74F3C5, 0x8E161123,
		0x961F2D63, 0xA50A46B0, 0xB9DF5B64, 0xD3446A28, 0xEF907205,
		0x0CEE7278, 0x29756B7A, 0x434A5D80, 0x58C04972, 0x6870309D,
		0x7156149F, 0x72DEF74A, 0x6CEEDA87, 0x5FEAC032, 0x4CA9AA04,
		0x346D996C, 0x18C88F80, 0xFB868CE4, 0xDE8F91C4, 0xC3C59DCE,
		0xACE5B03A, 0x9B6CC7D6, 0x907DE319, 0x8CCE003C, 0x909C1D5C,
		0x9BA73893, 0xAD39501D, 0xC42C6271, 0xDF036E5F, 0xFBFF7320,
		0x193D7066, 0x34D8665C, 0x4D0355AC, 0x602C3F69, 0x6D152507,
		0x72E7083D, 0x7140EAEA, 0x683DCEF6, 0x5872B632, 0x42E8A23A,
		0x2905945B, 0x0C778D7B, 0xEF198E0D, 0xD2D59607, 0xB980A4E5,
		0xA4C1B9B0, 0x95F0D30C, 0x8E04EF55, 0x8D810CB2, 0x9470293D,
		0xA25D4319, 0xB6605899, 0xCF2C6856, 0xEB25714B, 0x087972E2,
		0x25406D02, 0x3F9B600B, 0x55D44CD6, 0x667834A2, 0x70731902,
		0x731EFBC3, 0x6E4EDEC9, 0x6252C3F9, 0x4FF1AD0F, 0x385F9B8A,
		0x1D22908C, 0x00008CCE, 0xE2DE908C, 0xC7A19B8A, 0xB00FAD0F,
		0x9DAEC3F9, 0x91B2DEC9, 0x8CE2FBC3, 0x8F8D1902, 0x998834A2,
		0xAA2C4CD6, 0xC065600B, 0xDAC06D02, 0xF78772E2, 0x14DB714B,
		0x30D46856, 0x49A05899, 0x5DA34319, 0x6B90293D, 0x727F0CB2,
		0x71FCEF55, 0x6A10D30C, 0x5B3FB9B0, 0x4680A4E5, 0x2D2B9607,
		0x10E78E0D, 0xF3898D7B, 0xD6FB945B, 0xBD18A23A, 0xA78EB632,
		0x97C3CEF6, 0x8EC0EAEA, 0x8D19083D, 0x92EB2507, 0x9FD43F69,
		0xB2FD55AC, 0xCB28665C, 0xE6C37066, 0x04017320, 0x20FD6E5F,
		0x3BD46271, 0x52C7501D, 0x64593893, 0x6F641D5C, 0x7332003C,
		0x6F83E319, 0x6494C7D6, 0x531BB03A, 0x3C3B9DCE, 0x217191C4,
		0x047A8CE4, 0xE7388F80, 0xCB93996C, 0xB357AA04, 0xA016C032,
		0x9312DA87, 0x8D22F74A, 0x8EAA149F, 0x9790309D, 0xA7404972,
		0xBCB65D80, 0xD68B6B7A, 0xF3127278, 0x10707205, 0x2CBC6A28,
		0x46215B64, 0x5AF646B0, 0x69E12D63, 0x71EA1123, 0x728CF3C5,
		0x6BBBD734, 0x5DE9BD49, 0x49FDA7B4, 0x314197DD, 0x15518ECB,
		0xF7FF8D15, 0xDB3292D7, 0xC0C99FB2, 0xAA7DB2D0, 0x99BFCAF3,
		0x8FA8E688, 0x8CDD03C5, 0x919020C3, 0x9D703BA0, 0xAFB8529D,
		0xC738643B, 0xE26A6F55, 0xFF877332, 0x1CAD6F92, 0x37F564B1,
		0x4F9A5345, 0x62133C6E, 0x6E2B21AA, 0x731A04B6, 0x708DE773,
		0x66AFCBC9, 0x5624B384, 0x4000A038, 0x25B39325, 0x08F28D27,
		0xEB9C8E9F, 0xCF9A9777, 0xB6BDA71A, 0xA2A3BC85, 0x949CD652,
		0x8D8FF2D6, 0x8DF31034, 0x95C12C85, 0xA47745F1, 0xB9215AD1,
		0xD26669C9, 0xEEA271E1, 0x0BFF7292, 0x28946BD0, 0x42865E0C,
		0x58254A2B, 0x68093177, 0x712A158C, 0x72EFF83B, 0x6D3CDB6B,
		0x606FC0FC, 0x4D5CAAA5, 0x354399DB, 0x19B38FB5, 0xFC778CDC,
		0xDF77917E, 0xC4939D50, 0xAD8DAF8D, 0x9BE3C704, 0x90BBE22F,
		0x8CCEFF4B, 0x905F1C73, 0x9B3237C1, 0xAC924F6F, 0xC35E61F3,
		0xDE1C6E19, 0xFB0E7317, 0x1852709A, 0x340166CA, 0x4C4F564C,
		0x5FA74032, 0x6CC725EB, 0x72D5092E, 0x716BEBD7, 0x68A2CFD1,
		0x590CB6EC, 0x43ACA2C7, 0x29E694B1, 0x0D668D96, 0xF0088DEA,
		0xD3B395AA, 0xBA3FA453, 0xA555B8F1, 0x964FD22E, 0x8E28EE66,
		0x8D680BC3, 0x941B285B, 0xA1D14255, 0xB5A757FE, 0xCE5267EF,
		0xEA38711E, 0x078972F3, 0x245C6D4F, 0x3ED2608F, 0x55324D89,
		0x66093578, 0x703E19EE, 0x7326FCB4, 0x6E93DFB0, 0x62CFC4C7,
		0x509EADB7, 0x39319C01, 0x1E0B90CA, 0x00F18CCF, 0xE3C89050,
		0xC8749B14, 0xB0BDAC68, 0x9E2DC32B, 0x91F9DDE2, 0x8CECFAD1,
		0x8F5A1817, 0x991B33CB, 0xA98C4C22, 0xBF9C5F85, 0xD9DC6CB3,
		0xF69672D0, 0x13ED7176, 0x2FF968BC, 0x48E65933, 0x5D1643DD,
		0x6B392A1E, 0x72630DA2, 0x721EF043, 0x6A6DD3EB, 0x5BD2BA6F,
		0x473EA57A, 0x2E099667, 0x11D68E31, 0xF4798D62, 0xD7DD9406,
		0xBDDDA1AE, 0xA829B579, 0x982BCE1C, 0x8EEDE9FD, 0x8D09074D,
		0x929E2423, 0x9F503E9F, 0xB24A550A, 0xCA5265ED, 0xE5D77030,
		0x03107328, 0x20166EA3, 0x3B0562EE, 0x521F50C9, 0x63E13965,
		0x6F261E45, 0x7331012E, 0x6FBFE402, 0x6509C8A9, 0x53C1B0E9,
		0x3D089E4D, 0x2257920B, 0x056B8CEE, 0xE8248F4D, 0xCC6B98FF,
		0xB40CA964, 0xA09DBF6A, 0x9361D9A3, 0x8D35F65A, 0x8E8013B2,
		0x972B2FC2, 0xA6A748B7, 0xBBF25CF2, 0xD5AA6B22, 0xF222725C,
		0x0F817226, 0x2BDE6A85, 0x45615BF6, 0x5A61476E, 0x69812E40,
		0x71C51211, 0x72A4F4B5, 0x6C0FD816, 0x5E74BE0E, 0x4AB5A850,
		0x321A9845, 0x163E8EF9, 0xF8F08D05, 0xDC17928B, 0xC1939F2F,
		0xAB1FB21E, 0x9A2FCA1D, 0x8FDEE59D, 0x8CD702D4, 0x914C1FDC,
		0x9CF43AD1, 0xAF0C51F4, 0xC66763C3, 0xE1816F16, 0xFE967330,
		0x1BC36FCD, 0x37226526, 0x4EEB53EB, 0x61933D3B, 0x6DE32291,
		0x730F05A7, 0x70BFE85F, 0x671BCCA1, 0x56C4B439, 0x40C8A0BF,
		0x26969375, 0x09E28D3A, 0xEC8A8E76, 0xD0759712, 0xB778A681,
		0xA332BBC2, 0x94F4D572, 0x8DABF1E6, 0x8DD20F45, 0x95652BA6,
		0xA3E54530, 0xB8635A3B, 0xD1886969, 0xEDB371BC, 0x0B0F72AA,
		0x27B26C24, 0x41C05E97, 0x57894AE3, 0x67A13251, 0x70FC1679,
		0x72FEF92C, 0x6D87DC50, 0x60F2C1C6, 0x4E0FAB48, 0x36189A4B,
		0x1A9E8FEC, 0xFD698CD5, 0xE05E913B, 0xC5629CD5, 0xAE36AEE1,
		0x9C5BC633, 0x90FAE147, 0x8CD1FE5A, 0x90241B88, 0x9ABE36ED,
		0xABEC4EBF, 0xC2926173, 0xDD366DD1, 0xFA1D730C, 0x176670CC,
		0x33296736, 0x4B9956EB, 0x5F1F40FA, 0x6C7626CF, 0x72C00A1E,
		0x7195ECC5, 0x6906D0AC, 0x59A5B7A7, 0x446FA355, 0x2AC6950A,
		0x0E568DB3, 0xF0F78DCA, 0xD492954E, 0xBB00A3C1, 0xA5EAB834,
		0x96B0D151, 0x8E4EED78, 0x8D500AD2, 0x93C72779, 0xA147418F,
		0xB4EF5762, 0xCD796786, 0xE94C70F0, 0x06987302, 0x23776D9A,
		0x3E076112, 0x548F4E3B, 0x6598364E, 0x70061AD9, 0x732CFDA5,
		0x6ED5E098, 0x634AC596, 0x514AAE61, 0x3A019C79, 0x1EF4910A,
		0x01E38CD2, 0xE4B29016, 0xC9489AA1, 0xB16DABC3, 0x9EADC25F,
		0x9241DCFC, 0x8CF7F9E1, 0x8F28172B, 0x98AF32F3, 0xA8ED4B6C,
		0xBED45EFD, 0xD8F86C62, 0xF5A672BB, 0x12FF719F, 0x2F1D691F,
		0x482A59CA, 0x5C87449F, 0x6ADF2AFE, 0x72460E92, 0x723EF133,
		0x6AC9D4CA, 0x5C63BB30, 0x47FBA610, 0x2EE696C8, 0x12C48E58,
		0xF56A8D4B, 0xD8C093B2, 0xBEA3A125, 0xA8C6B4C2, 0x9894CD43,
		0x8F1CE910, 0x8CFB065C, 0x9253233D, 0x9ECD3DD4, 0xB1995466,
		0xC97D657C, 0xE4ED6FF8, 0x021F732D, 0x1F2E6EE6, 0x3A366368,
		0x51755175, 0x63683A36, 0x6EE61F2E, 0x732D021F, 0x6FF8E4ED,
		0x657CC97D, 0x5466B199, 0x3DD49ECD, 0x233D9253, 0x065C8CFB,
		0xE9108F1C, 0xCD439894, 0xB4C2A8C6, 0xA125BEA3, 0x93B2D8C0,
		0x8D4BF56A, 0x8E5812C4, 0x96C82EE6, 0xA61047FB, 0xBB305C63,
		0xD4CA6AC9, 0xF133723E, 0x0E927246, 0x2AFE6ADF, 0x449F5C87,
		0x59CA482A, 0x691F2F1D, 0x719F12FF, 0x72BBF5A6, 0x6C62D8F8,
		0x5EFDBED4, 0x4B6CA8ED, 0x32F398AF, 0x172B8F28, 0xF9E18CF7,
		0xDCFC9241, 0xC25F9EAD, 0xABC3B16D, 0x9AA1C948, 0x9016E4B2,
		0x8CD201E3, 0x910A1EF4, 0x9C793A01, 0xAE61514A, 0xC596634A,
		0xE0986ED5, 0xFDA5732C, 0x1AD97006, 0x364E6598, 0x4E3B548F,
		0x61123E07, 0x6D9A2377, 0x73020698, 0x70F0E94C, 0x6786CD79,
		0x5762B4EF, 0x418FA147, 0x277993C7, 0x0AD28D50, 0xED788E4E,
		0xD15196B0, 0xB834A5EA, 0xA3C1BB00, 0x954ED492, 0x8DCAF0F7,
		0x8DB30E56, 0x950A2AC6, 0xA355446F, 0xB7A759A5, 0xD0AC6906,
		0xECC57195, 0x0A1E72C0, 0x26CF6C76, 0x40FA5F1F, 0x56EB4B99,
		0x67363329, 0x70CC1766, 0x730CFA1D, 0x6DD1DD36, 0x6173C292,
		0x4EBFABEC, 0x36ED9ABE, 0x1B889024, 0xFE5A8CD1, 0xE14790FA,
		0xC6339C5B, 0xAEE1AE36, 0x9CD5C562, 0x913BE05E, 0x8CD5FD69,
		0x8FEC1A9E, 0x9A4B3618, 0xAB484E0F, 0xC1C660F2, 0xDC506D87,
		0xF92C72FE, 0x167970FC, 0x325167A1, 0x4AE35789, 0x5E9741C0,
		0x6C2427B2, 0x72AA0B0F, 0x71BCEDB3, 0x6969D188, 0x5A3BB863,
		0x4530A3E5, 0x2BA69565, 0x0F458DD2, 0xF1E68DAB, 0xD57294F4,
		0xBBC2A332, 0xA681B778, 0x9712D075, 0x8E76EC8A, 0x8D3A09E2,
		0x93752696, 0xA0BF40C8, 0xB43956C4, 0xCCA1671B, 0xE85F70BF,
		0x05A7730F, 0x22916DE3, 0x3D3B6193, 0x53EB4EEB, 0x65263722,
		0x6FCD1BC3, 0x7330FE96, 0x6F16E181, 0x63C3C667, 0x51F4AF0C,
		0x3AD19CF4, 0x1FDC914C, 0x02D48CD7, 0xE59D8FDE, 0xCA1D9A2F,
		0xB21EAB1F, 0x9F2FC193, 0x928BDC17, 0x8D05F8F0, 0x8EF9163E,
		0x9845321A, 0xA8504AB5, 0xBE0E5E74, 0xD8166C0F, 0xF4B572A4,
		0x121171C5, 0x2E406981, 0x476E5A61, 0x5BF64561, 0x6A852BDE,
		0x72260F81, 0x725CF222, 0x6B22D5AA, 0x5CF2BBF2, 0x48B7A6A7,
		0x2FC2972B, 0x13B28E80, 0xF65A8D35, 0xD9A39361, 0xBF6AA09D,
		0xA964B40C, 0x98FFCC6B, 0x8F4DE824, 0x8CEE056B, 0x920B2257,
		0x9E4D3D08, 0xB0E953C1, 0xC8A96509, 0xE4026FBF, 0x012E7331,
		0x1E456F26, 0x396563E1, 0x50C9521F, 0x62EE3B05, 0x6EA32016,
		0x73280310, 0x7030E5D7, 0x65EDCA52, 0x550AB24A, 0x3E9F9F50,
		0x2423929E, 0x074D8D09, 0xE9FD8EED, 0xCE1C982B, 0xB579A829,
		0xA1AEBDDD, 0x9406D7DD, 0x8D62F479, 0x8E3111D6, 0x96672E09,
		0xA57A473E, 0xBA6F5BD2, 0xD3EB6A6D, 0xF043721E, 0x0DA27263,
		0x2A1E6B39, 0x43DD5D16, 0x593348E6, 0x68BC2FF9, 0x717613ED,
		0x72D0F696, 0x6CB3D9DC, 0x5F85BF9C, 0x4C22A98C, 0x33CB991B,
		0x18178F5A, 0xFAD18CEC, 0xDDE291F9, 0xC32B9E2D, 0xAC68B0BD,
		0x9B14C874, 0x9050E3C8, 0x8CCF00F1, 0x90CA1E0B, 0x9C013931,
		0xADB7509E, 0xC4C762CF, 0xDFB06E93, 0xFCB47326, 0x19EE703E,
		0x35786609, 0x4D895532, 0x608F3ED2, 0x6D4F245C, 0x72F30789,
		0x711EEA38, 0x67EFCE52, 0x57FEB5A7, 0x4255A1D1, 0x285B941B,
		0x0BC38D68, 0xEE668E28, 0xD22E964F, 0xB8F1A555, 0xA453BA3F,
		0x95AAD3B3, 0x8DEAF008, 0x8D960D66, 0x94B129E6, 0xA2C743AC,
		0xB6EC590C, 0xCFD168A2, 0xEBD7716B, 0x092E72D5, 0x25EB6CC7,
		0x40325FA7, 0x564C4C4F, 0x66CA3401, 0x709A1852, 0x7317FB0E,
		0x6E19DE1C, 0x61F3C35E, 0x4F6FAC92, 0x37C19B32, 0x1C73905F,
		0xFF4B8CCE, 0xE22F90BB, 0xC7049BE3, 0xAF8DAD8D, 0x9D50C493,
		0x917EDF77, 0x8CDCFC77, 0x8FB519B3, 0x99DB3543, 0xAAA54D5C,
		0xC0FC606F, 0xDB6B6D3C, 0xF83B72EF, 0x158C712A, 0x31776809,
		0x4A2B5825, 0x5E0C4286, 0x6BD02894, 0x72920BFF, 0x71E1EEA2,
		0x69C9D266, 0x5AD1B921, 0x45F1A477, 0x2C8595C1, 0x10348DF3,
		0xF2D68D8F, 0xD652949C, 0xBC85A2A3, 0xA71AB6BD, 0x9777CF9A,
		0x8E9FEB9C, 0x8D2708F2, 0x932525B3, 0xA0384000, 0xB3845624,
		0xCBC966AF, 0xE773708D, 0x04B6731A, 0x21AA6E2B, 0x3C6E6213,
		0x53454F9A, 0x64B137F5, 0x6F921CAD, 0x7332FF87, 0x6F55E26A,
		0x643BC738, 0x529DAFB8, 0x3BA09D70, 0x20C39190, 0x03C58CDD,
		0xE6888FA8, 0xCAF399BF, 0xB2D0AA7D, 0x9FB2C0C9, 0x92D7DB32,
		0x8D15F7FF, 0x8ECB1551, 0x97DD3141, 0xA7B449FD, 0xBD495DE9,
		0xD7346BBB, 0xF3C5728C, 0x112371EA, 0x2D6369E1, 0x46B05AF6,
		0x5B644621, 0x6A282CBC, 0x72051070, 0x7278F312, 0x6B7AD68B,
		0x5D80BCB6, 0x4972A740, 0x309D9790, 0x149F8EAA, 0xF74A8D22,
		0xDA879312, 0xC032A016, 0xAA04B357, 0x996CCB93, 0x8F80E738,
		0x8CE4047A, 0x91C42171, 0x9DCE3C3B, 0xB03A531B, 0xC7D66494,
		0xE3196F83, 0x003C7332, 0x1D5C6F64, 0x38936459, 0x501D52C7,
		0x62713BD4, 0x6E5F20FD, 0x73200401, 0x7066E6C3, 0x665CCB28,
		0x55ACB2FD, 0x3F699FD4, 0x250792EB, 0x083D8D19, 0xEAEA8EC0,
		0xCEF697C3, 0xB632A78E, 0xA23ABD18, 0x945BD6FB, 0x8D7BF389,
		0x8E0D10E7, 0x96072D2B, 0xA4E54680, 0xB9B05B3F, 0xD30C6A10,
		0xEF5571FC, 0x0CB2727F, 0x293D6B90, 0x43195DA3, 0x589949A0,
		0x685630D4, 0x714B14DB, 0x72E2F787, 0x6D02DAC0, 0x600BC065,
		0x4CD6AA2C, 0x34A29988, 0x19028F8D, 0xFBC38CE2, 0xDEC991B2,
		0xC3F99DAE, 0xAD0FB00F, 0x9B8AC7A1, 0x908CE2DE, 0x8CCE0000,
		0x908C1D22, 0x9B8A385F, 0xAD0F4FF1, 0xC3F96252, 0xDEC96E4E,
		0xFBC3731E, 0x19027073, 0x34A26678, 0x4CD655D4, 0x600B3F9B,
		0x6D022540, 0x72E20879, 0x714BEB25, 0x6856CF2C, 0x5899B660,
		0x4319A25D, 0x293D9470, 0x0CB28D81, 0xEF558E04, 0xD30C95F0,
		0xB9B0A4C1, 0xA4E5B980, 0x9607D2D5, 0x8E0DEF19, 0x8D7B0C77,
		0x945B2905, 0xA23A42E8, 0xB6325872, 0xCEF6683D, 0xEAEA7140,
		0x083D72E7, 0x25076D15, 0x3F69602C, 0x55AC4D03, 0x665C34D8,
		0x7066193D, 0x7320FBFF, 0x6E5FDF03, 0x6271C42C, 0x501DAD39,
		0x38939BA7, 0x1D5C909C, 0x003C8CCE, 0xE319907D, 0xC7D69B6C,
		0xB03AACE5, 0x9DCEC3C5, 0x91C4DE8F, 0x8CE4FB86, 0x8F8018C8,
		0x996C346D, 0xAA044CA9, 0xC0325FEA, 0xDA876CEE, 0xF74A72DE,
		0x149F7156, 0x309D6870, 0x497258C0, 0x5D80434A, 0x6B7A2975,
		0x72780CEE, 0x7205EF90, 0x6A28D344, 0x5B64B9DF, 0x46B0A50A,
		0x2D63961F, 0x11238E16, 0xF3C58D74, 0xD7349445, 0xBD49A217,
		0xA7B4B603, 0x97DDCEBF, 0x8ECBEAAF, 0x8D150801, 0x92D724CE,
		0x9FB23F37, 0xB2D05583, 0xCAF36641, 0xE6887058, 0x03C57323,
		0x20C36E70, 0x3BA06290, 0x529D5048, 0x643B38C8, 0x6F551D96,
		0x73320079, 0x6F92E353, 0x64B1C80B, 0x5345B066, 0x3C6E9DED,
		0x21AA91D5, 0x04B68CE6, 0xE7738F73, 0xCBC99951, 0xB384A9DC,
		0xA038C000, 0x9325DA4D, 0x8D27F70E, 0x8E9F1464, 0x97773066,
		0xA71A4943, 0xBC855D5D, 0xD6526B64, 0xF2D67271, 0x1034720D,
		0x2C856A3F, 0x45F15B89, 0x5AD146DF, 0x69C92D9A, 0x71E1115E,
		0x7292F401, 0x6BD0D76C, 0x5E0CBD7A, 0x4A2BA7DB, 0x317797F7,
		0x158C8ED6, 0xF83B8D11, 0xDB6B92C4, 0xC0FC9F91, 0xAAA5B2A4,
		0x99DBCABD, 0x8FB5E64D, 0x8CDC0389, 0x917E2089, 0x9D503B6D,
		0xAF8D5273, 0xC704641D, 0xE22F6F45, 0xFF4B7332, 0x1C736FA1,
		0x37C164CE, 0x4F6F536E, 0x61F33CA2, 0x6E1921E4, 0x731704F2,
		0x709AE7AE, 0x66CACBFF, 0x564CB3B1, 0x4032A059, 0x25EB9339,
		0x092E8D2B, 0xEBD78E95, 0xCFD1975E, 0xB6ECA6F4, 0xA2C7BC54,
		0x94B1D61A, 0x8D96F29A, 0x8DEA0FF8, 0x95AA2C4D, 0xA45345C1,
		0xB8F15AAB, 0xD22E69B1, 0xEE6671D8, 0x0BC37298, 0x285B6BE5,
		0x42555E2F, 0x57FE4A59, 0x67EF31AE, 0x711E15C8, 0x72F3F877,
		0x6D4FDBA4, 0x608FC12E, 0x4D89AACE, 0x357899F7, 0x19EE8FC2,
		0xFCB48CDA, 0xDFB0916D, 0xC4C79D31, 0xADB7AF62, 0x9C01C6CF,
		0x90CAE1F5, 0x8CCFFF0F, 0x90501C38, 0x9B14378C, 0xAC684F43,
		0xC32B61D3, 0xDDE26E07, 0xFAD17314, 0x181770A6, 0x33CB66E5,
		0x4C225674, 0x5F854064, 0x6CB32624, 0x72D0096A, 0x7176EC13,
		0x68BCD007, 0x5933B71A, 0x43DDA2EA, 0x2A1E94C7, 0x0DA28D9D,
		0xF0438DE2, 0xD3EB9593, 0xBA6FA42E, 0xA57AB8C2, 0x9667D1F7,
		0x8E31EE2A, 0x8D620B87, 0x94062823, 0xA1AE4223, 0xB57957D7,
		0xCE1C67D5, 0xE9FD7113, 0x074D72F7, 0x24236D62, 0x3E9F60B0,
		0x550A4DB6, 0x65ED35AE, 0x70301A29, 0x7328FCF0, 0x6EA3DFEA,
		0x62EEC4FB, 0x50C9ADE1, 0x39659C1F, 0x1E4590DA, 0x012E8CCF,
		0xE4029041, 0xC8A99AF7, 0xB0E9AC3F, 0x9E4DC2F8, 0x920BDDA9,
		0x8CEEFA95, 0x8F4D17DC, 0x98FF3395, 0xA9644BF4, 0xBF6A5F63,
		0xD9A36C9F, 0xF65A72CB, 0x13B27180, 0x2FC268D5, 0x48B75959,
		0x5CF2440E, 0x6B222A56, 0x725C0DDE, 0x7226F07F, 0x6A85D422,
		0x5BF6BA9F, 0x476EA59F, 0x2E40967F, 0x12118E3B, 0xF4B58D5C,
		0xD81693F1, 0xBE0EA18C, 0xA850B54B, 0x9845CDE6, 0x8EF9E9C2,
		0x8D050710, 0x928B23E9, 0x9F2F3E6D, 0xB21E54E1, 0xCA1D65D1,
		0xE59D7022, 0x02D47329, 0x1FDC6EB4, 0x3AD1630C, 0x51F450F4,
		0x63C33999, 0x6F161E7F, 0x7330016A, 0x6FCDE43D, 0x6526C8DE,
		0x53EBB115, 0x3D3B9E6D, 0x2291921D, 0x05A78CF1, 0xE85F8F41,
		0xCCA198E5, 0xB439A93C, 0xA0BFBF38, 0x9375D96A, 0x8D3AF61E,
		0x8E761376, 0x97122F8B, 0xA6814888, 0xBBC25CCE, 0xD5726B0C,
		0xF1E67255, 0x0F45722E, 0x2BA66A9B, 0x45305C1B, 0x5A3B479D,
		0x69692E78, 0x71BC124D, 0x72AAF4F1, 0x6C24D84E, 0x5E97BE40,
		0x4AE3A877, 0x3251985F, 0x16798F04, 0xF92C8D02, 0xDC509279,
		0xC1C69F0E, 0xAB48B1F1, 0x9A4BC9E8, 0x8FECE562, 0x8CD50297,
		0x913B1FA2, 0x9CD53A9E, 0xAEE151CA, 0xC63363A5, 0xE1476F06,
		0xFE5A732F, 0x1B886FDC, 0x36ED6542, 0x4EBF5414, 0x61733D6E,
		0x6DD122CA, 0x730C05E3, 0x70CCE89A, 0x6736CCD7, 0x56EBB467,
		0x40FAA0E1, 0x26CF938A, 0x0A1E8D40, 0xECC58E6B, 0xD0AC96FA,
		0xB7A7A65B, 0xA355BB91, 0x950AD53A, 0x8DB3F1AA, 0x8DCA0F09,
		0x954E2B6E, 0xA3C14500, 0xB8345A16, 0xD1516950, 0xED7871B2,
		0x0AD272B0, 0x27796C39, 0x418F5EB9, 0x57624B11, 0x67863287,
		0x70F016B4, 0x7302F968, 0x6D9ADC89, 0x6112C1F9, 0x4E3BAB71,
		0x364E9A68, 0x1AD98FFA, 0xFDA58CD4, 0xE098912B, 0xC5969CB6,
		0xAE61AEB6, 0x9C79C5FF, 0x910AE10C, 0x8CD2FE1D, 0x90161B4E,
		0x9AA136B8, 0xABC34E93, 0xC25F6153, 0xDCFC6DBF, 0xF9E17309,
		0x172B70D8, 0x32F36751, 0x4B6C5713, 0x5EFD412C, 0x6C622708,
		0x72BB0A5A, 0x719FED01, 0x691FD0E3, 0x59CAB7D6, 0x449FA379,
		0x2AFE9521, 0x0E928DBA, 0xF1338DC2, 0xD4CA9537, 0xBB30A39D,
		0xA610B805, 0x96C8D11A, 0x8E58ED3C, 0x8D4B0A96, 0x93B22740,
		0xA125415D, 0xB4C2573A, 0xCD43676C, 0xE91070E4, 0x065C7305,
		0x233D6DAD, 0x3DD46133, 0x54664E67, 0x657C3683, 0x6FF81B13,
		0x732DFDE1, 0x6EE6E0D2, 0x6368C5CA, 0x5175AE8B, 0x3A369C98,
		0x1F2E911A, 0x021F8CD3, 0xE4ED9008, 0xC97D9A84, 0xB199AB9A,
		0x9ECDC22C, 0x9253DCC3, 0x8CFBF9A4, 0x8F1C16F0, 0x989432BD,
		0xA8C64B3E, 0xBEA35EDB, 0xD8C06C4E, 0xF56A72B5, 0x12C471A8,
		0x2EE66938, 0x47FB59F0, 0x5C6344D0, 0x6AC92B36, 0x723E0ECD,
		0x7246F16E, 0x6ADFD502, 0x5C87BB61, 0x482AA636, 0x2F1D96E1,
		0x12FF8E61, 0xF5A68D45, 0xD8F8939E, 0xBED4A103, 0xA8EDB494,
		0x98AFCD0D, 0x8F28E8D5, 0x8CF7061F, 0x92412304, 0x9EAD3DA1,
		0xB16D543D, 0xC948655F, 0xE4B26FEA, 0x01E3732E, 0x1EF46EF6,
		0x3A016387, 0x514A519F, 0x634A3A6A, 0x6ED51F68, 0x732C025B,
		0x7006E527, 0x6598C9B2, 0x548FB1C5, 0x3E079EEE, 0x23779266,
		0x06988CFE, 0xE94C8F10, 0xCD79987A, 0xB4EFA89E, 0xA147BE71,
		0x93C7D887, 0x8D50F52E, 0x8E4E1288, 0x96B02EAF, 0xA5EA47CC,
		0xBB005C3F, 0xD4926AB2, 0xF0F77236, 0x0E56724D, 0x2AC66AF6,
		0x446F5CAB, 0x59A54859, 0x69062F54, 0x7195133B, 0x72C0F5E2,
		0x6C76D931, 0x5F1FBF06, 0x4B99A915, 0x332998CA, 0x17668F34,
		0xFA1D8CF4, 0xDD36922F, 0xC2929E8D, 0xABECB141, 0x9ABEC913,
		0x9024E478, 0x8CD101A6, 0x90FA1EB9, 0x9C5B39CD, 0xAE36511F,
		0xC562632B, 0xE05E6EC5, 0xFD69732B, 0x1A9E7014, 0x361865B5,
		0x4E0F54B8, 0x60F23E3A, 0x6D8723B0, 0x72FE06D4, 0x70FCE987,
		0x67A1CDAF, 0x5789B51D, 0x41C0A169, 0x27B293DC, 0x0B0F8D56,
		0xEDB38E44, 0xD1889697, 0xB863A5C5, 0xA3E5BAD0, 0x9565D45A,
		0x8DD2F0BB, 0x8DAB0E1A, 0x94F42A8E, 0xA332443E, 0xB778597F,
		0xD07568EE, 0xEC8A718A, 0x09E272C6, 0x26966C8B, 0x40C85F41,
		0x56C44BC7, 0x671B335F, 0x70BF17A1, 0x730FFA59, 0x6DE3DD6F,
		0x6193C2C5, 0x4EEBAC15, 0x37229ADA, 0x1BC39033, 0xFE968CD0,
		0xE18190EA, 0xC6679C3D, 0xAF0CAE0C, 0x9CF4C52F, 0x914CE024,
		0x8CD7FD2C, 0x8FDE1A63, 0x9A2F35E3, 0xAB1F4DE2, 0xC19360D1,
		0xDC176D75, 0xF8F072FB, 0x163E7107, 0x321A67BB, 0x4AB557B0,
		0x5E7441F2, 0x6C0F27EA, 0x72A40B4B, 0x71C5EDEF, 0x6981D1C0,
		0x5A61B892, 0x4561A40A, 0x2BDE957B, 0x0F818DDA, 0xF2228DA4,
		0xD5AA94DE, 0xBBF2A30E, 0xA6A7B749, 0x972BD03E, 0x8E80EC4E,
		0x8D3509A6, 0x9361265D, 0xA09D4096, 0xB40C569C, 0xCC6B6701,
		0xE82470B3, 0x056B7312, 0x22576DF5, 0x3D0861B3, 0x53C14F17,
		0x65093757, 0x6FBF1BFE, 0x7331FED2, 0x6F26E1BB, 0x63E1C69B,
		0x521FAF37, 0x3B059D12, 0x2016915D, 0x03108CD8, 0xE5D78FD0,
		0xCA529A13, 0xB24AAAF6, 0x9F50C161, 0x929EDBDD, 0x8D09F8B3,
		0x8EED1603, 0x982B31E4, 0xA8294A87, 0xBDDD5E52, 0xD7DD6BFA,
		0xF479729E, 0x11D671CF, 0x2E096999, 0x473E5A86, 0x5BD24591,
		0x6A6D2C15, 0x721E0FBD, 0x7263F25E, 0x6B39D5E2, 0x5D16BC23,
		0x48E6A6CD, 0x2FF99744, 0x13ED8E8A, 0xF6968D30, 0xD9DC934D,
		0xBF9CA07B, 0xA98CB3DE, 0x991BCC35, 0x8F5AE7E9, 0x8CEC052F,
		0x91F9221E, 0x9E2D3CD5, 0xB0BD5398, 0xC87464EC, 0xE3C86FB0,
		0x00F17331, 0x1E0B6F36, 0x393163FF, 0x509E5249, 0x62CF3B39,
		0x6E932050, 0x7326034C, 0x703EE612, 0x6609CA88, 0x5532B277,
		0x3ED29F71, 0x245C92B1, 0x07898D0D, 0xEA388EE2, 0xCE529811,
		0xB5A7A802, 0xA1D1BDAB, 0x941BD7A5, 0x8D68F43D, 0x8E28119A,
		0x964F2DD2, 0xA555470F, 0xBA3F5BAD, 0xD3B36A56, 0xF0087216,
		0x0D66726A, 0x29E66B4F, 0x43AC5D39, 0x590C4914, 0x68A2302F,
		0x716B1429, 0x72D5F6D2, 0x6CC7DA15, 0x5FA7BFCE, 0x4C4FA9B4,
		0x34019936, 0x18528F66, 0xFB0E8CE9, 0xDE1C91E7, 0xC35E9E0D,
		0xAC92B091, 0x9B32C83F, 0x905FE38D, 0x8CCE00B5, 0x90BB1DD1,
		0x9BE338FC, 0xAD8D5073, 0xC49362B0, 0xDF776E82, 0xFC777324,
		0x19B3704B, 0x35436625, 0x4D5C555B, 0x606F3F04, 0x6D3C2495,
		0x72EF07C5, 0x712AEA74, 0x6809CE89, 0x5825B5D5, 0x4286A1F4,
		0x28949430, 0x0BFF8D6E, 0xEEA28E1F, 0xD2669637, 0xB921A52F,
		0xA477BA0F, 0x95C1D37B, 0x8DF3EFCC, 0x8D8F0D2A, 0x949C29AE,
		0xA2A3437B, 0xB6BD58E6, 0xCF9A6889, 0xEB9C7161, 0x08F272D9,
		0x25B36CDB, 0x40005FC8, 0x56244C7C, 0x66AF3437, 0x708D188D,
		0x731AFB4A, 0x6E2BDE56, 0x6213C392, 0x4F9AACBB, 0x37F59B4F,
		0x1CAD906E, 0xFF878CCE, 0xE26A90AB, 0xC7389BC5, 0xAFB8AD63,
		0x9D70C460, 0x9190DF3D, 0x8CDDFC3B, 0x8FA81978, 0x99BF350D,
		0xAA7D4D30, 0xC0C9604E, 0xDB326D29, 0xF7FF72EB, 0x15517135,
		0x31416823, 0x49FD584C, 0x5DE942B7, 0x6BBB28CC, 0x728C0C3B,
		0x71EAEEDD, 0x69E1D29D, 0x5AF6B950, 0x4621A49C, 0x2CBC95D8,
		0x10708DFB, 0xF3128D88, 0xD68B9486, 0xBCB6A280, 0xA740B68E,
		0x9790CF63, 0x8EAAEB61, 0x8D2208B6, 0x93122579, 0xA0163FCE,
		0xB35755FC, 0xCB936694, 0xE7387080, 0x047A731C, 0x21716E3C,
		0x3C3B6232, 0x531B4FC6, 0x6494382A, 0x6F831CE7, 0x7332FFC4,
		0x6F64E2A4, 0x6459C76D, 0x52C7AFE3, 0x3BD49D8F, 0x20FD91A1,
		0x04018CE0, 0xE6C38F9A, 0xCB2899A4, 0xB2FDAA54, 0x9FD4C097,
		0x92EBDAF9, 0x8D19F7C3, 0x8EC01516, 0x97C3310A, 0xA78E49CE,
		0xBD185DC6, 0xD6FB6BA5, 0xF3897285, 0x10E771F3, 0x2D2B69F9,
		0x46805B1B, 0x5B3F4650, 0x6A102CF4, 0x71FC10AB, 0x727FF34E,
		0x6B90D6C3, 0x5DA3BCE7, 0x49A0A767, 0x30D497AA, 0x14DB8EB5,
		0xF7878D1E, 0xDAC092FE, 0xC0659FF5, 0xAA2CB32A, 0x9988CB5E,
		0x8F8DE6FE, 0x8CE2043D, 0x91B22137, 0x9DAE3C07, 0xB00F52F1,
		0xC7A16476, 0xE2DE6F74, 0x00007332, 0x1D226F74, 0x385F6476,
		0x4FF152F1, 0x62523C07, 0x6E4E2137, 0x731E043D, 0x7073E6FE,
		0x6678CB5E, 0x55D4B32A, 0x3F9B9FF5, 0x254092FE, 0x08798D1E,
		0xEB258EB5, 0xCF2C97AA, 0xB660A767, 0xA25DBCE7, 0x9470D6C3,
		0x8D81F34E, 0x8E0410AB, 0x95F02CF4, 0xA4C14650, 0xB9805B1B,
		0xD2D569F9, 0xEF1971F3, 0x0C777285, 0x29056BA5, 0x42E85DC6,
		0x587249CE, 0x683D310A, 0x71401516, 0x72E7F7C3, 0x6D15DAF9,
		0x602CC097, 0x4D03AA54, 0x34D899A4, 0x193D8F9A, 0xFBFF8CE0,
		0xDF0391A1, 0xC42C9D8F, 0xAD39AFE3, 0x9BA7C76D, 0x909CE2A4,
		0x8CCEFFC4, 0x907D1CE7, 0x9B6C382A, 0xACE54FC6, 0xC3C56232,
		0xDE8F6E3C, 0xFB86731C, 0x18C87080, 0x346D6694, 0x4CA955FC,
		0x5FEA3FCE, 0x6CEE2579, 0x72DE08B6, 0x7156EB61, 0x6870CF63,
		0x58C0B68E, 0x434AA280, 0x29759486, 0x0CEE8D88, 0xEF908DFB,
		0xD34495D8, 0xB9DFA49C, 0xA50AB950, 0x961FD29D, 0x8E16EEDD,
		0x8D740C3B, 0x944528CC, 0xA21742B7, 0xB603584C, 0xCEBF6823,
		0xEAAF7135, 0x080172EB, 0x24CE6D29, 0x3F37604E, 0x55834D30,
		0x6641350D, 0x70581978, 0x7323FC3B, 0x6E70DF3D, 0x6290C460,
		0x5048AD63, 0x38C89BC5, 0x1D9690AB, 0x00798CCE, 0xE353906E,
		0xC80B9B4F, 0xB066ACBB, 0x9DEDC392, 0x91D5DE56, 0x8CE6FB4A,
		0x8F73188D, 0x99513437, 0xA9DC4C7C, 0xC0005FC8, 0xDA4D6CDB,
		0xF70E72D9, 0x14647161, 0x30666889, 0x494358E6, 0x5D5D437B,
		0x6B6429AE, 0x72710D2A, 0x720DEFCC, 0x6A3FD37B, 0x5B89BA0F,
		0x46DFA52F, 0x2D9A9637, 0x115E8E1F, 0xF4018D6E, 0xD76C9430,
		0xBD7AA1F4, 0xA7DBB5D5, 0x97F7CE89, 0x8ED6EA74, 0x8D1107C5,
		0x92C42495, 0x9F913F04, 0xB2A4555B, 0xCABD6625, 0xE64D704B,
		0x03897324, 0x20896E82, 0x3B6D62B0, 0x52735073, 0x641D38FC,
		0x6F451DD1, 0x733200B5, 0x6FA1E38D, 0x64CEC83F, 0x536EB091,
		0x3CA29E0D, 0x21E491E7, 0x04F28CE9, 0xE7AE8F66, 0xCBFF9936,
		0xB3B1A9B4, 0xA059BFCE, 0x9339DA15, 0x8D2BF6D2, 0x8E951429,
		0x975E302F, 0xA6F44914, 0xBC545D39, 0xD61A6B4F, 0xF29A726A,
		0x0FF87216, 0x2C4D6A56, 0x45C15BAD, 0x5AAB470F, 0x69B12DD2,
		0x71D8119A, 0x7298F43D, 0x6BE5D7A5, 0x5E2FBDAB, 0x4A59A802,
		0x31AE9811, 0x15C88EE2, 0xF8778D0D, 0xDBA492B1, 0xC12E9F71,
		0xAACEB277, 0x99F7CA88, 0x8FC2E612, 0x8CDA034C, 0x916D2050,
		0x9D313B39, 0xAF625249, 0xC6CF63FF, 0xE1F56F36, 0xFF0F7331,
		0x1C386FB0, 0x378C64EC, 0x4F435398, 0x61D33CD5, 0x6E07221E,
		0x7314052F, 0x70A6E7E9, 0x66E5CC35, 0x5674B3DE, 0x4064A07B,
		0x2624934D, 0x096A8D30, 0xEC138E8A, 0xD0079744, 0xB71AA6CD,
		0xA2EABC23, 0x94C7D5E2, 0x8D9DF25E, 0x8DE20FBD, 0x95932C15,
		0xA42E4591, 0xB8C25A86, 0xD1F76999, 0xEE2A71CF, 0x0B87729E,
		0x28236BFA, 0x42235E52, 0x57D74A87, 0x67D531E4, 0x71131603,
		0x72F7F8B3, 0x6D62DBDD, 0x60B0C161, 0x4DB6AAF6, 0x35AE9A13,
		0x1A298FD0, 0xFCF08CD8, 0xDFEA915D, 0xC4FB9D12, 0xADE1AF37,
		0x9C1FC69B, 0x90DAE1BB, 0x8CCFFED2, 0x90411BFE, 0x9AF73757,
		0xAC3F4F17, 0xC2F861B3, 0xDDA96DF5, 0xFA957312, 0x17DC70B3,
		0x33956701, 0x4BF4569C, 0x5F634096, 0x6C9F265D, 0x72CB09A6,
		0x7180EC4E, 0x68D5D03E, 0x5959B749, 0x440EA30E, 0x2A5694DE,
		0x0DDE8DA4, 0xF07F8DDA, 0xD422957B, 0xBA9FA40A, 0xA59FB892,
		0x967FD1C0, 0x8E3BEDEF, 0x8D5C0B4B, 0x93F127EA, 0xA18C41F2,
		0xB54B57B0, 0xCDE667BB, 0xE9C27107, 0x071072FB, 0x23E96D75,
		0x3E6D60D1, 0x54E14DE2, 0x65D135E3, 0x70221A63, 0x7329FD2C,
		0x6EB4E024, 0x630CC52F, 0x50F4AE0C, 0x39999C3D, 0x1E7F90EA,
		0x016A8CD0, 0xE43D9033, 0xC8DE9ADA, 0xB115AC15, 0x9E6DC2C5,
		0x921DDD6F, 0x8CF1FA59, 0x8F4117A1, 0x98E5335F, 0xA93C4BC7,
		0xBF385F41, 0xD96A6C8B, 0xF61E72C6, 0x1376718A, 0x2F8B68EE,
		0x4888597F, 0x5CCE443E, 0x6B0C2A8E, 0x72550E1A, 0x722EF0BB,
		0x6A9BD45A, 0x5C1BBAD0, 0x479DA5C5, 0x2E789697, 0x124D8E44,
		0xF4F18D56, 0xD84E93DC, 0xBE40A169, 0xA877B51D, 0x985FCDAF,
		0x8F04E987, 0x8D0206D4, 0x927923B0, 0x9F0E3E3A, 0xB1F154B8,
		0xC9E865B5, 0xE5627014, 0x0297732B, 0x1FA26EC5, 0x3A9E632B,
		0x51CA511F, 0x63A539CD, 0x6F061EB9, 0x732F01A6, 0x6FDCE478,
		0x6542C913, 0x5414B141, 0x3D6E9E8D, 0x22CA922F, 0x05E38CF4,
		0xE89A8F34, 0xCCD798CA, 0xB467A915, 0xA0E1BF06, 0x938AD931,
		0x8D40F5E2, 0x8E6B133B, 0x96FA2F54, 0xA65B4859, 0xBB915CAB,
		0xD53A6AF6, 0xF1AA724D, 0x0F097236, 0x2B6E6AB2, 0x45005C3F,
		0x5A1647CC, 0x69502EAF, 0x71B21288, 0x72B0F52E, 0x6C39D887,
		0x5EB9BE71, 0x4B11A89E, 0x3287987A, 0x16B48F10, 0xF9688CFE,
		0xDC899266, 0xC1F99EEE, 0xAB71B1C5, 0x9A68C9B2, 0x8FFAE527,
		0x8CD4025B, 0x912B1F68, 0x9CB63A6A, 0xAEB6519F, 0xC5FF6387,
		0xE10C6EF6, 0xFE1D732E, 0x1B4E6FEA, 0x36B8655F, 0x4E93543D,
		0x61533DA1, 0x6DBF2304, 0x7309061F, 0x70D8E8D5, 0x6751CD0D,
		0x5713B494, 0x412CA103, 0x2708939E, 0x0A5A8D45, 0xED018E61,
		0xD0E396E1, 0xB7D6A636, 0xA379BB61, 0x9521D502, 0x8DBAF16E,
		0x8DC20ECD, 0x95372B36, 0xA39D44D0, 0xB80559F0, 0xD11A6938,
		0xED3C71A8, 0x0A9672B5, 0x27406C4E, 0x415D5EDB, 0x573A4B3E,
		0x676C32BD, 0x70E416F0, 0x7305F9A4, 0x6DADDCC3, 0x6133C22C,
		0x4E67AB9A, 0x36839A84, 0x1B139008, 0xFDE18CD3, 0xE0D2911A,
		0xC5CA9C98, 0xAE8BAE8B, 0x9C98C5CA, 0x911AE0D2, 0x8CD3FDE1,
		0x90081B13, 0x9A843683, 0xAB9A4E67, 0xC22C6133, 0xDCC36DAD,
		0xF9A47305, 0x16F070E4, 0x32BD676C, 0x4B3E573A, 0x5EDB415D,
		0x6C4E2740, 0x72B50A96, 0x71A8ED3C, 0x6938D11A, 0x59F0B805,
		0x44D0A39D, 0x2B369537, 0x0ECD8DC2, 0xF16E8DBA, 0xD5029521,
		0xBB61A379, 0xA636B7D6, 0x96E1D0E3, 0x8E61ED01, 0x8D450A5A,
		0x939E2708, 0xA103412C, 0xB4945713, 0xCD0D6751, 0xE8D570D8,
		0x061F7309, 0x23046DBF, 0x3DA16153, 0x543D4E93, 0x655F36B8,
		0x6FEA1B4E, 0x732EFE1D, 0x6EF6E10C, 0x6387C5FF, 0x519FAEB6,
		0x3A6A9CB6, 0x1F68912B, 0x025B8CD4, 0xE5278FFA, 0xC9B29A68,
		0xB1C5AB71, 0x9EEEC1F9, 0x9266DC89, 0x8CFEF968, 0x8F1016B4,
		0x987A3287, 0xA89E4B11, 0xBE715EB9, 0xD8876C39, 0xF52E72B0,
		0x128871B2, 0x2EAF6950, 0x47CC5A16, 0x5C3F4500, 0x6AB22B6E,
		0x72360F09, 0x724DF1AA, 0x6AF6D53A, 0x5CABBB91, 0x4859A65B,
		0x2F5496FA, 0x133B8E6B, 0xF5E28D40, 0xD931938A, 0xBF06A0E1,
		0xA915B467, 0x98CACCD7, 0x8F34E89A, 0x8CF405E3, 0x922F22CA,
		0x9E8D3D6E, 0xB1415414, 0xC9136542, 0xE4786FDC, 0x01A6732F,
		0x1EB96F06, 0x39CD63A5, 0x511F51CA, 0x632B3A9E, 0x6EC51FA2,
		0x732B0297, 0x7014E562, 0x65B5C9E8, 0x54B8B1F1, 0x3E3A9F0E,
		0x23B09279, 0x06D48D02, 0xE9878F04, 0xCDAF985F, 0xB51DA877,
		0xA169BE40, 0x93DCD84E, 0x8D56F4F1, 0x8E44124D, 0x96972E78,
		0xA5C5479D, 0xBAD05C1B, 0xD45A6A9B, 0xF0BB722E, 0x0E1A7255,
		0x2A8E6B0C, 0x443E5CCE, 0x597F4888, 0x68EE2F8B, 0x718A1376,
		0x72C6F61E, 0x6C8BD96A, 0x5F41BF38, 0x4BC7A93C, 0x335F98E5,
		0x17A18F41, 0xFA598CF1, 0xDD6F921D, 0xC2C59E6D, 0xAC15B115,
		0x9ADAC8DE, 0x9033E43D, 0x8CD0016A, 0x90EA1E7F, 0x9C3D3999,
		0xAE0C50F4, 0xC52F630C, 0xE0246EB4, 0xFD2C7329, 0x1A637022,
		0x35E365D1, 0x4DE254E1, 0x60D13E6D, 0x6D7523E9, 0x72FB0710,
		0x7107E9C2, 0x67BBCDE6, 0x57B0B54B, 0x41F2A18C, 0x27EA93F1,
		0x0B4B8D5C, 0xEDEF8E3B, 0xD1C0967F, 0xB892A59F, 0xA40ABA9F,
		0x957BD422, 0x8DDAF07F, 0x8DA40DDE, 0x94DE2A56, 0xA30E440E,
		0xB7495959, 0xD03E68D5, 0xEC4E7180, 0x09A672CB, 0x265D6C9F,
		0x40965F63, 0x569C4BF4, 0x67013395, 0x70B317DC, 0x7312FA95,
		0x6DF5DDA9, 0x61B3C2F8, 0x4F17AC3F, 0x37579AF7, 0x1BFE9041,
		0xFED28CCF, 0xE1BB90DA, 0xC69B9C1F, 0xAF37ADE1, 0x9D12C4FB,
		0x915DDFEA, 0x8CD8FCF0, 0x8FD01A29, 0x9A1335AE, 0xAAF64DB6,
		0xC16160B0, 0xDBDD6D62, 0xF8B372F7, 0x16037113, 0x31E467D5,
		0x4A8757D7, 0x5E524223, 0x6BFA2823, 0x729E0B87, 0x71CFEE2A,
		0x6999D1F7, 0x5A86B8C2, 0x4591A42E, 0x2C159593, 0x0FBD8DE2,
		0xF25E8D9D, 0xD5E294C7, 0xBC23A2EA, 0xA6CDB71A, 0x9744D007,
		0x8E8AEC13, 0x8D30096A, 0x934D2624, 0xA07B4064, 0xB3DE5674,
		0xCC3566E5, 0xE7E970A6, 0x052F7314, 0x221E6E07, 0x3CD561D3,
		0x53984F43, 0x64EC378C, 0x6FB01C38, 0x7331FF0F, 0x6F36E1F5,
		0x63FFC6CF, 0x5249AF62, 0x3B399D31, 0x2050916D, 0x034C8CDA,
		0xE6128FC2, 0xCA8899F7, 0xB277AACE, 0x9F71C12E, 0x92B1DBA4,
		0x8D0DF877, 0x8EE215C8, 0x981131AE, 0xA8024A59, 0xBDAB5E2F,
		0xD7A56BE5, 0xF43D7298, 0x119A71D8, 0x2DD269B1, 0x470F5AAB,
		0x5BAD45C1, 0x6A562C4D, 0x72160FF8, 0x726AF29A, 0x6B4FD61A,
		0x5D39BC54, 0x4914A6F4, 0x302F975E, 0x14298E95, 0xF6D28D2B,
		0xDA159339, 0xBFCEA059, 0xA9B4B3B1, 0x9936CBFF, 0x8F66E7AE,
		0x8CE904F2, 0x91E721E4, 0x9E0D3CA2, 0xB091536E, 0xC83F64CE,
		0xE38D6FA1, 0x00B57332, 0x1DD16F45, 0x38FC641D, 0x50735273,
		0x62B03B6D, 0x6E822089, 0x73240389, 0x704BE64D, 0x6625CABD,
		0x555BB2A4, 0x3F049F91, 0x249592C4, 0x07C58D11, 0xEA748ED6,
		0xCE8997F7, 0xB5D5A7DB, 0xA1F4BD7A, 0x9430D76C, 0x8D6EF401,
		0x8E1F115E, 0x96372D9A, 0xA52F46DF, 0xBA0F5B89, 0xD37B6A3F,
		0xEFCC720D, 0x0D2A7271, 0x29AE6B64, 0x437B5D5D, 0x58E64943,
		0x68893066, 0x71611464, 0x72D9F70E, 0x6CDBDA4D, 0x5FC8C000,
		0x4C7CA9DC, 0x34379951, 0x188D8F73, 0xFB4A8CE6, 0xDE5691D5,
		0xC3929DED, 0xACBBB066, 0x9B4FC80B, 0x906EE353, 0x8CCE0079,
		0x90AB1D96, 0x9BC538C8, 0xAD635048, 0xC4606290, 0xDF3D6E70,
		0xFC3B7323, 0x19787058, 0x350D6641, 0x4D305583, 0x604E3F37,
		0x6D2924CE, 0x72EB0801, 0x7135EAAF, 0x6823CEBF, 0x584CB603,
		0x42B7A217, 0x28CC9445, 0x0C3B8D74, 0xEEDD8E16, 0xD29D961F,
		0xB950A50A, 0xA49CB9DF, 0x95D8D344, 0x8DFBEF90, 0x8D880CEE,
		0x94862975, 0xA280434A, 0xB68E58C0, 0xCF636870, 0xEB617156,
		0x08B672DE, 0x25796CEE, 0x3FCE5FEA, 0x55FC4CA9, 0x6694346D,
		0x708018C8, 0x731CFB86, 0x6E3CDE8F, 0x6232C3C5, 0x4FC6ACE5,
		0x382A9B6C, 0x1CE7907D, 0xFFC48CCE, 0xE2A4909C, 0xC76D9BA7,
		0xAFE3AD39, 0x9D8FC42C, 0x91A1DF03, 0x8CE0FBFF, 0x8F9A193D,
		0x99A434D8, 0xAA544D03, 0xC097602C, 0xDAF96D15, 0xF7C372E7,
		0x15167140, 0x310A683D, 0x49CE5872, 0x5DC642E8, 0x6BA52905,
		0x72850C77, 0x71F3EF19, 0x69F9D2D5, 0x5B1BB980, 0x4650A4C1,
		0x2CF495F0, 0x10AB8E04, 0xF34E8D81, 0xD6C39470, 0xBCE7A25D,
		0xA767B660, 0x97AACF2C, 0x8EB5EB25, 0x8D1E0879, 0x92FE2540,
		0x9FF53F9B, 0xB32A55D4, 0xCB5E6678, 0xE6FE7073, 0x043D731E,
		0x21376E4E, 0x3C076252, 0x52F14FF1, 0x6476385F, 0x6F741D22,
		0x73320000, 0x6F74E2DE, 0x6476C7A1, 0x52F1B00F, 0x3C079DAE,
		0x213791B2, 0x043D8CE2, 0xE6FE8F8D, 0xCB5E9988, 0xB32AAA2C,
		0x9FF5C065, 0x92FEDAC0, 0x8D1EF787, 0x8EB514DB, 0x97AA30D4,
		0xA76749A0, 0xBCE75DA3, 0xD6C36B90, 0xF34E727F, 0x10AB71FC,
		0x2CF46A10, 0x46505B3F, 0x5B1B4680, 0x69F92D2B, 0x71F310E7,
		0x7285F389, 0x6BA5D6FB, 0x5DC6BD18, 0x49CEA78E, 0x310A97C3,
		0x15168EC0, 0xF7C38D19, 0xDAF992EB, 0xC0979FD4, 0xAA54B2FD,
		0x99A4CB28, 0x8F9AE6C3, 0x8CE00401, 0x91A120FD, 0x9D8F3BD4,
		0xAFE352C7, 0xC76D6459, 0xE2A46F64, 0xFFC47332, 0x1CE76F83,
		0x382A6494, 0x4FC6531B, 0x62323C3B, 0x6E3C2171, 0x731C047A,
		0x7080E738, 0x6694CB93, 0x55FCB357, 0x3FCEA016, 0x25799312,
		0x08B68D22, 0xEB618EAA, 0xCF639790, 0xB68EA740, 0xA280BCB6,
		0x9486D68B, 0x8D88F312, 0x8DFB1070, 0x95D82CBC, 0xA49C4621,
		0xB9505AF6, 0xD29D69E1, 0xEEDD71EA, 0x0C3B728C, 0x28CC6BBB,
		0x42B75DE9, 0x584C49FD, 0x68233141, 0x71351551, 0x72EBF7FF,
		0x6D29DB32, 0x604EC0C9, 0x4D30AA7D, 0x350D99BF, 0x19788FA8,
		0xFC3B8CDD, 0xDF3D9190, 0xC4609D70, 0xAD63AFB8, 0x9BC5C738,
		0x90ABE26A, 0x8CCEFF87, 0x906E1CAD, 0x9B4F37F5, 0xACBB4F9A,
		0xC3926213, 0xDE566E2B, 0xFB4A731A, 0x188D708D, 0x343766AF,
		0x4C7C5624, 0x5FC84000, 0x6CDB25B3, 0x72D908F2, 0x7161EB9C,
		0x6889CF9A, 0x58E6B6BD, 0x437BA2A3, 0x29AE949C, 0x0D2A8D8F,
		0xEFCC8DF3, 0xD37B95C1, 0xBA0FA477, 0xA52FB921, 0x9637D266,
		0x8E1FEEA2, 0x8D6E0BFF, 0x94302894, 0xA1F44286, 0xB5D55825,
		0xCE896809, 0xEA74712A, 0x07C572EF, 0x24956D3C, 0x3F04606F,
		0x555B4D5C, 0x66253543, 0x704B19B3, 0x7324FC77, 0x6E82DF77,
		0x62B0C493, 0x5073AD8D, 0x38FC9BE3, 0x1DD190BB, 0x00B58CCE,
		0xE38D905F, 0xC83F9B32, 0xB091AC92, 0x9E0DC35E, 0x91E7DE1C,
		0x8CE9FB0E, 0x8F661852, 0x99363401, 0xA9B44C4F, 0xBFCE5FA7,
		0xDA156CC7, 0xF6D272D5, 0x1429716B, 0x302F68A2, 0x4914590C,
		0x5D3943AC, 0x6B4F29E6, 0x726A0D66, 0x7216F008, 0x6A56D3B3,
		0x5BADBA3F, 0x470FA555, 0x2DD2964F, 0x119A8E28, 0xF43D8D68,
		0xD7A5941B, 0xBDABA1D1, 0xA802B5A7, 0x9811CE52, 0x8EE2EA38,
		0x8D0D0789, 0x92B1245C, 0x9F713ED2, 0xB2775532, 0xCA886609,
		0xE612703E, 0x034C7326, 0x20506E93, 0x3B3962CF, 0x5249509E,
		0x63FF3931, 0x6F361E0B, 0x733100F1, 0x6FB0E3C8, 0x64ECC874,
		0x5398B0BD, 0x3CD59E2D, 0x221E91F9, 0x052F8CEC, 0xE7E98F5A,
		0xCC35991B, 0xB3DEA98C, 0xA07BBF9C, 0x934DD9DC, 0x8D30F696,
		0x8E8A13ED, 0x97442FF9, 0xA6CD48E6, 0xBC235D16, 0xD5E26B39,
		0xF25E7263, 0x0FBD721E, 0x2C156A6D, 0x45915BD2, 0x5A86473E,
		0x69992E09, 0x71CF11D6, 0x729EF479, 0x6BFAD7DD, 0x5E52BDDD,
		0x4A87A829, 0x31E4982B, 0x16038EED, 0xF8B38D09, 0xDBDD929E,
		0xC1619F50, 0xAAF6B24A, 0x9A13CA52, 0x8FD0E5D7, 0x8CD80310,
		0x915D2016, 0x9D123B05, 0xAF37521F, 0xC69B63E1, 0xE1BB6F26,
		0xFED27331, 0x1BFE6FBF, 0x37576509, 0x4F1753C1, 0x61B33D08,
		0x6DF52257, 0x7312056B, 0x70B3E824, 0x6701CC6B, 0x569CB40C,
		0x4096A09D, 0x265D9361, 0x09A68D35, 0xEC4E8E80, 0xD03E972B,
		0xB749A6A7, 0xA30EBBF2, 0x94DED5AA, 0x8DA4F222, 0x8DDA0F81,
		0x957B2BDE, 0xA40A4561, 0xB8925A61, 0xD1C06981, 0xEDEF71C5,
		0x0B4B72A4, 0x27EA6C0F, 0x41F25E74, 0x57B04AB5, 0x67BB321A,
		0x7107163E, 0x72FBF8F0, 0x6D75DC17, 0x60D1C193, 0x4DE2AB1F,
		0x35E39A2F, 0x1A638FDE, 0xFD2C8CD7, 0xE024914C, 0xC52F9CF4,
		0xAE0CAF0C, 0x9C3DC667, 0x90EAE181, 0x8CD0FE96, 0x90331BC3,
		0x9ADA3722, 0xAC154EEB, 0xC2C56193, 0xDD6F6DE3, 0xFA59730F,
		0x17A170BF, 0x335F671B, 0x4BC756C4, 0x5F4140C8, 0x6C8B2696,
		0x72C609E2, 0x718AEC8A, 0x68EED075, 0x597FB778, 0x443EA332,
		0x2A8E94F4, 0x0E1A8DAB, 0xF0BB8DD2, 0xD45A9565, 0xBAD0A3E5,
		0xA5C5B863, 0x9697D188, 0x8E44EDB3, 0x8D560B0F, 0x93DC27B2,
		0xA16941C0, 0xB51D5789, 0xCDAF67A1, 0xE98770FC, 0x06D472FE,
		0x23B06D87, 0x3E3A60F2, 0x54B84E0F, 0x65B53618, 0x70141A9E,
		0x732BFD69, 0x6EC5E05E, 0x632BC562, 0x511FAE36, 0x39CD9C5B,
		0x1EB990FA, 0x01A68CD1, 0xE4789024, 0xC9139ABE, 0xB141ABEC,
		0x9E8DC292, 0x922FDD36, 0x8CF4FA1D, 0x8F341766, 0x98CA3329,
		0xA9154B99, 0xBF065F1F, 0xD9316C76, 0xF5E272C0, 0x133B7195,
		0x2F546906, 0x485959A5, 0x5CAB446F, 0x6AF62AC6, 0x724D0E56,
		0x7236F0F7, 0x6AB2D492, 0x5C3FBB00, 0x47CCA5EA, 0x2EAF96B0,
		0x12888E4E, 0xF52E8D50, 0xD88793C7, 0xBE71A147, 0xA89EB4EF,
		0x987ACD79, 0x8F10E94C, 0x8CFE0698, 0x92662377, 0x9EEE3E07,
		0xB1C5548F, 0xC9B26598, 0xE5277006, 0x025B732C, 0x1F686ED5,
		0x3A6A634A, 0x519F514A, 0x63873A01, 0x6EF61EF4, 0x732E01E3,
		0x6FEAE4B2, 0x655FC948, 0x543DB16D, 0x3DA19EAD, 0x23049241,
		0x061F8CF7, 0xE8D58F28, 0xCD0D98AF, 0xB494A8ED, 0xA103BED4,
		0x939ED8F8, 0x8D45F5A6, 0x8E6112FF, 0x96E12F1D, 0xA636482A,
		0xBB615C87, 0xD5026ADF, 0xF16E7246, 0x0ECD723E, 0x2B366AC9,
		0x44D05C63, 0x59F047FB, 0x69382EE6, 0x71A812C4, 0x72B5F56A,
		0x6C4ED8C0, 0x5EDBBEA3, 0x4B3EA8C6, 0x32BD9894, 0x16F08F1C,
		0xF9A48CFB, 0xDCC39253, 0xC22C9ECD, 0xAB9AB199, 0x9A84C97D,
		0x9008E4ED, 0x8CD3021F, 0x911A1F2E, 0x9C983A36, 0xAE8B5175,
		0xC5CA6368, 0xE0D26EE6, 0xFDE1732D, 0x1B136FF8, 0x3683657C,
		0x4E675466, 0x61333DD4, 0x6DAD233D, 0x7305065C, 0x70E4E910,
		0x676CCD43, 0x573AB4C2, 0x415DA125, 0x274093B2, 0x0A968D4B,
		0xED3C8E58, 0xD11A96C8, 0xB805A610, 0xA39DBB30, 0x9537D4CA,
		0x8DC2F133, 0x8DBA0E92, 0x95212AFE, 0xA379449F, 0xB7D659CA,
		0xD0E3691F, 0xED01719F, 0x0A5A72BB, 0x27086C62, 0x412C5EFD,
		0x57134B6C, 0x675132F3, 0x70D8172B, 0x7309F9E1, 0x6DBFDCFC,
		0x6153C25F, 0x4E93ABC3, 0x36B89AA1, 0x1B4E9016, 0xFE1D8CD2,
		0xE10C910A, 0xC5FF9C79, 0xAEB6AE61, 0x9CB6C596, 0x912BE098,
		0x8CD4FDA5, 0x8FFA1AD9, 0x9A68364E, 0xAB714E3B, 0xC1F96112,
		0xDC896D9A, 0xF9687302, 0x16B470F0, 0x32876786, 0x4B115762,
		0x5EB9418F, 0x6C392779, 0x72B00AD2, 0x71B2ED78, 0x6950D151,
		0x5A16B834, 0x4500A3C1, 0x2B6E954E, 0x0F098DCA, 0xF1AA8DB3,
		0xD53A950A, 0xBB91A355, 0xA65BB7A7, 0x96FAD0AC, 0x8E6BECC5,
		0x8D400A1E, 0x938A26CF, 0xA0E140FA, 0xB46756EB, 0xCCD76736,
		0xE89A70CC, 0x05E3730C, 0x22CA6DD1, 0x3D6E6173, 0x54144EBF,
		0x654236ED, 0x6FDC1B88, 0x732FFE5A, 0x6F06E147, 0x63A5C633,
		0x51CAAEE1, 0x3A9E9CD5, 0x1FA2913B, 0x02978CD5, 0xE5628FEC,
		0xC9E89A4B, 0xB1F1AB48, 0x9F0EC1C6, 0x9279DC50, 0x8D02F92C,
		0x8F041679, 0x985F3251, 0xA8774AE3, 0xBE405E97, 0xD84E6C24,
		0xF4F172AA, 0x124D71BC, 0x2E786969, 0x479D5A3B, 0x5C1B4530,
		0x6A9B2BA6, 0x722E0F45, 0x7255F1E6, 0x6B0CD572, 0x5CCEBBC2,
		0x4888A681, 0x2F8B9712, 0x13768E76, 0xF61E8D3A, 0xD96A9375,
		0xBF38A0BF, 0xA93CB439, 0x98E5CCA1, 0x8F41E85F, 0x8CF105A7,
		0x921D2291, 0x9E6D3D3B, 0xB11553EB, 0xC8DE6526, 0xE43D6FCD,
		0x016A7330, 0x1E7F6F16, 0x399963C3, 0x50F451F4, 0x630C3AD1,
		0x6EB41FDC, 0x732902D4, 0x7022E59D, 0x65D1CA1D, 0x54E1B21E,
		0x3E6D9F2F, 0x23E9928B, 0x07108D05, 0xE9C28EF9, 0xCDE69845,
		0xB54BA850, 0xA18CBE0E, 0x93F1D816, 0x8D5CF4B5, 0x8E3B1211,
		0x967F2E40, 0xA59F476E, 0xBA9F5BF6, 0xD4226A85, 0xF07F7226,
		0x0DDE725C, 0x2A566B22, 0x440E5CF2, 0x595948B7, 0x68D52FC2,
		0x718013B2, 0x72CBF65A, 0x6C9FD9A3, 0x5F63BF6A, 0x4BF4A964,
		0x339598FF, 0x17DC8F4D, 0xFA958CEE, 0xDDA9920B, 0xC2F89E4D,
		0xAC3FB0E9, 0x9AF7C8A9, 0x9041E402, 0x8CCF012E, 0x90DA1E45,
		0x9C1F3965, 0xADE150C9, 0xC4FB62EE, 0xDFEA6EA3, 0xFCF07328,
		0x1A297030, 0x35AE65ED, 0x4DB6550A, 0x60B03E9F, 0x6D622423,
		0x72F7074D, 0x7113E9FD, 0x67D5CE1C, 0x57D7B579, 0x4223A1AE,
		0x28239406, 0x0B878D62, 0xEE2A8E31, 0xD1F79667, 0xB8C2A57A,
		0xA42EBA6F, 0x9593D3EB, 0x8DE2F043, 0x8D9D0DA2, 0x94C72A1E,
		0xA2EA43DD, 0xB71A5933, 0xD00768BC, 0xEC137176, 0x096A72D0,
		0x26246CB3, 0x40645F85, 0x56744C22, 0x66E533CB, 0x70A61817,
		0x7314FAD1, 0x6E07DDE2, 0x61D3C32B, 0x4F43AC68, 0x378C9B14,
		0x1C389050, 0xFF0F8CCF, 0xE1F590CA, 0xC6CF9C01, 0xAF62ADB7,
		0x9D31C4C7, 0x916DDFB0, 0x8CDAFCB4, 0x8FC219EE, 0x99F73578,
		0xAACE4D89, 0xC12E608F, 0xDBA46D4F, 0xF87772F3, 0x15C8711E,
		0x31AE67EF, 0x4A5957FE, 0x5E2F4255, 0x6BE5285B, 0x72980BC3,
		0x71D8EE66, 0x69B1D22E, 0x5AABB8F1, 0x45C1A453, 0x2C4D95AA,
		0x0FF88DEA, 0xF29A8D96, 0xD61A94B1, 0xBC54A2C7, 0xA6F4B6EC,
		0x975ECFD1, 0x8E95EBD7, 0x8D2B092E, 0x933925EB, 0xA0594032,
		0xB3B1564C, 0xCBFF66CA, 0xE7AE709A, 0x04F27317, 0x21E46E19,
		0x3CA261F3, 0x536E4F6F, 0x64CE37C1, 0x6FA11C73, 0x7332FF4B,
		0x6F45E22F, 0x641DC704, 0x5273AF8D, 0x3B6D9D50, 0x2089917E,
		0x03898CDC, 0xE64D8FB5, 0xCABD99DB, 0xB2A4AAA5, 0x9F91C0FC,
		0x92C4DB6B, 0x8D11F83B, 0x8ED6158C, 0x97F73177, 0xA7DB4A2B,
		0xBD7A5E0C, 0xD76C6BD0, 0xF4017292, 0x115E71E1, 0x2D9A69C9,
		0x46DF5AD1, 0x5B8945F1, 0x6A3F2C85, 0x720D1034, 0x7271F2D6,
		0x6B64D652, 0x5D5DBC85, 0x4943A71A, 0x30669777, 0x14648E9F,
		0xF70E8D27, 0xDA4D9325, 0xC000A038, 0xA9DCB384, 0x9951CBC9,
		0x8F73E773, 0x8CE604B6, 0x91D521AA, 0x9DED3C6E, 0xB0665345,
		0xC80B64B1, 0xE3536F92, 0x00797332, 0x1D966F55, 0x38C8643B,
		0x5048529D, 0x62903BA0, 0x6E7020C3, 0x732303C5, 0x7058E688,
		0x6641CAF3, 0x5583B2D0, 0x3F379FB2, 0x24CE92D7, 0x08018D15,
		0xEAAF8ECB, 0xCEBF97DD, 0xB603A7B4, 0xA217BD49, 0x9445D734,
		0x8D74F3C5, 0x8E161123, 0x961F2D63, 0xA50A46B0, 0xB9DF5B64,
		0xD3446A28, 0xEF907205, 0x0CEE7278, 0x29756B7A, 0x434A5D80,
		0x58C04972, 0x6870309D, 0x7156149F, 0x72DEF74A, 0x6CEEDA87,
		0x5FEAC032, 0x4CA9AA04, 0x346D996C, 0x18C88F80, 0xFB868CE4,
		0xDE8F91C4, 0xC3C59DCE, 0xACE5B03A, 0x9B6CC7D6, 0x907DE319,
		0x8CCE003C, 0x909C1D5C, 0x9BA73893, 0xAD39501D, 0xC42C6271,
		0xDF036E5F, 0xFBFF7320, 0x193D7066, 0x34D8665C, 0x4D0355AC,
		0x602C3F69, 0x6D152507, 0x72E7083D, 0x7140EAEA, 0x683DCEF6,
		0x5872B632, 0x42E8A23A, 0x2905945B, 0x0C778D7B, 0xEF198E0D,
		0xD2D59607, 0xB980A4E5, 0xA4C1B9B0, 0x95F0D30C, 0x8E04EF55,
		0x8D810CB2, 0x9470293D, 0xA25D4319, 0xB6605899, 0xCF2C6856,
		0xEB25714B, 0x087972E2, 0x25406D02, 0x3F9B600B, 0x55D44CD6,
		0x667834A2, 0x70731902, 0x731EFBC3, 0x6E4EDEC9, 0x6252C3F9,
		0x4FF1AD0F, 0x385F9B8A, 0x1D22908C, 0x00008CCE, 0xE2DE908C,
		0xC7A19B8A, 0xB00FAD0F, 0x9DAEC3F9, 0x91B2DEC9, 0x8CE2FBC3,
		0x8F8D1902, 0x998834A2, 0xAA2C4CD6, 0xC065600B, 0xDAC06D02,
		0xF78772E2, 0x14DB714B, 0x30D46856, 0x49A05899, 0x5DA34319,
		0x6B90293D, 0x727F0CB2, 0x71FCEF55, 0x6A10D30C, 0x5B3FB9B0,
		0x4680A4E5, 0x2D2B9607, 0x10E78E0D, 0xF3898D7B, 0xD6FB945B,
		0xBD18A23A, 0xA78EB632, 0x97C3CEF6, 0x8EC0EAEA, 0x8D19083D,
		0x92EB2507, 0x9FD43F69, 0xB2FD55AC, 0xCB28665C, 0xE6C37066,
		0x04017320, 0x20FD6E5F, 0x3BD46271, 0x52C7501D, 0x64593893,
		0x6F641D5C, 0x7332003C, 0x6F83E319, 0x6494C7D6, 0x531BB03A,
		0x3C3B9DCE, 0x217191C4, 0x047A8CE4, 0xE7388F80, 0xCB93996C,
		0xB357AA04, 0xA016C032, 0x9312DA87, 0x8D22F74A, 0x8EAA149F,
		0x9790309D, 0xA7404972, 0xBCB65D80, 0xD68B6B7A, 0xF3127278,
		0x10707205, 0x2CBC6A28, 0x46215B64, 0x5AF646B0, 0x69E12D63,
		0x71EA1123, 0x728CF3C5, 0x6BBBD734, 0x5DE9BD49, 0x49FDA7B4,
		0x314197DD, 0x15518ECB, 0xF7FF8D15, 0xDB3292D7, 0xC0C99FB2,
		0xAA7DB2D0, 0x99BFCAF3, 0x8FA8E688, 0x8CDD03C5, 0x919020C3,
		0x9D703BA0, 0xAFB8529D, 0xC738643B, 0xE26A6F55, 0xFF877332,
		0x1CAD6F92, 0x37F564B1, 0x4F9A5345, 0x62133C6E, 0x6E2B21AA,
		0x731A04B6, 0x708DE773, 0x66AFCBC9, 0x5624B384, 0x4000A038,
		0x25B39325, 0x08F28D27, 0xEB9C8E9F, 0xCF9A9777, 0xB6BDA71A,
		0xA2A3BC85, 0x949CD652, 0x8D8FF2D6, 0x8DF31034, 0x95C12C85,
		0xA47745F1, 0xB9215AD1, 0xD26669C9, 0xEEA271E1, 0x0BFF7292,
		0x28946BD0, 0x42865E0C, 0x58254A2B, 0x68093177, 0x712A158C,
		0x72EFF83B, 0x6D3CDB6B, 0x606FC0FC, 0x4D5CAAA5, 0x354399DB,
		0x19B38FB5, 0xFC778CDC, 0xDF77917E, 0xC4939D50, 0xAD8DAF8D,
		0x9BE3C704, 0x90BBE22F, 0x8CCEFF4B, 0x905F1C73, 0x9B3237C1,
		0xAC924F6F, 0xC35E61F3, 0xDE1C6E19, 0xFB0E7317, 0x1852709A,
		0x340166CA, 0x4C4F564C, 0x5FA74032, 0x6CC725EB, 0x72D5092E,
		0x716BEBD7, 0x68A2CFD1, 0x590CB6EC, 0x43ACA2C7, 0x29E694B1,
		0x0D668D96, 0xF0088DEA, 0xD3B395AA, 0xBA3FA453, 0xA555B8F1,
		0x964FD22E, 0x8E28EE66, 0x8D680BC3, 0x941B285B, 0xA1D14255,
		0xB5A757FE, 0xCE5267EF, 0xEA38711E, 0x078972F3, 0x245C6D4F,
		0x3ED2608F, 0x55324D89, 0x66093578, 0x703E19EE, 0x7326FCB4,
		0x6E93DFB0, 0x62CFC4C7, 0x509EADB7, 0x39319C01, 0x1E0B90CA,
		0x00F18CCF, 0xE3C89050, 0xC8749B14, 0xB0BDAC68, 0x9E2DC32B,
		0x91F9DDE2, 0x8CECFAD1, 0x8F5A1817, 0x991B33CB, 0xA98C4C22,
		0xBF9C5F85, 0xD9DC6CB3, 0xF69672D0, 0x13ED7176, 0x2FF968BC,
		0x48E65933, 0x5D1643DD, 0x6B392A1E, 0x72630DA2, 0x721EF043,
		0x6A6DD3EB, 0x5BD2BA6F, 0x473EA57A, 0x2E099667, 0x11D68E31,
		0xF4798D62, 0xD7DD9406, 0xBDDDA1AE, 0xA829B579, 0x982BCE1C,
		0x8EEDE9FD, 0x8D09074D, 0x929E2423, 0x9F503E9F, 0xB24A550A,
		0xCA5265ED, 0xE5D77030, 0x03107328, 0x20166EA3, 0x3B0562EE,
		0x521F50C9, 0x63E13965, 0x6F261E45, 0x7331012E, 0x6FBFE402,
		0x6509C8A9, 0x53C1B0E9, 0x3D089E4D, 0x2257920B, 0x056B8CEE,
		0xE8248F4D, 0xCC6B98FF, 0xB40CA964, 0xA09DBF6A, 0x9361D9A3,
		0x8D35F65A, 0x8E8013B2, 0x972B2FC2, 0xA6A748B7, 0xBBF25CF2,
		0xD5AA6B22, 0xF222725C, 0x0F817226, 0x2BDE6A85, 0x45615BF6,
		0x5A61476E, 0x69812E40, 0x71C51211, 0x72A4F4B5, 0x6C0FD816,
		0x5E74BE0E, 0x4AB5A850, 0x321A9845, 0x163E8EF9, 0xF8F08D05,
		0xDC17928B, 0xC1939F2F, 0xAB1FB21E, 0x9A2FCA1D, 0x8FDEE59D,
		0x8CD702D4, 0x914C1FDC, 0x9CF43AD1, 0xAF0C51F4, 0xC66763C3,
		0xE1816F16, 0xFE967330, 0x1BC36FCD, 0x37226526, 0x4EEB53EB,
		0x61933D3B, 0x6DE32291, 0x730F05A7, 0x70BFE85F, 0x671BCCA1,
		0x56C4B439, 0x40C8A0BF, 0x26969375, 0x09E28D3A, 0xEC8A8E76,
		0xD0759712, 0xB778A681, 0xA332BBC2, 0x94F4D572, 0x8DABF1E6,
		0x8DD20F45, 0x95652BA6, 0xA3E54530, 0xB8635A3B, 0xD1886969,
		0xEDB371BC, 0x0B0F72AA, 0x27B26C24, 0x41C05E97, 0x57894AE3,
		0x67A13251, 0x70FC1679, 0x72FEF92C, 0x6D87DC50, 0x60F2C1C6,
		0x4E0FAB48, 0x36189A4B, 0x1A9E8FEC, 0xFD698CD5, 0xE05E913B,
		0xC5629CD5, 0xAE36AEE1, 0x9C5BC633, 0x90FAE147, 0x8CD1FE5A,
		0x90241B88, 0x9ABE36ED, 0xABEC4EBF, 0xC2926173, 0xDD366DD1,
		0xFA1D730C, 0x176670CC, 0x33296736, 0x4B9956EB, 0x5F1F40FA,
		0x6C7626CF, 0x72C00A1E, 0x7195ECC5, 0x6906D0AC, 0x59A5B7A7,
		0x446FA355, 0x2AC6950A, 0x0E568DB3, 0xF0F78DCA, 0xD492954E,
		0xBB00A3C1, 0xA5EAB834, 0x96B0D151, 0x8E4EED78, 0x8D500AD2,
		0x93C72779, 0xA147418F, 0xB4EF5762, 0xCD796786, 0xE94C70F0,
		0x06987302, 0x23776D9A, 0x3E076112, 0x548F4E3B, 0x6598364E,
		0x70061AD9, 0x732CFDA5, 0x6ED5E098, 0x634AC596, 0x514AAE61,
		0x3A019C79, 0x1EF4910A, 0x01E38CD2, 0xE4B29016, 0xC9489AA1,
		0xB16DABC3, 0x9EADC25F, 0x9241DCFC, 0x8CF7F9E1, 0x8F28172B,
		0x98AF32F3, 0xA8ED4B6C, 0xBED45EFD, 0xD8F86C62, 0xF5A672BB,
		0x12FF719F, 0x2F1D691F, 0x482A59CA, 0x5C87449F, 0x6ADF2AFE,
		0x72460E92, 0x723EF133, 0x6AC9D4CA, 0x5C63BB30, 0x47FBA610,
		0x2EE696C8, 0x12C48E58, 0xF56A8D4B, 0xD8C093B2, 0xBEA3A125,
		0xA8C6B4C2, 0x9894CD43, 0x8F1CE910, 0x8CFB065C, 0x9253233D,
		0x9ECD3DD4, 0xB1995466, 0xC97D657C, 0xE4ED6FF8, 0x021F732D,
		0x1F2E6EE6, 0x3A366368, 0x51755175, 0x63683A36, 0x6EE61F2E,
		0x732D021F, 0x6FF8E4ED, 0x657CC97D, 0x5466B199, 0x3DD49ECD,
		0x233D9253, 0x065C8CFB, 0xE9108F1C, 0xCD439894, 0xB4C2A8C6,
		0xA125BEA3, 0x93B2D8C0, 0x8D4BF56A, 0x8E5812C4, 0x96C82EE6,
		0xA61047FB, 0xBB305C63, 0xD4CA6AC9, 0xF133723E, 0x0E927246,
		0x2AFE6ADF, 0x449F5C87, 0x59CA482A, 0x691F2F1D, 0x719F12FF,
		0x72BBF5A6, 0x6C62D8F8, 0x5EFDBED4, 0x4B6CA8ED, 0x32F398AF,
		0x172B8F28, 0xF9E18CF7, 0xDCFC9241, 0xC25F9EAD, 0xABC3B16D,
		0x9AA1C948, 0x9016E4B2, 0x8CD201E3, 0x910A1EF4, 0x9C793A01,
		0xAE61514A, 0xC596634A, 0xE0986ED5, 0xFDA5732C, 0x1AD97006,
		0x364E6598, 0x4E3B548F, 0x61123E07, 0x6D9A2377, 0x73020698,
		0x70F0E94C, 0x6786CD79, 0x5762B4EF, 0x418FA147, 0x277993C7,
		0x0AD28D50, 0xED788E4E, 0xD15196B0, 0xB834A5EA, 0xA3C1BB00,
		0x954ED492, 0x8DCAF0F7, 0x8DB30E56, 0x950A2AC6, 0xA355446F,
		0xB7A759A5, 0xD0AC6906, 0xECC57195, 0x0A1E72C0, 0x26CF6C76,
		0x40FA5F1F, 0x56EB4B99, 0x67363329, 0x70CC1766, 0x730CFA1D,
		0x6DD1DD36, 0x6173C292, 0x4EBFABEC, 0x36ED9ABE, 0x1B889024,
		0xFE5A8CD1, 0xE14790FA, 0xC6339C5B, 0xAEE1AE36, 0x9CD5C562,
		0x913BE05E, 0x8CD5FD69, 0x8FEC1A9E, 0x9A4B3618, 0xAB484E0F,
		0xC1C660F2, 0xDC506D87, 0xF92C72FE, 0x167970FC, 0x325167A1,
		0x4AE35789, 0x5E9741C0, 0x6C2427B2, 0x72AA0B0F, 0x71BCEDB3,
		0x6969D188, 0x5A3BB863, 0x4530A3E5, 0x2BA69565, 0x0F458DD2,
		0xF1E68DAB, 0xD57294F4, 0xBBC2A332, 0xA681B778, 0x9712D075,
		0x8E76EC8A, 0x8D3A09E2, 0x93752696, 0xA0BF40C8, 0xB43956C4,
		0xCCA1671B, 0xE85F70BF, 0x05A7730F, 0x22916DE3, 0x3D3B6193,
		0x53EB4EEB, 0x65263722, 0x6FCD1BC3, 0x7330FE96, 0x6F16E181,
		0x63C3C667, 0x51F4AF0C, 0x3AD19CF4, 0x1FDC914C, 0x02D48CD7,
		0xE59D8FDE, 0xCA1D9A2F, 0xB21EAB1F, 0x9F2FC193, 0x928BDC17,
		0x8D05F8F0, 0x8EF9163E, 0x9845321A, 0xA8504AB5, 0xBE0E5E74,
		0xD8166C0F, 0xF4B572A4, 0x121171C5, 0x2E406981, 0x476E5A61,
		0x5BF64561, 0x6A852BDE, 0x72260F81, 0x725CF222, 0x6B22D5AA,
		0x5CF2BBF2, 0x48B7A6A7, 0x2FC2972B, 0x13B28E80, 0xF65A8D35,
		0xD9A39361, 0xBF6AA09D, 0xA964B40C, 0x98FFCC6B, 0x8F4DE824,
		0x8CEE056B, 0x920B2257, 0x9E4D3D08, 0xB0E953C1, 0xC8A96509,
		0xE4026FBF, 0x012E7331, 0x1E456F26, 0x396563E1, 0x50C9521F,
		0x62EE3B05, 0x6EA32016, 0x73280310, 0x7030E5D7, 0x65EDCA52,
		0x550AB24A, 0x3E9F9F50, 0x2423929E, 0x074D8D09, 0xE9FD8EED,
		0xCE1C982B, 0xB579A829, 0xA1AEBDDD, 0x9406D7DD, 0x8D62F479,
		0x8E3111D6, 0x96672E09, 0xA57A473E, 0xBA6F5BD2, 0xD3EB6A6D,
		0xF043721E, 0x0DA27263, 0x2A1E6B39, 0x43DD5D16, 0x593348E6,
		0x68BC2FF9, 0x717613ED, 0x72D0F696, 0x6CB3D9DC, 0x5F85BF9C,
		0x4C22A98C, 0x33CB991B, 0x18178F5A, 0xFAD18CEC, 0xDDE291F9,
		0xC32B9E2D, 0xAC68B0BD, 0x9B14C874, 0x9050E3C8, 0x8CCF00F1,
		0x90CA1E0B, 0x9C013931, 0xADB7509E, 0xC4C762CF, 0xDFB06E93,
		0xFCB47326, 0x19EE703E, 0x35786609, 0x4D895532, 0x608F3ED2,
		0x6D4F245C, 0x72F30789, 0x711EEA38, 0x67EFCE52, 0x57FEB5A7,
		0x4255A1D1, 0x285B941B, 0x0BC38D68, 0xEE668E28, 0xD22E964F,
		0xB8F1A555, 0xA453BA3F, 0x95AAD3B3, 0x8DEAF008, 0x8D960D66,
		0x94B129E6, 0xA2C743AC, 0xB6EC590C, 0xCFD168A2, 0xEBD7716B,
		0x092E72D5, 0x25EB6CC7, 0x40325FA7, 0x564C4C4F, 0x66CA3401,
		0x709A1852, 0x7317FB0E, 0x6E19DE1C, 0x61F3C35E, 0x4F6FAC92,
		0x37C19B32, 0x1C73905F, 0xFF4B8CCE, 0xE22F90BB, 0xC7049BE3,
		0xAF8DAD8D, 0x9D50C493, 0x917EDF77, 0x8CDCFC77, 0x8FB519B3,
		0x99DB3543, 0xAAA54D5C, 0xC0FC606F, 0xDB6B6D3C, 0xF83B72EF,
		0x158C712A, 0x31776809, 0x4A2B5825, 0x5E0C4286, 0x6BD02894,
		0x72920BFF, 0x71E1EEA2, 0x69C9D266, 0x5AD1B921, 0x45F1A477,
		0x2C8595C1, 0x10348DF3, 0xF2D68D8F, 0xD652949C, 0xBC85A2A3,
		0xA71AB6BD, 0x9777CF9A, 0x8E9FEB9C, 0x8D2708F2, 0x932525B3,
		0xA0384000, 0xB3845624, 0xCBC966AF, 0xE773708D, 0x04B6731A,
		0x21AA6E2B, 0x3C6E6213, 0x53454F9A, 0x64B137F5, 0x6F921CAD,
		0x7332FF87, 0x6F55E26A, 0x643BC738, 0x529DAFB8, 0x3BA09D70,
		0x20C39190, 0x03C58CDD, 0xE6888FA8, 0xCAF399BF, 0xB2D0AA7D,
		0x9FB2C0C9, 0x92D7DB32, 0x8D15F7FF, 0x8ECB1551, 0x97DD3141,
		0xA7B449FD, 0xBD495DE9, 0xD7346BBB, 0xF3C5728C, 0x112371EA,
		0x2D6369E1, 0x46B05AF6, 0x5B644621, 0x6A282CBC, 0x72051070,
		0x7278F312, 0x6B7AD68B, 0x5D80BCB6, 0x4972A740, 0x309D9790,
		0x149F8EAA, 0xF74A8D22, 0xDA879312, 0xC032A016, 0xAA04B357,
		0x996CCB93, 0x8F80E738, 0x8CE4047A, 0x91C42171, 0x9DCE3C3B,
		0xB03A531B, 0xC7D66494, 0xE3196F83, 0x003C7332, 0x1D5C6F64,
		0x38936459, 0x501D52C7, 0x62713BD4, 0x6E5F20FD, 0x73200401,
		0x7066E6C3, 0x665CCB28, 0x55ACB2FD, 0x3F699FD4, 0x250792EB,
		0x083D8D19, 0xEAEA8EC0, 0xCEF697C3, 0xB632A78E, 0xA23ABD18,
		0x945BD6FB, 0x8D7BF389, 0x8E0D10E7, 0x96072D2B, 0xA4E54680,
		0xB9B05B3F, 0xD30C6A10, 0xEF5571FC, 0x0CB2727F, 0x293D6B90,
		0x43195DA3, 0x589949A0, 0x685630D4, 0x714B14DB, 0x72E2F787,
		0x6D02DAC0, 0x600BC065, 0x4CD6AA2C, 0x34A29988, 0x19028F8D,
		0xFBC38CE2, 0xDEC991B2, 0xC3F99DAE, 0xAD0FB00F, 0x9B8AC7A1,
		0x908CE2DE, 0x8CCE0000, 0x908C1D22, 0x9B8A385F, 0xAD0F4FF1,
		0xC3F96252, 0xDEC96E4E, 0xFBC3731E, 0x19027073, 0x34A26678,
		0x4CD655D4, 0x600B3F9B, 0x6D022540, 0x72E20879, 0x714BEB25,
		0x6856CF2C, 0x5899B660, 0x4319A25D, 0x293D9470, 0x0CB28D81,
		0xEF558E04, 0xD30C95F0, 0xB9B0A4C1, 0xA4E5B980, 0x9607D2D5,
		0x8E0DEF19, 0x8D7B0C77, 0x945B2905, 0xA23A42E8, 0xB6325872,
		0xCEF6683D, 0xEAEA7140, 0x083D72E7, 0x25076D15, 0x3F69602C,
		0x55AC4D03, 0x665C34D8, 0x7066193D, 0x7320FBFF, 0x6E5FDF03,
		0x6271C42C, 0x501DAD39, 0x38939BA7, 0x1D5C909C, 0x003C8CCE,
		0xE319907D, 0xC7D69B6C, 0xB03AACE5, 0x9DCEC3C5, 0x91C4DE8F,
		0x8CE4FB86, 0x8F8018C8, 0x996C346D, 0xAA044CA9, 0xC0325FEA,
		0xDA876CEE, 0xF74A72DE, 0x149F7156, 0x309D6870, 0x497258C0,
		0x5D80434A, 0x6B7A2975, 0x72780CEE, 0x7205EF90, 0x6A28D344,
		0x5B64B9DF, 0x46B0A50A, 0x2D63961F, 0x11238E16, 0xF3C58D74,
		0xD7349445, 0xBD49A217, 0xA7B4B603, 0x97DDCEBF, 0x8ECBEAAF,
		0x8D150801, 0x92D724CE, 0x9FB23F37, 0xB2D05583, 0xCAF36641,
		0xE6887058, 0x03C57323, 0x20C36E70, 0x3BA06290, 0x529D5048,
		0x643B38C8, 0x6F551D96, 0x73320079, 0x6F92E353, 0x64B1C80B,
		0x5345B066, 0x3C6E9DED, 0x21AA91D5, 0x04B68CE6, 0xE7738F73,
		0xCBC99951, 0xB384A9DC, 0xA038C000, 0x9325DA4D, 0x8D27F70E,
		0x8E9F1464, 0x97773066, 0xA71A4943, 0xBC855D5D, 0xD6526B64,
		0xF2D67271, 0x1034720D, 0x2C856A3F, 0x45F15B89, 0x5AD146DF,
		0x69C92D9A, 0x71E1115E, 0x7292F401, 0x6BD0D76C, 0x5E0CBD7A,
		0x4A2BA7DB, 0x317797F7, 0x158C8ED6, 0xF83B8D11, 0xDB6B92C4,
		0xC0FC9F91, 0xAAA5B2A4, 0x99DBCABD, 0x8FB5E64D, 0x8CDC0389,
		0x917E2089, 0x9D503B6D, 0xAF8D5273, 0xC704641D, 0xE22F6F45,
		0xFF4B7332, 0x1C736FA1, 0x37C164CE, 0x4F6F536E, 0x61F33CA2,
		0x6E1921E4, 0x731704F2, 0x709AE7AE, 0x66CACBFF, 0x564CB3B1,
		0x4032A059, 0x25EB9339, 0x092E8D2B, 0xEBD78E95, 0xCFD1975E,
		0xB6ECA6F4, 0xA2C7BC54, 0x94B1D61A, 0x8D96F29A, 0x8DEA0FF8,
		0x95AA2C4D, 0xA45345C1, 0xB8F15AAB, 0xD22E69B1, 0xEE6671D8,
		0x0BC37298, 0x285B6BE5, 0x42555E2F, 0x57FE4A59, 0x67EF31AE,
		0x711E15C8, 0x72F3F877, 0x6D4FDBA4, 0x608FC12E, 0x4D89AACE,
		0x357899F7, 0x19EE8FC2, 0xFCB48CDA, 0xDFB0916D, 0xC4C79D31,
		0xADB7AF62, 0x9C01C6CF, 0x90CAE1F5, 0x8CCFFF0F, 0x90501C38,
		0x9B14378C, 0xAC684F43, 0xC32B61D3, 0xDDE26E07, 0xFAD17314,
		0x181770A6, 0x33CB66E5, 0x4C225674, 0x5F854064, 0x6CB32624,
		0x72D0096A, 0x7176EC13, 0x68BCD007, 0x5933B71A, 0x43DDA2EA,
		0x2A1E94C7, 0x0DA28D9D, 0xF0438DE2, 0xD3EB9593, 0xBA6FA42E,
		0xA57AB8C2, 0x9667D1F7, 0x8E31EE2A, 0x8D620B87, 0x94062823,
		0xA1AE4223, 0xB57957D7, 0xCE1C67D5, 0xE9FD7113, 0x074D72F7,
		0x24236D62, 0x3E9F60B0, 0x550A4DB6, 0x65ED35AE, 0x70301A29,
		0x7328FCF0, 0x6EA3DFEA, 0x62EEC4FB, 0x50C9ADE1, 0x39659C1F,
		0x1E4590DA, 0x012E8CCF, 0xE4029041, 0xC8A99AF7, 0xB0E9AC3F,
		0x9E4DC2F8, 0x920BDDA9, 0x8CEEFA95, 0x8F4D17DC, 0x98FF3395,
		0xA9644BF4, 0xBF6A5F63, 0xD9A36C9F, 0xF65A72CB, 0x13B27180,
		0x2FC268D5, 0x48B75959, 0x5CF2440E, 0x6B222A56, 0x725C0DDE,
		0x7226F07F, 0x6A85D422, 0x5BF6BA9F, 0x476EA59F, 0x2E40967F,
		0x12118E3B, 0xF4B58D5C, 0xD81693F1, 0xBE0EA18C, 0xA850B54B,
		0x9845CDE6, 0x8EF9E9C2, 0x8D050710, 0x928B23E9, 0x9F2F3E6D,
		0xB21E54E1, 0xCA1D65D1, 0xE59D7022, 0x02D47329, 0x1FDC6EB4,
		0x3AD1630C, 0x51F450F4, 0x63C33999, 0x6F161E7F, 0x7330016A,
		0x6FCDE43D, 0x6526C8DE, 0x53EBB115, 0x3D3B9E6D, 0x2291921D,
		0x05A78CF1, 0xE85F8F41, 0xCCA198E5, 0xB439A93C, 0xA0BFBF38,
		0x9375D96A, 0x8D3AF61E, 0x8E761376, 0x97122F8B, 0xA6814888,
		0xBBC25CCE, 0xD5726B0C, 0xF1E67255, 0x0F45722E, 0x2BA66A9B,
		0x45305C1B, 0x5A3B479D, 0x69692E78, 0x71BC124D, 0x72AAF4F1,
		0x6C24D84E, 0x5E97BE40, 0x4AE3A877, 0x3251985F, 0x16798F04,
		0xF92C8D02, 0xDC509279, 0xC1C69F0E, 0xAB48B1F1, 0x9A4BC9E8,
		0x8FECE562, 0x8CD50297, 0x913B1FA2, 0x9CD53A9E, 0xAEE151CA,
		0xC63363A5, 0xE1476F06, 0xFE5A732F, 0x1B886FDC, 0x36ED6542,
		0x4EBF5414, 0x61733D6E, 0x6DD122CA, 0x730C05E3, 0x70CCE89A,
		0x6736CCD7, 0x56EBB467, 0x40FAA0E1, 0x26CF938A, 0x0A1E8D40,
		0xECC58E6B, 0xD0AC96FA, 0xB7A7A65B, 0xA355BB91, 0x950AD53A,
		0x8DB3F1AA, 0x8DCA0F09, 0x954E2B6E, 0xA3C14500, 0xB8345A16,
		0xD1516950, 0xED7871B2, 0x0AD272B0, 0x27796C39, 0x418F5EB9,
		0x57624B11, 0x67863287, 0x70F016B4, 0x7302F968, 0x6D9ADC89,
		0x6112C1F9, 0x4E3BAB71, 0x364E9A68, 0x1AD98FFA, 0xFDA58CD4,
		0xE098912B, 0xC5969CB6, 0xAE61AEB6, 0x9C79C5FF, 0x910AE10C,
		0x8CD2FE1D, 0x90161B4E, 0x9AA136B8, 0xABC34E93, 0xC25F6153,
		0xDCFC6DBF, 0xF9E17309, 0x172B70D8, 0x32F36751, 0x4B6C5713,
		0x5EFD412C, 0x6C622708, 0x72BB0A5A, 0x719FED01, 0x691FD0E3,
		0x59CAB7D6, 0x449FA379, 0x2AFE9521, 0x0E928DBA, 0xF1338DC2,
		0xD4CA9537, 0xBB30A39D, 0xA610B805, 0x96C8D11A, 0x8E58ED3C,
		0x8D4B0A96, 0x93B22740, 0xA125415D, 0xB4C2573A, 0xCD43676C,
		0xE91070E4, 0x065C7305, 0x233D6DAD, 0x3DD46133, 0x54664E67,
		0x657C3683, 0x6FF81B13, 0x732DFDE1, 0x6EE6E0D2, 0x6368C5CA,
		0x5175AE8B, 0x3A369C98, 0x1F2E911A, 0x021F8CD3, 0xE4ED9008,
		0xC97D9A84, 0xB199AB9A, 0x9ECDC22C, 0x9253DCC3, 0x8CFBF9A4,
		0x8F1C16F0, 0x989432BD, 0xA8C64B3E, 0xBEA35EDB, 0xD8C06C4E,
		0xF56A72B5, 0x12C471A8, 0x2EE66938, 0x47FB59F0, 0x5C6344D0,
		0x6AC92B36, 0x723E0ECD, 0x7246F16E, 0x6ADFD502, 0x5C87BB61,
		0x482AA636, 0x2F1D96E1, 0x12FF8E61, 0xF5A68D45, 0xD8F8939E,
		0xBED4A103, 0xA8EDB494, 0x98AFCD0D, 0x8F28E8D5, 0x8CF7061F,
		0x92412304, 0x9EAD3DA1, 0xB16D543D, 0xC948655F, 0xE4B26FEA,
		0x01E3732E, 0x1EF46EF6, 0x3A016387, 0x514A519F, 0x634A3A6A,
		0x6ED51F68, 0x732C025B, 0x7006E527, 0x6598C9B2, 0x548FB1C5,
		0x3E079EEE, 0x23779266, 0x06988CFE, 0xE94C8F10, 0xCD79987A,
		0xB4EFA89E, 0xA147BE71, 0x93C7D887, 0x8D50F52E, 0x8E4E1288,
		0x96B02EAF, 0xA5EA47CC, 0xBB005C3F, 0xD4926AB2, 0xF0F77236,
		0x0E56724D, 0x2AC66AF6, 0x446F5CAB, 0x59A54859, 0x69062F54,
		0x7195133B, 0x72C0F5E2, 0x6C76D931, 0x5F1FBF06, 0x4B99A915,
		0x332998CA, 0x17668F34, 0xFA1D8CF4, 0xDD36922F, 0xC2929E8D,
		0xABECB141, 0x9ABEC913, 0x9024E478, 0x8CD101A6, 0x90FA1EB9,
		0x9C5B39CD, 0xAE36511F, 0xC562632B, 0xE05E6EC5, 0xFD69732B,
		0x1A9E7014, 0x361865B5, 0x4E0F54B8, 0x60F23E3A, 0x6D8723B0,
		0x72FE06D4, 0x70FCE987, 0x67A1CDAF, 0x5789B51D, 0x41C0A169,
		0x27B293DC, 0x0B0F8D56, 0xEDB38E44, 0xD1889697, 0xB863A5C5,
		0xA3E5BAD0, 0x9565D45A, 0x8DD2F0BB, 0x8DAB0E1A, 0x94F42A8E,
		0xA332443E, 0xB778597F, 0xD07568EE, 0xEC8A718A, 0x09E272C6,
		0x26966C8B, 0x40C85F41, 0x56C44BC7, 0x671B335F, 0x70BF17A1,
		0x730FFA59, 0x6DE3DD6F, 0x6193C2C5, 0x4EEBAC15, 0x37229ADA,
		0x1BC39033, 0xFE968CD0, 0xE18190EA, 0xC6679C3D, 0xAF0CAE0C,
		0x9CF4C52F, 0x914CE024, 0x8CD7FD2C, 0x8FDE1A63, 0x9A2F35E3,
		0xAB1F4DE2, 0xC19360D1, 0xDC176D75, 0xF8F072FB, 0x163E7107,
		0x321A67BB, 0x4AB557B0, 0x5E7441F2, 0x6C0F27EA, 0x72A40B4B,
		0x71C5EDEF, 0x6981D1C0, 0x5A61B892, 0x4561A40A, 0x2BDE957B,
		0x0F818DDA, 0xF2228DA4, 0xD5AA94DE, 0xBBF2A30E, 0xA6A7B749,
		0x972BD03E, 0x8E80EC4E, 0x8D3509A6, 0x9361265D, 0xA09D4096,
		0xB40C569C, 0xCC6B6701, 0xE82470B3, 0x056B7312, 0x22576DF5,
		0x3D0861B3, 0x53C14F17, 0x65093757, 0x6FBF1BFE, 0x7331FED2,
		0x6F26E1BB, 0x63E1C69B, 0x521FAF37, 0x3B059D12, 0x2016915D,
		0x03108CD8, 0xE5D78FD0, 0xCA529A13, 0xB24AAAF6, 0x9F50C161,
		0x929EDBDD, 0x8D09F8B3, 0x8EED1603, 0x982B31E4, 0xA8294A87,
		0xBDDD5E52, 0xD7DD6BFA, 0xF479729E, 0x11D671CF, 0x2E096999,
		0x473E5A86, 0x5BD24591, 0x6A6D2C15, 0x721E0FBD, 0x7263F25E,
		0x6B39D5E2, 0x5D16BC23, 0x48E6A6CD, 0x2FF99744, 0x13ED8E8A,
		0xF6968D30, 0xD9DC934D, 0xBF9CA07B, 0xA98CB3DE, 0x991BCC35,
		0x8F5AE7E9, 0x8CEC052F, 0x91F9221E, 0x9E2D3CD5, 0xB0BD5398,
		0xC87464EC, 0xE3C86FB0, 0x00F17331, 0x1E0B6F36, 0x393163FF,
		0x509E5249, 0x62CF3B39, 0x6E932050, 0x7326034C, 0x703EE612,
		0x6609CA88, 0x5532B277, 0x3ED29F71, 0x245C92B1, 0x07898D0D,
		0xEA388EE2, 0xCE529811, 0xB5A7A802, 0xA1D1BDAB, 0x941BD7A5,
		0x8D68F43D, 0x8E28119A, 0x964F2DD2, 0xA555470F, 0xBA3F5BAD,
		0xD3B36A56, 0xF0087216, 0x0D66726A, 0x29E66B4F, 0x43AC5D39,
		0x590C4914, 0x68A2302F, 0x716B1429, 0x72D5F6D2, 0x6CC7DA15,
		0x5FA7BFCE, 0x4C4FA9B4, 0x34019936, 0x18528F66, 0xFB0E8CE9,
		0xDE1C91E7, 0xC35E9E0D, 0xAC92B091, 0x9B32C83F, 0x905FE38D,
		0x8CCE00B5, 0x90BB1DD1, 0x9BE338FC, 0xAD8D5073, 0xC49362B0,
		0xDF776E82, 0xFC777324, 0x19B3704B, 0x35436625, 0x4D5C555B,
		0x606F3F04, 0x6D3C2495, 0x72EF07C5, 0x712AEA74, 0x6809CE89,
		0x5825B5D5, 0x4286A1F4, 0x28949430, 0x0BFF8D6E, 0xEEA28E1F,
		0xD2669637, 0xB921A52F, 0xA477BA0F, 0x95C1D37B, 0x8DF3EFCC,
		0x8D8F0D2A, 0x949C29AE, 0xA2A3437B, 0xB6BD58E6, 0xCF9A6889,
		0xEB9C7161, 0x08F272D9, 0x25B36CDB, 0x40005FC8, 0x56244C7C,
		0x66AF3437, 0x708D188D, 0x731AFB4A, 0x6E2BDE56, 0x6213C392,
		0x4F9AACBB, 0x37F59B4F, 0x1CAD906E, 0xFF878CCE, 0xE26A90AB,
		0xC7389BC5, 0xAFB8AD63, 0x9D70C460, 0x9190DF3D, 0x8CDDFC3B,
		0x8FA81978, 0x99BF350D, 0xAA7D4D30, 0xC0C9604E, 0xDB326D29,
		0xF7FF72EB, 0x15517135, 0x31416823, 0x49FD584C, 0x5DE942B7,
		0x6BBB28CC, 0x728C0C3B, 0x71EAEEDD, 0x69E1D29D, 0x5AF6B950,
		0x4621A49C, 0x2CBC95D8, 0x10708DFB, 0xF3128D88, 0xD68B9486,
		0xBCB6A280, 0xA740B68E, 0x9790CF63, 0x8EAAEB61, 0x8D2208B6,
		0x93122579, 0xA0163FCE, 0xB35755FC, 0xCB936694, 0xE7387080,
		0x047A731C, 0x21716E3C, 0x3C3B6232, 0x531B4FC6, 0x6494382A,
		0x6F831CE7, 0x7332FFC4, 0x6F64E2A4, 0x6459C76D, 0x52C7AFE3,
		0x3BD49D8F, 0x20FD91A1, 0x04018CE0, 0xE6C38F9A, 0xCB2899A4,
		0xB2FDAA54, 0x9FD4C097, 0x92EBDAF9, 0x8D19F7C3, 0x8EC01516,
		0x97C3310A, 0xA78E49CE, 0xBD185DC6, 0xD6FB6BA5, 0xF3897285,
		0x10E771F3, 0x2D2B69F9, 0x46805B1B, 0x5B3F4650, 0x6A102CF4,
		0x71FC10AB, 0x727FF34E, 0x6B90D6C3, 0x5DA3BCE7, 0x49A0A767,
		0x30D497AA, 0x14DB8EB5, 0xF7878D1E, 0xDAC092FE, 0xC0659FF5,
		0xAA2CB32A, 0x9988CB5E, 0x8F8DE6FE, 0x8CE2043D, 0x91B22137,
		0x9DAE3C07, 0xB00F52F1, 0xC7A16476, 0xE2DE6F74, 0x00007332,
		0x1D226F74, 0x385F6476, 0x4FF152F1, 0x62523C07, 0x6E4E2137,
		0x731E043D, 0x7073E6FE, 0x6678CB5E, 0x55D4B32A, 0x3F9B9FF5,
		0x254092FE, 0x08798D1E, 0xEB258EB5, 0xCF2C97AA, 0xB660A767,
		0xA25DBCE7, 0x9470D6C3, 0x8D81F34E, 0x8E0410AB, 0x95F02CF4,
		0xA4C14650, 0xB9805B1B, 0xD2D569F9, 0xEF1971F3, 0x0C777285,
		0x29056BA5, 0x42E85DC6, 0x587249CE, 0x683D310A, 0x71401516,
		0x72E7F7C3, 0x6D15DAF9, 0x602CC097, 0x4D03AA54, 0x34D899A4,
		0x193D8F9A, 0xFBFF8CE0, 0xDF0391A1, 0xC42C9D8F, 0xAD39AFE3,
		0x9BA7C76D, 0x909CE2A4, 0x8CCEFFC4, 0x907D1CE7, 0x9B6C382A,
		0xACE54FC6, 0xC3C56232, 0xDE8F6E3C, 0xFB86731C, 0x18C87080,
		0x346D6694, 0x4CA955FC, 0x5FEA3FCE, 0x6CEE2579, 0x72DE08B6,
		0x7156EB61, 0x6870CF63, 0x58C0B68E, 0x434AA280, 0x29759486,
		0x0CEE8D88, 0xEF908DFB, 0xD34495D8, 0xB9DFA49C, 0xA50AB950,
		0x961FD29D, 0x8E16EEDD, 0x8D740C3B, 0x944528CC, 0xA21742B7,
		0xB603584C, 0xCEBF6823, 0xEAAF7135, 0x080172EB, 0x24CE6D29,
		0x3F37604E, 0x55834D30, 0x6641350D, 0x70581978, 0x7323FC3B,
		0x6E70DF3D, 0x6290C460, 0x5048AD63, 0x38C89BC5, 0x1D9690AB,
		0x00798CCE, 0xE353906E, 0xC80B9B4F, 0xB066ACBB, 0x9DEDC392,
		0x91D5DE56, 0x8CE6FB4A, 0x8F73188D, 0x99513437, 0xA9DC4C7C,
		0xC0005FC8, 0xDA4D6CDB, 0xF70E72D9, 0x14647161, 0x30666889,
		0x494358E6, 0x5D5D437B, 0x6B6429AE, 0x72710D2A, 0x720DEFCC,
		0x6A3FD37B, 0x5B89BA0F, 0x46DFA52F, 0x2D9A9637, 0x115E8E1F,
		0xF4018D6E, 0xD76C9430, 0xBD7AA1F4, 0xA7DBB5D5, 0x97F7CE89,
		0x8ED6EA74, 0x8D1107C5, 0x92C42495, 0x9F913F04, 0xB2A4555B,
		0xCABD6625, 0xE64D704B, 0x03897324, 0x20896E82, 0x3B6D62B0,
		0x52735073, 0x641D38FC, 0x6F451DD1, 0x733200B5, 0x6FA1E38D,
		0x64CEC83F, 0x536EB091, 0x3CA29E0D, 0x21E491E7, 0x04F28CE9,
		0xE7AE8F66, 0xCBFF9936, 0xB3B1A9B4, 0xA059BFCE, 0x9339DA15,
		0x8D2BF6D2, 0x8E951429, 0x975E302F, 0xA6F44914, 0xBC545D39,
		0xD61A6B4F, 0xF29A726A, 0x0FF87216, 0x2C4D6A56, 0x45C15BAD,
		0x5AAB470F, 0x69B12DD2, 0x71D8119A, 0x7298F43D, 0x6BE5D7A5,
		0x5E2FBDAB, 0x4A59A802, 0x31AE9811, 0x15C88EE2, 0xF8778D0D,
		0xDBA492B1, 0xC12E9F71, 0xAACEB277, 0x99F7CA88, 0x8FC2E612,
		0x8CDA034C, 0x916D2050, 0x9D313B39, 0xAF625249, 0xC6CF63FF,
		0xE1F56F36, 0xFF0F7331, 0x1C386FB0, 0x378C64EC, 0x4F435398,
		0x61D33CD5, 0x6E07221E, 0x7314052F, 0x70A6E7E9, 0x66E5CC35,
		0x5674B3DE, 0x4064A07B, 0x2624934D, 0x096A8D30, 0xEC138E8A,
		0xD0079744, 0xB71AA6CD, 0xA2EABC23, 0x94C7D5E2, 0x8D9DF25E,
		0x8DE20FBD, 0x95932C15, 0xA42E4591, 0xB8C25A86, 0xD1F76999,
		0xEE2A71CF, 0x0B87729E, 0x28236BFA, 0x42235E52, 0x57D74A87,
		0x67D531E4, 0x71131603, 0x72F7F8B3, 0x6D62DBDD, 0x60B0C161,
		0x4DB6AAF6, 0x35AE9A13, 0x1A298FD0, 0xFCF08CD8, 0xDFEA915D,
		0xC4FB9D12, 0xADE1AF37, 0x9C1FC69B, 0x90DAE1BB, 0x8CCFFED2,
		0x90411BFE, 0x9AF73757, 0xAC3F4F17, 0xC2F861B3, 0xDDA96DF5,
		0xFA957312, 0x17DC70B3, 0x33956701, 0x4BF4569C, 0x5F634096,
		0x6C9F265D, 0x72CB09A6, 0x7180EC4E, 0x68D5D03E, 0x5959B749,
		0x440EA30E, 0x2A5694DE, 0x0DDE8DA4, 0xF07F8DDA, 0xD422957B,
		0xBA9FA40A, 0xA59FB892, 0x967FD1C0, 0x8E3BEDEF, 0x8D5C0B4B,
		0x93F127EA, 0xA18C41F2, 0xB54B57B0, 0xCDE667BB, 0xE9C27107,
		0x071072FB, 0x23E96D75, 0x3E6D60D1, 0x54E14DE2, 0x65D135E3,
		0x70221A63, 0x7329FD2C, 0x6EB4E024, 0x630CC52F, 0x50F4AE0C,
		0x39999C3D, 0x1E7F90EA, 0x016A8CD0, 0xE43D9033, 0xC8DE9ADA,
		0xB115AC15, 0x9E6DC2C5, 0x921DDD6F, 0x8CF1FA59, 0x8F4117A1,
		0x98E5335F, 0xA93C4BC7, 0xBF385F41, 0xD96A6C8B, 0xF61E72C6,
		0x1376718A, 0x2F8B68EE, 0x4888597F, 0x5CCE443E, 0x6B0C2A8E,
		0x72550E1A, 0x722EF0BB, 0x6A9BD45A, 0x5C1BBAD0, 0x479DA5C5,
		0x2E789697, 0x124D8E44, 0xF4F18D56, 0xD84E93DC, 0xBE40A169,
		0xA877B51D, 0x985FCDAF, 0x8F04E987, 0x8D0206D4, 0x927923B0,
		0x9F0E3E3A, 0xB1F154B8, 0xC9E865B5, 0xE5627014, 0x0297732B,
		0x1FA26EC5, 0x3A9E632B, 0x51CA511F, 0x63A539CD, 0x6F061EB9,
		0x732F01A6, 0x6FDCE478, 0x6542C913, 0x5414B141, 0x3D6E9E8D,
		0x22CA922F, 0x05E38CF4, 0xE89A8F34, 0xCCD798CA, 0xB467A915,
		0xA0E1BF06, 0x938AD931, 0x8D40F5E2, 0x8E6B133B, 0x96FA2F54,
		0xA65B4859, 0xBB915CAB, 0xD53A6AF6, 0xF1AA724D, 0x0F097236,
		0x2B6E6AB2, 0x45005C3F, 0x5A1647CC, 0x69502EAF, 0x71B21288,
		0x72B0F52E, 0x6C39D887, 0x5EB9BE71, 0x4B11A89E, 0x3287987A,
		0x16B48F10, 0xF9688CFE, 0xDC899266, 0xC1F99EEE, 0xAB71B1C5,
		0x9A68C9B2, 0x8FFAE527, 0x8CD4025B, 0x912B1F68, 0x9CB63A6A,
		0xAEB6519F, 0xC5FF6387, 0xE10C6EF6, 0xFE1D732E, 0x1B4E6FEA,
		0x36B8655F, 0x4E93543D, 0x61533DA1, 0x6DBF2304, 0x7309061F,
		0x70D8E8D5, 0x6751CD0D, 0x5713B494, 0x412CA103, 0x2708939E,
		0x0A5A8D45, 0xED018E61, 0xD0E396E1, 0xB7D6A636, 0xA379BB61,
		0x9521D502, 0x8DBAF16E, 0x8DC20ECD, 0x95372B36, 0xA39D44D0,
		0xB80559F0, 0xD11A6938, 0xED3C71A8, 0x0A9672B5, 0x27406C4E,
		0x415D5EDB, 0x573A4B3E, 0x676C32BD, 0x70E416F0, 0x7305F9A4,
		0x6DADDCC3, 0x6133C22C, 0x4E67AB9A, 0x36839A84, 0x1B139008,
		0xFDE18CD3, 0xE0D2911A, 0xC5CA9C98, 0xAE8BAE8B, 0x9C98C5CA,
		0x911AE0D2, 0x8CD3FDE1, 0x90081B13, 0x9A843683, 0xAB9A4E67,
		0xC22C6133, 0xDCC36DAD, 0xF9A47305, 0x16F070E4, 0x32BD676C,
		0x4B3E573A, 0x5EDB415D, 0x6C4E2740, 0x72B50A96, 0x71A8ED3C,
		0x6938D11A, 0x59F0B805, 0x44D0A39D, 0x2B369537, 0x0ECD8DC2,
		0xF16E8DBA, 0xD5029521, 0xBB61A379, 0xA636B7D6, 0x96E1D0E3,
		0x8E61ED01, 0x8D450A5A, 0x939E2708, 0xA103412C, 0xB4945713,
		0xCD0D6751, 0xE8D570D8, 0x061F7309, 0x23046DBF, 0x3DA16153,
		0x543D4E93, 0x655F36B8, 0x6FEA1B4E, 0x732EFE1D, 0x6EF6E10C,
		0x6387C5FF, 0x519FAEB6, 0x3A6A9CB6, 0x1F68912B, 0x025B8CD4,
		0xE5278FFA, 0xC9B29A68, 0xB1C5AB71, 0x9EEEC1F9, 0x9266DC89,
		0x8CFEF968, 0x8F1016B4, 0x987A3287, 0xA89E4B11, 0xBE715EB9,
		0xD8876C39, 0xF52E72B0, 0x128871B2, 0x2EAF6950, 0x47CC5A16,
		0x5C3F4500, 0x6AB22B6E, 0x72360F09, 0x724DF1AA, 0x6AF6D53A,
		0x5CABBB91, 0x4859A65B, 0x2F5496FA, 0x133B8E6B, 0xF5E28D40,
		0xD931938A, 0xBF06A0E1, 0xA915B467, 0x98CACCD7, 0x8F34E89A,
		0x8CF405E3, 0x922F22CA, 0x9E8D3D6E, 0xB1415414, 0xC9136542,
		0xE4786FDC, 0x01A6732F, 0x1EB96F06, 0x39CD63A5, 0x511F51CA,
		0x632B3A9E, 0x6EC51FA2, 0x732B0297, 0x7014E562, 0x65B5C9E8,
		0x54B8B1F1, 0x3E3A9F0E, 0x23B09279, 0x06D48D02, 0xE9878F04,
		0xCDAF985F, 0xB51DA877, 0xA169BE40, 0x93DCD84E, 0x8D56F4F1,
		0x8E44124D, 0x96972E78, 0xA5C5479D, 0xBAD05C1B, 0xD45A6A9B,
		0xF0BB722E, 0x0E1A7255, 0x2A8E6B0C, 0x443E5CCE, 0x597F4888,
		0x68EE2F8B, 0x718A1376, 0x72C6F61E, 0x6C8BD96A, 0x5F41BF38,
		0x4BC7A93C, 0x335F98E5, 0x17A18F41, 0xFA598CF1, 0xDD6F921D,
		0xC2C59E6D, 0xAC15B115, 0x9ADAC8DE, 0x9033E43D, 0x8CD0016A,
		0x90EA1E7F, 0x9C3D3999, 0xAE0C50F4, 0xC52F630C, 0xE0246EB4,
		0xFD2C7329, 0x1A637022, 0x35E365D1, 0x4DE254E1, 0x60D13E6D,
		0x6D7523E9, 0x72FB0710, 0x7107E9C2, 0x67BBCDE6, 0x57B0B54B,
		0x41F2A18C, 0x27EA93F1, 0x0B4B8D5C, 0xEDEF8E3B, 0xD1C0967F,
		0xB892A59F, 0xA40ABA9F, 0x957BD422, 0x8DDAF07F, 0x8DA40DDE,
		0x94DE2A56, 0xA30E440E, 0xB7495959, 0xD03E68D5, 0xEC4E7180,
		0x09A672CB, 0x265D6C9F, 0x40965F63, 0x569C4BF4, 0x67013395,
		0x70B317DC, 0x7312FA95, 0x6DF5DDA9, 0x61B3C2F8, 0x4F17AC3F,
		0x37579AF7, 0x1BFE9041, 0xFED28CCF, 0xE1BB90DA, 0xC69B9C1F,
		0xAF37ADE1, 0x9D12C4FB, 0x915DDFEA, 0x8CD8FCF0, 0x8FD01A29,
		0x9A1335AE, 0xAAF64DB6, 0xC16160B0, 0xDBDD6D62, 0xF8B372F7,
		0x16037113, 0x31E467D5, 0x4A8757D7, 0x5E524223, 0x6BFA2823,
		0x729E0B87, 0x71CFEE2A, 0x6999D1F7, 0x5A86B8C2, 0x4591A42E,
		0x2C159593, 0x0FBD8DE2, 0xF25E8D9D, 0xD5E294C7, 0xBC23A2EA,
		0xA6CDB71A, 0x9744D007, 0x8E8AEC13, 0x8D30096A, 0x934D2624,
		0xA07B4064, 0xB3DE5674, 0xCC3566E5, 0xE7E970A6, 0x052F7314,
		0x221E6E07, 0x3CD561D3, 0x53984F43, 0x64EC378C, 0x6FB01C38,
		0x7331FF0F, 0x6F36E1F5, 0x63FFC6CF, 0x5249AF62, 0x3B399D31,
		0x2050916D, 0x034C8CDA, 0xE6128FC2, 0xCA8899F7, 0xB277AACE,
		0x9F71C12E, 0x92B1DBA4, 0x8D0DF877, 0x8EE215C8, 0x981131AE,
		0xA8024A59, 0xBDAB5E2F, 0xD7A56BE5, 0xF43D7298, 0x119A71D8,
		0x2DD269B1, 0x470F5AAB, 0x5BAD45C1, 0x6A562C4D, 0x72160FF8,
		0x726AF29A, 0x6B4FD61A, 0x5D39BC54, 0x4914A6F4, 0x302F975E,
		0x14298E95, 0xF6D28D2B, 0xDA159339, 0xBFCEA059, 0xA9B4B3B1,
		0x9936CBFF, 0x8F66E7AE, 0x8CE904F2, 0x91E721E4, 0x9E0D3CA2,
		0xB091536E, 0xC83F64CE, 0xE38D6FA1, 0x00B57332, 0x1DD16F45,
		0x38FC641D, 0x50735273, 0x62B03B6D, 0x6E822089, 0x73240389,
		0x704BE64D, 0x6625CABD, 0x555BB2A4, 0x3F049F91, 0x249592C4,
		0x07C58D11, 0xEA748ED6, 0xCE8997F7, 0xB5D5A7DB, 0xA1F4BD7A,
		0x9430D76C, 0x8D6EF401, 0x8E1F115E, 0x96372D9A, 0xA52F46DF,
		0xBA0F5B89, 0xD37B6A3F, 0xEFCC720D, 0x0D2A7271, 0x29AE6B64,
		0x437B5D5D, 0x58E64943, 0x68893066, 0x71611464, 0x72D9F70E,
		0x6CDBDA4D, 0x5FC8C000, 0x4C7CA9DC, 0x34379951, 0x188D8F73,
		0xFB4A8CE6, 0xDE5691D5, 0xC3929DED, 0xACBBB066, 0x9B4FC80B,
		0x906EE353, 0x8CCE0079, 0x90AB1D96, 0x9BC538C8, 0xAD635048,
		0xC4606290, 0xDF3D6E70, 0xFC3B7323, 0x19787058, 0x350D6641,
		0x4D305583, 0x604E3F37, 0x6D2924CE, 0x72EB0801, 0x7135EAAF,
		0x6823CEBF, 0x584CB603, 0x42B7A217, 0x28CC9445, 0x0C3B8D74,
		0xEEDD8E16, 0xD29D961F, 0xB950A50A, 0xA49CB9DF, 0x95D8D344,
		0x8DFBEF90, 0x8D880CEE, 0x94862975, 0xA280434A, 0xB68E58C0,
		0xCF636870, 0xEB617156, 0x08B672DE, 0x25796CEE, 0x3FCE5FEA,
		0x55FC4CA9, 0x6694346D, 0x708018C8, 0x731CFB86, 0x6E3CDE8F,
		0x6232C3C5, 0x4FC6ACE5, 0x382A9B6C, 0x1CE7907D, 0xFFC48CCE,
		0xE2A4909C, 0xC76D9BA7, 0xAFE3AD39, 0x9D8FC42C, 0x91A1DF03,
		0x8CE0FBFF, 0x8F9A193D, 0x99A434D8, 0xAA544D03, 0xC097602C,
		0xDAF96D15, 0xF7C372E7, 0x15167140, 0x310A683D, 0x49CE5872,
		0x5DC642E8, 0x6BA52905, 0x72850C77, 0x71F3EF19, 0x69F9D2D5,
		0x5B1BB980, 0x4650A4C1, 0x2CF495F0, 0x10AB8E04, 0xF34E8D81,
		0xD6C39470, 0xBCE7A25D, 0xA767B660, 0x97AACF2C, 0x8EB5EB25,
		0x8D1E0879, 0x92FE2540, 0x9FF53F9B, 0xB32A55D4, 0xCB5E6678,
		0xE6FE7073, 0x043D731E, 0x21376E4E, 0x3C076252, 0x52F14FF1,
		0x6476385F, 0x6F741D22, 0x73320000, 0x6F74E2DE, 0x6476C7A1,
		0x52F1B00F, 0x3C079DAE, 0x213791B2, 0x043D8CE2, 0xE6FE8F8D,
		0xCB5E9988, 0xB32AAA2C, 0x9FF5C065, 0x92FEDAC0, 0x8D1EF787,
		0x8EB514DB, 0x97AA30D4, 0xA76749A0, 0xBCE75DA3, 0xD6C36B90,
		0xF34E727F, 0x10AB71FC, 0x2CF46A10, 0x46505B3F, 0x5B1B4680,
		0x69F92D2B, 0x71F310E7, 0x7285F389, 0x6BA5D6FB, 0x5DC6BD18,
		0x49CEA78E, 0x310A97C3, 0x15168EC0, 0xF7C38D19, 0xDAF992EB,
		0xC0979FD4, 0xAA54B2FD, 0x99A4CB28, 0x8F9AE6C3, 0x8CE00401,
		0x91A120FD, 0x9D8F3BD4, 0xAFE352C7, 0xC76D6459, 0xE2A46F64,
		0xFFC47332, 0x1CE76F83, 0x382A6494, 0x4FC6531B, 0x62323C3B,
		0x6E3C2171, 0x731C047A, 0x7080E738, 0x6694CB93, 0x55FCB357,
		0x3FCEA016, 0x25799312, 0x08B68D22, 0xEB618EAA, 0xCF639790,
		0xB68EA740, 0xA280BCB6, 0x9486D68B, 0x8D88F312, 0x8DFB1070,
		0x95D82CBC, 0xA49C4621, 0xB9505AF6, 0xD29D69E1, 0xEEDD71EA,
		0x0C3B728C, 0x28CC6BBB, 0x42B75DE9, 0x584C49FD, 0x68233141,
		0x71351551, 0x72EBF7FF, 0x6D29DB32, 0x604EC0C9, 0x4D30AA7D,
		0x350D99BF, 0x19788FA8, 0xFC3B8CDD, 0xDF3D9190, 0xC4609D70,
		0xAD63AFB8, 0x9BC5C738, 0x90ABE26A, 0x8CCEFF87, 0x906E1CAD,
		0x9B4F37F5, 0xACBB4F9A, 0xC3926213, 0xDE566E2B, 0xFB4A731A,
		0x188D708D, 0x343766AF, 0x4C7C5624, 0x5FC84000, 0x6CDB25B3,
		0x72D908F2, 0x7161EB9C, 0x6889CF9A, 0x58E6B6BD, 0x437BA2A3,
		0x29AE949C, 0x0D2A8D8F, 0xEFCC8DF3, 0xD37B95C1, 0xBA0FA477,
		0xA52FB921, 0x9637D266, 0x8E1FEEA2, 0x8D6E0BFF, 0x94302894,
		0xA1F44286, 0xB5D55825, 0xCE896809, 0xEA74712A, 0x07C572EF,
		0x24956D3C, 0x3F04606F, 0x555B4D5C, 0x66253543, 0x704B19B3,
		0x7324FC77, 0x6E82DF77, 0x62B0C493, 0x5073AD8D, 0x38FC9BE3,
		0x1DD190BB, 0x00B58CCE, 0xE38D905F, 0xC83F9B32, 0xB091AC92,
		0x9E0DC35E, 0x91E7DE1C, 0x8CE9FB0E, 0x8F661852, 0x99363401,
		0xA9B44C4F, 0xBFCE5FA7, 0xDA156CC7, 0xF6D272D5, 0x1429716B,
		0x302F68A2, 0x4914590C, 0x5D3943AC, 0x6B4F29E6, 0x726A0D66,
		0x7216F008, 0x6A56D3B3, 0x5BADBA3F, 0x470FA555, 0x2DD2964F,
		0x119A8E28, 0xF43D8D68, 0xD7A5941B, 0xBDABA1D1, 0xA802B5A7,
		0x9811CE52, 0x8EE2EA38, 0x8D0D0789, 0x92B1245C, 0x9F713ED2,
		0xB2775532, 0xCA886609, 0xE612703E, 0x034C7326, 0x20506E93,
		0x3B3962CF, 0x5249509E, 0x63FF3931, 0x6F361E0B, 0x733100F1,
		0x6FB0E3C8, 0x64ECC874, 0x5398B0BD, 0x3CD59E2D, 0x221E91F9,
		0x052F8CEC, 0xE7E98F5A, 0xCC35991B, 0xB3DEA98C, 0xA07BBF9C,
		0x934DD9DC, 0x8D30F696, 0x8E8A13ED, 0x97442FF9, 0xA6CD48E6,
		0xBC235D16, 0xD5E26B39, 0xF25E7263, 0x0FBD721E, 0x2C156A6D,
		0x45915BD2, 0x5A86473E, 0x69992E09, 0x71CF11D6, 0x729EF479,
		0x6BFAD7DD, 0x5E52BDDD, 0x4A87A829, 0x31E4982B, 0x16038EED,
		0xF8B38D09, 0xDBDD929E, 0xC1619F50, 0xAAF6B24A, 0x9A13CA52,
		0x8FD0E5D7, 0x8CD80310, 0x915D2016, 0x9D123B05, 0xAF37521F,
		0xC69B63E1, 0xE1BB6F26, 0xFED27331, 0x1BFE6FBF, 0x37576509,
		0x4F1753C1, 0x61B33D08, 0x6DF52257, 0x7312056B, 0x70B3E824,
		0x6701CC6B, 0x569CB40C, 0x4096A09D, 0x265D9361, 0x09A68D35,
		0xEC4E8E80, 0xD03E972B, 0xB749A6A7, 0xA30EBBF2, 0x94DED5AA,
		0x8DA4F222, 0x8DDA0F81, 0x957B2BDE, 0xA40A4561, 0xB8925A61,
		0xD1C06981, 0xEDEF71C5, 0x0B4B72A4, 0x27EA6C0F, 0x41F25E74,
		0x57B04AB5, 0x67BB321A, 0x7107163E, 0x72FBF8F0, 0x6D75DC17,
		0x60D1C193, 0x4DE2AB1F, 0x35E39A2F, 0x1A638FDE, 0xFD2C8CD7,
		0xE024914C, 0xC52F9CF4, 0xAE0CAF0C, 0x9C3DC667, 0x90EAE181,
		0x8CD0FE96, 0x90331BC3, 0x9ADA3722, 0xAC154EEB, 0xC2C56193,
		0xDD6F6DE3, 0xFA59730F, 0x17A170BF, 0x335F671B, 0x4BC756C4,
		0x5F4140C8, 0x6C8B2696, 0x72C609E2, 0x718AEC8A, 0x68EED075,
		0x597FB778, 0x443EA332, 0x2A8E94F4, 0x0E1A8DAB, 0xF0BB8DD2,
		0xD45A9565, 0xBAD0A3E5, 0xA5C5B863, 0x9697D188, 0x8E44EDB3,
		0x8D560B0F, 0x93DC27B2, 0xA16941C0, 0xB51D5789, 0xCDAF67A1,
		0xE98770FC, 0x06D472FE, 0x23B06D87, 0x3E3A60F2, 0x54B84E0F,
		0x65B53618, 0x70141A9E, 0x732BFD69, 0x6EC5E05E, 0x632BC562,
		0x511FAE36, 0x39CD9C5B, 0x1EB990FA, 0x01A68CD1, 0xE4789024,
		0xC9139ABE, 0xB141ABEC, 0x9E8DC292, 0x922FDD36, 0x8CF4FA1D,
		0x8F341766, 0x98CA3329, 0xA9154B99, 0xBF065F1F, 0xD9316C76,
		0xF5E272C0, 0x133B7195, 0x2F546906, 0x485959A5, 0x5CAB446F,
		0x6AF62AC6, 0x724D0E56, 0x7236F0F7, 0x6AB2D492, 0x5C3FBB00,
		0x47CCA5EA, 0x2EAF96B0, 0x12888E4E, 0xF52E8D50, 0xD88793C7,
		0xBE71A147, 0xA89EB4EF, 0x987ACD79, 0x8F10E94C, 0x8CFE0698,
		0x92662377, 0x9EEE3E07, 0xB1C5548F, 0xC9B26598, 0xE5277006,
		0x025B732C, 0x1F686ED5, 0x3A6A634A, 0x519F514A, 0x63873A01,
		0x6EF61EF4, 0x732E01E3, 0x6FEAE4B2, 0x655FC948, 0x543DB16D,
		0x3DA19EAD, 0x23049241, 0x061F8CF7, 0xE8D58F28, 0xCD0D98AF,
		0xB494A8ED, 0xA103BED4, 0x939ED8F8, 0x8D45F5A6, 0x8E6112FF,
		0x96E12F1D, 0xA636482A, 0xBB615C87, 0xD5026ADF, 0xF16E7246,
		0x0ECD723E, 0x2B366AC9, 0x44D05C63, 0x59F047FB, 0x69382EE6,
		0x71A812C4, 0x72B5F56A, 0x6C4ED8C0, 0x5EDBBEA3, 0x4B3EA8C6,
		0x32BD9894, 0x16F08F1C, 0xF9A48CFB, 0xDCC39253, 0xC22C9ECD,
		0xAB9AB199, 0x9A84C97D, 0x9008E4ED, 0x8CD3021F, 0x911A1F2E,
		0x9C983A36, 0xAE8B5175, 0xC5CA6368, 0xE0D26EE6, 0xFDE1732D,
		0x1B136FF8, 0x3683657C, 0x4E675466, 0x61333DD4, 0x6DAD233D,
		0x7305065C, 0x70E4E910, 0x676CCD43, 0x573AB4C2, 0x415DA125,
		0x274093B2, 0x0A968D4B, 0xED3C8E58, 0xD11A96C8, 0xB805A610,
		0xA39DBB30, 0x9537D4CA, 0x8DC2F133, 0x8DBA0E92, 0x95212AFE,
		0xA379449F, 0xB7D659CA, 0xD0E3691F, 0xED01719F, 0x0A5A72BB,
		0x27086C62, 0x412C5EFD, 0x57134B6C, 0x675132F3, 0x70D8172B,
		0x7309F9E1, 0x6DBFDCFC, 0x6153C25F, 0x4E93ABC3, 0x36B89AA1,
		0x1B4E9016, 0xFE1D8CD2, 0xE10C910A, 0xC5FF9C79, 0xAEB6AE61,
		0x9CB6C596, 0x912BE098, 0x8CD4FDA5, 0x8FFA1AD9, 0x9A68364E,
		0xAB714E3B, 0xC1F96112, 0xDC896D9A, 0xF9687302, 0x16B470F0,
		0x32876786, 0x4B115762, 0x5EB9418F, 0x6C392779, 0x72B00AD2,
		0x71B2ED78, 0x6950D151, 0x5A16B834, 0x4500A3C1, 0x2B6E954E,
		0x0F098DCA, 0xF1AA8DB3, 0xD53A950A, 0xBB91A355, 0xA65BB7A7,
		0x96FAD0AC, 0x8E6BECC5, 0x8D400A1E, 0x938A26CF, 0xA0E140FA,
		0xB46756EB, 0xCCD76736, 0xE89A70CC, 0x05E3730C, 0x22CA6DD1,
		0x3D6E6173, 0x54144EBF, 0x654236ED, 0x6FDC1B88, 0x732FFE5A,
		0x6F06E147, 0x63A5C633, 0x51CAAEE1, 0x3A9E9CD5, 0x1FA2913B,
		0x02978CD5, 0xE5628FEC, 0xC9E89A4B, 0xB1F1AB48, 0x9F0EC1C6,
		0x9279DC50, 0x8D02F92C, 0x8F041679, 0x985F3251, 0xA8774AE3,
		0xBE405E97, 0xD84E6C24, 0xF4F172AA, 0x124D71BC, 0x2E786969,
		0x479D5A3B, 0x5C1B4530, 0x6A9B2BA6, 0x722E0F45, 0x7255F1E6,
		0x6B0CD572, 0x5CCEBBC2, 0x4888A681, 0x2F8B9712, 0x13768E76,
		0xF61E8D3A, 0xD96A9375, 0xBF38A0BF, 0xA93CB439, 0x98E5CCA1,
		0x8F41E85F, 0x8CF105A7, 0x921D2291, 0x9E6D3D3B, 0xB11553EB,
		0xC8DE6526, 0xE43D6FCD, 0x016A7330, 0x1E7F6F16, 0x399963C3,
		0x50F451F4, 0x630C3AD1, 0x6EB41FDC, 0x732902D4, 0x7022E59D,
		0x65D1CA1D, 0x54E1B21E, 0x3E6D9F2F, 0x23E9928B, 0x07108D05,
		0xE9C28EF9, 0xCDE69845, 0xB54BA850, 0xA18CBE0E, 0x93F1D816,
		0x8D5CF4B5, 0x8E3B1211, 0x967F2E40, 0xA59F476E, 0xBA9F5BF6,
		0xD4226A85, 0xF07F7226, 0x0DDE725C, 0x2A566B22, 0x440E5CF2,
		0x595948B7, 0x68D52FC2, 0x718013B2, 0x72CBF65A, 0x6C9FD9A3,
		0x5F63BF6A, 0x4BF4A964, 0x339598FF, 0x17DC8F4D, 0xFA958CEE,
		0xDDA9920B, 0xC2F89E4D, 0xAC3FB0E9, 0x9AF7C8A9, 0x9041E402,
		0x8CCF012E, 0x90DA1E45, 0x9C1F3965, 0xADE150C9, 0xC4FB62EE,
		0xDFEA6EA3, 0xFCF07328, 0x1A297030, 0x35AE65ED, 0x4DB6550A,
		0x60B03E9F, 0x6D622423, 0x72F7074D, 0x7113E9FD, 0x67D5CE1C,
		0x57D7B579, 0x4223A1AE, 0x28239406, 0x0B878D62, 0xEE2A8E31,
		0xD1F79667, 0xB8C2A57A, 0xA42EBA6F, 0x9593D3EB, 0x8DE2F043,
		0x8D9D0DA2, 0x94C72A1E, 0xA2EA43DD, 0xB71A5933, 0xD00768BC,
		0xEC137176, 0x096A72D0, 0x26246CB3, 0x40645F85, 0x56744C22,
		0x66E533CB, 0x70A61817, 0x7314FAD1, 0x6E07DDE2, 0x61D3C32B,
		0x4F43AC68, 0x378C9B14, 0x1C389050, 0xFF0F8CCF, 0xE1F590CA,
		0xC6CF9C01, 0xAF62ADB7, 0x9D31C4C7, 0x916DDFB0, 0x8CDAFCB4,
		0x8FC219EE, 0x99F73578, 0xAACE4D89, 0xC12E608F, 0xDBA46D4F,
		0xF87772F3, 0x15C8711E, 0x31AE67EF, 0x4A5957FE, 0x5E2F4255,
		0x6BE5285B, 0x72980BC3, 0x71D8EE66, 0x69B1D22E, 0x5AABB8F1,
		0x45C1A453, 0x2C4D95AA, 0x0FF88DEA, 0xF29A8D96, 0xD61A94B1,
		0xBC54A2C7, 0xA6F4B6EC, 0x975ECFD1, 0x8E95EBD7, 0x8D2B092E,
		0x933925EB, 0xA0594032, 0xB3B1564C, 0xCBFF66CA, 0xE7AE709A,
		0x04F27317, 0x21E46E19, 0x3CA261F3, 0x536E4F6F, 0x64CE37C1,
		0x6FA11C73, 0x7332FF4B, 0x6F45E22F, 0x641DC704, 0x5273AF8D,
		0x3B6D9D50, 0x2089917E, 0x03898CDC, 0xE64D8FB5, 0xCABD99DB,
		0xB2A4AAA5, 0x9F91C0FC, 0x92C4DB6B, 0x8D11F83B, 0x8ED6158C,
		0x97F73177, 0xA7DB4A2B, 0xBD7A5E0C, 0xD76C6BD0, 0xF4017292,
		0x115E71E1, 0x2D9A69C9, 0x46DF5AD1, 0x5B8945F1, 0x6A3F2C85,
		0x720D1034, 0x7271F2D6, 0x6B64D652, 0x5D5DBC85, 0x4943A71A,
		0x30669777, 0x14648E9F, 0xF70E8D27, 0xDA4D9325, 0xC000A038,
		0xA9DCB384, 0x9951CBC9, 0x8F73E773, 0x8CE604B6, 0x91D521AA,
		0x9DED3C6E, 0xB0665345, 0xC80B64B1, 0xE3536F92, 0x00797332,
		0x1D966F55, 0x38C8643B, 0x5048529D, 0x62903BA0, 0x6E7020C3,
		0x732303C5, 0x7058E688, 0x6641CAF3, 0x5583B2D0, 0x3F379FB2,
		0x24CE92D7, 0x08018D15, 0xEAAF8ECB, 0xCEBF97DD, 0xB603A7B4,
		0xA217BD49, 0x9445D734, 0x8D74F3C5, 0x8E161123, 0x961F2D63,
		0xA50A46B0, 0xB9DF5B64, 0xD3446A28, 0xEF907205, 0x0CEE7278,
		0x29756B7A, 0x434A5D80, 0x58C04972, 0x6870309D, 0x7156149F,
		0x72DEF74A, 0x6CEEDA87, 0x5FEAC032, 0x4CA9AA04, 0x346D996C,
		0x18C88F80, 0xFB868CE4, 0xDE8F91C4, 0xC3C59DCE, 0xACE5B03A,
		0x9B6CC7D6, 0x907DE319, 0x8CCE003C, 0x909C1D5C, 0x9BA73893,
		0xAD39501D, 0xC42C6271, 0xDF036E5F, 0xFBFF7320, 0x193D7066,
		0x34D8665C, 0x4D0355AC, 0x602C3F69, 0x6D152507, 0x72E7083D,
		0x7140EAEA, 0x683DCEF6, 0x5872B632, 0x42E8A23A, 0x2905945B,
		0x0C778D7B, 0xEF198E0D, 0xD2D59607, 0xB980A4E5, 0xA4C1B9B0,
		0x95F0D30C, 0x8E04EF55, 0x8D810CB2, 0x9470293D, 0xA25D4319,
		0xB6605899, 0xCF2C6856, 0xEB25714B, 0x087972E2, 0x25406D02,
		0x3F9B600B, 0x55D44CD6, 0x667834A2, 0x70731902, 0x731EFBC3,
		0x6E4EDEC9, 0x6252C3F9, 0x4FF1AD0F, 0x385F9B8A, 0x1D22908C,
		0x00008CCE, 0xE2DE908C, 0xC7A19B8A, 0xB00FAD0F, 0x9DAEC3F9,
		0x91B2DEC9, 0x8CE2FBC3, 0x8F8D1902, 0x998834A2, 0xAA2C4CD6,
		0xC065600B, 0xDAC06D02, 0xF78772E2, 0x14DB714B, 0x30D46856,
		0x49A05899, 0x5DA34319, 0x6B90293D, 0x727F0CB2, 0x71FCEF55,
		0x6A10D30C, 0x5B3FB9B0, 0x4680A4E5, 0x2D2B9607, 0x10E78E0D,
		0xF3898D7B, 0xD6FB945B, 0xBD18A23A, 0xA78EB632, 0x97C3CEF6,
		0x8EC0EAEA, 0x8D19083D, 0x92EB2507, 0x9FD43F69, 0xB2FD55AC,
		0xCB28665C, 0xE6C37066, 0x04017320, 0x20FD6E5F, 0x3BD46271,
		0x52C7501D, 0x64593893, 0x6F641D5C, 0x7332003C, 0x6F83E319,
		0x6494C7D6, 0x531BB03A, 0x3C3B9DCE, 0x217191C4, 0x047A8CE4,
		0xE7388F80, 0xCB93996C, 0xB357AA04, 0xA016C032, 0x9312DA87,
		0x8D22F74A, 0x8EAA149F, 0x9790309D, 0xA7404972, 0xBCB65D80,
		0xD68B6B7A, 0xF3127278, 0x10707205, 0x2CBC6A28, 0x46215B64,
		0x5AF646B0, 0x69E12D63, 0x71EA1123, 0x728CF3C5, 0x6BBBD734,
		0x5DE9BD49, 0x49FDA7B4, 0x314197DD, 0x15518ECB, 0xF7FF8D15,
		0xDB3292D7, 0xC0C99FB2, 0xAA7DB2D0, 0x99BFCAF3, 0x8FA8E688,
		0x8CDD03C5, 0x919020C3, 0x9D703BA0, 0xAFB8529D, 0xC738643B,
		0xE26A6F55, 0xFF877332, 0x1CAD6F92, 0x37F564B1, 0x4F9A5345,
		0x62133C6E, 0x6E2B21AA, 0x731A04B6, 0x708DE773, 0x66AFCBC9,
		0x5624B384, 0x4000A038, 0x25B39325, 0x08F28D27, 0xEB9C8E9F,
		0xCF9A9777, 0xB6BDA71A, 0xA2A3BC85, 0x949CD652, 0x8D8FF2D6,
		0x8DF31034, 0x95C12C85, 0xA47745F1, 0xB9215AD1, 0xD26669C9,
		0xEEA271E1, 0x0BFF7292, 0x28946BD0, 0x42865E0C, 0x58254A2B,
		0x68093177, 0x712A158C, 0x72EFF83B, 0x6D3CDB6B, 0x606FC0FC,
		0x4D5CAAA5, 0x354399DB, 0x19B38FB5, 0xFC778CDC, 0xDF77917E,
		0xC4939D50, 0xAD8DAF8D, 0x9BE3C704, 0x90BBE22F, 0x8CCEFF4B,
		0x905F1C73, 0x9B3237C1, 0xAC924F6F, 0xC35E61F3, 0xDE1C6E19,
		0xFB0E7317, 0x1852709A, 0x340166CA, 0x4C4F564C, 0x5FA74032,
		0x6CC725EB, 0x72D5092E, 0x716BEBD7, 0x68A2CFD1, 0x590CB6EC,
		0x43ACA2C7, 0x29E694B1, 0x0D668D96, 0xF0088DEA, 0xD3B395AA,
		0xBA3FA453, 0xA555B8F1, 0x964FD22E, 0x8E28EE66, 0x8D680BC3,
		0x941B285B, 0xA1D14255, 0xB5A757FE, 0xCE5267EF, 0xEA38711E,
		0x078972F3, 0x245C6D4F, 0x3ED2608F, 0x55324D89, 0x66093578,
		0x703E19EE, 0x7326FCB4, 0x6E93DFB0, 0x62CFC4C7, 0x509EADB7,
		0x39319C01, 0x1E0B90CA, 0x00F18CCF, 0xE3C89050, 0xC8749B14,
		0xB0BDAC68, 0x9E2DC32B, 0x91F9DDE2, 0x8CECFAD1, 0x8F5A1817,
		0x991B33CB, 0xA98C4C22, 0xBF9C5F85, 0xD9DC6CB3, 0xF69672D0,
		0x13ED7176, 0x2FF968BC, 0x48E65933, 0x5D1643DD, 0x6B392A1E,
		0x72630DA2, 0x721EF043, 0x6A6DD3EB, 0x5BD2BA6F, 0x473EA57A,
		0x2E099667, 0x11D68E31, 0xF4798D62, 0xD7DD9406, 0xBDDDA1AE,
		0xA829B579, 0x982BCE1C, 0x8EEDE9FD, 0x8D09074D, 0x929E2423,
		0x9F503E9F, 0xB24A550A, 0xCA5265ED, 0xE5D77030, 0x03107328,
		0x20166EA3, 0x3B0562EE, 0x521F50C9, 0x63E13965, 0x6F261E45,
		0x7331012E, 0x6FBFE402, 0x6509C8A9, 0x53C1B0E9, 0x3D089E4D,
		0x2257920B, 0x056B8CEE, 0xE8248F4D, 0xCC6B98FF, 0xB40CA964,
		0xA09DBF6A, 0x9361D9A3, 0x8D35F65A, 0x8E8013B2, 0x972B2FC2,
		0xA6A748B7, 0xBBF25CF2, 0xD5AA6B22, 0xF222725C, 0x0F817226,
		0x2BDE6A85, 0x45615BF6, 0x5A61476E, 0x69812E40, 0x71C51211,
		0x72A4F4B5, 0x6C0FD816, 0x5E74BE0E, 0x4AB5A850, 0x321A9845,
		0x163E8EF9, 0xF8F08D05, 0xDC17928B, 0xC1939F2F, 0xAB1FB21E,
		0x9A2FCA1D, 0x8FDEE59D, 0x8CD702D4, 0x914C1FDC, 0x9CF43AD1,
		0xAF0C51F4, 0xC66763C3, 0xE1816F16, 0xFE967330, 0x1BC36FCD,
		0x37226526, 0x4EEB53EB, 0x61933D3B, 0x6DE32291, 0x730F05A7,
		0x70BFE85F, 0x671BCCA1, 0x56C4B439, 0x40C8A0BF, 0x26969375,
		0x09E28D3A, 0xEC8A8E76, 0xD0759712, 0xB778A681, 0xA332BBC2,
		0x94F4D572, 0x8DABF1E6, 0x8DD20F45, 0x95652BA6, 0xA3E54530,
		0xB8635A3B, 0xD1886969, 0xEDB371BC, 0x0B0F72AA, 0x27B26C24,
		0x41C05E97, 0x57894AE3, 0x67A13251, 0x70FC1679, 0x72FEF92C,
		0x6D87DC50, 0x60F2C1C6, 0x4E0FAB48, 0x36189A4B, 0x1A9E8FEC,
		0xFD698CD5, 0xE05E913B, 0xC5629CD5, 0xAE36AEE1, 0x9C5BC633,
		0x90FAE147, 0x8CD1FE5A, 0x90241B88, 0x9ABE36ED, 0xABEC4EBF,
		0xC2926173, 0xDD366DD1, 0xFA1D730C, 0x176670CC, 0x33296736,
		0x4B9956EB, 0x5F1F40FA, 0x6C7626CF, 0x72C00A1E, 0x7195ECC5,
		0x6906D0AC, 0x59A5B7A7, 0x446FA355, 0x2AC6950A, 0x0E568DB3,
		0xF0F78DCA, 0xD492954E, 0xBB00A3C1, 0xA5EAB834, 0x96B0D151,
		0x8E4EED78, 0x8D500AD2, 0x93C72779, 0xA147418F, 0xB4EF5762,
		0xCD796786, 0xE94C70F0, 0x06987302, 0x23776D9A, 0x3E076112,
		0x548F4E3B, 0x6598364E, 0x70061AD9, 0x732CFDA5, 0x6ED5E098,
		0x634AC596, 0x514AAE61, 0x3A019C79, 0x1EF4910A, 0x01E38CD2,
		0xE4B29016, 0xC9489AA1, 0xB16DABC3, 0x9EADC25F, 0x9241DCFC,
		0x8CF7F9E1, 0x8F28172B, 0x98AF32F3, 0xA8ED4B6C, 0xBED45EFD,
		0xD8F86C62, 0xF5A672BB, 0x12FF719F, 0x2F1D691F, 0x482A59CA,
		0x5C87449F, 0x6ADF2AFE, 0x72460E92, 0x723EF133, 0x6AC9D4CA,
		0x5C63BB30, 0x47FBA610, 0x2EE696C8, 0x12C48E58, 0xF56A8D4B,
		0xD8C093B2, 0xBEA3A125, 0xA8C6B4C2, 0x9894CD43, 0x8F1CE910,
		0x8CFB065C, 0x9253233D, 0x9ECD3DD4, 0xB1995466, 0xC97D657C,
		0xE4ED6FF8, 0x021F732D, 0x1F2E6EE6, 0x3A366368, 0x51755175,
		0x63683A36, 0x6EE61F2E, 0x732D021F, 0x6FF8E4ED, 0x657CC97D,
		0x5466B199, 0x3DD49ECD, 0x233D9253, 0x065C8CFB, 0xE9108F1C,
		0xCD439894, 0xB4C2A8C6, 0xA125BEA3, 0x93B2D8C0, 0x8D4BF56A,
		0x8E5812C4, 0x96C82EE6, 0xA61047FB, 0xBB305C63, 0xD4CA6AC9,
		0xF133723E, 0x0E927246, 0x2AFE6ADF, 0x449F5C87, 0x59CA482A,
		0x691F2F1D, 0x719F12FF, 0x72BBF5A6, 0x6C62D8F8, 0x5EFDBED4,
		0x4B6CA8ED, 0x32F398AF, 0x172B8F28, 0xF9E18CF7, 0xDCFC9241,
		0xC25F9EAD, 0xABC3B16D, 0x9AA1C948, 0x9016E4B2, 0x8CD201E3,
		0x910A1EF4, 0x9C793A01, 0xAE61514A, 0xC596634A, 0xE0986ED5,
		0xFDA5732C, 0x1AD97006, 0x364E6598, 0x4E3B548F, 0x61123E07,
		0x6D9A2377, 0x73020698, 0x70F0E94C, 0x6786CD79, 0x5762B4EF,
		0x418FA147, 0x277993C7, 0x0AD28D50, 0xED788E4E, 0xD15196B0,
		0xB834A5EA, 0xA3C1BB00, 0x954ED492, 0x8DCAF0F7, 0x8DB30E56,
		0x950A2AC6, 0xA355446F, 0xB7A759A5, 0xD0AC6906, 0xECC57195,
		0x0A1E72C0, 0x26CF6C76, 0x40FA5F1F, 0x56EB4B99, 0x67363329,
		0x70CC1766, 0x730CFA1D, 0x6DD1DD36, 0x6173C292, 0x4EBFABEC,
		0x36ED9ABE, 0x1B889024, 0xFE5A8CD1, 0xE14790FA, 0xC6339C5B,
		0xAEE1AE36, 0x9CD5C562, 0x913BE05E, 0x8CD5FD69, 0x8FEC1A9E,
		0x9A4B3618, 0xAB484E0F, 0xC1C660F2, 0xDC506D87, 0xF92C72FE,
		0x167970FC, 0x325167A1, 0x4AE35789, 0x5E9741C0, 0x6C2427B2,
		0x72AA0B0F, 0x71BCEDB3, 0x6969D188, 0x5A3BB863, 0x4530A3E5,
		0x2BA69565, 0x0F458DD2, 0xF1E68DAB, 0xD57294F4, 0xBBC2A332,
		0xA681B778, 0x9712D075, 0x8E76EC8A, 0x8D3A09E2, 0x93752696,
		0xA0BF40C8, 0xB43956C4, 0xCCA1671B, 0xE85F70BF, 0x05A7730F,
		0x22916DE3, 0x3D3B6193, 0x53EB4EEB, 0x65263722, 0x6FCD1BC3,
		0x7330FE96, 0x6F16E181, 0x63C3C667, 0x51F4AF0C, 0x3AD19CF4,
		0x1FDC914C, 0x02D48CD7, 0xE59D8FDE, 0xCA1D9A2F, 0xB21EAB1F,
		0x9F2FC193, 0x928BDC17, 0x8D05F8F0, 0x8EF9163E, 0x9845321A,
		0xA8504AB5, 0xBE0E5E74, 0xD8166C0F, 0xF4B572A4, 0x121171C5,
		0x2E406981, 0x476E5A61, 0x5BF64561, 0x6A852BDE, 0x72260F81,
		0x725CF222, 0x6B22D5AA, 0x5CF2BBF2, 0x48B7A6A7, 0x2FC2972B,
		0x13B28E80, 0xF65A8D35, 0xD9A39361, 0xBF6AA09D, 0xA964B40C,
		0x98FFCC6B, 0x8F4DE824, 0x8CEE056B, 0x920B2257, 0x9E4D3D08,
		0xB0E953C1, 0xC8A96509, 0xE4026FBF, 0x012E7331, 0x1E456F26,
		0x396563E1, 0x50C9521F, 0x62EE3B05, 0x6EA32016, 0x73280310,
		0x7030E5D7, 0x65EDCA52, 0x550AB24A, 0x3E9F9F50, 0x2423929E,
		0x074D8D09, 0xE9FD8EED, 0xCE1C982B, 0xB579A829, 0xA1AEBDDD,
		0x9406D7DD, 0x8D62F479, 0x8E3111D6, 0x96672E09, 0xA57A473E,
		0xBA6F5BD2, 0xD3EB6A6D, 0xF043721E, 0x0DA27263, 0x2A1E6B39,
		0x43DD5D16, 0x593348E6, 0x68BC2FF9, 0x717613ED, 0x72D0F696,
		0x6CB3D9DC, 0x5F85BF9C, 0x4C22A98C, 0x33CB991B, 0x18178F5A,
		0xFAD18CEC, 0xDDE291F9, 0xC32B9E2D, 0xAC68B0BD, 0x9B14C874,
		0x9050E3C8, 0x8CCF00F1, 0x90CA1E0B, 0x9C013931, 0xADB7509E,
		0xC4C762CF, 0xDFB06E93, 0xFCB47326, 0x19EE703E, 0x35786609,
		0x4D895532, 0x608F3ED2, 0x6D4F245C, 0x72F30789, 0x711EEA38,
		0x67EFCE52, 0x57FEB5A7, 0x4255A1D1, 0x285B941B, 0x0BC38D68,
		0xEE668E28, 0xD22E964F, 0xB8F1A555, 0xA453BA3F, 0x95AAD3B3,
		0x8DEAF008, 0x8D960D66, 0x94B129E6, 0xA2C743AC, 0xB6EC590C,
		0xCFD168A2, 0xEBD7716B, 0x092E72D5, 0x25EB6CC7, 0x40325FA7,
		0x564C4C4F, 0x66CA3401, 0x709A1852, 0x7317FB0E, 0x6E19DE1C,
		0x61F3C35E, 0x4F6FAC92, 0x37C19B32, 0x1C73905F, 0xFF4B8CCE,
		0xE22F90BB, 0xC7049BE3, 0xAF8DAD8D, 0x9D50C493, 0x917EDF77,
		0x8CDCFC77, 0x8FB519B3, 0x99DB3543, 0xAAA54D5C, 0xC0FC606F,
		0xDB6B6D3C, 0xF83B72EF, 0x158C712A, 0x31776809, 0x4A2B5825,
		0x5E0C4286, 0x6BD02894, 0x72920BFF, 0x71E1EEA2, 0x69C9D266,
		0x5AD1B921, 0x45F1A477, 0x2C8595C1, 0x10348DF3, 0xF2D68D8F,
		0xD652949C, 0xBC85A2A3, 0xA71AB6BD, 0x9777CF9A, 0x8E9FEB9C,
		0x8D2708F2, 0x932525B3, 0xA0384000, 0xB3845624, 0xCBC966AF,
		0xE773708D, 0x04B6731A, 0x21AA6E2B, 0x3C6E6213, 0x53454F9A,
		0x64B137F5, 0x6F921CAD, 0x7332FF87, 0x6F55E26A, 0x643BC738,
		0x529DAFB8, 0x3BA09D70, 0x20C39190, 0x03C58CDD, 0xE6888FA8,
		0xCAF399BF, 0xB2D0AA7D, 0x9FB2C0C9, 0x92D7DB32, 0x8D15F7FF,
		0x8ECB1551, 0x97DD3141, 0xA7B449FD, 0xBD495DE9, 0xD7346BBB,
		0xF3C5728C, 0x112371EA, 0x2D6369E1, 0x46B05AF6, 0x5B644621,
		0x6A282CBC, 0x72051070, 0x7278F312, 0x6B7AD68B, 0x5D80BCB6,
		0x4972A740, 0x309D9790, 0x149F8EAA, 0xF74A8D22, 0xDA879312,
		0xC032A016, 0xAA04B357, 0x996CCB93, 0x8F80E738, 0x8CE4047A,
		0x91C42171, 0x9DCE3C3B, 0xB03A531B, 0xC7D66494, 0xE3196F83,
		0x003C7332, 0x1D5C6F64, 0x38936459, 0x501D52C7, 0x62713BD4,
		0x6E5F20FD, 0x73200401, 0x7066E6C3, 0x665CCB28, 0x55ACB2FD,
		0x3F699FD4, 0x250792EB, 0x083D8D19, 0xEAEA8EC0, 0xCEF697C3,
		0xB632A78E, 0xA23ABD18, 0x945BD6FB, 0x8D7BF389, 0x8E0D10E7,
		0x96072D2B, 0xA4E54680, 0xB9B05B3F, 0xD30C6A10, 0xEF5571FC,
		0x0CB2727F, 0x293D6B90, 0x43195DA3, 0x589949A0, 0x685630D4,
		0x714B14DB, 0x72E2F787, 0x6D02DAC0, 0x600BC065, 0x4CD6AA2C,
		0x34A29988, 0x19028F8D, 0xFBC38CE2, 0xDEC991B2, 0xC3F99DAE,
		0xAD0FB00F, 0x9B8AC7A1, 0x908CE2DE, 0x8CCE0000, 0x908C1D22,
		0x9B8A385F, 0xAD0F4FF1, 0xC3F96252, 0xDEC96E4E, 0xFBC3731E,
		0x19027073, 0x34A26678, 0x4CD655D4, 0x600B3F9B, 0x6D022540,
		0x72E20879, 0x714BEB25, 0x6856CF2C, 0x5899B660, 0x4319A25D,
		0x293D9470, 0x0CB28D81, 0xEF558E04, 0xD30C95F0, 0xB9B0A4C1,
		0xA4E5B980, 0x9607D2D5, 0x8E0DEF19, 0x8D7B0C77, 0x945B2905,
		0xA23A42E8, 0xB6325872, 0xCEF6683D, 0xEAEA7140, 0x083D72E7,
		0x25076D15, 0x3F69602C, 0x55AC4D03, 0x665C34D8, 0x7066193D,
		0x7320FBFF, 0x6E5FDF03, 0x6271C42C, 0x501DAD39, 0x38939BA7,
		0x1D5C909C, 0x003C8CCE, 0xE319907D, 0xC7D69B6C, 0xB03AACE5,
		0x9DCEC3C5, 0x91C4DE8F, 0x8CE4FB86, 0x8F8018C8, 0x996C346D,
		0xAA044CA9, 0xC0325FEA, 0xDA876CEE, 0xF74A72DE, 0x149F7156,
		0x309D6870, 0x497258C0, 0x5D80434A, 0x6B7A2975, 0x72780CEE,
		0x7205EF90, 0x6A28D344, 0x5B64B9DF, 0x46B0A50A, 0x2D63961F,
		0x11238E16, 0xF3C58D74, 0xD7349445, 0xBD49A217, 0xA7B4B603,
		0x97DDCEBF, 0x8ECBEAAF, 0x8D150801, 0x92D724CE, 0x9FB23F37,
		0xB2D05583, 0xCAF36641, 0xE6887058, 0x03C57323, 0x20C36E70,
		0x3BA06290, 0x529D5048, 0x643B38C8, 0x6F551D96, 0x73320079,
		0x6F92E353, 0x64B1C80B, 0x5345B066, 0x3C6E9DED, 0x21AA91D5,
		0x04B68CE6, 0xE7738F73, 0xCBC99951, 0xB384A9DC, 0xA038C000,
		0x9325DA4D, 0x8D27F70E, 0x8E9F1464, 0x97773066, 0xA71A4943,
		0xBC855D5D, 0xD6526B64, 0xF2D67271, 0x1034720D, 0x2C856A3F,
		0x45F15B89, 0x5AD146DF, 0x69C92D9A, 0x71E1115E, 0x7292F401,
		0x6BD0D76C, 0x5E0CBD7A, 0x4A2BA7DB, 0x317797F7, 0x158C8ED6,
		0xF83B8D11, 0xDB6B92C4, 0xC0FC9F91, 0xAAA5B2A4, 0x99DBCABD,
		0x8FB5E64D, 0x8CDC0389, 0x917E2089, 0x9D503B6D, 0xAF8D5273,
		0xC704641D, 0xE22F6F45, 0xFF4B7332, 0x1C736FA1, 0x37C164CE,
		0x4F6F536E, 0x61F33CA2, 0x6E1921E4, 0x731704F2, 0x709AE7AE,
		0x66CACBFF, 0x564CB3B1, 0x4032A059, 0x25EB9339, 0x092E8D2B,
		0xEBD78E95, 0xCFD1975E, 0xB6ECA6F4, 0xA2C7BC54, 0x94B1D61A,
		0x8D96F29A, 0x8DEA0FF8, 0x95AA2C4D, 0xA45345C1, 0xB8F15AAB,
		0xD22E69B1, 0xEE6671D8, 0x0BC37298, 0x285B6BE5, 0x42555E2F,
		0x57FE4A59, 0x67EF31AE, 0x711E15C8, 0x72F3F877, 0x6D4FDBA4,
		0x608FC12E, 0x4D89AACE, 0x357899F7, 0x19EE8FC2, 0xFCB48CDA,
		0xDFB0916D, 0xC4C79D31, 0xADB7AF62, 0x9C01C6CF, 0x90CAE1F5,
		0x8CCFFF0F, 0x90501C38, 0x9B14378C, 0xAC684F43, 0xC32B61D3,
		0xDDE26E07, 0xFAD17314, 0x181770A6, 0x33CB66E5, 0x4C225674,
		0x5F854064, 0x6CB32624, 0x72D0096A, 0x7176EC13, 0x68BCD007,
		0x5933B71A, 0x43DDA2EA, 0x2A1E94C7, 0x0DA28D9D, 0xF0438DE2,
		0xD3EB9593, 0xBA6FA42E, 0xA57AB8C2, 0x9667D1F7, 0x8E31EE2A,
		0x8D620B87, 0x94062823, 0xA1AE4223, 0xB57957D7, 0xCE1C67D5,
		0xE9FD7113, 0x074D72F7, 0x24236D62, 0x3E9F60B0, 0x550A4DB6,
		0x65ED35AE, 0x70301A29, 0x7328FCF0, 0x6EA3DFEA, 0x62EEC4FB,
		0x50C9ADE1, 0x39659C1F, 0x1E4590DA, 0x012E8CCF, 0xE4029041,
		0xC8A99AF7, 0xB0E9AC3F, 0x9E4DC2F8, 0x920BDDA9, 0x8CEEFA95,
		0x8F4D17DC, 0x98FF3395, 0xA9644BF4, 0xBF6A5F63, 0xD9A36C9F,
		0xF65A72CB, 0x13B27180, 0x2FC268D5, 0x48B75959, 0x5CF2440E,
		0x6B222A56, 0x725C0DDE, 0x7226F07F, 0x6A85D422, 0x5BF6BA9F,
		0x476EA59F, 0x2E40967F, 0x12118E3B, 0xF4B58D5C, 0xD81693F1,
		0xBE0EA18C, 0xA850B54B, 0x9845CDE6, 0x8EF9E9C2, 0x8D050710,
		0x928B23E9, 0x9F2F3E6D, 0xB21E54E1, 0xCA1D65D1, 0xE59D7022,
		0x02D47329, 0x1FDC6EB4, 0x3AD1630C, 0x51F450F4, 0x63C33999,
		0x6F161E7F, 0x7330016A, 0x6FCDE43D, 0x6526C8DE, 0x53EBB115,
		0x3D3B9E6D, 0x2291921D, 0x05A78CF1, 0xE85F8F41, 0xCCA198E5,
		0xB439A93C, 0xA0BFBF38, 0x9375D96A, 0x8D3AF61E, 0x8E761376,
		0x97122F8B, 0xA6814888, 0xBBC25CCE, 0xD5726B0C, 0xF1E67255,
		0x0F45722E, 0x2BA66A9B, 0x45305C1B, 0x5A3B479D, 0x69692E78,
		0x71BC124D, 0x72AAF4F1, 0x6C24D84E, 0x5E97BE40, 0x4AE3A877,
		0x3251985F, 0x16798F04, 0xF92C8D02, 0xDC509279, 0xC1C69F0E,
		0xAB48B1F1, 0x9A4BC9E8, 0x8FECE562, 0x8CD50297, 0x913B1FA2,
		0x9CD53A9E, 0xAEE151CA, 0xC63363A5, 0xE1476F06, 0xFE5A732F,
		0x1B886FDC, 0x36ED6542, 0x4EBF5414, 0x61733D6E, 0x6DD122CA,
		0x730C05E3, 0x70CCE89A, 0x6736CCD7, 0x56EBB467, 0x40FAA0E1,
		0x26CF938A, 0x0A1E8D40, 0xECC58E6B, 0xD0AC96FA, 0xB7A7A65B,
		0xA355BB91, 0x950AD53A, 0x8DB3F1AA, 0x8DCA0F09, 0x954E2B6E,
		0xA3C14500, 0xB8345A16, 0xD1516950, 0xED7871B2, 0x0AD272B0,
		0x27796C39, 0x418F5EB9, 0x57624B11, 0x67863287, 0x70F016B4,
		0x7302F968, 0x6D9ADC89, 0x6112C1F9, 0x4E3BAB71, 0x364E9A68,
		0x1AD98FFA, 0xFDA58CD4, 0xE098912B, 0xC5969CB6, 0xAE61AEB6,
		0x9C79C5FF, 0x910AE10C, 0x8CD2FE1D, 0x90161B4E, 0x9AA136B8,
		0xABC34E93, 0xC25F6153, 0xDCFC6DBF, 0xF9E17309, 0x172B70D8,
		0x32F36751, 0x4B6C5713, 0x5EFD412C, 0x6C622708, 0x72BB0A5A,
		0x719FED01, 0x691FD0E3, 0x59CAB7D6, 0x449FA379, 0x2AFE9521,
		0x0E928DBA, 0xF1338DC2, 0xD4CA9537, 0xBB30A39D, 0xA610B805,
		0x96C8D11A, 0x8E58ED3C, 0x8D4B0A96, 0x93B22740, 0xA125415D,
		0xB4C2573A, 0xCD43676C, 0xE91070E4, 0x065C7305, 0x233D6DAD,
		0x3DD46133, 0x54664E67, 0x657C3683, 0x6FF81B13, 0x732DFDE1,
		0x6EE6E0D2, 0x6368C5CA, 0x5175AE8B, 0x3A369C98, 0x1F2E911A,
		0x021F8CD3, 0xE4ED9008, 0xC97D9A84, 0xB199AB9A, 0x9ECDC22C,
		0x9253DCC3, 0x8CFBF9A4, 0x8F1C16F0, 0x989432BD, 0xA8C64B3E,
		0xBEA35EDB, 0xD8C06C4E, 0xF56A72B5, 0x12C471A8, 0x2EE66938,
		0x47FB59F0, 0x5C6344D0, 0x6AC92B36, 0x723E0ECD, 0x7246F16E,
		0x6ADFD502, 0x5C87BB61, 0x482AA636, 0x2F1D96E1, 0x12FF8E61,
		0xF5A68D45, 0xD8F8939E, 0xBED4A103, 0xA8EDB494, 0x98AFCD0D,
		0x8F28E8D5, 0x8CF7061F, 0x92412304, 0x9EAD3DA1, 0xB16D543D,
		0xC948655F, 0xE4B26FEA, 0x01E3732E, 0x1EF46EF6, 0x3A016387,
		0x514A519F, 0x634A3A6A, 0x6ED51F68, 0x732C025B, 0x7006E527,
		0x6598C9B2, 0x548FB1C5, 0x3E079EEE, 0x23779266, 0x06988CFE,
		0xE94C8F10, 0xCD79987A, 0xB4EFA89E, 0xA147BE71, 0x93C7D887,
		0x8D50F52E, 0x8E4E1288, 0x96B02EAF, 0xA5EA47CC, 0xBB005C3F,
		0xD4926AB2, 0xF0F77236, 0x0E56724D, 0x2AC66AF6, 0x446F5CAB,
		0x59A54859, 0x69062F54, 0x7195133B, 0x72C0F5E2, 0x6C76D931,
		0x5F1FBF06, 0x4B99A915, 0x332998CA, 0x17668F34, 0xFA1D8CF4,
		0xDD36922F, 0xC2929E8D, 0xABECB141, 0x9ABEC913, 0x9024E478,
		0x8CD101A6, 0x90FA1EB9, 0x9C5B39CD, 0xAE36511F, 0xC562632B,
		0xE05E6EC5, 0xFD69732B, 0x1A9E7014, 0x361865B5, 0x4E0F54B8,
		0x60F23E3A, 0x6D8723B0, 0x72FE06D4, 0x70FCE987, 0x67A1CDAF,
		0x5789B51D, 0x41C0A169, 0x27B293DC, 0x0B0F8D56, 0xEDB38E44,
		0xD1889697, 0xB863A5C5, 0xA3E5BAD0, 0x9565D45A, 0x8DD2F0BB,
		0x8DAB0E1A, 0x94F42A8E, 0xA332443E, 0xB778597F, 0xD07568EE,
		0xEC8A718A, 0x09E272C6, 0x26966C8B, 0x40C85F41, 0x56C44BC7,
		0x671B335F, 0x70BF17A1, 0x730FFA59, 0x6DE3DD6F, 0x6193C2C5,
		0x4EEBAC15, 0x37229ADA, 0x1BC39033, 0xFE968CD0, 0xE18190EA,
		0xC6679C3D, 0xAF0CAE0C, 0x9CF4C52F, 0x914CE024, 0x8CD7FD2C,
		0x8FDE1A63, 0x9A2F35E3, 0xAB1F4DE2, 0xC19360D1, 0xDC176D75,
		0xF8F072FB, 0x163E7107, 0x321A67BB, 0x4AB557B0, 0x5E7441F2,
		0x6C0F27EA, 0x72A40B4B, 0x71C5EDEF, 0x6981D1C0, 0x5A61B892,
		0x4561A40A, 0x2BDE957B, 0x0F818DDA, 0xF2228DA4, 0xD5AA94DE,
		0xBBF2A30E, 0xA6A7B749, 0x972BD03E, 0x8E80EC4E, 0x8D3509A6,
		0x9361265D, 0xA09D4096, 0xB40C569C, 0xCC6B6701, 0xE82470B3,
		0x056B7312, 0x22576DF5, 0x3D0861B3, 0x53C14F17, 0x65093757,
		0x6FBF1BFE, 0x7331FED2, 0x6F26E1BB, 0x63E1C69B, 0x521FAF37,
		0x3B059D12, 0x2016915D, 0x03108CD8, 0xE5D78FD0, 0xCA529A13,
		0xB24AAAF6, 0x9F50C161, 0x929EDBDD, 0x8D09F8B3, 0x8EED1603,
		0x982B31E4, 0xA8294A87, 0xBDDD5E52, 0xD7DD6BFA, 0xF479729E,
		0x11D671CF, 0x2E096999, 0x473E5A86, 0x5BD24591, 0x6A6D2C15,
		0x721E0FBD, 0x7263F25E, 0x6B39D5E2, 0x5D16BC23, 0x48E6A6CD,
		0x2FF99744, 0x13ED8E8A, 0xF6968D30, 0xD9DC934D, 0xBF9CA07B,
		0xA98CB3DE, 0x991BCC35, 0x8F5AE7E9, 0x8CEC052F, 0x91F9221E,
		0x9E2D3CD5, 0xB0BD5398, 0xC87464EC, 0xE3C86FB0, 0x00F17331,
		0x1E0B6F36, 0x393163FF, 0x509E5249, 0x62CF3B39, 0x6E932050,
		0x7326034C, 0x703EE612, 0x6609CA88, 0x5532B277, 0x3ED29F71,
		0x245C92B1, 0x07898D0D, 0xEA388EE2, 0xCE529811, 0xB5A7A802,
		0xA1D1BDAB, 0x941BD7A5, 0x8D68F43D, 0x8E28119A, 0x964F2DD2,
		0xA555470F, 0xBA3F5BAD, 0xD3B36A56, 0xF0087216, 0x0D66726A,
		0x29E66B4F, 0x43AC5D39, 0x590C4914, 0x68A2302F, 0x716B1429,
		0x72D5F6D2, 0x6CC7DA15, 0x5FA7BFCE, 0x4C4FA9B4, 0x34019936,
		0x18528F66, 0xFB0E8CE9, 0xDE1C91E7, 0xC35E9E0D, 0xAC92B091,
		0x9B32C83F, 0x905FE38D, 0x8CCE00B5, 0x90BB1DD1, 0x9BE338FC,
		0xAD8D5073, 0xC49362B0, 0xDF776E82, 0xFC777324, 0x19B3704B,
		0x35436625, 0x4D5C555B, 0x606F3F04, 0x6D3C2495, 0x72EF07C5,
		0x712AEA74, 0x6809CE89, 0x5825B5D5, 0x4286A1F4, 0x28949430,
		0x0BFF8D6E, 0xEEA28E1F, 0xD2669637, 0xB921A52F, 0xA477BA0F,
		0x95C1D37B, 0x8DF3EFCC, 0x8D8F0D2A, 0x949C29AE, 0xA2A3437B,
		0xB6BD58E6, 0xCF9A6889, 0xEB9C7161, 0x08F272D9, 0x25B36CDB,
		0x40005FC8, 0x56244C7C, 0x66AF3437, 0x708D188D, 0x731AFB4A,
		0x6E2BDE56, 0x6213C392, 0x4F9AACBB, 0x37F59B4F, 0x1CAD906E,
		0xFF878CCE, 0xE26A90AB, 0xC7389BC5, 0xAFB8AD63, 0x9D70C460,
		0x9190DF3D, 0x8CDDFC3B, 0x8FA81978, 0x99BF350D, 0xAA7D4D30,
		0xC0C9604E, 0xDB326D29, 0xF7FF72EB, 0x15517135, 0x31416823,
		0x49FD584C, 0x5DE942B7, 0x6BBB28CC, 0x728C0C3B, 0x71EAEEDD,
		0x69E1D29D, 0x5AF6B950, 0x4621A49C, 0x2CBC95D8, 0x10708DFB,
		0xF3128D88, 0xD68B9486, 0xBCB6A280, 0xA740B68E, 0x9790CF63,
		0x8EAAEB61, 0x8D2208B6, 0x93122579, 0xA0163FCE, 0xB35755FC,
		0xCB936694, 0xE7387080, 0x047A731C, 0x21716E3C, 0x3C3B6232,
		0x531B4FC6, 0x6494382A, 0x6F831CE7, 0x7332FFC4, 0x6F64E2A4,
		0x6459C76D, 0x52C7AFE3, 0x3BD49D8F, 0x20FD91A1, 0x04018CE0,
		0xE6C38F9A, 0xCB2899A4, 0xB2FDAA54, 0x9FD4C097, 0x92EBDAF9,
		0x8D19F7C3, 0x8EC01516, 0x97C3310A, 0xA78E49CE, 0xBD185DC6,
		0xD6FB6BA5, 0xF3897285, 0x10E771F3, 0x2D2B69F9, 0x46805B1B,
		0x5B3F4650, 0x6A102CF4, 0x71FC10AB, 0x727FF34E, 0x6B90D6C3,
		0x5DA3BCE7, 0x49A0A767, 0x30D497AA, 0x14DB8EB5, 0xF7878D1E,
		0xDAC092FE, 0xC0659FF5, 0xAA2CB32A, 0x9988CB5E, 0x8F8DE6FE,
		0x8CE2043D, 0x91B22137, 0x9DAE3C07, 0xB00F52F1, 0xC7A16476,
		0xE2DE6F74, 0x00007332, 0x1D226F74, 0x385F6476, 0x4FF152F1,
		0x62523C07, 0x6E4E2137, 0x731E043D, 0x7073E6FE, 0x6678CB5E,
		0x55D4B32A, 0x3F9B9FF5, 0x254092FE, 0x08798D1E, 0xEB258EB5,
		0xCF2C97AA, 0xB660A767, 0xA25DBCE7, 0x9470D6C3, 0x8D81F34E,
		0x8E0410AB, 0x95F02CF4, 0xA4C14650, 0xB9805B1B, 0xD2D569F9,
		0xEF1971F3, 0x0C777285, 0x29056BA5, 0x42E85DC6, 0x587249CE,
		0x683D310A, 0x71401516, 0x72E7F7C3, 0x6D15DAF9, 0x602CC097,
		0x4D03AA54, 0x34D899A4, 0x193D8F9A, 0xFBFF8CE0, 0xDF0391A1,
		0xC42C9D8F, 0xAD39AFE3, 0x9BA7C76D, 0x909CE2A4, 0x8CCEFFC4,
		0x907D1CE7, 0x9B6C382A, 0xACE54FC6, 0xC3C56232, 0xDE8F6E3C,
		0xFB86731C, 0x18C87080, 0x346D6694, 0x4CA955FC, 0x5FEA3FCE,
		0x6CEE2579, 0x72DE08B6, 0x7156EB61, 0x6870CF63, 0x58C0B68E,
		0x434AA280, 0x29759486, 0x0CEE8D88, 0xEF908DFB, 0xD34495D8,
		0xB9DFA49C, 0xA50AB950, 0x961FD29D, 0x8E16EEDD, 0x8D740C3B,
		0x944528CC, 0xA21742B7, 0xB603584C, 0xCEBF6823, 0xEAAF7135,
		0x080172EB, 0x24CE6D29, 0x3F37604E, 0x55834D30, 0x6641350D,
		0x70581978, 0x7323FC3B, 0x6E70DF3D, 0x6290C460, 0x5048AD63,
		0x38C89BC5, 0x1D9690AB, 0x00798CCE, 0xE353906E, 0xC80B9B4F,
		0xB066ACBB, 0x9DEDC392, 0x91D5DE56, 0x8CE6FB4A, 0x8F73188D,
		0x99513437, 0xA9DC4C7C, 0xC0005FC8, 0xDA4D6CDB, 0xF70E72D9,
		0x14647161, 0x30666889, 0x494358E6, 0x5D5D437B, 0x6B6429AE,
		0x72710D2A, 0x720DEFCC, 0x6A3FD37B, 0x5B89BA0F, 0x46DFA52F,
		0x2D9A9637, 0x115E8E1F, 0xF4018D6E, 0xD76C9430, 0xBD7AA1F4,
		0xA7DBB5D5, 0x97F7CE89, 0x8ED6EA74, 0x8D1107C5, 0x92C42495,
		0x9F913F04, 0xB2A4555B, 0xCABD6625, 0xE64D704B, 0x03897324,
		0x20896E82, 0x3B6D62B0, 0x52735073, 0x641D38FC, 0x6F451DD1,
		0x733200B5, 0x6FA1E38D, 0x64CEC83F, 0x536EB091, 0x3CA29E0D,
		0x21E491E7, 0x04F28CE9, 0xE7AE8F66, 0xCBFF9936, 0xB3B1A9B4,
		0xA059BFCE, 0x9339DA15, 0x8D2BF6D2, 0x8E951429, 0x975E302F,
		0xA6F44914, 0xBC545D39, 0xD61A6B4F, 0xF29A726A, 0x0FF87216,
		0x2C4D6A56, 0x45C15BAD, 0x5AAB470F, 0x69B12DD2, 0x71D8119A,
		0x7298F43D, 0x6BE5D7A5, 0x5E2FBDAB, 0x4A59A802, 0x31AE9811,
		0x15C88EE2, 0xF8778D0D, 0xDBA492B1, 0xC12E9F71, 0xAACEB277,
		0x99F7CA88, 0x8FC2E612, 0x8CDA034C, 0x916D2050, 0x9D313B39,
		0xAF625249, 0xC6CF63FF, 0xE1F56F36, 0xFF0F7331, 0x1C386FB0,
		0x378C64EC, 0x4F435398, 0x61D33CD5, 0x6E07221E, 0x7314052F,
		0x70A6E7E9, 0x66E5CC35, 0x5674B3DE, 0x4064A07B, 0x2624934D,
		0x096A8D30, 0xEC138E8A, 0xD0079744, 0xB71AA6CD, 0xA2EABC23,
		0x94C7D5E2, 0x8D9DF25E, 0x8DE20FBD, 0x95932C15, 0xA42E4591,
		0xB8C25A86, 0xD1F76999, 0xEE2A71CF, 0x0B87729E, 0x28236BFA,
		0x42235E52, 0x57D74A87, 0x67D531E4, 0x71131603, 0x72F7F8B3,
		0x6D62DBDD, 0x60B0C161, 0x4DB6AAF6, 0x35AE9A13, 0x1A298FD0,
		0xFCF08CD8, 0xDFEA915D, 0xC4FB9D12, 0xADE1AF37, 0x9C1FC69B,
		0x90DAE1BB, 0x8CCFFED2, 0x90411BFE, 0x9AF73757, 0xAC3F4F17,
		0xC2F861B3, 0xDDA96DF5, 0xFA957312, 0x17DC70B3, 0x33956701,
		0x4BF4569C, 0x5F634096, 0x6C9F265D, 0x72CB09A6, 0x7180EC4E,
		0x68D5D03E, 0x5959B749, 0x440EA30E, 0x2A5694DE, 0x0DDE8DA4,
		0xF07F8DDA, 0xD422957B, 0xBA9FA40A, 0xA59FB892, 0x967FD1C0,
		0x8E3BEDEF, 0x8D5C0B4B, 0x93F127EA, 0xA18C41F2, 0xB54B57B0,
		0xCDE667BB, 0xE9C27107, 0x071072FB, 0x23E96D75, 0x3E6D60D1,
		0x54E14DE2, 0x65D135E3, 0x70221A63, 0x7329FD2C, 0x6EB4E024,
		0x630CC52F, 0x50F4AE0C, 0x39999C3D, 0x1E7F90EA, 0x016A8CD0,
		0xE43D9033, 0xC8DE9ADA, 0xB115AC15, 0x9E6DC2C5, 0x921DDD6F,
		0x8CF1FA59, 0x8F4117A1, 0x98E5335F, 0xA93C4BC7, 0xBF385F41,
		0xD96A6C8B, 0xF61E72C6, 0x1376718A, 0x2F8B68EE, 0x4888597F,
		0x5CCE443E, 0x6B0C2A8E, 0x72550E1A, 0x722EF0BB, 0x6A9BD45A,
		0x5C1BBAD0, 0x479DA5C5, 0x2E789697, 0x124D8E44, 0xF4F18D56,
		0xD84E93DC, 0xBE40A169, 0xA877B51D, 0x985FCDAF, 0x8F04E987,
		0x8D0206D4, 0x927923B0, 0x9F0E3E3A, 0xB1F154B8, 0xC9E865B5,
		0xE5627014, 0x0297732B, 0x1FA26EC5, 0x3A9E632B, 0x51CA511F,
		0x63A539CD, 0x6F061EB9, 0x732F01A6, 0x6FDCE478, 0x6542C913,
		0x5414B141, 0x3D6E9E8D, 0x22CA922F, 0x05E38CF4, 0xE89A8F34,
		0xCCD798CA, 0xB467A915, 0xA0E1BF06, 0x938AD931, 0x8D40F5E2,
		0x8E6B133B, 0x96FA2F54, 0xA65B4859, 0xBB915CAB, 0xD53A6AF6,
		0xF1AA724D, 0x0F097236, 0x2B6E6AB2, 0x45005C3F, 0x5A1647CC,
		0x69502EAF, 0x71B21288, 0x72B0F52E, 0x6C39D887, 0x5EB9BE71,
		0x4B11A89E, 0x3287987A, 0x16B48F10, 0xF9688CFE, 0xDC899266,
		0xC1F99EEE, 0xAB71B1C5, 0x9A68C9B2, 0x8FFAE527, 0x8CD4025B,
		0x912B1F68, 0x9CB63A6A, 0xAEB6519F, 0xC5FF6387, 0xE10C6EF6,
		0xFE1D732E, 0x1B4E6FEA, 0x36B8655F, 0x4E93543D, 0x61533DA1,
		0x6DBF2304, 0x7309061F, 0x70D8E8D5, 0x6751CD0D, 0x5713B494,
		0x412CA103, 0x2708939E, 0x0A5A8D45, 0xED018E61, 0xD0E396E1,
		0xB7D6A636, 0xA379BB61, 0x9521D502, 0x8DBAF16E, 0x8DC20ECD,
		0x95372B36, 0xA39D44D0, 0xB80559F0, 0xD11A6938, 0xED3C71A8,
		0x0A9672B5, 0x27406C4E, 0x415D5EDB, 0x573A4B3E, 0x676C32BD,
		0x70E416F0, 0x7305F9A4, 0x6DADDCC3, 0x6133C22C, 0x4E67AB9A,
		0x36839A84, 0x1B139008, 0xFDE18CD3, 0xE0D2911A, 0xC5CA9C98,
		0xAE8BAE8B, 0x9C98C5CA, 0x911AE0D2, 0x8CD3FDE1, 0x90081B13,
		0x9A843683, 0xAB9A4E67, 0xC22C6133, 0xDCC36DAD, 0xF9A47305,
		0x16F070E4, 0x32BD676C, 0x4B3E573A, 0x5EDB415D, 0x6C4E2740,
		0x72B50A96, 0x71A8ED3C, 0x6938D11A, 0x59F0B805, 0x44D0A39D,
		0x2B369537, 0x0ECD8DC2, 0xF16E8DBA, 0xD5029521, 0xBB61A379,
		0xA636B7D6, 0x96E1D0E3, 0x8E61ED01, 0x8D450A5A, 0x939E2708,
		0xA103412C, 0xB4945713, 0xCD0D6751, 0xE8D570D8, 0x061F7309,
		0x23046DBF, 0x3DA16153, 0x543D4E93, 0x655F36B8, 0x6FEA1B4E,
		0x732EFE1D, 0x6EF6E10C, 0x6387C5FF, 0x519FAEB6, 0x3A6A9CB6,
		0x1F68912B, 0x025B8CD4, 0xE5278FFA, 0xC9B29A68, 0xB1C5AB71,
		0x9EEEC1F9, 0x9266DC89, 0x8CFEF968, 0x8F1016B4, 0x987A3287,
		0xA89E4B11, 0xBE715EB9, 0xD8876C39, 0xF52E72B0, 0x128871B2,
		0x2EAF6950, 0x47CC5A16, 0x5C3F4500, 0x6AB22B6E, 0x72360F09,
		0x724DF1AA, 0x6AF6D53A, 0x5CABBB91, 0x4859A65B, 0x2F5496FA,
		0x133B8E6B, 0xF5E28D40, 0xD931938A, 0xBF06A0E1, 0xA915B467,
		0x98CACCD7, 0x8F34E89A, 0x8CF405E3, 0x922F22CA, 0x9E8D3D6E,
		0xB1415414, 0xC9136542, 0xE4786FDC, 0x01A6732F, 0x1EB96F06,
		0x39CD63A5, 0x511F51CA, 0x632B3A9E, 0x6EC51FA2, 0x732B0297,
		0x7014E562, 0x65B5C9E8, 0x54B8B1F1, 0x3E3A9F0E, 0x23B09279,
		0x06D48D02, 0xE9878F04, 0xCDAF985F, 0xB51DA877, 0xA169BE40,
		0x93DCD84E, 0x8D56F4F1, 0x8E44124D, 0x96972E78, 0xA5C5479D,
		0xBAD05C1B, 0xD45A6A9B, 0xF0BB722E, 0x0E1A7255, 0x2A8E6B0C,
		0x443E5CCE, 0x597F4888, 0x68EE2F8B, 0x718A1376, 0x72C6F61E,
		0x6C8BD96A, 0x5F41BF38, 0x4BC7A93C, 0x335F98E5, 0x17A18F41,
		0xFA598CF1, 0xDD6F921D, 0xC2C59E6D, 0xAC15B115, 0x9ADAC8DE,
		0x9033E43D, 0x8CD0016A, 0x90EA1E7F, 0x9C3D3999, 0xAE0C50F4,
		0xC52F630C, 0xE0246EB4, 0xFD2C7329, 0x1A637022, 0x35E365D1,
		0x4DE254E1, 0x60D13E6D, 0x6D7523E9, 0x72FB0710, 0x7107E9C2,
		0x67BBCDE6, 0x57B0B54B, 0x41F2A18C, 0x27EA93F1, 0x0B4B8D5C,
		0xEDEF8E3B, 0xD1C0967F, 0xB892A59F, 0xA40ABA9F, 0x957BD422,
		0x8DDAF07F, 0x8DA40DDE, 0x94DE2A56, 0xA30E440E, 0xB7495959,
		0xD03E68D5, 0xEC4E7180, 0x09A672CB, 0x265D6C9F, 0x40965F63,
		0x569C4BF4, 0x67013395, 0x70B317DC, 0x7312FA95, 0x6DF5DDA9,
		0x61B3C2F8, 0x4F17AC3F, 0x37579AF7, 0x1BFE9041, 0xFED28CCF,
		0xE1BB90DA, 0xC69B9C1F, 0xAF37ADE1, 0x9D12C4FB, 0x915DDFEA,
		0x8CD8FCF0, 0x8FD01A29, 0x9A1335AE, 0xAAF64DB6, 0xC16160B0,
		0xDBDD6D62, 0xF8B372F7, 0x16037113, 0x31E467D5, 0x4A8757D7,
		0x5E524223, 0x6BFA2823, 0x729E0B87, 0x71CFEE2A, 0x6999D1F7,
		0x5A86B8C2, 0x4591A42E, 0x2C159593, 0x0FBD8DE2, 0xF25E8D9D,
		0xD5E294C7, 0xBC23A2EA, 0xA6CDB71A, 0x9744D007, 0x8E8AEC13,
		0x8D30096A, 0x934D2624, 0xA07B4064, 0xB3DE5674, 0xCC3566E5,
		0xE7E970A6, 0x052F7314, 0x221E6E07, 0x3CD561D3, 0x53984F43,
		0x64EC378C, 0x6FB01C38, 0x7331FF0F, 0x6F36E1F5, 0x63FFC6CF,
		0x5249AF62, 0x3B399D31, 0x2050916D, 0x034C8CDA, 0xE6128FC2,
		0xCA8899F7, 0xB277AACE, 0x9F71C12E, 0x92B1DBA4, 0x8D0DF877,
		0x8EE215C8, 0x981131AE, 0xA8024A59, 0xBDAB5E2F, 0xD7A56BE5,
		0xF43D7298, 0x119A71D8, 0x2DD269B1, 0x470F5AAB, 0x5BAD45C1,
		0x6A562C4D, 0x72160FF8, 0x726AF29A, 0x6B4FD61A, 0x5D39BC54,
		0x4914A6F4, 0x302F975E, 0x14298E95, 0xF6D28D2B, 0xDA159339,
		0xBFCEA059, 0xA9B4B3B1, 0x9936CBFF, 0x8F66E7AE, 0x8CE904F2,
		0x91E721E4, 0x9E0D3CA2, 0xB091536E, 0xC83F64CE, 0xE38D6FA1,
		0x00B57332, 0x1DD16F45, 0x38FC641D, 0x50735273, 0x62B03B6D,
		0x6E822089, 0x73240389, 0x704BE64D, 0x6625CABD, 0x555BB2A4,
		0x3F049F91, 0x249592C4, 0x07C58D11, 0xEA748ED6, 0xCE8997F7,
		0xB5D5A7DB, 0xA1F4BD7A, 0x9430D76C, 0x8D6EF401, 0x8E1F115E,
		0x96372D9A, 0xA52F46DF, 0xBA0F5B89, 0xD37B6A3F, 0xEFCC720D,
		0x0D2A7271, 0x29AE6B64, 0x437B5D5D, 0x58E64943, 0x68893066,
		0x71611464, 0x72D9F70E, 0x6CDBDA4D, 0x5FC8C000, 0x4C7CA9DC,
		0x34379951, 0x188D8F73, 0xFB4A8CE6, 0xDE5691D5, 0xC3929DED,
		0xACBBB066, 0x9B4FC80B, 0x906EE353, 0x8CCE0079, 0x90AB1D96,
		0x9BC538C8, 0xAD635048, 0xC4606290, 0xDF3D6E70, 0xFC3B7323,
		0x19787058, 0x350D6641, 0x4D305583, 0x604E3F37, 0x6D2924CE,
		0x72EB0801, 0x7135EAAF, 0x6823CEBF, 0x584CB603, 0x42B7A217,
		0x28CC9445, 0x0C3B8D74, 0xEEDD8E16, 0xD29D961F, 0xB950A50A,
		0xA49CB9DF, 0x95D8D344, 0x8DFBEF90, 0x8D880CEE, 0x94862975,
		0xA280434A, 0xB68E58C0, 0xCF636870, 0xEB617156, 0x08B672DE,
		0x25796CEE, 0x3FCE5FEA, 0x55FC4CA9, 0x6694346D, 0x708018C8,
		0x731CFB86, 0x6E3CDE8F, 0x6232C3C5, 0x4FC6ACE5, 0x382A9B6C,
		0x1CE7907D, 0xFFC48CCE, 0xE2A4909C, 0xC76D9BA7, 0xAFE3AD39,
		0x9D8FC42C, 0x91A1DF03, 0x8CE0FBFF, 0x8F9A193D, 0x99A434D8,
		0xAA544D03, 0xC097602C, 0xDAF96D15, 0xF7C372E7, 0x15167140,
		0x310A683D, 0x49CE5872, 0x5DC642E8, 0x6BA52905, 0x72850C77,
		0x71F3EF19, 0x69F9D2D5, 0x5B1BB980, 0x4650A4C1, 0x2CF495F0,
		0x10AB8E04, 0xF34E8D81, 0xD6C39470, 0xBCE7A25D, 0xA767B660,
		0x97AACF2C, 0x8EB5EB25, 0x8D1E0879, 0x92FE2540, 0x9FF53F9B,
		0xB32A55D4, 0xCB5E6678, 0xE6FE7073, 0x043D731E, 0x21376E4E,
		0x3C076252, 0x52F14FF1, 0x6476385F, 0x6F741D22, 0x73320000,
		0x6F74E2DE, 0x6476C7A1, 0x52F1B00F, 0x3C079DAE, 0x213791B2,
		0x043D8CE2, 0xE6FE8F8D, 0xCB5E9988, 0xB32AAA2C, 0x9FF5C065,
		0x92FEDAC0, 0x8D1EF787, 0x8EB514DB, 0x97AA30D4, 0xA76749A0,
		0xBCE75DA3, 0xD6C36B90, 0xF34E727F, 0x10AB71FC, 0x2CF46A10,
		0x46505B3F, 0x5B1B4680, 0x69F92D2B, 0x71F310E7, 0x7285F389,
		0x6BA5D6FB, 0x5DC6BD18, 0x49CEA78E, 0x310A97C3, 0x15168EC0,
		0xF7C38D19, 0xDAF992EB, 0xC0979FD4, 0xAA54B2FD, 0x99A4CB28,
		0x8F9AE6C3, 0x8CE00401, 0x91A120FD, 0x9D8F3BD4, 0xAFE352C7,
		0xC76D6459, 0xE2A46F64, 0xFFC47332, 0x1CE76F83, 0x382A6494,
		0x4FC6531B, 0x62323C3B, 0x6E3C2171, 0x731C047A, 0x7080E738,
		0x6694CB93, 0x55FCB357, 0x3FCEA016, 0x25799312, 0x08B68D22,
		0xEB618EAA, 0xCF639790, 0xB68EA740, 0xA280BCB6, 0x9486D68B,
		0x8D88F312, 0x8DFB1070, 0x95D82CBC, 0xA49C4621, 0xB9505AF6,
		0xD29D69E1, 0xEEDD71EA, 0x0C3B728C, 0x28CC6BBB, 0x42B75DE9,
		0x584C49FD, 0x68233141, 0x71351551, 0x72EBF7FF, 0x6D29DB32,
		0x604EC0C9, 0x4D30AA7D, 0x350D99BF, 0x19788FA8, 0xFC3B8CDD,
		0xDF3D9190, 0xC4609D70, 0xAD63AFB8, 0x9BC5C738, 0x90ABE26A,
		0x8CCEFF87, 0x906E1CAD, 0x9B4F37F5, 0xACBB4F9A, 0xC3926213,
		0xDE566E2B, 0xFB4A731A, 0x188D708D, 0x343766AF, 0x4C7C5624,
		0x5FC84000, 0x6CDB25B3, 0x72D908F2, 0x7161EB9C, 0x6889CF9A,
		0x58E6B6BD, 0x437BA2A3, 0x29AE949C, 0x0D2A8D8F, 0xEFCC8DF3,
		0xD37B95C1, 0xBA0FA477, 0xA52FB921, 0x9637D266, 0x8E1FEEA2,
		0x8D6E0BFF, 0x94302894, 0xA1F44286, 0xB5D55825, 0xCE896809,
		0xEA74712A, 0x07C572EF, 0x24956D3C, 0x3F04606F, 0x555B4D5C,
		0x66253543, 0x704B19B3, 0x7324FC77, 0x6E82DF77, 0x62B0C493,
		0x5073AD8D, 0x38FC9BE3, 0x1DD190BB, 0x00B58CCE, 0xE38D905F,
		0xC83F9B32, 0xB091AC92, 0x9E0DC35E, 0x91E7DE1C, 0x8CE9FB0E,
		0x8F661852, 0x99363401, 0xA9B44C4F, 0xBFCE5FA7, 0xDA156CC7,
		0xF6D272D5, 0x1429716B, 0x302F68A2, 0x4914590C, 0x5D3943AC,
		0x6B4F29E6, 0x726A0D66, 0x7216F008, 0x6A56D3B3, 0x5BADBA3F,
		0x470FA555, 0x2DD2964F, 0x119A8E28, 0xF43D8D68, 0xD7A5941B,
		0xBDABA1D1, 0xA802B5A7, 0x9811CE52, 0x8EE2EA38, 0x8D0D0789,
		0x92B1245C, 0x9F713ED2, 0xB2775532, 0xCA886609, 0xE612703E,
		0x034C7326, 0x20506E93, 0x3B3962CF, 0x5249509E, 0x63FF3931,
		0x6F361E0B, 0x733100F1, 0x6FB0E3C8, 0x64ECC874, 0x5398B0BD,
		0x3CD59E2D, 0x221E91F9, 0x052F8CEC, 0xE7E98F5A, 0xCC35991B,
		0xB3DEA98C, 0xA07BBF9C, 0x934DD9DC, 0x8D30F696, 0x8E8A13ED,
		0x97442FF9, 0xA6CD48E6, 0xBC235D16, 0xD5E26B39, 0xF25E7263,
		0x0FBD721E, 0x2C156A6D, 0x45915BD2, 0x5A86473E, 0x69992E09,
		0x71CF11D6, 0x729EF479, 0x6BFAD7DD, 0x5E52BDDD, 0x4A87A829,
		0x31E4982B, 0x16038EED, 0xF8B38D09, 0xDBDD929E, 0xC1619F50,
		0xAAF6B24A, 0x9A13CA52, 0x8FD0E5D7, 0x8CD80310, 0x915D2016,
		0x9D123B05, 0xAF37521F, 0xC69B63E1, 0xE1BB6F26, 0xFED27331,
		0x1BFE6FBF, 0x37576509, 0x4F1753C1, 0x61B33D08, 0x6DF52257,
		0x7312056B, 0x70B3E824, 0x6701CC6B, 0x569CB40C, 0x4096A09D,
		0x265D9361, 0x09A68D35, 0xEC4E8E80, 0xD03E972B, 0xB749A6A7,
		0xA30EBBF2, 0x94DED5AA, 0x8DA4F222, 0x8DDA0F81, 0x957B2BDE,
		0xA40A4561, 0xB8925A61, 0xD1C06981, 0xEDEF71C5, 0x0B4B72A4,
		0x27EA6C0F, 0x41F25E74, 0x57B04AB5, 0x67BB321A, 0x7107163E,
		0x72FBF8F0, 0x6D75DC17, 0x60D1C193, 0x4DE2AB1F, 0x35E39A2F,
		0x1A638FDE, 0xFD2C8CD7, 0xE024914C, 0xC52F9CF4, 0xAE0CAF0C,
		0x9C3DC667, 0x90EAE181, 0x8CD0FE96, 0x90331BC3, 0x9ADA3722,
		0xAC154EEB, 0xC2C56193, 0xDD6F6DE3, 0xFA59730F, 0x17A170BF,
		0x335F671B, 0x4BC756C4, 0x5F4140C8, 0x6C8B2696, 0x72C609E2,
		0x718AEC8A, 0x68EED075, 0x597FB778, 0x443EA332, 0x2A8E94F4,
		0x0E1A8DAB, 0xF0BB8DD2, 0xD45A9565, 0xBAD0A3E5, 0xA5C5B863,
		0x9697D188, 0x8E44EDB3, 0x8D560B0F, 0x93DC27B2, 0xA16941C0,
		0xB51D5789, 0xCDAF67A1, 0xE98770FC, 0x06D472FE, 0x23B06D87,
		0x3E3A60F2, 0x54B84E0F, 0x65B53618, 0x70141A9E, 0x732BFD69,
		0x6EC5E05E, 0x632BC562, 0x511FAE36, 0x39CD9C5B, 0x1EB990FA,
		0x01A68CD1, 0xE4789024, 0xC9139ABE, 0xB141ABEC, 0x9E8DC292,
		0x922FDD36, 0x8CF4FA1D, 0x8F341766, 0x98CA3329, 0xA9154B99,
		0xBF065F1F, 0xD9316C76, 0xF5E272C0, 0x133B7195, 0x2F546906,
		0x485959A5, 0x5CAB446F, 0x6AF62AC6, 0x724D0E56, 0x7236F0F7,
		0x6AB2D492, 0x5C3FBB00, 0x47CCA5EA, 0x2EAF96B0, 0x12888E4E,
		0xF52E8D50, 0xD88793C7, 0xBE71A147, 0xA89EB4EF, 0x987ACD79,
		0x8F10E94C, 0x8CFE0698, 0x92662377, 0x9EEE3E07, 0xB1C5548F,
		0xC9B26598, 0xE5277006, 0x025B732C, 0x1F686ED5, 0x3A6A634A,
		0x519F514A, 0x63873A01, 0x6EF61EF4, 0x732E01E3, 0x6FEAE4B2,
		0x655FC948, 0x543DB16D, 0x3DA19EAD, 0x23049241, 0x061F8CF7,
		0xE8D58F28, 0xCD0D98AF, 0xB494A8ED, 0xA103BED4, 0x939ED8F8,
		0x8D45F5A6, 0x8E6112FF, 0x96E12F1D, 0xA636482A, 0xBB615C87,
		0xD5026ADF, 0xF16E7246, 0x0ECD723E, 0x2B366AC9, 0x44D05C63,
		0x59F047FB, 0x69382EE6, 0x71A812C4, 0x72B5F56A, 0x6C4ED8C0,
		0x5EDBBEA3, 0x4B3EA8C6, 0x32BD9894, 0x16F08F1C, 0xF9A48CFB,
		0xDCC39253, 0xC22C9ECD, 0xAB9AB199, 0x9A84C97D, 0x9008E4ED,
		0x8CD3021F, 0x911A1F2E, 0x9C983A36, 0xAE8B5175, 0xC5CA6368,
		0xE0D26EE6, 0xFDE1732D, 0x1B136FF8, 0x3683657C, 0x4E675466,
		0x61333DD4, 0x6DAD233D, 0x7305065C, 0x70E4E910, 0x676CCD43,
		0x573AB4C2, 0x415DA125, 0x274093B2, 0x0A968D4B, 0xED3C8E58,
		0xD11A96C8, 0xB805A610, 0xA39DBB30, 0x9537D4CA, 0x8DC2F133,
		0x8DBA0E92, 0x95212AFE, 0xA379449F, 0xB7D659CA, 0xD0E3691F,
		0xED01719F, 0x0A5A72BB, 0x27086C62, 0x412C5EFD, 0x57134B6C,
		0x675132F3, 0x70D8172B, 0x7309F9E1, 0x6DBFDCFC, 0x6153C25F,
		0x4E93ABC3, 0x36B89AA1, 0x1B4E9016, 0xFE1D8CD2, 0xE10C910A,
		0xC5FF9C79, 0xAEB6AE61, 0x9CB6C596, 0x912BE098, 0x8CD4FDA5,
		0x8FFA1AD9, 0x9A68364E, 0xAB714E3B, 0xC1F96112, 0xDC896D9A,
		0xF9687302, 0x16B470F0, 0x32876786, 0x4B115762, 0x5EB9418F,
		0x6C392779, 0x72B00AD2, 0x71B2ED78, 0x6950D151, 0x5A16B834,
		0x4500A3C1, 0x2B6E954E, 0x0F098DCA, 0xF1AA8DB3, 0xD53A950A,
		0xBB91A355, 0xA65BB7A7, 0x96FAD0AC, 0x8E6BECC5, 0x8D400A1E,
		0x938A26CF, 0xA0E140FA, 0xB46756EB, 0xCCD76736, 0xE89A70CC,
		0x05E3730C, 0x22CA6DD1, 0x3D6E6173, 0x54144EBF, 0x654236ED,
		0x6FDC1B88, 0x732FFE5A, 0x6F06E147, 0x63A5C633, 0x51CAAEE1,
		0x3A9E9CD5, 0x1FA2913B, 0x02978CD5, 0xE5628FEC, 0xC9E89A4B,
		0xB1F1AB48, 0x9F0EC1C6, 0x9279DC50, 0x8D02F92C, 0x8F041679,
		0x985F3251, 0xA8774AE3, 0xBE405E97, 0xD84E6C24, 0xF4F172AA,
		0x124D71BC, 0x2E786969, 0x479D5A3B, 0x5C1B4530, 0x6A9B2BA6,
		0x722E0F45, 0x7255F1E6, 0x6B0CD572, 0x5CCEBBC2, 0x4888A681,
		0x2F8B9712, 0x13768E76, 0xF61E8D3A, 0xD96A9375, 0xBF38A0BF,
		0xA93CB439, 0x98E5CCA1, 0x8F41E85F, 0x8CF105A7, 0x921D2291,
		0x9E6D3D3B, 0xB11553EB, 0xC8DE6526, 0xE43D6FCD, 0x016A7330,
		0x1E7F6F16, 0x399963C3, 0x50F451F4, 0x630C3AD1, 0x6EB41FDC,
		0x732902D4, 0x7022E59D, 0x65D1CA1D, 0x54E1B21E, 0x3E6D9F2F,
		0x23E9928B, 0x07108D05, 0xE9C28EF9, 0xCDE69845, 0xB54BA850,
		0xA18CBE0E, 0x93F1D816, 0x8D5CF4B5, 0x8E3B1211, 0x967F2E40,
		0xA59F476E, 0xBA9F5BF6, 0xD4226A85, 0xF07F7226, 0x0DDE725C,
		0x2A566B22, 0x440E5CF2, 0x595948B7, 0x68D52FC2, 0x718013B2,
		0x72CBF65A, 0x6C9FD9A3, 0x5F63BF6A, 0x4BF4A964, 0x339598FF,
		0x17DC8F4D, 0xFA958CEE, 0xDDA9920B, 0xC2F89E4D, 0xAC3FB0E9,
		0x9AF7C8A9, 0x9041E402, 0x8CCF012E, 0x90DA1E45, 0x9C1F3965,
		0xADE150C9, 0xC4FB62EE, 0xDFEA6EA3, 0xFCF07328, 0x1A297030,
		0x35AE65ED, 0x4DB6550A, 0x60B03E9F, 0x6D622423, 0x72F7074D,
		0x7113E9FD, 0x67D5CE1C, 0x57D7B579, 0x4223A1AE, 0x28239406,
		0x0B878D62, 0xEE2A8E31, 0xD1F79667, 0xB8C2A57A, 0xA42EBA6F,
		0x9593D3EB, 0x8DE2F043, 0x8D9D0DA2, 0x94C72A1E, 0xA2EA43DD,
		0xB71A5933, 0xD00768BC, 0xEC137176, 0x096A72D0, 0x26246CB3,
		0x40645F85, 0x56744C22, 0x66E533CB, 0x70A61817, 0x7314FAD1,
		0x6E07DDE2, 0x61D3C32B, 0x4F43AC68, 0x378C9B14, 0x1C389050,
		0xFF0F8CCF, 0xE1F590CA, 0xC6CF9C01, 0xAF62ADB7, 0x9D31C4C7,
		0x916DDFB0, 0x8CDAFCB4, 0x8FC219EE, 0x99F73578, 0xAACE4D89,
		0xC12E608F, 0xDBA46D4F, 0xF87772F3, 0x15C8711E, 0x31AE67EF,
		0x4A5957FE, 0x5E2F4255, 0x6BE5285B, 0x72980BC3, 0x71D8EE66,
		0x69B1D22E, 0x5AABB8F1, 0x45C1A453, 0x2C4D95AA, 0x0FF88DEA,
		0xF29A8D96, 0xD61A94B1, 0xBC54A2C7, 0xA6F4B6EC, 0x975ECFD1,
		0x8E95EBD7, 0x8D2B092E, 0x933925EB, 0xA0594032, 0xB3B1564C,
		0xCBFF66CA, 0xE7AE709A, 0x04F27317, 0x21E46E19, 0x3CA261F3,
		0x536E4F6F, 0x64CE37C1, 0x6FA11C73, 0x7332FF4B, 0x6F45E22F,
		0x641DC704, 0x5273AF8D, 0x3B6D9D50, 0x2089917E, 0x03898CDC,
		0xE64D8FB5, 0xCABD99DB, 0xB2A4AAA5, 0x9F91C0FC, 0x92C4DB6B,
		0x8D11F83B, 0x8ED6158C, 0x97F73177, 0xA7DB4A2B, 0xBD7A5E0C,
		0xD76C6BD0, 0xF4017292, 0x115E71E1, 0x2D9A69C9, 0x46DF5AD1,
		0x5B8945F1, 0x6A3F2C85, 0x720D1034, 0x7271F2D6, 0x6B64D652,
		0x5D5DBC85, 0x4943A71A, 0x30669777, 0x14648E9F, 0xF70E8D27,
		0xDA4D9325, 0xC000A038, 0xA9DCB384, 0x9951CBC9, 0x8F73E773,
		0x8CE604B6, 0x91D521AA, 0x9DED3C6E, 0xB0665345, 0xC80B64B1,
		0xE3536F92, 0x00797332, 0x1D966F55, 0x38C8643B, 0x5048529D,
		0x62903BA0, 0x6E7020C3, 0x732303C5, 0x7058E688, 0x6641CAF3,
		0x5583B2D0, 0x3F379FB2, 0x24CE92D7, 0x08018D15, 0xEAAF8ECB,
		0xCEBF97DD, 0xB603A7B4, 0xA217BD49, 0x9445D734, 0x8D74F3C5,
		0x8E161123, 0x961F2D63, 0xA50A46B0, 0xB9DF5B64, 0xD3446A28,
		0xEF907205, 0x0CEE7278, 0x29756B7A, 0x434A5D80, 0x58C04972,
		0x6870309D, 0x7156149F, 0x72DEF74A, 0x6CEEDA87, 0x5FEAC032,
		0x4CA9AA04, 0x346D996C, 0x18C88F80, 0xFB868CE4, 0xDE8F91C4,
		0xC3C59DCE, 0xACE5B03A, 0x9B6CC7D6, 0x907DE319, 0x8CCE003C,
		0x909C1D5C, 0x9BA73893, 0xAD39501D, 0xC42C6271, 0xDF036E5F,
		0xFBFF7320, 0x193D7066, 0x34D8665C, 0x4D0355AC, 0x602C3F69,
		0x6D152507, 0x72E7083D, 0x7140EAEA, 0x683DCEF6, 0x5872B632,
		0x42E8A23A, 0x2905945B, 0x0C778D7B, 0xEF198E0D, 0xD2D59607,
		0xB980A4E5, 0xA4C1B9B0, 0x95F0D30C, 0x8E04EF55, 0x8D810CB2,
		0x9470293D, 0xA25D4319, 0xB6605899, 0xCF2C6856, 0xEB25714B,
		0x087972E2, 0x25406D02, 0x3F9B600B, 0x55D44CD6, 0x667834A2,
		0x70731902, 0x731EFBC3, 0x6E4EDEC9, 0x6252C3F9, 0x4FF1AD0F,
		0x385F9B8A, 0x1D22908C, 0x00008CCE, 0xE2DE908C, 0xC7A19B8A,
		0xB00FAD0F, 0x9DAEC3F9, 0x91B2DEC9, 0x8CE2FBC3, 0x8F8D1902,
		0x998834A2, 0xAA2C4CD6, 0xC065600B, 0xDAC06D02, 0xF78772E2,
		0x14DB714B, 0x30D46856, 0x49A05899, 0x5DA34319, 0x6B90293D,
		0x727F0CB2, 0x71FCEF55, 0x6A10D30C, 0x5B3FB9B0, 0x4680A4E5,
		0x2D2B9607, 0x10E78E0D, 0xF3898D7B, 0xD6FB945B, 0xBD18A23A,
		0xA78EB632, 0x97C3CEF6, 0x8EC0EAEA, 0x8D19083D, 0x92EB2507,
		0x9FD43F69, 0xB2FD55AC, 0xCB28665C, 0xE6C37066, 0x04017320,
		0x20FD6E5F, 0x3BD46271, 0x52C7501D, 0x64593893, 0x6F641D5C,
		0x7332003C, 0x6F83E319, 0x6494C7D6, 0x531BB03A, 0x3C3B9DCE,
		0x217191C4, 0x047A8CE4, 0xE7388F80, 0xCB93996C, 0xB357AA04,
		0xA016C032, 0x9312DA87, 0x8D22F74A, 0x8EAA149F, 0x9790309D,
		0xA7404972, 0xBCB65D80, 0xD68B6B7A, 0xF3127278, 0x10707205,
		0x2CBC6A28, 0x46215B64, 0x5AF646B0, 0x69E12D63, 0x71EA1123,
		0x728CF3C5, 0x6BBBD734, 0x5DE9BD49, 0x49FDA7B4, 0x314197DD,
		0x15518ECB, 0xF7FF8D15, 0xDB3292D7, 0xC0C99FB2, 0xAA7DB2D0,
		0x99BFCAF3, 0x8FA8E688, 0x8CDD03C5, 0x919020C3, 0x9D703BA0,
		0xAFB8529D, 0xC738643B, 0xE26A6F55, 0xFF877332, 0x1CAD6F92,
		0x37F564B1, 0x4F9A5345, 0x62133C6E, 0x6E2B21AA, 0x731A04B6,
		0x708DE773, 0x66AFCBC9, 0x5624B384, 0x4000A038, 0x25B39325,
		0x08F28D27, 0xEB9C8E9F, 0xCF9A9777, 0xB6BDA71A, 0xA2A3BC85,
		0x949CD652, 0x8D8FF2D6, 0x8DF31034, 0x95C12C85, 0xA47745F1,
		0xB9215AD1, 0xD26669C9, 0xEEA271E1, 0x0BFF7292, 0x28946BD0,
		0x42865E0C, 0x58254A2B, 0x68093177, 0x712A158C, 0x72EFF83B,
		0x6D3CDB6B, 0x606FC0FC, 0x4D5CAAA5, 0x354399DB, 0x19B38FB5,
		0xFC778CDC, 0xDF77917E, 0xC4939D50, 0xAD8DAF8D, 0x9BE3C704,
		0x90BBE22F, 0x8CCEFF4B, 0x905F1C73, 0x9B3237C1, 0xAC924F6F,
		0xC35E61F3, 0xDE1C6E19, 0xFB0E7317, 0x1852709A, 0x340166CA,
		0x4C4F564C, 0x5FA74032, 0x6CC725EB, 0x72D5092E, 0x716BEBD7,
		0x68A2CFD1, 0x590CB6EC, 0x43ACA2C7, 0x29E694B1, 0x0D668D96,
		0xF0088DEA, 0xD3B395AA, 0xBA3FA453, 0xA555B8F1, 0x964FD22E,
		0x8E28EE66, 0x8D680BC3, 0x941B285B, 0xA1D14255, 0xB5A757FE,
		0xCE5267EF, 0xEA38711E, 0x078972F3, 0x245C6D4F, 0x3ED2608F,
		0x55324D89, 0x66093578, 0x703E19EE, 0x7326FCB4, 0x6E93DFB0,
		0x62CFC4C7, 0x509EADB7, 0x39319C01, 0x1E0B90CA, 0x00F18CCF,
		0xE3C89050, 0xC8749B14, 0xB0BDAC68, 0x9E2DC32B, 0x91F9DDE2,
		0x8CECFAD1, 0x8F5A1817, 0x991B33CB, 0xA98C4C22, 0xBF9C5F85,
		0xD9DC6CB3, 0xF69672D0, 0x13ED7176, 0x2FF968BC, 0x48E65933,
		0x5D1643DD, 0x6B392A1E, 0x72630DA2, 0x721EF043, 0x6A6DD3EB,
		0x5BD2BA6F, 0x473EA57A, 0x2E099667, 0x11D68E31, 0xF4798D62,
		0xD7DD9406, 0xBDDDA1AE, 0xA829B579, 0x982BCE1C, 0x8EEDE9FD,
		0x8D09074D, 0x929E2423, 0x9F503E9F, 0xB24A550A, 0xCA5265ED,
		0xE5D77030, 0x03107328, 0x20166EA3, 0x3B0562EE, 0x521F50C9,
		0x63E13965, 0x6F261E45, 0x7331012E, 0x6FBFE402, 0x6509C8A9,
		0x53C1B0E9, 0x3D089E4D, 0x2257920B, 0x056B8CEE, 0xE8248F4D,
		0xCC6B98FF, 0xB40CA964, 0xA09DBF6A, 0x9361D9A3, 0x8D35F65A,
		0x8E8013B2, 0x972B2FC2, 0xA6A748B7, 0xBBF25CF2, 0xD5AA6B22,
		0xF222725C, 0x0F817226, 0x2BDE6A85, 0x45615BF6, 0x5A61476E,
		0x69812E40, 0x71C51211, 0x72A4F4B5, 0x6C0FD816, 0x5E74BE0E,
		0x4AB5A850, 0x321A9845, 0x163E8EF9, 0xF8F08D05, 0xDC17928B,
		0xC1939F2F, 0xAB1FB21E, 0x9A2FCA1D, 0x8FDEE59D, 0x8CD702D4,
		0x914C1FDC, 0x9CF43AD1, 0xAF0C51F4, 0xC66763C3, 0xE1816F16,
		0xFE967330, 0x1BC36FCD, 0x37226526, 0x4EEB53EB, 0x61933D3B,
		0x6DE32291, 0x730F05A7, 0x70BFE85F, 0x671BCCA1, 0x56C4B439,
		0x40C8A0BF, 0x26969375, 0x09E28D3A, 0xEC8A8E76, 0xD0759712,
		0xB778A681, 0xA332BBC2, 0x94F4D572, 0x8DABF1E6, 0x8DD20F45,
		0x95652BA6, 0xA3E54530, 0xB8635A3B, 0xD1886969, 0xEDB371BC,
		0x0B0F72AA, 0x27B26C24, 0x41C05E97, 0x57894AE3, 0x67A13251,
		0x70FC1679, 0x72FEF92C, 0x6D87DC50, 0x60F2C1C6, 0x4E0FAB48,
		0x36189A4B, 0x1A9E8FEC, 0xFD698CD5, 0xE05E913B, 0xC5629CD5,
		0xAE36AEE1, 0x9C5BC633, 0x90FAE147, 0x8CD1FE5A, 0x90241B88,
		0x9ABE36ED, 0xABEC4EBF, 0xC2926173, 0xDD366DD1, 0xFA1D730C,
		0x176670CC, 0x33296736, 0x4B9956EB, 0x5F1F40FA, 0x6C7626CF,
		0x72C00A1E, 0x7195ECC5, 0x6906D0AC, 0x59A5B7A7, 0x446FA355,
		0x2AC6950A, 0x0E568DB3, 0xF0F78DCA, 0xD492954E, 0xBB00A3C1,
		0xA5EAB834, 0x96B0D151, 0x8E4EED78, 0x8D500AD2, 0x93C72779,
		0xA147418F, 0xB4EF5762, 0xCD796786, 0xE94C70F0, 0x06987302,
		0x23776D9A, 0x3E076112, 0x548F4E3B, 0x6598364E, 0x70061AD9,
		0x732CFDA5, 0x6ED5E098, 0x634AC596, 0x514AAE61, 0x3A019C79,
		0x1EF4910A, 0x01E38CD2, 0xE4B29016, 0xC9489AA1, 0xB16DABC3,
		0x9EADC25F, 0x9241DCFC, 0x8CF7F9E1, 0x8F28172B, 0x98AF32F3,
		0xA8ED4B6C, 0xBED45EFD, 0xD8F86C62, 0xF5A672BB, 0x12FF719F,
		0x2F1D691F, 0x482A59CA, 0x5C87449F, 0x6ADF2AFE, 0x72460E92,
		0x723EF133, 0x6AC9D4CA, 0x5C63BB30, 0x47FBA610, 0x2EE696C8,
		0x12C48E58, 0xF56A8D4B, 0xD8C093B2, 0xBEA3A125, 0xA8C6B4C2,
		0x9894CD43, 0x8F1CE910, 0x8CFB065C, 0x9253233D, 0x9ECD3DD4,
		0xB1995466, 0xC97D657C, 0xE4ED6FF8, 0x021F732D, 0x1F2E6EE6,
		0x3A366368, 0x51755175, 0x63683A36, 0x6EE61F2E, 0x732D021F,
		0x6FF8E4ED, 0x657CC97D, 0x5466B199, 0x3DD49ECD, 0x233D9253,
		0x065C8CFB, 0xE9108F1C, 0xCD439894, 0xB4C2A8C6, 0xA125BEA3,
		0x93B2D8C0, 0x8D4BF56A, 0x8E5812C4, 0x96C82EE6, 0xA61047FB,
		0xBB305C63, 0xD4CA6AC9, 0xF133723E, 0x0E927246, 0x2AFE6ADF,
		0x449F5C87, 0x59CA482A, 0x691F2F1D, 0x719F12FF, 0x72BBF5A6,
		0x6C62D8F8, 0x5EFDBED4, 0x4B6CA8ED, 0x32F398AF, 0x172B8F28,
		0xF9E18CF7, 0xDCFC9241, 0xC25F9EAD, 0xABC3B16D, 0x9AA1C948,
		0x9016E4B2, 0x8CD201E3, 0x910A1EF4, 0x9C793A01, 0xAE61514A,
		0xC596634A, 0xE0986ED5, 0xFDA5732C, 0x1AD97006, 0x364E6598,
		0x4E3B548F, 0x61123E07, 0x6D9A2377, 0x73020698, 0x70F0E94C,
		0x6786CD79, 0x5762B4EF, 0x418FA147, 0x277993C7, 0x0AD28D50,
		0xED788E4E, 0xD15196B0, 0xB834A5EA, 0xA3C1BB00, 0x954ED492,
		0x8DCAF0F7, 0x8DB30E56, 0x950A2AC6, 0xA355446F, 0xB7A759A5,
		0xD0AC6906, 0xECC57195, 0x0A1E72C0, 0x26CF6C76, 0x40FA5F1F,
		0x56EB4B99, 0x67363329, 0x70CC1766, 0x730CFA1D, 0x6DD1DD36,
		0x6173C292, 0x4EBFABEC, 0x36ED9ABE, 0x1B889024, 0xFE5A8CD1,
		0xE14790FA, 0xC6339C5B, 0xAEE1AE36, 0x9CD5C562, 0x913BE05E,
		0x8CD5FD69, 0x8FEC1A9E, 0x9A4B3618, 0xAB484E0F, 0xC1C660F2,
		0xDC506D87, 0xF92C72FE, 0x167970FC, 0x325167A1, 0x4AE35789,
		0x5E9741C0, 0x6C2427B2, 0x72AA0B0F, 0x71BCEDB3, 0x6969D188,
		0x5A3BB863, 0x4530A3E5, 0x2BA69565, 0x0F458DD2, 0xF1E68DAB,
		0xD57294F4, 0xBBC2A332, 0xA681B778, 0x9712D075, 0x8E76EC8A,
		0x8D3A09E2, 0x93752696, 0xA0BF40C8, 0xB43956C4, 0xCCA1671B,
		0xE85F70BF, 0x05A7730F, 0x22916DE3, 0x3D3B6193, 0x53EB4EEB,
		0x65263722, 0x6FCD1BC3, 0x7330FE96, 0x6F16E181, 0x63C3C667,
		0x51F4AF0C, 0x3AD19CF4, 0x1FDC914C, 0x02D48CD7, 0xE59D8FDE,
		0xCA1D9A2F, 0xB21EAB1F, 0x9F2FC193, 0x928BDC17, 0x8D05F8F0,
		0x8EF9163E, 0x9845321A, 0xA8504AB5, 0xBE0E5E74, 0xD8166C0F,
		0xF4B572A4, 0x121171C5, 0x2E406981, 0x476E5A61, 0x5BF64561,
		0x6A852BDE, 0x72260F81, 0x725CF222, 0x6B22D5AA, 0x5CF2BBF2,
		0x48B7A6A7, 0x2FC2972B, 0x13B28E80, 0xF65A8D35, 0xD9A39361,
		0xBF6AA09D, 0xA964B40C, 0x98FFCC6B, 0x8F4DE824, 0x8CEE056B,
		0x920B2257, 0x9E4D3D08, 0xB0E953C1, 0xC8A96509, 0xE4026FBF,
		0x012E7331, 0x1E456F26, 0x396563E1, 0x50C9521F, 0x62EE3B05,
		0x6EA32016, 0x73280310, 0x7030E5D7, 0x65EDCA52, 0x550AB24A,
		0x3E9F9F50, 0x2423929E, 0x074D8D09, 0xE9FD8EED, 0xCE1C982B,
		0xB579A829, 0xA1AEBDDD, 0x9406D7DD, 0x8D62F479, 0x8E3111D6,
		0x96672E09, 0xA57A473E, 0xBA6F5BD2, 0xD3EB6A6D, 0xF043721E,
		0x0DA27263, 0x2A1E6B39, 0x43DD5D16, 0x593348E6, 0x68BC2FF9,
		0x717613ED, 0x72D0F696, 0x6CB3D9DC, 0x5F85BF9C, 0x4C22A98C,
		0x33CB991B, 0x18178F5A, 0xFAD18CEC, 0xDDE291F9, 0xC32B9E2D,
		0xAC68B0BD, 0x9B14C874, 0x9050E3C8, 0x8CCF00F1, 0x90CA1E0B,
		0x9C013931, 0xADB7509E, 0xC4C762CF, 0xDFB06E93, 0xFCB47326,
		0x19EE703E, 0x35786609, 0x4D895532, 0x608F3ED2, 0x6D4F245C,
		0x72F30789, 0x711EEA38, 0x67EFCE52, 0x57FEB5A7, 0x4255A1D1,
		0x285B941B, 0x0BC38D68, 0xEE668E28, 0xD22E964F, 0xB8F1A555,
		0xA453BA3F, 0x95AAD3B3, 0x8DEAF008, 0x8D960D66, 0x94B129E6,
		0xA2C743AC, 0xB6EC590C, 0xCFD168A2, 0xEBD7716B, 0x092E72D5,
		0x25EB6CC7, 0x40325FA7, 0x564C4C4F, 0x66CA3401, 0x709A1852,
		0x7317FB0E, 0x6E19DE1C, 0x61F3C35E, 0x4F6FAC92, 0x37C19B32,
		0x1C73905F, 0xFF4B8CCE, 0xE22F90BB, 0xC7049BE3, 0xAF8DAD8D,
		0x9D50C493, 0x917EDF77, 0x8CDCFC77, 0x8FB519B3, 0x99DB3543,
		0xAAA54D5C, 0xC0FC606F, 0xDB6B6D3C, 0xF83B72EF, 0x158C712A,
		0x31776809, 0x4A2B5825, 0x5E0C4286, 0x6BD02894, 0x72920BFF,
		0x71E1EEA2, 0x69C9D266, 0x5AD1B921, 0x45F1A477, 0x2C8595C1,
		0x10348DF3, 0xF2D68D8F, 0xD652949C, 0xBC85A2A3, 0xA71AB6BD,
		0x9777CF9A, 0x8E9FEB9C, 0x8D2708F2, 0x932525B3, 0xA0384000,
		0xB3845624, 0xCBC966AF, 0xE773708D, 0x04B6731A, 0x21AA6E2B,
		0x3C6E6213, 0x53454F9A, 0x64B137F5, 0x6F921CAD, 0x7332FF87,
		0x6F55E26A, 0x643BC738, 0x529DAFB8, 0x3BA09D70, 0x20C39190,
		0x03C58CDD, 0xE6888FA8, 0xCAF399BF, 0xB2D0AA7D, 0x9FB2C0C9,
		0x92D7DB32, 0x8D15F7FF, 0x8ECB1551, 0x97DD3141, 0xA7B449FD,
		0xBD495DE9, 0xD7346BBB, 0xF3C5728C, 0x112371EA, 0x2D6369E1,
		0x46B05AF6, 0x5B644621, 0x6A282CBC, 0x72051070, 0x7278F312,
		0x6B7AD68B, 0x5D80BCB6, 0x4972A740, 0x309D9790, 0x149F8EAA,
		0xF74A8D22, 0xDA879312, 0xC032A016, 0xAA04B357, 0x996CCB93,
		0x8F80E738, 0x8CE4047A, 0x91C42171, 0x9DCE3C3B, 0xB03A531B,
		0xC7D66494, 0xE3196F83, 0x003C7332, 0x1D5C6F64, 0x38936459,
		0x501D52C7, 0x62713BD4, 0x6E5F20FD, 0x73200401, 0x7066E6C3,
		0x665CCB28, 0x55ACB2FD, 0x3F699FD4, 0x250792EB, 0x083D8D19,
		0xEAEA8EC0, 0xCEF697C3, 0xB632A78E, 0xA23ABD18, 0x945BD6FB,
		0x8D7BF389, 0x8E0D10E7, 0x96072D2B, 0xA4E54680, 0xB9B05B3F,
		0xD30C6A10, 0xEF5571FC, 0x0CB2727F, 0x293D6B90, 0x43195DA3,
		0x589949A0, 0x685630D4, 0x714B14DB, 0x72E2F787, 0x6D02DAC0,
		0x600BC065, 0x4CD6AA2C, 0x34A29988, 0x19028F8D, 0xFBC38CE2,
		0xDEC991B2, 0xC3F99DAE, 0xAD0FB00F, 0x9B8AC7A1, 0x908CE2DE,
		0x8CCE0000, 0x908C1D22, 0x9B8A385F, 0xAD0F4FF1, 0xC3F96252,
		0xDEC96E4E, 0xFBC3731E, 0x19027073, 0x34A26678, 0x4CD655D4,
		0x600B3F9B, 0x6D022540, 0x72E20879, 0x714BEB25, 0x6856CF2C,
		0x5899B660, 0x4319A25D, 0x293D9470, 0x0CB28D81, 0xEF558E04,
		0xD30C95F0, 0xB9B0A4C1, 0xA4E5B980, 0x9607D2D5, 0x8E0DEF19,
		0x8D7B0C77, 0x945B2905, 0xA23A42E8, 0xB6325872, 0xCEF6683D,
		0xEAEA7140, 0x083D72E7, 0x25076D15, 0x3F69602C, 0x55AC4D03,
		0x665C34D8, 0x7066193D, 0x7320FBFF, 0x6E5FDF03, 0x6271C42C,
		0x501DAD39, 0x38939BA7, 0x1D5C909C, 0x003C8CCE, 0xE319907D,
		0xC7D69B6C, 0xB03AACE5, 0x9DCEC3C5, 0x91C4DE8F, 0x8CE4FB86,
		0x8F8018C8, 0x996C346D, 0xAA044CA9, 0xC0325FEA, 0xDA876CEE,
		0xF74A72DE, 0x149F7156, 0x309D6870, 0x497258C0, 0x5D80434A,
		0x6B7A2975, 0x72780CEE, 0x7205EF90, 0x6A28D344, 0x5B64B9DF,
		0x46B0A50A, 0x2D63961F, 0x11238E16, 0xF3C58D74, 0xD7349445,
		0xBD49A217, 0xA7B4B603, 0x97DDCEBF, 0x8ECBEAAF, 0x8D150801,
		0x92D724CE, 0x9FB23F37, 0xB2D05583, 0xCAF36641, 0xE6887058,
		0x03C57323, 0x20C36E70, 0x3BA06290, 0x529D5048, 0x643B38C8,
		0x6F551D96, 0x73320079, 0x6F92E353, 0x64B1C80B, 0x5345B066,
		0x3C6E9DED, 0x21AA91D5, 0x04B68CE6, 0xE7738F73, 0xCBC99951,
		0xB384A9DC, 0xA038C000, 0x9325DA4D, 0x8D27F70E, 0x8E9F1464,
		0x97773066, 0xA71A4943, 0xBC855D5D, 0xD6526B64, 0xF2D67271,
		0x1034720D, 0x2C856A3F, 0x45F15B89, 0x5AD146DF, 0x69C92D9A,
		0x71E1115E, 0x7292F401, 0x6BD0D76C, 0x5E0CBD7A, 0x4A2BA7DB,
		0x317797F7, 0x158C8ED6, 0xF83B8D11, 0xDB6B92C4, 0xC0FC9F91,
		0xAAA5B2A4, 0x99DBCABD, 0x8FB5E64D, 0x8CDC0389, 0x917E2089,
		0x9D503B6D, 0xAF8D5273, 0xC704641D, 0xE22F6F45, 0xFF4B7332,
		0x1C736FA1, 0x37C164CE, 0x4F6F536E, 0x61F33CA2, 0x6E1921E4,
		0x731704F2, 0x709AE7AE, 0x66CACBFF, 0x564CB3B1, 0x4032A059,
		0x25EB9339, 0x092E8D2B, 0xEBD78E95, 0xCFD1975E, 0xB6ECA6F4,
		0xA2C7BC54, 0x94B1D61A, 0x8D96F29A, 0x8DEA0FF8, 0x95AA2C4D,
		0xA45345C1, 0xB8F15AAB, 0xD22E69B1, 0xEE6671D8, 0x0BC37298,
		0x285B6BE5, 0x42555E2F, 0x57FE4A59, 0x67EF31AE, 0x711E15C8,
		0x72F3F877, 0x6D4FDBA4, 0x608FC12E, 0x4D89AACE, 0x357899F7,
		0x19EE8FC2, 0xFCB48CDA, 0xDFB0916D, 0xC4C79D31, 0xADB7AF62,
		0x9C01C6CF, 0x90CAE1F5, 0x8CCFFF0F, 0x90501C38, 0x9B14378C,
		0xAC684F43, 0xC32B61D3, 0xDDE26E07, 0xFAD17314, 0x181770A6,
		0x33CB66E5, 0x4C225674, 0x5F854064, 0x6CB32624, 0x72D0096A,
		0x7176EC13, 0x68BCD007, 0x5933B71A, 0x43DDA2EA, 0x2A1E94C7,
		0x0DA28D9D, 0xF0438DE2, 0xD3EB9593, 0xBA6FA42E, 0xA57AB8C2,
		0x9667D1F7, 0x8E31EE2A, 0x8D620B87, 0x94062823, 0xA1AE4223,
		0xB57957D7, 0xCE1C67D5, 0xE9FD7113, 0x074D72F7, 0x24236D62,
		0x3E9F60B0, 0x550A4DB6, 0x65ED35AE, 0x70301A29, 0x7328FCF0,
		0x6EA3DFEA, 0x62EEC4FB, 0x50C9ADE1, 0x39659C1F, 0x1E4590DA,
		0x012E8CCF, 0xE4029041, 0xC8A99AF7, 0xB0E9AC3F, 0x9E4DC2F8,
		0x920BDDA9, 0x8CEEFA95, 0x8F4D17DC, 0x98FF3395, 0xA9644BF4,
		0xBF6A5F63, 0xD9A36C9F, 0xF65A72CB, 0x13B27180, 0x2FC268D5,
		0x48B75959, 0x5CF2440E, 0x6B222A56, 0x725C0DDE, 0x7226F07F,
		0x6A85D422, 0x5BF6BA9F, 0x476EA59F, 0x2E40967F, 0x12118E3B,
		0xF4B58D5C, 0xD81693F1, 0xBE0EA18C, 0xA850B54B, 0x9845CDE6,
		0x8EF9E9C2, 0x8D050710, 0x928B23E9, 0x9F2F3E6D, 0xB21E54E1,
		0xCA1D65D1, 0xE59D7022, 0x02D47329, 0x1FDC6EB4, 0x3AD1630C,
		0x51F450F4, 0x63C33999, 0x6F161E7F, 0x7330016A, 0x6FCDE43D,
		0x6526C8DE, 0x53EBB115, 0x3D3B9E6D, 0x2291921D, 0x05A78CF1,
		0xE85F8F41, 0xCCA198E5, 0xB439A93C, 0xA0BFBF38, 0x9375D96A,
		0x8D3AF61E, 0x8E761376, 0x97122F8B, 0xA6814888, 0xBBC25CCE,
		0xD5726B0C, 0xF1E67255, 0x0F45722E, 0x2BA66A9B, 0x45305C1B,
		0x5A3B479D, 0x69692E78, 0x71BC124D, 0x72AAF4F1, 0x6C24D84E,
		0x5E97BE40, 0x4AE3A877, 0x3251985F, 0x16798F04, 0xF92C8D02,
		0xDC509279, 0xC1C69F0E, 0xAB48B1F1, 0x9A4BC9E8, 0x8FECE562,
		0x8CD50297, 0x913B1FA2, 0x9CD53A9E, 0xAEE151CA, 0xC63363A5,
		0xE1476F06, 0xFE5A732F, 0x1B886FDC, 0x36ED6542, 0x4EBF5414,
		0x61733D6E, 0x6DD122CA, 0x730C05E3, 0x70CCE89A, 0x6736CCD7,
		0x56EBB467, 0x40FAA0E1, 0x26CF938A, 0x0A1E8D40, 0xECC58E6B,
		0xD0AC96FA, 0xB7A7A65B, 0xA355BB91, 0x950AD53A, 0x8DB3F1AA,
		0x8DCA0F09, 0x954E2B6E, 0xA3C14500, 0xB8345A16, 0xD1516950,
		0xED7871B2, 0x0AD272B0, 0x27796C39, 0x418F5EB9, 0x57624B11,
		0x67863287, 0x70F016B4, 0x7302F968, 0x6D9ADC89, 0x6112C1F9,
		0x4E3BAB71, 0x364E9A68, 0x1AD98FFA, 0xFDA58CD4, 0xE098912B,
		0xC5969CB6, 0xAE61AEB6, 0x9C79C5FF, 0x910AE10C, 0x8CD2FE1D,
		0x90161B4E, 0x9AA136B8, 0xABC34E93, 0xC25F6153, 0xDCFC6DBF,
		0xF9E17309, 0x172B70D8, 0x32F36751, 0x4B6C5713, 0x5EFD412C,
		0x6C622708, 0x72BB0A5A, 0x719FED01, 0x691FD0E3, 0x59CAB7D6,
		0x449FA379, 0x2AFE9521, 0x0E928DBA, 0xF1338DC2, 0xD4CA9537,
		0xBB30A39D, 0xA610B805, 0x96C8D11A, 0x8E58ED3C, 0x8D4B0A96,
		0x93B22740, 0xA125415D, 0xB4C2573A, 0xCD43676C, 0xE91070E4,
		0x065C7305, 0x233D6DAD, 0x3DD46133, 0x54664E67, 0x657C3683,
		0x6FF81B13, 0x732DFDE1, 0x6EE6E0D2, 0x6368C5CA, 0x5175AE8B,
		0x3A369C98, 0x1F2E911A, 0x021F8CD3, 0xE4ED9008, 0xC97D9A84,
		0xB199AB9A, 0x9ECDC22C, 0x9253DCC3, 0x8CFBF9A4, 0x8F1C16F0,
		0x989432BD, 0xA8C64B3E, 0xBEA35EDB, 0xD8C06C4E, 0xF56A72B5,
		0x12C471A8, 0x2EE66938, 0x47FB59F0, 0x5C6344D0, 0x6AC92B36,
		0x723E0ECD, 0x7246F16E, 0x6ADFD502, 0x5C87BB61, 0x482AA636,
		0x2F1D96E1, 0x12FF8E61, 0xF5A68D45, 0xD8F8939E, 0xBED4A103,
		0xA8EDB494, 0x98AFCD0D, 0x8F28E8D5, 0x8CF7061F, 0x92412304,
		0x9EAD3DA1, 0xB16D543D, 0xC948655F, 0xE4B26FEA, 0x01E3732E,
		0x1EF46EF6, 0x3A016387, 0x514A519F, 0x634A3A6A, 0x6ED51F68,
		0x732C025B, 0x7006E527, 0x6598C9B2, 0x548FB1C5, 0x3E079EEE,
		0x23779266, 0x06988CFE, 0xE94C8F10, 0xCD79987A, 0xB4EFA89E,
		0xA147BE71, 0x93C7D887, 0x8D50F52E, 0x8E4E1288, 0x96B02EAF,
		0xA5EA47CC, 0xBB005C3F, 0xD4926AB2, 0xF0F77236, 0x0E56724D,
		0x2AC66AF6, 0x446F5CAB, 0x59A54859, 0x69062F54, 0x7195133B,
		0x72C0F5E2, 0x6C76D931, 0x5F1FBF06, 0x4B99A915, 0x332998CA,
		0x17668F34, 0xFA1D8CF4, 0xDD36922F, 0xC2929E8D, 0xABECB141,
		0x9ABEC913, 0x9024E478, 0x8CD101A6, 0x90FA1EB9, 0x9C5B39CD,
		0xAE36511F, 0xC562632B, 0xE05E6EC5, 0xFD69732B, 0x1A9E7014,
		0x361865B5, 0x4E0F54B8, 0x60F23E3A, 0x6D8723B0, 0x72FE06D4,
		0x70FCE987, 0x67A1CDAF, 0x5789B51D, 0x41C0A169, 0x27B293DC,
		0x0B0F8D56, 0xEDB38E44, 0xD1889697, 0xB863A5C5, 0xA3E5BAD0,
		0x9565D45A, 0x8DD2F0BB, 0x8DAB0E1A, 0x94F42A8E, 0xA332443E,
		0xB778597F, 0xD07568EE, 0xEC8A718A, 0x09E272C6, 0x26966C8B,
		0x40C85F41, 0x56C44BC7, 0x671B335F, 0x70BF17A1, 0x730FFA59,
		0x6DE3DD6F, 0x6193C2C5, 0x4EEBAC15, 0x37229ADA, 0x1BC39033,
		0xFE968CD0, 0xE18190EA, 0xC6679C3D, 0xAF0CAE0C, 0x9CF4C52F,
		0x914CE024, 0x8CD7FD2C, 0x8FDE1A63, 0x9A2F35E3, 0xAB1F4DE2,
		0xC19360D1, 0xDC176D75, 0xF8F072FB, 0x163E7107, 0x321A67BB,
		0x4AB557B0, 0x5E7441F2, 0x6C0F27EA, 0x72A40B4B, 0x71C5EDEF,
		0x6981D1C0, 0x5A61B892, 0x4561A40A, 0x2BDE957B, 0x0F818DDA,
		0xF2228DA4, 0xD5AA94DE, 0xBBF2A30E, 0xA6A7B749, 0x972BD03E,
		0x8E80EC4E, 0x8D3509A6, 0x9361265D, 0xA09D4096, 0xB40C569C,
		0xCC6B6701, 0xE82470B3, 0x056B7312, 0x22576DF5, 0x3D0861B3,
		0x53C14F17, 0x65093757, 0x6FBF1BFE, 0x7331FED2, 0x6F26E1BB,
		0x63E1C69B, 0x521FAF37, 0x3B059D12, 0x2016915D, 0x03108CD8,
		0xE5D78FD0, 0xCA529A13, 0xB24AAAF6, 0x9F50C161, 0x929EDBDD,
		0x8D09F8B3, 0x8EED1603, 0x982B31E4, 0xA8294A87, 0xBDDD5E52,
		0xD7DD6BFA, 0xF479729E, 0x11D671CF, 0x2E096999, 0x473E5A86,
		0x5BD24591, 0x6A6D2C15, 0x721E0FBD, 0x7263F25E, 0x6B39D5E2,
		0x5D16BC23, 0x48E6A6CD, 0x2FF99744, 0x13ED8E8A, 0xF6968D30,
		0xD9DC934D, 0xBF9CA07B, 0xA98CB3DE, 0x991BCC35, 0x8F5AE7E9,
		0x8CEC052F, 0x91F9221E, 0x9E2D3CD5, 0xB0BD5398, 0xC87464EC,
		0xE3C86FB0, 0x00F17331, 0x1E0B6F36, 0x393163FF, 0x509E5249,
		0x62CF3B39, 0x6E932050, 0x7326034C, 0x703EE612, 0x6609CA88,
		0x5532B277, 0x3ED29F71, 0x245C92B1, 0x07898D0D, 0xEA388EE2,
		0xCE529811, 0xB5A7A802, 0xA1D1BDAB, 0x941BD7A5, 0x8D68F43D,
		0x8E28119A, 0x964F2DD2, 0xA555470F, 0xBA3F5BAD, 0xD3B36A56,
		0xF0087216, 0x0D66726A, 0x29E66B4F, 0x43AC5D39, 0x590C4914,
		0x68A2302F, 0x716B1429, 0x72D5F6D2, 0x6CC7DA15, 0x5FA7BFCE,
		0x4C4FA9B4, 0x34019936, 0x18528F66, 0xFB0E8CE9, 0xDE1C91E7,
		0xC35E9E0D, 0xAC92B091, 0x9B32C83F, 0x905FE38D, 0x8CCE00B5,
		0x90BB1DD1, 0x9BE338FC, 0xAD8D5073, 0xC49362B0, 0xDF776E82,
		0xFC777324, 0x19B3704B, 0x35436625, 0x4D5C555B, 0x606F3F04,
		0x6D3C2495, 0x72EF07C5, 0x712AEA74, 0x6809CE89, 0x5825B5D5,
		0x4286A1F4, 0x28949430, 0x0BFF8D6E, 0xEEA28E1F, 0xD2669637,
		0xB921A52F, 0xA477BA0F, 0x95C1D37B, 0x8DF3EFCC, 0x8D8F0D2A,
		0x949C29AE, 0xA2A3437B, 0xB6BD58E6, 0xCF9A6889, 0xEB9C7161,
		0x08F272D9, 0x25B36CDB, 0x40005FC8, 0x56244C7C, 0x66AF3437,
		0x708D188D, 0x731AFB4A, 0x6E2BDE56, 0x6213C392, 0x4F9AACBB,
		0x37F59B4F, 0x1CAD906E, 0xFF878CCE, 0xE26A90AB, 0xC7389BC5,
		0xAFB8AD63, 0x9D70C460, 0x9190DF3D, 0x8CDDFC3B, 0x8FA81978,
		0x99BF350D, 0xAA7D4D30, 0xC0C9604E, 0xDB326D29, 0xF7FF72EB,
		0x15517135, 0x31416823, 0x49FD584C, 0x5DE942B7, 0x6BBB28CC,
		0x728C0C3B, 0x71EAEEDD, 0x69E1D29D, 0x5AF6B950, 0x4621A49C,
		0x2CBC95D8, 0x10708DFB, 0xF3128D88, 0xD68B9486, 0xBCB6A280,
		0xA740B68E, 0x9790CF63, 0x8EAAEB61, 0x8D2208B6, 0x93122579,
		0xA0163FCE, 0xB35755FC, 0xCB936694, 0xE7387080, 0x047A731C,
		0x21716E3C, 0x3C3B6232, 0x531B4FC6, 0x6494382A, 0x6F831CE7,
		0x7332FFC4, 0x6F64E2A4, 0x6459C76D, 0x52C7AFE3, 0x3BD49D8F,
		0x20FD91A1, 0x04018CE0, 0xE6C38F9A, 0xCB2899A4, 0xB2FDAA54,
		0x9FD4C097, 0x92EBDAF9, 0x8D19F7C3, 0x8EC01516, 0x97C3310A,
		0xA78E49CE, 0xBD185DC6, 0xD6FB6BA5, 0xF3897285, 0x10E771F3,
		0x2D2B69F9, 0x46805B1B, 0x5B3F4650, 0x6A102CF4, 0x71FC10AB,
		0x727FF34E, 0x6B90D6C3, 0x5DA3BCE7, 0x49A0A767, 0x30D497AA,
		0x14DB8EB5, 0xF7878D1E, 0xDAC092FE, 0xC0659FF5, 0xAA2CB32A,
		0x9988CB5E, 0x8F8DE6FE, 0x8CE2043D, 0x91B22137, 0x9DAE3C07,
		0xB00F52F1, 0xC7A16476, 0xE2DE6F74, 0x00007332, 0x1D226F74,
		0x385F6476, 0x4FF152F1, 0x62523C07, 0x6E4E2137, 0x731E043D,
		0x7073E6FE, 0x6678CB5E, 0x55D4B32A, 0x3F9B9FF5, 0x254092FE,
		0x08798D1E, 0xEB258EB5, 0xCF2C97AA, 0xB660A767, 0xA25DBCE7,
		0x9470D6C3, 0x8D81F34E, 0x8E0410AB, 0x95F02CF4, 0xA4C14650,
		0xB9805B1B, 0xD2D569F9, 0xEF1971F3, 0x0C777285, 0x29056BA5,
		0x42E85DC6, 0x587249CE, 0x683D310A, 0x71401516, 0x72E7F7C3,
		0x6D15DAF9, 0x602CC097, 0x4D03AA54, 0x34D899A4, 0x193D8F9A,
		0xFBFF8CE0, 0xDF0391A1, 0xC42C9D8F, 0xAD39AFE3, 0x9BA7C76D,
		0x909CE2A4, 0x8CCEFFC4, 0x907D1CE7, 0x9B6C382A, 0xACE54FC6,
		0xC3C56232, 0xDE8F6E3C, 0xFB86731C, 0x18C87080, 0x346D6694,
		0x4CA955FC, 0x5FEA3FCE, 0x6CEE2579, 0x72DE08B6, 0x7156EB61,
		0x6870CF63, 0x58C0B68E, 0x434AA280, 0x29759486, 0x0CEE8D88,
		0xEF908DFB, 0xD34495D8, 0xB9DFA49C, 0xA50AB950, 0x961FD29D,
		0x8E16EEDD, 0x8D740C3B, 0x944528CC, 0xA21742B7, 0xB603584C,
		0xCEBF6823, 0xEAAF7135, 0x080172EB, 0x24CE6D29, 0x3F37604E,
		0x55834D30, 0x6641350D, 0x70581978, 0x7323FC3B, 0x6E70DF3D,
		0x6290C460, 0x5048AD63, 0x38C89BC5, 0x1D9690AB, 0x00798CCE,
		0xE353906E, 0xC80B9B4F, 0xB066ACBB, 0x9DEDC392, 0x91D5DE56,
		0x8CE6FB4A, 0x8F73188D, 0x99513437, 0xA9DC4C7C, 0xC0005FC8,
		0xDA4D6CDB, 0xF70E72D9, 0x14647161, 0x30666889, 0x494358E6,
		0x5D5D437B, 0x6B6429AE, 0x72710D2A, 0x720DEFCC, 0x6A3FD37B,
		0x5B89BA0F, 0x46DFA52F, 0x2D9A9637, 0x115E8E1F, 0xF4018D6E,
		0xD76C9430, 0xBD7AA1F4, 0xA7DBB5D5, 0x97F7CE89, 0x8ED6EA74,
		0x8D1107C5, 0x92C42495, 0x9F913F04, 0xB2A4555B, 0xCABD6625,
		0xE64D704B, 0x03897324, 0x20896E82, 0x3B6D62B0, 0x52735073,
		0x641D38FC, 0x6F451DD1, 0x733200B5, 0x6FA1E38D, 0x64CEC83F,
		0x536EB091, 0x3CA29E0D, 0x21E491E7, 0x04F28CE9, 0xE7AE8F66,
		0xCBFF9936, 0xB3B1A9B4, 0xA059BFCE, 0x9339DA15, 0x8D2BF6D2,
		0x8E951429, 0x975E302F, 0xA6F44914, 0xBC545D39, 0xD61A6B4F,
		0xF29A726A, 0x0FF87216, 0x2C4D6A56, 0x45C15BAD, 0x5AAB470F,
		0x69B12DD2, 0x71D8119A, 0x7298F43D, 0x6BE5D7A5, 0x5E2FBDAB,
		0x4A59A802, 0x31AE9811, 0x15C88EE2, 0xF8778D0D, 0xDBA492B1,
		0xC12E9F71, 0xAACEB277, 0x99F7CA88, 0x8FC2E612, 0x8CDA034C,
		0x916D2050, 0x9D313B39, 0xAF625249, 0xC6CF63FF, 0xE1F56F36,
		0xFF0F7331, 0x1C386FB0, 0x378C64EC, 0x4F435398, 0x61D33CD5,
		0x6E07221E, 0x7314052F, 0x70A6E7E9, 0x66E5CC35, 0x5674B3DE,
		0x4064A07B, 0x2624934D, 0x096A8D30, 0xEC138E8A, 0xD0079744,
		0xB71AA6CD, 0xA2EABC23, 0x94C7D5E2, 0x8D9DF25E, 0x8DE20FBD,
		0x95932C15, 0xA42E4591, 0xB8C25A86, 0xD1F76999, 0xEE2A71CF,
		0x0B87729E, 0x28236BFA, 0x42235E52, 0x57D74A87, 0x67D531E4,
		0x71131603, 0x72F7F8B3, 0x6D62DBDD, 0x60B0C161, 0x4DB6AAF6,
		0x35AE9A13, 0x1A298FD0, 0xFCF08CD8, 0xDFEA915D, 0xC4FB9D12,
		0xADE1AF37, 0x9C1FC69B, 0x90DAE1BB, 0x8CCFFED2, 0x90411BFE,
		0x9AF73757, 0xAC3F4F17, 0xC2F861B3, 0xDDA96DF5, 0xFA957312,
		0x17DC70B3, 0x33956701, 0x4BF4569C, 0x5F634096, 0x6C9F265D,
		0x72CB09A6, 0x7180EC4E, 0x68D5D03E, 0x5959B749, 0x440EA30E,
		0x2A5694DE, 0x0DDE8DA4, 0xF07F8DDA, 0xD422957B, 0xBA9FA40A,
		0xA59FB892, 0x967FD1C0, 0x8E3BEDEF, 0x8D5C0B4B, 0x93F127EA,
		0xA18C41F2, 0xB54B57B0, 0xCDE667BB, 0xE9C27107, 0x071072FB,
		0x23E96D75, 0x3E6D60D1, 0x54E14DE2, 0x65D135E3, 0x70221A63,
		0x7329FD2C, 0x6EB4E024, 0x630CC52F, 0x50F4AE0C, 0x39999C3D,
		0x1E7F90EA, 0x016A8CD0, 0xE43D9033, 0xC8DE9ADA, 0xB115AC15,
		0x9E6DC2C5, 0x921DDD6F, 0x8CF1FA59, 0x8F4117A1, 0x98E5335F,
		0xA93C4BC7, 0xBF385F41, 0xD96A6C8B, 0xF61E72C6, 0x1376718A,
		0x2F8B68EE, 0x4888597F, 0x5CCE443E, 0x6B0C2A8E, 0x72550E1A,
		0x722EF0BB, 0x6A9BD45A, 0x5C1BBAD0, 0x479DA5C5, 0x2E789697,
		0x124D8E44, 0xF4F18D56, 0xD84E93DC, 0xBE40A169, 0xA877B51D,
		0x985FCDAF, 0x8F04E987, 0x8D0206D4, 0x927923B0, 0x9F0E3E3A,
		0xB1F154B8, 0xC9E865B5, 0xE5627014, 0x0297732B, 0x1FA26EC5,
		0x3A9E632B, 0x51CA511F, 0x63A539CD, 0x6F061EB9, 0x732F01A6,
		0x6FDCE478, 0x6542C913, 0x5414B141, 0x3D6E9E8D, 0x22CA922F,
		0x05E38CF4, 0xE89A8F34, 0xCCD798CA, 0xB467A915, 0xA0E1BF06,
		0x938AD931, 0x8D40F5E2, 0x8E6B133B, 0x96FA2F54, 0xA65B4859,
		0xBB915CAB, 0xD53A6AF6, 0xF1AA724D, 0x0F097236, 0x2B6E6AB2,
		0x45005C3F, 0x5A1647CC, 0x69502EAF, 0x71B21288, 0x72B0F52E,
		0x6C39D887, 0x5EB9BE71, 0x4B11A89E, 0x3287987A, 0x16B48F10,
		0xF9688CFE, 0xDC899266, 0xC1F99EEE, 0xAB71B1C5, 0x9A68C9B2,
		0x8FFAE527, 0x8CD4025B, 0x912B1F68, 0x9CB63A6A, 0xAEB6519F,
		0xC5FF6387, 0xE10C6EF6, 0xFE1D732E, 0x1B4E6FEA, 0x36B8655F,
		0x4E93543D, 0x61533DA1, 0x6DBF2304, 0x7309061F, 0x70D8E8D5,
		0x6751CD0D, 0x5713B494, 0x412CA103, 0x2708939E, 0x0A5A8D45,
		0xED018E61, 0xD0E396E1, 0xB7D6A636, 0xA379BB61, 0x9521D502,
		0x8DBAF16E, 0x8DC20ECD, 0x95372B36, 0xA39D44D0, 0xB80559F0,
		0xD11A6938, 0xED3C71A8, 0x0A9672B5, 0x27406C4E, 0x415D5EDB,
		0x573A4B3E, 0x676C32BD, 0x70E416F0, 0x7305F9A4, 0x6DADDCC3,
		0x6133C22C, 0x4E67AB9A, 0x36839A84, 0x1B139008, 0xFDE18CD3,
		0xE0D2911A, 0xC5CA9C98, 0xAE8BAE8B, 0x9C98C5CA, 0x911AE0D2,
		0x8CD3FDE1, 0x90081B13, 0x9A843683, 0xAB9A4E67, 0xC22C6133,
		0xDCC36DAD, 0xF9A47305, 0x16F070E4, 0x32BD676C, 0x4B3E573A,
		0x5EDB415D, 0x6C4E2740, 0x72B50A96, 0x71A8ED3C, 0x6938D11A,
		0x59F0B805, 0x44D0A39D, 0x2B369537, 0x0ECD8DC2, 0xF16E8DBA,
		0xD5029521, 0xBB61A379, 0xA636B7D6, 0x96E1D0E3, 0x8E61ED01,
		0x8D450A5A, 0x939E2708, 0xA103412C, 0xB4945713, 0xCD0D6751,
		0xE8D570D8, 0x061F7309, 0x23046DBF, 0x3DA16153, 0x543D4E93,
		0x655F36B8, 0x6FEA1B4E, 0x732EFE1D, 0x6EF6E10C, 0x6387C5FF,
		0x519FAEB6, 0x3A6A9CB6, 0x1F68912B, 0x025B8CD4, 0xE5278FFA,
		0xC9B29A68, 0xB1C5AB71, 0x9EEEC1F9, 0x9266DC89, 0x8CFEF968,
		0x8F1016B4, 0x987A3287, 0xA89E4B11, 0xBE715EB9, 0xD8876C39,
		0xF52E72B0, 0x128871B2, 0x2EAF6950, 0x47CC5A16, 0x5C3F4500,
		0x6AB22B6E, 0x72360F09, 0x724DF1AA, 0x6AF6D53A, 0x5CABBB91,
		0x4859A65B, 0x2F5496FA, 0x133B8E6B, 0xF5E28D40, 0xD931938A,
		0xBF06A0E1, 0xA915B467, 0x98CACCD7, 0x8F34E89A, 0x8CF405E3,
		0x922F22CA, 0x9E8D3D6E, 0xB1415414, 0xC9136542, 0xE4786FDC,
		0x01A6732F, 0x1EB96F06, 0x39CD63A5, 0x511F51CA, 0x632B3A9E,
		0x6EC51FA2, 0x732B0297, 0x7014E562, 0x65B5C9E8, 0x54B8B1F1,
		0x3E3A9F0E, 0x23B09279, 0x06D48D02, 0xE9878F04, 0xCDAF985F,
		0xB51DA877, 0xA169BE40, 0x93DCD84E, 0x8D56F4F1, 0x8E44124D,
		0x96972E78, 0xA5C5479D, 0xBAD05C1B, 0xD45A6A9B, 0xF0BB722E,
		0x0E1A7255, 0x2A8E6B0C, 0x443E5CCE, 0x597F4888, 0x68EE2F8B,
		0x718A1376, 0x72C6F61E, 0x6C8BD96A, 0x5F41BF38, 0x4BC7A93C,
		0x335F98E5, 0x17A18F41, 0xFA598CF1, 0xDD6F921D, 0xC2C59E6D,
		0xAC15B115, 0x9ADAC8DE, 0x9033E43D, 0x8CD0016A, 0x90EA1E7F,
		0x9C3D3999, 0xAE0C50F4, 0xC52F630C, 0xE0246EB4, 0xFD2C7329,
		0x1A637022, 0x35E365D1, 0x4DE254E1, 0x60D13E6D, 0x6D7523E9,
		0x72FB0710, 0x7107E9C2, 0x67BBCDE6, 0x57B0B54B, 0x41F2A18C,
		0x27EA93F1, 0x0B4B8D5C, 0xEDEF8E3B, 0xD1C0967F, 0xB892A59F,
		0xA40ABA9F, 0x957BD422, 0x8DDAF07F, 0x8DA40DDE, 0x94DE2A56,
		0xA30E440E, 0xB7495959, 0xD03E68D5, 0xEC4E7180, 0x09A672CB,
		0x265D6C9F, 0x40965F63, 0x569C4BF4, 0x67013395, 0x70B317DC,
		0x7312FA95, 0x6DF5DDA9, 0x61B3C2F8, 0x4F17AC3F, 0x37579AF7,
		0x1BFE9041, 0xFED28CCF, 0xE1BB90DA, 0xC69B9C1F, 0xAF37ADE1,
		0x9D12C4FB, 0x915DDFEA, 0x8CD8FCF0, 0x8FD01A29, 0x9A1335AE,
		0xAAF64DB6, 0xC16160B0, 0xDBDD6D62, 0xF8B372F7, 0x16037113,
		0x31E467D5, 0x4A8757D7, 0x5E524223, 0x6BFA2823, 0x729E0B87,
		0x71CFEE2A, 0x6999D1F7, 0x5A86B8C2, 0x4591A42E, 0x2C159593,
		0x0FBD8DE2, 0xF25E8D9D, 0xD5E294C7, 0xBC23A2EA, 0xA6CDB71A,
		0x9744D007, 0x8E8AEC13, 0x8D30096A, 0x934D2624, 0xA07B4064,
		0xB3DE5674, 0xCC3566E5, 0xE7E970A6, 0x052F7314, 0x221E6E07,
		0x3CD561D3, 0x53984F43, 0x64EC378C, 0x6FB01C38, 0x7331FF0F,
		0x6F36E1F5, 0x63FFC6CF, 0x5249AF62, 0x3B399D31, 0x2050916D,
		0x034C8CDA, 0xE6128FC2, 0xCA8899F7, 0xB277AACE, 0x9F71C12E,
		0x92B1DBA4, 0x8D0DF877, 0x8EE215C8, 0x981131AE, 0xA8024A59,
		0xBDAB5E2F, 0xD7A56BE5, 0xF43D7298, 0x119A71D8, 0x2DD269B1,
		0x470F5AAB, 0x5BAD45C1, 0x6A562C4D, 0x72160FF8, 0x726AF29A,
		0x6B4FD61A, 0x5D39BC54, 0x4914A6F4, 0x302F975E, 0x14298E95,
		0xF6D28D2B, 0xDA159339, 0xBFCEA059, 0xA9B4B3B1, 0x9936CBFF,
		0x8F66E7AE, 0x8CE904F2, 0x91E721E4, 0x9E0D3CA2, 0xB091536E,
		0xC83F64CE, 0xE38D6FA1, 0x00B57332, 0x1DD16F45, 0x38FC641D,
		0x50735273, 0x62B03B6D, 0x6E822089, 0x73240389, 0x704BE64D,
		0x6625CABD, 0x555BB2A4, 0x3F049F91, 0x249592C4, 0x07C58D11,
		0xEA748ED6, 0xCE8997F7, 0xB5D5A7DB, 0xA1F4BD7A, 0x9430D76C,
		0x8D6EF401, 0x8E1F115E, 0x96372D9A, 0xA52F46DF, 0xBA0F5B89,
		0xD37B6A3F, 0xEFCC720D, 0x0D2A7271, 0x29AE6B64, 0x437B5D5D,
		0x58E64943, 0x68893066, 0x71611464, 0x72D9F70E, 0x6CDBDA4D,
		0x5FC8C000, 0x4C7CA9DC, 0x34379951, 0x188D8F73, 0xFB4A8CE6,
		0xDE5691D5, 0xC3929DED, 0xACBBB066, 0x9B4FC80B, 0x906EE353,
		0x8CCE0079, 0x90AB1D96, 0x9BC538C8, 0xAD635048, 0xC4606290,
		0xDF3D6E70, 0xFC3B7323, 0x19787058, 0x350D6641, 0x4D305583,
		0x604E3F37, 0x6D2924CE, 0x72EB0801, 0x7135EAAF, 0x6823CEBF,
		0x584CB603, 0x42B7A217, 0x28CC9445, 0x0C3B8D74, 0xEEDD8E16,
		0xD29D961F, 0xB950A50A, 0xA49CB9DF, 0x95D8D344, 0x8DFBEF90,
		0x8D880CEE, 0x94862975, 0xA280434A, 0xB68E58C0, 0xCF636870,
		0xEB617156, 0x08B672DE, 0x25796CEE, 0x3FCE5FEA, 0x55FC4CA9,
		0x6694346D, 0x708018C8, 0x731CFB86, 0x6E3CDE8F, 0x6232C3C5,
		0x4FC6ACE5, 0x382A9B6C, 0x1CE7907D, 0xFFC48CCE, 0xE2A4909C,
		0xC76D9BA7, 0xAFE3AD39, 0x9D8FC42C, 0x91A1DF03, 0x8CE0FBFF,
		0x8F9A193D, 0x99A434D8, 0xAA544D03, 0xC097602C, 0xDAF96D15,
		0xF7C372E7, 0x15167140, 0x310A683D, 0x49CE5872, 0x5DC642E8,
		0x6BA52905, 0x72850C77, 0x71F3EF19, 0x69F9D2D5, 0x5B1BB980,
		0x4650A4C1, 0x2CF495F0, 0x10AB8E04, 0xF34E8D81, 0xD6C39470,
		0xBCE7A25D, 0xA767B660, 0x97AACF2C, 0x8EB5EB25, 0x8D1E0879,
		0x92FE2540, 0x9FF53F9B, 0xB32A55D4, 0xCB5E6678, 0xE6FE7073,
		0x043D731E, 0x21376E4E, 0x3C076252, 0x52F14FF1, 0x6476385F,
		0x6F741D22, 0x73320000, 0x6F74E2DE, 0x6476C7A1, 0x52F1B00F,
		0x3C079DAE, 0x213791B2, 0x043D8CE2, 0xE6FE8F8D, 0xCB5E9988,
		0xB32AAA2C, 0x9FF5C065, 0x92FEDAC0, 0x8D1EF787, 0x8EB514DB,
		0x97AA30D4, 0xA76749A0, 0xBCE75DA3, 0xD6C36B90, 0xF34E727F,
		0x10AB71FC, 0x2CF46A10, 0x46505B3F, 0x5B1B4680, 0x69F92D2B,
		0x71F310E7, 0x7285F389, 0x6BA5D6FB, 0x5DC6BD18, 0x49CEA78E,
		0x310A97C3, 0x15168EC0, 0xF7C38D19, 0xDAF992EB, 0xC0979FD4,
		0xAA54B2FD, 0x99A4CB28, 0x8F9AE6C3, 0x8CE00401, 0x91A120FD,
		0x9D8F3BD4, 0xAFE352C7, 0xC76D6459, 0xE2A46F64, 0xFFC47332,
		0x1CE76F83, 0x382A6494, 0x4FC6531B, 0x62323C3B, 0x6E3C2171,
		0x731C047A, 0x7080E738, 0x6694CB93, 0x55FCB357, 0x3FCEA016,
		0x25799312, 0x08B68D22, 0xEB618EAA, 0xCF639790, 0xB68EA740,
		0xA280BCB6, 0x9486D68B, 0x8D88F312, 0x8DFB1070, 0x95D82CBC,
		0xA49C4621, 0xB9505AF6, 0xD29D69E1, 0xEEDD71EA, 0x0C3B728C,
		0x28CC6BBB, 0x42B75DE9, 0x584C49FD, 0x68233141, 0x71351551,
		0x72EBF7FF, 0x6D29DB32, 0x604EC0C9, 0x4D30AA7D, 0x350D99BF,
		0x19788FA8, 0xFC3B8CDD, 0xDF3D9190, 0xC4609D70, 0xAD63AFB8,
		0x9BC5C738, 0x90ABE26A, 0x8CCEFF87, 0x906E1CAD, 0x9B4F37F5,
		0xACBB4F9A, 0xC3926213, 0xDE566E2B, 0xFB4A731A, 0x188D708D,
		0x343766AF, 0x4C7C5624, 0x5FC84000, 0x6CDB25B3, 0x72D908F2,
		0x7161EB9C, 0x6889CF9A, 0x58E6B6BD, 0x437BA2A3, 0x29AE949C,
		0x0D2A8D8F, 0xEFCC8DF3, 0xD37B95C1, 0xBA0FA477, 0xA52FB921,
		0x9637D266, 0x8E1FEEA2, 0x8D6E0BFF, 0x94302894, 0xA1F44286,
		0xB5D55825, 0xCE896809, 0xEA74712A, 0x07C572EF, 0x24956D3C,
		0x3F04606F, 0x555B4D5C, 0x66253543, 0x704B19B3, 0x7324FC77,
		0x6E82DF77, 0x62B0C493, 0x5073AD8D, 0x38FC9BE3, 0x1DD190BB,
		0x00B58CCE, 0xE38D905F, 0xC83F9B32, 0xB091AC92, 0x9E0DC35E,
		0x91E7DE1C, 0x8CE9FB0E, 0x8F661852, 0x99363401, 0xA9B44C4F,
		0xBFCE5FA7, 0xDA156CC7, 0xF6D272D5, 0x1429716B, 0x302F68A2,
		0x4914590C, 0x5D3943AC, 0x6B4F29E6, 0x726A0D66, 0x7216F008,
		0x6A56D3B3, 0x5BADBA3F, 0x470FA555, 0x2DD2964F, 0x119A8E28,
		0xF43D8D68, 0xD7A5941B, 0xBDABA1D1, 0xA802B5A7, 0x9811CE52,
		0x8EE2EA38, 0x8D0D0789, 0x92B1245C, 0x9F713ED2, 0xB2775532,
		0xCA886609, 0xE612703E, 0x034C7326, 0x20506E93, 0x3B3962CF,
		0x5249509E, 0x63FF3931, 0x6F361E0B, 0x733100F1, 0x6FB0E3C8,
		0x64ECC874, 0x5398B0BD, 0x3CD59E2D, 0x221E91F9, 0x052F8CEC,
		0xE7E98F5A, 0xCC35991B, 0xB3DEA98C, 0xA07BBF9C, 0x934DD9DC,
		0x8D30F696, 0x8E8A13ED, 0x97442FF9, 0xA6CD48E6, 0xBC235D16,
		0xD5E26B39, 0xF25E7263, 0x0FBD721E, 0x2C156A6D, 0x45915BD2,
		0x5A86473E, 0x69992E09, 0x71CF11D6, 0x729EF479, 0x6BFAD7DD,
		0x5E52BDDD, 0x4A87A829, 0x31E4982B, 0x16038EED, 0xF8B38D09,
		0xDBDD929E, 0xC1619F50, 0xAAF6B24A, 0x9A13CA52, 0x8FD0E5D7,
		0x8CD80310, 0x915D2016, 0x9D123B05, 0xAF37521F, 0xC69B63E1,
		0xE1BB6F26, 0xFED27331, 0x1BFE6FBF, 0x37576509, 0x4F1753C1,
		0x61B33D08, 0x6DF52257, 0x7312056B, 0x70B3E824, 0x6701CC6B,
		0x569CB40C, 0x4096A09D, 0x265D9361, 0x09A68D35, 0xEC4E8E80,
		0xD03E972B, 0xB749A6A7, 0xA30EBBF2, 0x94DED5AA, 0x8DA4F222,
		0x8DDA0F81, 0x957B2BDE, 0xA40A4561, 0xB8925A61, 0xD1C06981,
		0xEDEF71C5, 0x0B4B72A4, 0x27EA6C0F, 0x41F25E74, 0x57B04AB5,
		0x67BB321A, 0x7107163E, 0x72FBF8F0, 0x6D75DC17, 0x60D1C193,
		0x4DE2AB1F, 0x35E39A2F, 0x1A638FDE, 0xFD2C8CD7, 0xE024914C,
		0xC52F9CF4, 0xAE0CAF0C, 0x9C3DC667, 0x90EAE181, 0x8CD0FE96,
		0x90331BC3, 0x9ADA3722, 0xAC154EEB, 0xC2C56193, 0xDD6F6DE3,
		0xFA59730F, 0x17A170BF, 0x335F671B, 0x4BC756C4, 0x5F4140C8,
		0x6C8B2696, 0x72C609E2, 0x718AEC8A, 0x68EED075, 0x597FB778,
		0x443EA332, 0x2A8E94F4, 0x0E1A8DAB, 0xF0BB8DD2, 0xD45A9565,
		0xBAD0A3E5, 0xA5C5B863, 0x9697D188, 0x8E44EDB3, 0x8D560B0F,
		0x93DC27B2, 0xA16941C0, 0xB51D5789, 0xCDAF67A1, 0xE98770FC,
		0x06D472FE, 0x23B06D87, 0x3E3A60F2, 0x54B84E0F, 0x65B53618,
		0x70141A9E, 0x732BFD69, 0x6EC5E05E, 0x632BC562, 0x511FAE36,
		0x39CD9C5B, 0x1EB990FA, 0x01A68CD1, 0xE4789024, 0xC9139ABE,
		0xB141ABEC, 0x9E8DC292, 0x922FDD36, 0x8CF4FA1D, 0x8F341766,
		0x98CA3329, 0xA9154B99, 0xBF065F1F, 0xD9316C76, 0xF5E272C0,
		0x133B7195, 0x2F546906, 0x485959A5, 0x5CAB446F, 0x6AF62AC6,
		0x724D0E56, 0x7236F0F7, 0x6AB2D492, 0x5C3FBB00, 0x47CCA5EA,
		0x2EAF96B0, 0x12888E4E, 0xF52E8D50, 0xD88793C7, 0xBE71A147,
		0xA89EB4EF, 0x987ACD79, 0x8F10E94C, 0x8CFE0698, 0x92662377,
		0x9EEE3E07, 0xB1C5548F, 0xC9B26598, 0xE5277006, 0x025B732C,
		0x1F686ED5, 0x3A6A634A, 0x519F514A, 0x63873A01, 0x6EF61EF4,
		0x732E01E3, 0x6FEAE4B2, 0x655FC948, 0x543DB16D, 0x3DA19EAD,
		0x23049241, 0x061F8CF7, 0xE8D58F28, 0xCD0D98AF, 0xB494A8ED,
		0xA103BED4, 0x939ED8F8, 0x8D45F5A6, 0x8E6112FF, 0x96E12F1D,
		0xA636482A, 0xBB615C87, 0xD5026ADF, 0xF16E7246, 0x0ECD723E,
		0x2B366AC9, 0x44D05C63, 0x59F047FB, 0x69382EE6, 0x71A812C4,
		0x72B5F56A, 0x6C4ED8C0, 0x5EDBBEA3, 0x4B3EA8C6, 0x32BD9894,
		0x16F08F1C, 0xF9A48CFB, 0xDCC39253, 0xC22C9ECD, 0xAB9AB199,
		0x9A84C97D, 0x9008E4ED, 0x8CD3021F, 0x911A1F2E, 0x9C983A36,
		0xAE8B5175, 0xC5CA6368, 0xE0D26EE6, 0xFDE1732D, 0x1B136FF8,
		0x3683657C, 0x4E675466, 0x61333DD4, 0x6DAD233D, 0x7305065C,
		0x70E4E910, 0x676CCD43, 0x573AB4C2, 0x415DA125, 0x274093B2,
		0x0A968D4B, 0xED3C8E58, 0xD11A96C8, 0xB805A610, 0xA39DBB30,
		0x9537D4CA, 0x8DC2F133, 0x8DBA0E92, 0x95212AFE, 0xA379449F,
		0xB7D659CA, 0xD0E3691F, 0xED01719F, 0x0A5A72BB, 0x27086C62,
		0x412C5EFD, 0x57134B6C, 0x675132F3, 0x70D8172B, 0x7309F9E1,
		0x6DBFDCFC, 0x6153C25F, 0x4E93ABC3, 0x36B89AA1, 0x1B4E9016,
		0xFE1D8CD2, 0xE10C910A, 0xC5FF9C79, 0xAEB6AE61, 0x9CB6C596,
		0x912BE098, 0x8CD4FDA5, 0x8FFA1AD9, 0x9A68364E, 0xAB714E3B,
		0xC1F96112, 0xDC896D9A, 0xF9687302, 0x16B470F0, 0x32876786,
		0x4B115762, 0x5EB9418F, 0x6C392779, 0x72B00AD2, 0x71B2ED78,
		0x6950D151, 0x5A16B834, 0x4500A3C1, 0x2B6E954E, 0x0F098DCA,
		0xF1AA8DB3, 0xD53A950A, 0xBB91A355, 0xA65BB7A7, 0x96FAD0AC,
		0x8E6BECC5, 0x8D400A1E, 0x938A26CF, 0xA0E140FA, 0xB46756EB,
		0xCCD76736, 0xE89A70CC, 0x05E3730C, 0x22CA6DD1, 0x3D6E6173,
		0x54144EBF, 0x654236ED, 0x6FDC1B88, 0x732FFE5A, 0x6F06E147,
		0x63A5C633, 0x51CAAEE1, 0x3A9E9CD5, 0x1FA2913B, 0x02978CD5,
		0xE5628FEC, 0xC9E89A4B, 0xB1F1AB48, 0x9F0EC1C6, 0x9279DC50,
		0x8D02F92C, 0x8F041679, 0x985F3251, 0xA8774AE3, 0xBE405E97,
		0xD84E6C24, 0xF4F172AA, 0x124D71BC, 0x2E786969, 0x479D5A3B,
		0x5C1B4530, 0x6A9B2BA6, 0x722E0F45, 0x7255F1E6, 0x6B0CD572,
		0x5CCEBBC2, 0x4888A681, 0x2F8B9712, 0x13768E76, 0xF61E8D3A,
		0xD96A9375, 0xBF38A0BF, 0xA93CB439, 0x98E5CCA1, 0x8F41E85F,
		0x8CF105A7, 0x921D2291, 0x9E6D3D3B, 0xB11553EB, 0xC8DE6526,
		0xE43D6FCD, 0x016A7330, 0x1E7F6F16, 0x399963C3, 0x50F451F4,
		0x630C3AD1, 0x6EB41FDC, 0x732902D4, 0x7022E59D, 0x65D1CA1D,
		0x54E1B21E, 0x3E6D9F2F, 0x23E9928B, 0x07108D05, 0xE9C28EF9,
		0xCDE69845, 0xB54BA850, 0xA18CBE0E, 0x93F1D816, 0x8D5CF4B5,
		0x8E3B1211, 0x967F2E40, 0xA59F476E, 0xBA9F5BF6, 0xD4226A85,
		0xF07F7226, 0x0DDE725C, 0x2A566B22, 0x440E5CF2, 0x595948B7,
		0x68D52FC2, 0x718013B2, 0x72CBF65A, 0x6C9FD9A3, 0x5F63BF6A,
		0x4BF4A964, 0x339598FF, 0x17DC8F4D, 0xFA958CEE, 0xDDA9920B,
		0xC2F89E4D, 0xAC3FB0E9, 0x9AF7C8A9, 0x9041E402, 0x8CCF012E,
		0x90DA1E45, 0x9C1F3965, 0xADE150C9, 0xC4FB62EE, 0xDFEA6EA3,
		0xFCF07328, 0x1A297030, 0x35AE65ED, 0x4DB6550A, 0x60B03E9F,
		0x6D622423, 0x72F7074D, 0x7113E9FD, 0x67D5CE1C, 0x57D7B579,
		0x4223A1AE, 0x28239406, 0x0B878D62, 0xEE2A8E31, 0xD1F79667,
		0xB8C2A57A, 0xA42EBA6F, 0x9593D3EB, 0x8DE2F043, 0x8D9D0DA2,
		0x94C72A1E, 0xA2EA43DD, 0xB71A5933, 0xD00768BC, 0xEC137176,
		0x096A72D0, 0x26246CB3, 0x40645F85, 0x56744C22, 0x66E533CB,
		0x70A61817, 0x7314FAD1, 0x6E07DDE2, 0x61D3C32B, 0x4F43AC68,
		0x378C9B14, 0x1C389050, 0xFF0F8CCF, 0xE1F590CA, 0xC6CF9C01,
		0xAF62ADB7, 0x9D31C4C7, 0x916DDFB0, 0x8CDAFCB4, 0x8FC219EE,
		0x99F73578, 0xAACE4D89, 0xC12E608F, 0xDBA46D4F, 0xF87772F3,
		0x15C8711E, 0x31AE67EF, 0x4A5957FE, 0x5E2F4255, 0x6BE5285B,
		0x72980BC3, 0x71D8EE66, 0x69B1D22E, 0x5AABB8F1, 0x45C1A453,
		0x2C4D95AA, 0x0FF88DEA, 0xF29A8D96, 0xD61A94B1, 0xBC54A2C7,
		0xA6F4B6EC, 0x975ECFD1, 0x8E95EBD7, 0x8D2B092E, 0x933925EB,
		0xA0594032, 0xB3B1564C, 0xCBFF66CA, 0xE7AE709A, 0x04F27317,
		0x21E46E19, 0x3CA261F3, 0x536E4F6F, 0x64CE37C1, 0x6FA11C73,
		0x7332FF4B, 0x6F45E22F, 0x641DC704, 0x5273AF8D, 0x3B6D9D50,
		0x2089917E, 0x03898CDC, 0xE64D8FB5, 0xCABD99DB, 0xB2A4AAA5,
		0x9F91C0FC, 0x92C4DB6B, 0x8D11F83B, 0x8ED6158C, 0x97F73177,
		0xA7DB4A2B, 0xBD7A5E0C, 0xD76C6BD0, 0xF4017292, 0x115E71E1,
		0x2D9A69C9, 0x46DF5AD1, 0x5B8945F1, 0x6A3F2C85, 0x720D1034,
		0x7271F2D6, 0x6B64D652, 0x5D5DBC85, 0x4943A71A, 0x30669777,
		0x14648E9F, 0xF70E8D27, 0xDA4D9325, 0xC000A038, 0xA9DCB384,
		0x9951CBC9, 0x8F73E773, 0x8CE604B6, 0x91D521AA, 0x9DED3C6E,
		0xB0665345, 0xC80B64B1, 0xE3536F92, 0x00797332, 0x1D966F55,
		0x38C8643B, 0x5048529D, 0x62903BA0, 0x6E7020C3, 0x732303C5,
		0x7058E688, 0x6641CAF3, 0x5583B2D0, 0x3F379FB2, 0x24CE92D7,
		0x08018D15, 0xEAAF8ECB, 0xCEBF97DD, 0xB603A7B4, 0xA217BD49,
		0x9445D734, 0x8D74F3C5, 0x8E161123, 0x961F2D63, 0xA50A46B0,
		0xB9DF5B64, 0xD3446A28, 0xEF907205, 0x0CEE7278, 0x29756B7A,
		0x434A5D80, 0x58C04972, 0x6870309D, 0x7156149F, 0x72DEF74A,
		0x6CEEDA87, 0x5FEAC032, 0x4CA9AA04, 0x346D996C, 0x18C88F80,
		0xFB868CE4, 0xDE8F91C4, 0xC3C59DCE, 0xACE5B03A, 0x9B6CC7D6,
		0x907DE319, 0x8CCE003C, 0x909C1D5C, 0x9BA73893, 0xAD39501D,
		0xC42C6271, 0xDF036E5F, 0xFBFF7320, 0x193D7066, 0x34D8665C,
		0x4D0355AC, 0x602C3F69, 0x6D152507, 0x72E7083D, 0x7140EAEA,
		0x683DCEF6, 0x5872B632, 0x42E8A23A, 0x2905945B, 0x0C778D7B,
		0xEF198E0D, 0xD2D59607, 0xB980A4E5, 0xA4C1B9B0, 0x95F0D30C,
		0x8E04EF55, 0x8D810CB2, 0x9470293D, 0xA25D4319, 0xB6605899,
		0xCF2C6856, 0xEB25714B, 0x087972E2, 0x25406D02, 0x3F9B600B,
		0x55D44CD6, 0x667834A2, 0x70731902, 0x731EFBC3, 0x6E4EDEC9,
		0x6252C3F9, 0x4FF1AD0F, 0x385F9B8A, 0x1D22908C, 0x00008CCE,
		0xE2DE908C, 0xC7A19B8A, 0xB00FAD0F, 0x9DAEC3F9, 0x91B2DEC9,
		0x8CE2FBC3, 0x8F8D1902, 0x998834A2, 0xAA2C4CD6, 0xC065600B,
		0xDAC06D02, 0xF78772E2, 0x14DB714B, 0x30D46856, 0x49A05899,
		0x5DA34319, 0x6B90293D, 0x727F0CB2, 0x71FCEF55, 0x6A10D30C,
		0x5B3FB9B0, 0x4680A4E5, 0x2D2B9607, 0x10E78E0D, 0xF3898D7B,
		0xD6FB945B, 0xBD18A23A, 0xA78EB632, 0x97C3CEF6, 0x8EC0EAEA,
		0x8D19083D, 0x92EB2507, 0x9FD43F69, 0xB2FD55AC, 0xCB28665C,
		0xE6C37066, 0x04017320, 0x20FD6E5F, 0x3BD46271, 0x52C7501D,
		0x64593893, 0x6F641D5C, 0x7332003C, 0x6F83E319, 0x6494C7D6,
		0x531BB03A, 0x3C3B9DCE, 0x217191C4, 0x047A8CE4, 0xE7388F80,
		0xCB93996C, 0xB357AA04, 0xA016C032, 0x9312DA87, 0x8D22F74A,
		0x8EAA149F, 0x9790309D, 0xA7404972, 0xBCB65D80, 0xD68B6B7A,
		0xF3127278, 0x10707205, 0x2CBC6A28, 0x46215B64, 0x5AF646B0,
		0x69E12D63, 0x71EA1123, 0x728CF3C5, 0x6BBBD734, 0x5DE9BD49,
		0x49FDA7B4, 0x314197DD, 0x15518ECB, 0xF7FF8D15, 0xDB3292D7,
		0xC0C99FB2, 0xAA7DB2D0, 0x99BFCAF3, 0x8FA8E688, 0x8CDD03C5,
		0x919020C3, 0x9D703BA0, 0xAFB8529D, 0xC738643B, 0xE26A6F55,
		0xFF877332, 0x1CAD6F92, 0x37F564B1, 0x4F9A5345, 0x62133C6E,
		0x6E2B21AA, 0x731A04B6, 0x708DE773, 0x66AFCBC9, 0x5624B384,
		0x4000A038, 0x25B39325, 0x08F28D27, 0xEB9C8E9F, 0xCF9A9777,
		0xB6BDA71A, 0xA2A3BC85, 0x949CD652, 0x8D8FF2D6, 0x8DF31034,
		0x95C12C85, 0xA47745F1, 0xB9215AD1, 0xD26669C9, 0xEEA271E1,
		0x0BFF7292, 0x28946BD0, 0x42865E0C, 0x58254A2B, 0x68093177,
		0x712A158C, 0x72EFF83B, 0x6D3CDB6B, 0x606FC0FC, 0x4D5CAAA5,
		0x354399DB, 0x19B38FB5, 0xFC778CDC, 0xDF77917E, 0xC4939D50,
		0xAD8DAF8D, 0x9BE3C704, 0x90BBE22F, 0x8CCEFF4B, 0x905F1C73,
		0x9B3237C1, 0xAC924F6F, 0xC35E61F3, 0xDE1C6E19, 0xFB0E7317,
		0x1852709A, 0x340166CA, 0x4C4F564C, 0x5FA74032, 0x6CC725EB,
		0x72D5092E, 0x716BEBD7, 0x68A2CFD1, 0x590CB6EC, 0x43ACA2C7,
		0x29E694B1, 0x0D668D96, 0xF0088DEA, 0xD3B395AA, 0xBA3FA453,
		0xA555B8F1, 0x964FD22E, 0x8E28EE66, 0x8D680BC3, 0x941B285B,
		0xA1D14255, 0xB5A757FE, 0xCE5267EF, 0xEA38711E, 0x078972F3,
		0x245C6D4F, 0x3ED2608F, 0x55324D89, 0x66093578, 0x703E19EE,
		0x7326FCB4, 0x6E93DFB0, 0x62CFC4C7, 0x509EADB7, 0x39319C01,
		0x1E0B90CA, 0x00F18CCF, 0xE3C89050, 0xC8749B14, 0xB0BDAC68,
		0x9E2DC32B, 0x91F9DDE2, 0x8CECFAD1, 0x8F5A1817, 0x991B33CB,
		0xA98C4C22, 0xBF9C5F85, 0xD9DC6CB3, 0xF69672D0, 0x13ED7176,
		0x2FF968BC, 0x48E65933, 0x5D1643DD, 0x6B392A1E, 0x72630DA2,
		0x721EF043, 0x6A6DD3EB, 0x5BD2BA6F, 0x473EA57A, 0x2E099667,
		0x11D68E31, 0xF4798D62, 0xD7DD9406, 0xBDDDA1AE, 0xA829B579,
		0x982BCE1C, 0x8EEDE9FD, 0x8D09074D, 0x929E2423, 0x9F503E9F,
		0xB24A550A, 0xCA5265ED, 0xE5D77030, 0x03107328, 0x20166EA3,
		0x3B0562EE, 0x521F50C9, 0x63E13965, 0x6F261E45, 0x7331012E,
		0x6FBFE402, 0x6509C8A9, 0x53C1B0E9, 0x3D089E4D, 0x2257920B,
		0x056B8CEE, 0xE8248F4D, 0xCC6B98FF, 0xB40CA964, 0xA09DBF6A,
		0x9361D9A3, 0x8D35F65A, 0x8E8013B2, 0x972B2FC2, 0xA6A748B7,
		0xBBF25CF2, 0xD5AA6B22, 0xF222725C, 0x0F817226, 0x2BDE6A85,
		0x45615BF6, 0x5A61476E, 0x69812E40, 0x71C51211, 0x72A4F4B5,
		0x6C0FD816, 0x5E74BE0E, 0x4AB5A850, 0x321A9845, 0x163E8EF9,
		0xF8F08D05, 0xDC17928B, 0xC1939F2F, 0xAB1FB21E, 0x9A2FCA1D,
		0x8FDEE59D, 0x8CD702D4, 0x914C1FDC, 0x9CF43AD1, 0xAF0C51F4,
		0xC66763C3, 0xE1816F16, 0xFE967330, 0x1BC36FCD, 0x37226526,
		0x4EEB53EB, 0x61933D3B, 0x6DE32291, 0x730F05A7, 0x70BFE85F,
		0x671BCCA1, 0x56C4B439, 0x40C8A0BF, 0x26969375, 0x09E28D3A,
		0xEC8A8E76, 0xD0759712, 0xB778A681, 0xA332BBC2, 0x94F4D572,
		0x8DABF1E6, 0x8DD20F45, 0x95652BA6, 0xA3E54530, 0xB8635A3B,
		0xD1886969, 0xEDB371BC, 0x0B0F72AA, 0x27B26C24, 0x41C05E97,
		0x57894AE3, 0x67A13251, 0x70FC1679, 0x72FEF92C, 0x6D87DC50,
		0x60F2C1C6, 0x4E0FAB48, 0x36189A4B, 0x1A9E8FEC, 0xFD698CD5,
		0xE05E913B, 0xC5629CD5, 0xAE36AEE1, 0x9C5BC633, 0x90FAE147,
		0x8CD1FE5A, 0x90241B88, 0x9ABE36ED, 0xABEC4EBF, 0xC2926173,
		0xDD366DD1, 0xFA1D730C, 0x176670CC, 0x33296736, 0x4B9956EB,
		0x5F1F40FA, 0x6C7626CF, 0x72C00A1E, 0x7195ECC5, 0x6906D0AC,
		0x59A5B7A7, 0x446FA355, 0x2AC6950A, 0x0E568DB3, 0xF0F78DCA,
		0xD492954E, 0xBB00A3C1, 0xA5EAB834, 0x96B0D151, 0x8E4EED78,
		0x8D500AD2, 0x93C72779, 0xA147418F, 0xB4EF5762, 0xCD796786,
		0xE94C70F0, 0x06987302, 0x23776D9A, 0x3E076112, 0x548F4E3B,
		0x6598364E, 0x70061AD9, 0x732CFDA5, 0x6ED5E098, 0x634AC596,
		0x514AAE61, 0x3A019C79, 0x1EF4910A, 0x01E38CD2, 0xE4B29016,
		0xC9489AA1, 0xB16DABC3, 0x9EADC25F, 0x9241DCFC, 0x8CF7F9E1,
		0x8F28172B, 0x98AF32F3, 0xA8ED4B6C, 0xBED45EFD, 0xD8F86C62,
		0xF5A672BB, 0x12FF719F, 0x2F1D691F, 0x482A59CA, 0x5C87449F,
		0x6ADF2AFE, 0x72460E92, 0x723EF133, 0x6AC9D4CA, 0x5C63BB30,
		0x47FBA610, 0x2EE696C8, 0x12C48E58, 0xF56A8D4B, 0xD8C093B2,
		0xBEA3A125, 0xA8C6B4C2, 0x9894CD43, 0x8F1CE910, 0x8CFB065C,
		0x9253233D, 0x9ECD3DD4, 0xB1995466, 0xC97D657C, 0xE4ED6FF8,
		0x021F732D, 0x1F2E6EE6, 0x3A366368, 0x51755175, 0x63683A36,
		0x6EE61F2E, 0x732D021F, 0x6FF8E4ED, 0x657CC97D, 0x5466B199,
		0x3DD49ECD, 0x233D9253, 0x065C8CFB, 0xE9108F1C, 0xCD439894,
		0xB4C2A8C6, 0xA125BEA3, 0x93B2D8C0, 0x8D4BF56A, 0x8E5812C4,
		0x96C82EE6, 0xA61047FB, 0xBB305C63, 0xD4CA6AC9, 0xF133723E,
		0x0E927246, 0x2AFE6ADF, 0x449F5C87, 0x59CA482A, 0x691F2F1D,
		0x719F12FF, 0x72BBF5A6, 0x6C62D8F8, 0x5EFDBED4, 0x4B6CA8ED,
		0x32F398AF, 0x172B8F28, 0xF9E18CF7, 0xDCFC9241, 0xC25F9EAD,
		0xABC3B16D, 0x9AA1C948, 0x9016E4B2, 0x8CD201E3, 0x910A1EF4,
		0x9C793A01, 0xAE61514A, 0xC596634A, 0xE0986ED5, 0xFDA5732C,
		0x1AD97006, 0x364E6598, 0x4E3B548F, 0x61123E07, 0x6D9A2377,
		0x73020698, 0x70F0E94C, 0x6786CD79, 0x5762B4EF, 0x418FA147,
		0x277993C7, 0x0AD28D50, 0xED788E4E, 0xD15196B0, 0xB834A5EA,
		0xA3C1BB00, 0x954ED492, 0x8DCAF0F7, 0x8DB30E56, 0x950A2AC6,
		0xA355446F, 0xB7A759A5, 0xD0AC6906, 0xECC57195, 0x0A1E72C0,
		0x26CF6C76, 0x40FA5F1F, 0x56EB4B99, 0x67363329, 0x70CC1766,
		0x730CFA1D, 0x6DD1DD36, 0x6173C292, 0x4EBFABEC, 0x36ED9ABE,
		0x1B889024, 0xFE5A8CD1, 0xE14790FA, 0xC6339C5B, 0xAEE1AE36,
		0x9CD5C562, 0x913BE05E, 0x8CD5FD69, 0x8FEC1A9E, 0x9A4B3618,
		0xAB484E0F, 0xC1C660F2, 0xDC506D87, 0xF92C72FE, 0x167970FC,
		0x325167A1, 0x4AE35789, 0x5E9741C0, 0x6C2427B2, 0x72AA0B0F,
		0x71BCEDB3, 0x6969D188, 0x5A3BB863, 0x4530A3E5, 0x2BA69565,
		0x0F458DD2, 0xF1E68DAB, 0xD57294F4, 0xBBC2A332, 0xA681B778,
		0x9712D075, 0x8E76EC8A, 0x8D3A09E2, 0x93752696, 0xA0BF40C8,
		0xB43956C4, 0xCCA1671B, 0xE85F70BF, 0x05A7730F, 0x22916DE3,
		0x3D3B6193, 0x53EB4EEB, 0x65263722, 0x6FCD1BC3, 0x7330FE96,
		0x6F16E181, 0x63C3C667, 0x51F4AF0C, 0x3AD19CF4, 0x1FDC914C,
		0x02D48CD7, 0xE59D8FDE, 0xCA1D9A2F, 0xB21EAB1F, 0x9F2FC193,
		0x928BDC17, 0x8D05F8F0, 0x8EF9163E, 0x9845321A, 0xA8504AB5,
		0xBE0E5E74, 0xD8166C0F, 0xF4B572A4, 0x121171C5, 0x2E406981,
		0x476E5A61, 0x5BF64561, 0x6A852BDE, 0x72260F81, 0x725CF222,
		0x6B22D5AA, 0x5CF2BBF2, 0x48B7A6A7, 0x2FC2972B, 0x13B28E80,
		0xF65A8D35, 0xD9A39361, 0xBF6AA09D, 0xA964B40C, 0x98FFCC6B,
		0x8F4DE824, 0x8CEE056B, 0x920B2257, 0x9E4D3D08, 0xB0E953C1,
		0xC8A96509, 0xE4026FBF, 0x012E7331, 0x1E456F26, 0x396563E1,
		0x50C9521F, 0x62EE3B05, 0x6EA32016, 0x73280310, 0x7030E5D7,
		0x65EDCA52, 0x550AB24A, 0x3E9F9F50, 0x2423929E, 0x074D8D09,
		0xE9FD8EED, 0xCE1C982B, 0xB579A829, 0xA1AEBDDD, 0x9406D7DD,
		0x8D62F479, 0x8E3111D6, 0x96672E09, 0xA57A473E, 0xBA6F5BD2,
		0xD3EB6A6D, 0xF043721E, 0x0DA27263, 0x2A1E6B39, 0x43DD5D16,
		0x593348E6, 0x68BC2FF9, 0x717613ED, 0x72D0F696, 0x6CB3D9DC,
		0x5F85BF9C, 0x4C22A98C, 0x33CB991B, 0x18178F5A, 0xFAD18CEC,
		0xDDE291F9, 0xC32B9E2D, 0xAC68B0BD, 0x9B14C874, 0x9050E3C8,
		0x8CCF00F1, 0x90CA1E0B, 0x9C013931, 0xADB7509E, 0xC4C762CF,
		0xDFB06E93, 0xFCB47326, 0x19EE703E, 0x35786609, 0x4D895532,
		0x608F3ED2, 0x6D4F245C, 0x72F30789, 0x711EEA38, 0x67EFCE52,
		0x57FEB5A7, 0x4255A1D1, 0x285B941B, 0x0BC38D68, 0xEE668E28,
		0xD22E964F, 0xB8F1A555, 0xA453BA3F, 0x95AAD3B3, 0x8DEAF008,
		0x8D960D66, 0x94B129E6, 0xA2C743AC, 0xB6EC590C, 0xCFD168A2,
		0xEBD7716B, 0x092E72D5, 0x25EB6CC7, 0x40325FA7, 0x564C4C4F,
		0x66CA3401, 0x709A1852, 0x7317FB0E, 0x6E19DE1C, 0x61F3C35E,
		0x4F6FAC92, 0x37C19B32, 0x1C73905F, 0xFF4B8CCE, 0xE22F90BB,
		0xC7049BE3, 0xAF8DAD8D, 0x9D50C493, 0x917EDF77, 0x8CDCFC77,
		0x8FB519B3, 0x99DB3543, 0xAAA54D5C, 0xC0FC606F, 0xDB6B6D3C,
		0xF83B72EF, 0x158C712A, 0x31776809, 0x4A2B5825, 0x5E0C4286,
		0x6BD02894, 0x72920BFF, 0x71E1EEA2, 0x69C9D266, 0x5AD1B921,
		0x45F1A477, 0x2C8595C1, 0x10348DF3, 0xF2D68D8F, 0xD652949C,
		0xBC85A2A3, 0xA71AB6BD, 0x9777CF9A, 0x8E9FEB9C, 0x8D2708F2,
		0x932525B3, 0xA0384000, 0xB3845624, 0xCBC966AF, 0xE773708D,
		0x04B6731A, 0x21AA6E2B, 0x3C6E6213, 0x53454F9A, 0x64B137F5,
		0x6F921CAD, 0x7332FF87, 0x6F55E26A, 0x643BC738, 0x529DAFB8,
		0x3BA09D70, 0x20C39190, 0x03C58CDD, 0xE6888FA8, 0xCAF399BF,
		0xB2D0AA7D, 0x9FB2C0C9, 0x92D7DB32, 0x8D15F7FF, 0x8ECB1551,
		0x97DD3141, 0xA7B449FD, 0xBD495DE9, 0xD7346BBB, 0xF3C5728C,
		0x112371EA, 0x2D6369E1, 0x46B05AF6, 0x5B644621, 0x6A282CBC,
		0x72051070, 0x7278F312, 0x6B7AD68B, 0x5D80BCB6, 0x4972A740,
		0x309D9790, 0x149F8EAA, 0xF74A8D22, 0xDA879312, 0xC032A016,
		0xAA04B357, 0x996CCB93, 0x8F80E738, 0x8CE4047A, 0x91C42171,
		0x9DCE3C3B, 0xB03A531B, 0xC7D66494, 0xE3196F83, 0x003C7332,
		0x1D5C6F64, 0x38936459, 0x501D52C7, 0x62713BD4, 0x6E5F20FD,
		0x73200401, 0x7066E6C3, 0x665CCB28, 0x55ACB2FD, 0x3F699FD4,
		0x250792EB, 0x083D8D19, 0xEAEA8EC0, 0xCEF697C3, 0xB632A78E,
		0xA23ABD18, 0x945BD6FB, 0x8D7BF389, 0x8E0D10E7, 0x96072D2B,
		0xA4E54680, 0xB9B05B3F, 0xD30C6A10, 0xEF5571FC, 0x0CB2727F,
		0x293D6B90, 0x43195DA3, 0x589949A0, 0x685630D4, 0x714B14DB,
		0x72E2F787, 0x6D02DAC0, 0x600BC065, 0x4CD6AA2C, 0x34A29988,
		0x19028F8D, 0xFBC38CE2, 0xDEC991B2, 0xC3F99DAE, 0xAD0FB00F,
		0x9B8AC7A1, 0x908CE2DE, 0x8CCE0000, 0x908C1D22, 0x9B8A385F,
		0xAD0F4FF1, 0xC3F96252, 0xDEC96E4E, 0xFBC3731E, 0x19027073,
		0x34A26678, 0x4CD655D4, 0x600B3F9B, 0x6D022540, 0x72E20879,
		0x714BEB25, 0x6856CF2C, 0x5899B660, 0x4319A25D, 0x293D9470,
		0x0CB28D81, 0xEF558E04, 0xD30C95F0, 0xB9B0A4C1, 0xA4E5B980,
		0x9607D2D5, 0x8E0DEF19, 0x8D7B0C77, 0x945B2905, 0xA23A42E8,
		0xB6325872, 0xCEF6683D, 0xEAEA7140, 0x083D72E7, 0x25076D15,
		0x3F69602C, 0x55AC4D03, 0x665C34D8, 0x7066193D, 0x7320FBFF,
		0x6E5FDF03, 0x6271C42C, 0x501DAD39, 0x38939BA7, 0x1D5C909C,
		0x003C8CCE, 0xE319907D, 0xC7D69B6C, 0xB03AACE5, 0x9DCEC3C5,
		0x91C4DE8F, 0x8CE4FB86, 0x8F8018C8, 0x996C346D, 0xAA044CA9,
		0xC0325FEA, 0xDA876CEE, 0xF74A72DE, 0x149F7156, 0x309D6870,
		0x497258C0, 0x5D80434A, 0x6B7A2975, 0x72780CEE, 0x7205EF90,
		0x6A28D344, 0x5B64B9DF, 0x46B0A50A, 0x2D63961F, 0x11238E16,
		0xF3C58D74, 0xD7349445, 0xBD49A217, 0xA7B4B603, 0x97DDCEBF,
		0x8ECBEAAF, 0x8D150801, 0x92D724CE, 0x9FB23F37, 0xB2D05583,
		0xCAF36641, 0xE6887058, 0x03C57323, 0x20C36E70, 0x3BA06290,
		0x529D5048, 0x643B38C8, 0x6F551D96, 0x73320079, 0x6F92E353,
		0x64B1C80B, 0x5345B066, 0x3C6E9DED, 0x21AA91D5, 0x04B68CE6,
		0xE7738F73, 0xCBC99951, 0xB384A9DC, 0xA038C000, 0x9325DA4D,
		0x8D27F70E, 0x8E9F1464, 0x97773066, 0xA71A4943, 0xBC855D5D,
		0xD6526B64, 0xF2D67271, 0x1034720D, 0x2C856A3F, 0x45F15B89,
		0x5AD146DF, 0x69C92D9A, 0x71E1115E, 0x7292F401, 0x6BD0D76C,
		0x5E0CBD7A, 0x4A2BA7DB, 0x317797F7, 0x158C8ED6, 0xF83B8D11,
		0xDB6B92C4, 0xC0FC9F91, 0xAAA5B2A4, 0x99DBCABD, 0x8FB5E64D,
		0x8CDC0389, 0x917E2089, 0x9D503B6D, 0xAF8D5273, 0xC704641D,
		0xE22F6F45, 0xFF4B7332, 0x1C736FA1, 0x37C164CE, 0x4F6F536E,
		0x61F33CA2, 0x6E1921E4, 0x731704F2, 0x709AE7AE, 0x66CACBFF,
		0x564CB3B1, 0x4032A059, 0x25EB9339, 0x092E8D2B, 0xEBD78E95,
		0xCFD1975E, 0xB6ECA6F4, 0xA2C7BC54, 0x94B1D61A, 0x8D96F29A,
		0x8DEA0FF8, 0x95AA2C4D, 0xA45345C1, 0xB8F15AAB, 0xD22E69B1,
		0xEE6671D8, 0x0BC37298, 0x285B6BE5, 0x42555E2F, 0x57FE4A59,
		0x67EF31AE, 0x711E15C8, 0x72F3F877, 0x6D4FDBA4, 0x608FC12E,
		0x4D89AACE, 0x357899F7, 0x19EE8FC2, 0xFCB48CDA, 0xDFB0916D,
		0xC4C79D31, 0xADB7AF62, 0x9C01C6CF, 0x90CAE1F5, 0x8CCFFF0F,
		0x90501C38, 0x9B14378C, 0xAC684F43, 0xC32B61D3, 0xDDE26E07,
		0xFAD17314, 0x181770A6, 0x33CB66E5, 0x4C225674, 0x5F854064,
		0x6CB32624, 0x72D0096A, 0x7176EC13, 0x68BCD007, 0x5933B71A,
		0x43DDA2EA, 0x2A1E94C7, 0x0DA28D9D, 0xF0438DE2, 0xD3EB9593,
		0xBA6FA42E, 0xA57AB8C2, 0x9667D1F7, 0x8E31EE2A, 0x8D620B87,
		0x94062823, 0xA1AE4223, 0xB57957D7, 0xCE1C67D5, 0xE9FD7113,
		0x074D72F7, 0x24236D62, 0x3E9F60B0, 0x550A4DB6, 0x65ED35AE,
		0x70301A29, 0x7328FCF0, 0x6EA3DFEA, 0x62EEC4FB, 0x50C9ADE1,
		0x39659C1F, 0x1E4590DA, 0x012E8CCF, 0xE4029041, 0xC8A99AF7,
		0xB0E9AC3F, 0x9E4DC2F8, 0x920BDDA9, 0x8CEEFA95, 0x8F4D17DC,
		0x98FF3395, 0xA9644BF4, 0xBF6A5F63, 0xD9A36C9F, 0xF65A72CB,
		0x13B27180, 0x2FC268D5, 0x48B75959, 0x5CF2440E, 0x6B222A56,
		0x725C0DDE, 0x7226F07F, 0x6A85D422, 0x5BF6BA9F, 0x476EA59F,
		0x2E40967F, 0x12118E3B, 0xF4B58D5C, 0xD81693F1, 0xBE0EA18C,
		0xA850B54B, 0x9845CDE6, 0x8EF9E9C2, 0x8D050710, 0x928B23E9,
		0x9F2F3E6D, 0xB21E54E1, 0xCA1D65D1, 0xE59D7022, 0x02D47329,
		0x1FDC6EB4, 0x3AD1630C, 0x51F450F4, 0x63C33999, 0x6F161E7F,
		0x7330016A, 0x6FCDE43D, 0x6526C8DE, 0x53EBB115, 0x3D3B9E6D,
		0x2291921D, 0x05A78CF1, 0xE85F8F41, 0xCCA198E5, 0xB439A93C,
		0xA0BFBF38, 0x9375D96A, 0x8D3AF61E, 0x8E761376, 0x97122F8B,
		0xA6814888, 0xBBC25CCE, 0xD5726B0C, 0xF1E67255, 0x0F45722E,
		0x2BA66A9B, 0x45305C1B, 0x5A3B479D, 0x69692E78, 0x71BC124D,
		0x72AAF4F1, 0x6C24D84E, 0x5E97BE40, 0x4AE3A877, 0x3251985F,
		0x16798F04, 0xF92C8D02, 0xDC509279, 0xC1C69F0E, 0xAB48B1F1,
		0x9A4BC9E8, 0x8FECE562, 0x8CD50297, 0x913B1FA2, 0x9CD53A9E,
		0xAEE151CA, 0xC63363A5, 0xE1476F06, 0xFE5A732F, 0x1B886FDC,
		0x36ED6542, 0x4EBF5414, 0x61733D6E, 0x6DD122CA, 0x730C05E3,
		0x70CCE89A, 0x6736CCD7, 0x56EBB467, 0x40FAA0E1, 0x26CF938A,
		0x0A1E8D40, 0xECC58E6B, 0xD0AC96FA, 0xB7A7A65B, 0xA355BB91,
		0x950AD53A, 0x8DB3F1AA, 0x8DCA0F09, 0x954E2B6E, 0xA3C14500,
		0xB8345A16, 0xD1516950, 0xED7871B2, 0x0AD272B0, 0x27796C39,
		0x418F5EB9, 0x57624B11, 0x67863287, 0x70F016B4, 0x7302F968,
		0x6D9ADC89, 0x6112C1F9, 0x4E3BAB71, 0x364E9A68, 0x1AD98FFA,
		0xFDA58CD4, 0xE098912B, 0xC5969CB6, 0xAE61AEB6, 0x9C79C5FF,
		0x910AE10C, 0x8CD2FE1D, 0x90161B4E, 0x9AA136B8, 0xABC34E93,
		0xC25F6153, 0xDCFC6DBF, 0xF9E17309, 0x172B70D8, 0x32F36751,
		0x4B6C5713, 0x5EFD412C, 0x6C622708, 0x72BB0A5A, 0x719FED01,
		0x691FD0E3, 0x59CAB7D6, 0x449FA379, 0x2AFE9521, 0x0E928DBA,
		0xF1338DC2, 0xD4CA9537, 0xBB30A39D, 0xA610B805, 0x96C8D11A,
		0x8E58ED3C, 0x8D4B0A96, 0x93B22740, 0xA125415D, 0xB4C2573A,
		0xCD43676C, 0xE91070E4, 0x065C7305, 0x233D6DAD, 0x3DD46133,
		0x54664E67, 0x657C3683, 0x6FF81B13, 0x732DFDE1, 0x6EE6E0D2,
		0x6368C5CA, 0x5175AE8B, 0x3A369C98, 0x1F2E911A, 0x021F8CD3,
		0xE4ED9008, 0xC97D9A84, 0xB199AB9A, 0x9ECDC22C, 0x9253DCC3,
		0x8CFBF9A4, 0x8F1C16F0, 0x989432BD, 0xA8C64B3E, 0xBEA35EDB,
		0xD8C06C4E, 0xF56A72B5, 0x12C471A8, 0x2EE66938, 0x47FB59F0,
		0x5C6344D0, 0x6AC92B36, 0x723E0ECD, 0x7246F16E, 0x6ADFD502,
		0x5C87BB61, 0x482AA636, 0x2F1D96E1, 0x12FF8E61, 0xF5A68D45,
		0xD8F8939E, 0xBED4A103, 0xA8EDB494, 0x98AFCD0D, 0x8F28E8D5,
		0x8CF7061F, 0x92412304, 0x9EAD3DA1, 0xB16D543D, 0xC948655F,
		0xE4B26FEA, 0x01E3732E, 0x1EF46EF6, 0x3A016387, 0x514A519F,
		0x634A3A6A, 0x6ED51F68, 0x732C025B, 0x7006E527, 0x6598C9B2,
		0x548FB1C5, 0x3E079EEE, 0x23779266, 0x06988CFE, 0xE94C8F10,
		0xCD79987A, 0xB4EFA89E, 0xA147BE71, 0x93C7D887, 0x8D50F52E,
		0x8E4E1288, 0x96B02EAF, 0xA5EA47CC, 0xBB005C3F, 0xD4926AB2,
		0xF0F77236, 0x0E56724D, 0x2AC66AF6, 0x446F5CAB, 0x59A54859,
		0x69062F54, 0x7195133B, 0x72C0F5E2, 0x6C76D931, 0x5F1FBF06,
		0x4B99A915, 0x332998CA, 0x17668F34, 0xFA1D8CF4, 0xDD36922F,
		0xC2929E8D, 0xABECB141, 0x9ABEC913, 0x9024E478, 0x8CD101A6,
		0x90FA1EB9, 0x9C5B39CD, 0xAE36511F, 0xC562632B, 0xE05E6EC5,
		0xFD69732B, 0x1A9E7014, 0x361865B5, 0x4E0F54B8, 0x60F23E3A,
		0x6D8723B0, 0x72FE06D4, 0x70FCE987, 0x67A1CDAF, 0x5789B51D,
		0x41C0A169, 0x27B293DC, 0x0B0F8D56, 0xEDB38E44, 0xD1889697,
		0xB863A5C5, 0xA3E5BAD0, 0x9565D45A, 0x8DD2F0BB, 0x8DAB0E1A,
		0x94F42A8E, 0xA332443E, 0xB778597F, 0xD07568EE, 0xEC8A718A,
		0x09E272C6, 0x26966C8B, 0x40C85F41, 0x56C44BC7, 0x671B335F,
		0x70BF17A1, 0x730FFA59, 0x6DE3DD6F, 0x6193C2C5, 0x4EEBAC15,
		0x37229ADA, 0x1BC39033, 0xFE968CD0, 0xE18190EA, 0xC6679C3D,
		0xAF0CAE0C, 0x9CF4C52F, 0x914CE024, 0x8CD7FD2C, 0x8FDE1A63,
		0x9A2F35E3, 0xAB1F4DE2, 0xC19360D1, 0xDC176D75, 0xF8F072FB,
		0x163E7107, 0x321A67BB, 0x4AB557B0, 0x5E7441F2, 0x6C0F27EA,
		0x72A40B4B, 0x71C5EDEF, 0x6981D1C0, 0x5A61B892, 0x4561A40A,
		0x2BDE957B, 0x0F818DDA, 0xF2228DA4, 0xD5AA94DE, 0xBBF2A30E,
		0xA6A7B749, 0x972BD03E, 0x8E80EC4E, 0x8D3509A6, 0x9361265D,
		0xA09D4096, 0xB40C569C, 0xCC6B6701, 0xE82470B3, 0x056B7312,
		0x22576DF5, 0x3D0861B3, 0x53C14F17, 0x65093757, 0x6FBF1BFE,
		0x7331FED2, 0x6F26E1BB, 0x63E1C69B, 0x521FAF37, 0x3B059D12,
		0x2016915D, 0x03108CD8, 0xE5D78FD0, 0xCA529A13, 0xB24AAAF6,
		0x9F50C161, 0x929EDBDD, 0x8D09F8B3, 0x8EED1603, 0x982B31E4,
		0xA8294A87, 0xBDDD5E52, 0xD7DD6BFA, 0xF479729E, 0x11D671CF,
		0x2E096999, 0x473E5A86, 0x5BD24591, 0x6A6D2C15, 0x721E0FBD,
		0x7263F25E, 0x6B39D5E2, 0x5D16BC23, 0x48E6A6CD, 0x2FF99744,
		0x13ED8E8A, 0xF6968D30, 0xD9DC934D, 0xBF9CA07B, 0xA98CB3DE,
		0x991BCC35, 0x8F5AE7E9, 0x8CEC052F, 0x91F9221E, 0x9E2D3CD5,
		0xB0BD5398, 0xC87464EC, 0xE3C86FB0, 0x00F17331, 0x1E0B6F36,
		0x393163FF, 0x509E5249, 0x62CF3B39, 0x6E932050, 0x7326034C,
		0x703EE612, 0x6609CA88, 0x5532B277, 0x3ED29F71, 0x245C92B1,
		0x07898D0D, 0xEA388EE2, 0xCE529811, 0xB5A7A802, 0xA1D1BDAB,
		0x941BD7A5, 0x8D68F43D, 0x8E28119A, 0x964F2DD2, 0xA555470F,
		0xBA3F5BAD, 0xD3B36A56, 0xF0087216, 0x0D66726A, 0x29E66B4F,
		0x43AC5D39, 0x590C4914, 0x68A2302F, 0x716B1429, 0x72D5F6D2,
		0x6CC7DA15, 0x5FA7BFCE, 0x4C4FA9B4, 0x34019936, 0x18528F66,
		0xFB0E8CE9, 0xDE1C91E7, 0xC35E9E0D, 0xAC92B091, 0x9B32C83F,
		0x905FE38D, 0x8CCE00B5, 0x90BB1DD1, 0x9BE338FC, 0xAD8D5073,
		0xC49362B0, 0xDF776E82, 0xFC777324, 0x19B3704B, 0x35436625,
		0x4D5C555B, 0x606F3F04, 0x6D3C2495, 0x72EF07C5, 0x712AEA74,
		0x6809CE89, 0x5825B5D5, 0x4286A1F4, 0x28949430, 0x0BFF8D6E,
		0xEEA28E1F, 0xD2669637, 0xB921A52F, 0xA477BA0F, 0x95C1D37B,
		0x8DF3EFCC, 0x8D8F0D2A, 0x949C29AE, 0xA2A3437B, 0xB6BD58E6,
		0xCF9A6889, 0xEB9C7161, 0x08F272D9, 0x25B36CDB, 0x40005FC8,
		0x56244C7C, 0x66AF3437, 0x708D188D, 0x731AFB4A, 0x6E2BDE56,
		0x6213C392, 0x4F9AACBB, 0x37F59B4F, 0x1CAD906E, 0xFF878CCE,
		0xE26A90AB, 0xC7389BC5, 0xAFB8AD63, 0x9D70C460, 0x9190DF3D,
		0x8CDDFC3B, 0x8FA81978, 0x99BF350D, 0xAA7D4D30, 0xC0C9604E,
		0xDB326D29, 0xF7FF72EB, 0x15517135, 0x31416823, 0x49FD584C,
		0x5DE942B7, 0x6BBB28CC, 0x728C0C3B, 0x71EAEEDD, 0x69E1D29D,
		0x5AF6B950, 0x4621A49C, 0x2CBC95D8, 0x10708DFB, 0xF3128D88,
		0xD68B9486, 0xBCB6A280, 0xA740B68E, 0x9790CF63, 0x8EAAEB61,
		0x8D2208B6, 0x93122579, 0xA0163FCE, 0xB35755FC, 0xCB936694,
		0xE7387080, 0x047A731C, 0x21716E3C, 0x3C3B6232, 0x531B4FC6,
		0x6494382A, 0x6F831CE7, 0x7332FFC4, 0x6F64E2A4, 0x6459C76D,
		0x52C7AFE3, 0x3BD49D8F, 0x20FD91A1, 0x04018CE0, 0xE6C38F9A,
		0xCB2899A4, 0xB2FDAA54, 0x9FD4C097, 0x92EBDAF9, 0x8D19F7C3,
		0x8EC01516, 0x97C3310A, 0xA78E49CE, 0xBD185DC6, 0xD6FB6BA5,
		0xF3897285, 0x10E771F3, 0x2D2B69F9, 0x46805B1B, 0x5B3F4650,
		0x6A102CF4, 0x71FC10AB, 0x727FF34E, 0x6B90D6C3, 0x5DA3BCE7,
		0x49A0A767, 0x30D497AA, 0x14DB8EB5, 0xF7878D1E, 0xDAC092FE,
		0xC0659FF5, 0xAA2CB32A, 0x9988CB5E, 0x8F8DE6FE, 0x8CE2043D,
		0x91B22137, 0x9DAE3C07, 0xB00F52F1, 0xC7A16476, 0xE2DE6F74,
		0x00007332, 0x1D226F74, 0x385F6476, 0x4FF152F1, 0x62523C07,
		0x6E4E2137, 0x731E043D, 0x7073E6FE, 0x6678CB5E, 0x55D4B32A,
		0x3F9B9FF5, 0x254092FE, 0x08798D1E, 0xEB258EB5, 0xCF2C97AA,
		0xB660A767, 0xA25DBCE7, 0x9470D6C3, 0x8D81F34E, 0x8E0410AB,
		0x95F02CF4, 0xA4C14650, 0xB9805B1B, 0xD2D569F9, 0xEF1971F3,
		0x0C777285, 0x29056BA5, 0x42E85DC6, 0x587249CE, 0x683D310A,
		0x71401516, 0x72E7F7C3, 0x6D15DAF9, 0x602CC097, 0x4D03AA54,
		0x34D899A4, 0x193D8F9A, 0xFBFF8CE0, 0xDF0391A1, 0xC42C9D8F,
		0xAD39AFE3, 0x9BA7C76D, 0x909CE2A4, 0x8CCEFFC4, 0x907D1CE7,
		0x9B6C382A, 0xACE54FC6, 0xC3C56232, 0xDE8F6E3C, 0xFB86731C,
		0x18C87080, 0x346D6694, 0x4CA955FC, 0x5FEA3FCE, 0x6CEE2579,
		0x72DE08B6, 0x7156EB61, 0x6870CF63, 0x58C0B68E, 0x434AA280,
		0x29759486, 0x0CEE8D88, 0xEF908DFB, 0xD34495D8, 0xB9DFA49C,
		0xA50AB950, 0x961FD29D, 0x8E16EEDD, 0x8D740C3B, 0x944528CC,
		0xA21742B7, 0xB603584C, 0xCEBF6823, 0xEAAF7135, 0x080172EB,
		0x24CE6D29, 0x3F37604E, 0x55834D30, 0x6641350D, 0x70581978,
		0x7323FC3B, 0x6E70DF3D, 0x6290C460, 0x5048AD63, 0x38C89BC5,
		0x1D9690AB, 0x00798CCE, 0xE353906E, 0xC80B9B4F, 0xB066ACBB,
		0x9DEDC392, 0x91D5DE56, 0x8CE6FB4A, 0x8F73188D, 0x99513437,
		0xA9DC4C7C, 0xC0005FC8, 0xDA4D6CDB, 0xF70E72D9, 0x14647161,
		0x30666889, 0x494358E6, 0x5D5D437B, 0x6B6429AE, 0x72710D2A,
		0x720DEFCC, 0x6A3FD37B, 0x5B89BA0F, 0x46DFA52F, 0x2D9A9637,
		0x115E8E1F, 0xF4018D6E, 0xD76C9430, 0xBD7AA1F4, 0xA7DBB5D5,
		0x97F7CE89, 0x8ED6EA74, 0x8D1107C5, 0x92C42495, 0x9F913F04,
		0xB2A4555B, 0xCABD6625, 0xE64D704B, 0x03897324, 0x20896E82,
		0x3B6D62B0, 0x52735073, 0x641D38FC, 0x6F451DD1, 0x733200B5,
		0x6FA1E38D, 0x64CEC83F, 0x536EB091, 0x3CA29E0D, 0x21E491E7,
		0x04F28CE9, 0xE7AE8F66, 0xCBFF9936, 0xB3B1A9B4, 0xA059BFCE,
		0x9339DA15, 0x8D2BF6D2, 0x8E951429, 0x975E302F, 0xA6F44914,
		0xBC545D39, 0xD61A6B4F, 0xF29A726A, 0x0FF87216, 0x2C4D6A56,
		0x45C15BAD, 0x5AAB470F, 0x69B12DD2, 0x71D8119A, 0x7298F43D,
		0x6BE5D7A5, 0x5E2FBDAB, 0x4A59A802, 0x31AE9811, 0x15C88EE2,
		0xF8778D0D, 0xDBA492B1, 0xC12E9F71, 0xAACEB277, 0x99F7CA88,
		0x8FC2E612, 0x8CDA034C, 0x916D2050, 0x9D313B39, 0xAF625249,
		0xC6CF63FF, 0xE1F56F36, 0xFF0F7331, 0x1C386FB0, 0x378C64EC,
		0x4F435398, 0x61D33CD5, 0x6E07221E, 0x7314052F, 0x70A6E7E9,
		0x66E5CC35, 0x5674B3DE, 0x4064A07B, 0x2624934D, 0x096A8D30,
		0xEC138E8A, 0xD0079744, 0xB71AA6CD, 0xA2EABC23, 0x94C7D5E2,
		0x8D9DF25E, 0x8DE20FBD, 0x95932C15, 0xA42E4591, 0xB8C25A86,
		0xD1F76999, 0xEE2A71CF, 0x0B87729E, 0x28236BFA, 0x42235E52,
		0x57D74A87, 0x67D531E4, 0x71131603, 0x72F7F8B3, 0x6D62DBDD,
		0x60B0C161, 0x4DB6AAF6, 0x35AE9A13, 0x1A298FD0, 0xFCF08CD8,
		0xDFEA915D, 0xC4FB9D12, 0xADE1AF37, 0x9C1FC69B, 0x90DAE1BB,
		0x8CCFFED2, 0x90411BFE, 0x9AF73757, 0xAC3F4F17, 0xC2F861B3,
		0xDDA96DF5, 0xFA957312, 0x17DC70B3, 0x33956701, 0x4BF4569C,
		0x5F634096, 0x6C9F265D, 0x72CB09A6, 0x7180EC4E, 0x68D5D03E,
		0x5959B749, 0x440EA30E, 0x2A5694DE, 0x0DDE8DA4, 0xF07F8DDA,
		0xD422957B, 0xBA9FA40A, 0xA59FB892, 0x967FD1C0, 0x8E3BEDEF,
		0x8D5C0B4B, 0x93F127EA, 0xA18C41F2, 0xB54B57B0, 0xCDE667BB,
		0xE9C27107, 0x071072FB, 0x23E96D75, 0x3E6D60D1, 0x54E14DE2,
		0x65D135E3, 0x70221A63, 0x7329FD2C, 0x6EB4E024, 0x630CC52F,
		0x50F4AE0C, 0x39999C3D, 0x1E7F90EA, 0x016A8CD0, 0xE43D9033,
		0xC8DE9ADA, 0xB115AC15, 0x9E6DC2C5, 0x921DDD6F, 0x8CF1FA59,
		0x8F4117A1, 0x98E5335F, 0xA93C4BC7, 0xBF385F41, 0xD96A6C8B,
		0xF61E72C6, 0x1376718A, 0x2F8B68EE, 0x4888597F, 0x5CCE443E,
		0x6B0C2A8E, 0x72550E1A, 0x722EF0BB, 0x6A9BD45A, 0x5C1BBAD0,
		0x479DA5C5, 0x2E789697, 0x124D8E44, 0xF4F18D56, 0xD84E93DC,
		0xBE40A169, 0xA877B51D, 0x985FCDAF, 0x8F04E987, 0x8D0206D4,
		0x927923B0, 0x9F0E3E3A, 0xB1F154B8, 0xC9E865B5, 0xE5627014,
		0x0297732B, 0x1FA26EC5, 0x3A9E632B, 0x51CA511F, 0x63A539CD,
		0x6F061EB9, 0x732F01A6, 0x6FDCE478, 0x6542C913, 0x5414B141,
		0x3D6E9E8D, 0x22CA922F, 0x05E38CF4, 0xE89A8F34, 0xCCD798CA,
		0xB467A915, 0xA0E1BF06, 0x938AD931, 0x8D40F5E2, 0x8E6B133B,
		0x96FA2F54, 0xA65B4859, 0xBB915CAB, 0xD53A6AF6, 0xF1AA724D,
		0x0F097236, 0x2B6E6AB2, 0x45005C3F, 0x5A1647CC, 0x69502EAF,
		0x71B21288, 0x72B0F52E, 0x6C39D887, 0x5EB9BE71, 0x4B11A89E,
		0x3287987A, 0x16B48F10, 0xF9688CFE, 0xDC899266, 0xC1F99EEE,
		0xAB71B1C5, 0x9A68C9B2, 0x8FFAE527, 0x8CD4025B, 0x912B1F68,
		0x9CB63A6A, 0xAEB6519F, 0xC5FF6387, 0xE10C6EF6, 0xFE1D732E,
		0x1B4E6FEA, 0x36B8655F, 0x4E93543D, 0x61533DA1, 0x6DBF2304,
		0x7309061F, 0x70D8E8D5, 0x6751CD0D, 0x5713B494, 0x412CA103,
		0x2708939E, 0x0A5A8D45, 0xED018E61, 0xD0E396E1, 0xB7D6A636,
		0xA379BB61, 0x9521D502, 0x8DBAF16E, 0x8DC20ECD, 0x95372B36,
		0xA39D44D0, 0xB80559F0, 0xD11A6938, 0xED3C71A8, 0x0A9672B5,
		0x27406C4E, 0x415D5EDB, 0x573A4B3E, 0x676C32BD, 0x70E416F0,
		0x7305F9A4, 0x6DADDCC3, 0x6133C22C, 0x4E67AB9A, 0x36839A84,
		0x1B139008, 0xFDE18CD3, 0xE0D2911A, 0xC5CA9C98, 0xAE8BAE8B,
		0x9C98C5CA, 0x911AE0D2, 0x8CD3FDE1, 0x90081B13, 0x9A843683,
		0xAB9A4E67, 0xC22C6133, 0xDCC36DAD, 0xF9A47305, 0x16F070E4,
		0x32BD676C, 0x4B3E573A, 0x5EDB415D, 0x6C4E2740, 0x72B50A96,
		0x71A8ED3C, 0x6938D11A, 0x59F0B805, 0x44D0A39D, 0x2B369537,
		0x0ECD8DC2, 0xF16E8DBA, 0xD5029521, 0xBB61A379, 0xA636B7D6,
		0x96E1D0E3, 0x8E61ED01, 0x8D450A5A, 0x939E2708, 0xA103412C,
		0xB4945713, 0xCD0D6751, 0xE8D570D8, 0x061F7309, 0x23046DBF,
		0x3DA16153, 0x543D4E93, 0x655F36B8, 0x6FEA1B4E, 0x732EFE1D,
		0x6EF6E10C, 0x6387C5FF, 0x519FAEB6, 0x3A6A9CB6, 0x1F68912B,
		0x025B8CD4, 0xE5278FFA, 0xC9B29A68, 0xB1C5AB71, 0x9EEEC1F9,
		0x9266DC89, 0x8CFEF968, 0x8F1016B4, 0x987A3287, 0xA89E4B11,
		0xBE715EB9, 0xD8876C39, 0xF52E72B0, 0x128871B2, 0x2EAF6950,
		0x47CC5A16, 0x5C3F4500, 0x6AB22B6E, 0x72360F09, 0x724DF1AA,
		0x6AF6D53A, 0x5CABBB91, 0x4859A65B, 0x2F5496FA, 0x133B8E6B,
		0xF5E28D40, 0xD931938A, 0xBF06A0E1, 0xA915B467, 0x98CACCD7,
		0x8F34E89A, 0x8CF405E3, 0x922F22CA, 0x9E8D3D6E, 0xB1415414,
		0xC9136542, 0xE4786FDC, 0x01A6732F, 0x1EB96F06, 0x39CD63A5,
		0x511F51CA, 0x632B3A9E, 0x6EC51FA2, 0x732B0297, 0x7014E562,
		0x65B5C9E8, 0x54B8B1F1, 0x3E3A9F0E, 0x23B09279, 0x06D48D02,
		0xE9878F04, 0xCDAF985F, 0xB51DA877, 0xA169BE40, 0x93DCD84E,
		0x8D56F4F1, 0x8E44124D, 0x96972E78, 0xA5C5479D, 0xBAD05C1B,
		0xD45A6A9B, 0xF0BB722E, 0x0E1A7255, 0x2A8E6B0C, 0x443E5CCE,
		0x597F4888, 0x68EE2F8B, 0x718A1376, 0x72C6F61E, 0x6C8BD96A,
		0x5F41BF38, 0x4BC7A93C, 0x335F98E5, 0x17A18F41, 0xFA598CF1,
		0xDD6F921D, 0xC2C59E6D, 0xAC15B115, 0x9ADAC8DE, 0x9033E43D,
		0x8CD0016A, 0x90EA1E7F, 0x9C3D3999, 0xAE0C50F4, 0xC52F630C,
		0xE0246EB4, 0xFD2C7329, 0x1A637022, 0x35E365D1, 0x4DE254E1,
		0x60D13E6D, 0x6D7523E9, 0x72FB0710, 0x7107E9C2, 0x67BBCDE6,
		0x57B0B54B, 0x41F2A18C, 0x27EA93F1, 0x0B4B8D5C, 0xEDEF8E3B,
		0xD1C0967F, 0xB892A59F, 0xA40ABA9F, 0x957BD422, 0x8DDAF07F,
		0x8DA40DDE, 0x94DE2A56, 0xA30E440E, 0xB7495959, 0xD03E68D5,
		0xEC4E7180, 0x09A672CB, 0x265D6C9F, 0x40965F63, 0x569C4BF4,
		0x67013395, 0x70B317DC, 0x7312FA95, 0x6DF5DDA9, 0x61B3C2F8,
		0x4F17AC3F, 0x37579AF7, 0x1BFE9041, 0xFED28CCF, 0xE1BB90DA,
		0xC69B9C1F, 0xAF37ADE1, 0x9D12C4FB, 0x915DDFEA, 0x8CD8FCF0,
		0x8FD01A29, 0x9A1335AE, 0xAAF64DB6, 0xC16160B0, 0xDBDD6D62,
		0xF8B372F7, 0x16037113, 0x31E467D5, 0x4A8757D7, 0x5E524223,
		0x6BFA2823, 0x729E0B87, 0x71CFEE2A, 0x6999D1F7, 0x5A86B8C2,
		0x4591A42E, 0x2C159593, 0x0FBD8DE2, 0xF25E8D9D, 0xD5E294C7,
		0xBC23A2EA, 0xA6CDB71A, 0x9744D007, 0x8E8AEC13, 0x8D30096A,
		0x934D2624, 0xA07B4064, 0xB3DE5674, 0xCC3566E5, 0xE7E970A6,
		0x052F7314, 0x221E6E07, 0x3CD561D3, 0x53984F43, 0x64EC378C,
		0x6FB01C38, 0x7331FF0F, 0x6F36E1F5, 0x63FFC6CF, 0x5249AF62,
		0x3B399D31, 0x2050916D, 0x034C8CDA, 0xE6128FC2, 0xCA8899F7,
		0xB277AACE, 0x9F71C12E, 0x92B1DBA4, 0x8D0DF877, 0x8EE215C8,
		0x981131AE, 0xA8024A59, 0xBDAB5E2F, 0xD7A56BE5, 0xF43D7298,
		0x119A71D8, 0x2DD269B1, 0x470F5AAB, 0x5BAD45C1, 0x6A562C4D,
		0x72160FF8, 0x726AF29A, 0x6B4FD61A, 0x5D39BC54, 0x4914A6F4,
		0x302F975E, 0x14298E95, 0xF6D28D2B, 0xDA159339, 0xBFCEA059,
		0xA9B4B3B1, 0x9936CBFF, 0x8F66E7AE, 0x8CE904F2, 0x91E721E4,
		0x9E0D3CA2, 0xB091536E, 0xC83F64CE, 0xE38D6FA1, 0x00B57332,
		0x1DD16F45, 0x38FC641D, 0x50735273, 0x62B03B6D, 0x6E822089,
		0x73240389, 0x704BE64D, 0x6625CABD, 0x555BB2A4, 0x3F049F91,
		0x249592C4, 0x07C58D11, 0xEA748ED6, 0xCE8997F7, 0xB5D5A7DB,
		0xA1F4BD7A, 0x9430D76C, 0x8D6EF401, 0x8E1F115E, 0x96372D9A,
		0xA52F46DF, 0xBA0F5B89, 0xD37B6A3F, 0xEFCC720D, 0x0D2A7271,
		0x29AE6B64, 0x437B5D5D, 0x58E64943, 0x68893066, 0x71611464,
		0x72D9F70E, 0x6CDBDA4D, 0x5FC8C000, 0x4C7CA9DC, 0x34379951,
		0x188D8F73, 0xFB4A8CE6, 0xDE5691D5, 0xC3929DED, 0xACBBB066,
		0x9B4FC80B, 0x906EE353, 0x8CCE0079, 0x90AB1D96, 0x9BC538C8,
		0xAD635048, 0xC4606290, 0xDF3D6E70, 0xFC3B7323, 0x19787058,
		0x350D6641, 0x4D305583, 0x604E3F37, 0x6D2924CE, 0x72EB0801,
		0x7135EAAF, 0x6823CEBF, 0x584CB603, 0x42B7A217, 0x28CC9445,
		0x0C3B8D74, 0xEEDD8E16, 0xD29D961F, 0xB950A50A, 0xA49CB9DF,
		0x95D8D344, 0x8DFBEF90, 0x8D880CEE, 0x94862975, 0xA280434A,
		0xB68E58C0, 0xCF636870, 0xEB617156, 0x08B672DE, 0x25796CEE,
		0x3FCE5FEA, 0x55FC4CA9, 0x6694346D, 0x708018C8, 0x731CFB86,
		0x6E3CDE8F, 0x6232C3C5, 0x4FC6ACE5, 0x382A9B6C, 0x1CE7907D,
		0xFFC48CCE, 0xE2A4909C, 0xC76D9BA7, 0xAFE3AD39, 0x9D8FC42C,
		0x91A1DF03, 0x8CE0FBFF, 0x8F9A193D, 0x99A434D8, 0xAA544D03,
		0xC097602C, 0xDAF96D15, 0xF7C372E7, 0x15167140, 0x310A683D,
		0x49CE5872, 0x5DC642E8, 0x6BA52905, 0x72850C77, 0x71F3EF19,
		0x69F9D2D5, 0x5B1BB980, 0x4650A4C1, 0x2CF495F0, 0x10AB8E04,
		0xF34E8D81, 0xD6C39470, 0xBCE7A25D, 0xA767B660, 0x97AACF2C,
		0x8EB5EB25, 0x8D1E0879, 0x92FE2540, 0x9FF53F9B, 0xB32A55D4,
		0xCB5E6678, 0xE6FE7073, 0x043D731E, 0x21376E4E, 0x3C076252,
		0x52F14FF1, 0x6476385F, 0x6F741D22, 0x73320000, 0x6F74E2DE,
		0x6476C7A1, 0x52F1B00F, 0x3C079DAE, 0x213791B2, 0x043D8CE2,
		0xE6FE8F8D, 0xCB5E9988, 0xB32AAA2C, 0x9FF5C065, 0x92FEDAC0,
		0x8D1EF787, 0x8EB514DB, 0x97AA30D4, 0xA76749A0, 0xBCE75DA3,
		0xD6C36B90, 0xF34E727F, 0x10AB71FC, 0x2CF46A10, 0x46505B3F,
		0x5B1B4680, 0x69F92D2B, 0x71F310E7, 0x7285F389, 0x6BA5D6FB,
		0x5DC6BD18, 0x49CEA78E, 0x310A97C3, 0x15168EC0, 0xF7C38D19,
		0xDAF992EB, 0xC0979FD4, 0xAA54B2FD, 0x99A4CB28, 0x8F9AE6C3,
		0x8CE00401, 0x91A120FD, 0x9D8F3BD4, 0xAFE352C7, 0xC76D6459,
		0xE2A46F64, 0xFFC47332, 0x1CE76F83, 0x382A6494, 0x4FC6531B,
		0x62323C3B, 0x6E3C2171, 0x731C047A, 0x7080E738, 0x6694CB93,
		0x55FCB357, 0x3FCEA016, 0x25799312, 0x08B68D22, 0xEB618EAA,
		0xCF639790, 0xB68EA740, 0xA280BCB6, 0x9486D68B, 0x8D88F312,
		0x8DFB1070, 0x95D82CBC, 0xA49C4621, 0xB9505AF6, 0xD29D69E1,
		0xEEDD71EA, 0x0C3B728C, 0x28CC6BBB, 0x42B75DE9, 0x584C49FD,
		0x68233141, 0x71351551, 0x72EBF7FF, 0x6D29DB32, 0x604EC0C9,
		0x4D30AA7D, 0x350D99BF, 0x19788FA8, 0xFC3B8CDD, 0xDF3D9190,
		0xC4609D70, 0xAD63AFB8, 0x9BC5C738, 0x90ABE26A, 0x8CCEFF87,
		0x906E1CAD, 0x9B4F37F5, 0xACBB4F9A, 0xC3926213, 0xDE566E2B,
		0xFB4A731A, 0x188D708D, 0x343766AF, 0x4C7C5624, 0x5FC84000,
		0x6CDB25B3, 0x72D908F2, 0x7161EB9C, 0x6889CF9A, 0x58E6B6BD,
		0x437BA2A3, 0x29AE949C, 0x0D2A8D8F, 0xEFCC8DF3, 0xD37B95C1,
		0xBA0FA477, 0xA52FB921, 0x9637D266, 0x8E1FEEA2, 0x8D6E0BFF,
		0x94302894, 0xA1F44286, 0xB5D55825, 0xCE896809, 0xEA74712A,
		0x07C572EF, 0x24956D3C, 0x3F04606F, 0x555B4D5C, 0x66253543,
		0x704B19B3, 0x7324FC77, 0x6E82DF77, 0x62B0C493, 0x5073AD8D,
		0x38FC9BE3, 0x1DD190BB, 0x00B58CCE, 0xE38D905F, 0xC83F9B32,
		0xB091AC92, 0x9E0DC35E, 0x91E7DE1C, 0x8CE9FB0E, 0x8F661852,
		0x99363401, 0xA9B44C4F, 0xBFCE5FA7, 0xDA156CC7, 0xF6D272D5,
		0x1429716B, 0x302F68A2, 0x4914590C, 0x5D3943AC, 0x6B4F29E6,
		0x726A0D66, 0x7216F008, 0x6A56D3B3, 0x5BADBA3F, 0x470FA555,
		0x2DD2964F, 0x119A8E28, 0xF43D8D68, 0xD7A5941B, 0xBDABA1D1,
		0xA802B5A7, 0x9811CE52, 0x8EE2EA38, 0x8D0D0789, 0x92B1245C,
		0x9F713ED2, 0xB2775532, 0xCA886609, 0xE612703E, 0x034C7326,
		0x20506E93, 0x3B3962CF, 0x5249509E, 0x63FF3931, 0x6F361E0B,
		0x733100F1, 0x6FB0E3C8, 0x64ECC874, 0x5398B0BD, 0x3CD59E2D,
		0x221E91F9, 0x052F8CEC, 0xE7E98F5A, 0xCC35991B, 0xB3DEA98C,
		0xA07BBF9C, 0x934DD9DC, 0x8D30F696, 0x8E8A13ED, 0x97442FF9,
		0xA6CD48E6, 0xBC235D16, 0xD5E26B39, 0xF25E7263, 0x0FBD721E,
		0x2C156A6D, 0x45915BD2, 0x5A86473E, 0x69992E09, 0x71CF11D6,
		0x729EF479, 0x6BFAD7DD, 0x5E52BDDD, 0x4A87A829, 0x31E4982B,
		0x16038EED, 0xF8B38D09, 0xDBDD929E, 0xC1619F50, 0xAAF6B24A,
		0x9A13CA52, 0x8FD0E5D7, 0x8CD80310, 0x915D2016, 0x9D123B05,
		0xAF37521F, 0xC69B63E1, 0xE1BB6F26, 0xFED27331, 0x1BFE6FBF,
		0x37576509, 0x4F1753C1, 0x61B33D08, 0x6DF52257, 0x7312056B,
		0x70B3E824, 0x6701CC6B, 0x569CB40C, 0x4096A09D, 0x265D9361,
		0x09A68D35, 0xEC4E8E80, 0xD03E972B, 0xB749A6A7, 0xA30EBBF2,
		0x94DED5AA, 0x8DA4F222, 0x8DDA0F81, 0x957B2BDE, 0xA40A4561,
		0xB8925A61, 0xD1C06981, 0xEDEF71C5, 0x0B4B72A4, 0x27EA6C0F,
		0x41F25E74, 0x57B04AB5, 0x67BB321A, 0x7107163E, 0x72FBF8F0,
		0x6D75DC17, 0x60D1C193, 0x4DE2AB1F, 0x35E39A2F, 0x1A638FDE,
		0xFD2C8CD7, 0xE024914C, 0xC52F9CF4, 0xAE0CAF0C,
};
#endif

const uint32_t tone_lut_iq_491M[TX_BUF_LEN] = {
		0x00000CCD, 0x01F50CA6, 0x03DE0C34, 0x05AF0B78, 0x075F0A77,
		0x08E20937, 0x0A3007C0, 0x0B40061A, 0x0C0D0450, 0x0C92026C,
		0x0CCA0079, 0x0CB6FE83, 0x0C56FC96, 0x0BABFABE, 0x0ABBF905,
		0x0989F776, 0x081FF61B, 0x0683F4FB, 0x04C1F41E, 0x02E2F387,
		0x00F1F33C, 0xFEFBF33E, 0xFD0BF38C, 0xFB2DF425, 0xF96BF505,
		0xF7D2F628, 0xF669F785, 0xF53AF916, 0xF44CFAD0, 0xF3A5FCA9,
		0xF347FE97, 0xF336008D, 0xF372027F, 0xF3FA0463, 0xF4C9062C,
		0xF5DD07D0, 0xF72D0945, 0xF8B20A83, 0xFA630B81, 0xFC360C3A,
		0xFE1F0CA9, 0x00140CCD, 0x02090CA3, 0x03F10C2E, 0x05C10B6F,
		0x076F0A6B, 0x08F00929, 0x0A3C07B0, 0x0B4A0609, 0x0C14043D,
		0x0C950258, 0x0CCB0065, 0x0CB4FE6F, 0x0C51FC83, 0x0BA3FAAB,
		0x0AB0F8F4, 0x097CF768, 0x080FF60E, 0x0672F4F1, 0x04AEF416,
		0x02CEF383, 0x00DDF33B, 0xFEE7F33F, 0xFCF7F391, 0xFB1AF42D,
		0xF95AF510, 0xF7C2F635, 0xF65CF795, 0xF530F927, 0xF444FAE3,
		0xF3A0FCBD, 0xF345FEAB, 0xF33700A1, 0xF3760293, 0xF4010476,
		0xF4D3063E, 0xF5E907E0, 0xF73B0953, 0xF8C20A8E, 0xFA750B89,
		0xFC490C40, 0xFE330CAC, 0x00280CCC, 0x021C0CA0, 0x04040C27,
		0x05D30B66, 0x077F0A60, 0x08FF091B, 0x0A4807A0, 0x0B5305F7,
		0x0C1A042A, 0x0C990244, 0x0CCC0050, 0x0CB2FE5B, 0x0C4BFC6F,
		0x0B9BFA99, 0x0AA4F8E4, 0x096EF759, 0x07FFF602, 0x0661F4E7,
		0x049BF40F, 0x02BAF37F, 0x00C9F339, 0xFED3F341, 0xFCE4F395,
		0xFB08F434, 0xF949F51A, 0xF7B3F642, 0xF64FF7A4, 0xF525F938,
		0xF43CFAF5, 0xF39AFCD0, 0xF343FEBF, 0xF33800B5, 0xF37A02A7,
		0xF4080488, 0xF4DD064F, 0xF5F507F0, 0xF74A0961, 0xF8D30A99,
		0xFA870B92, 0xFC5C0C45, 0xFE470CAF, 0x003C0CCC, 0x02300C9C,
		0x04170C21, 0x05E50B5D, 0x07900A54, 0x090D090D, 0x0A540790,
		0x0B5D05E5, 0x0C210417, 0x0C9C0230, 0x0CCC003C, 0x0CAFFE47,
		0x0C45FC5C, 0x0B92FA87, 0x0A99F8D3, 0x0961F74A, 0x07F0F5F5,
		0x064FF4DD, 0x0488F408, 0x02A7F37A, 0x00B5F338, 0xFEBFF343,
		0xFCD0F39A, 0xFAF5F43C, 0xF938F525, 0xF7A4F64F, 0xF642F7B3,
		0xF51AF949, 0xF434FB08, 0xF395FCE4, 0xF341FED3, 0xF33900C9,
		0xF37F02BA, 0xF40F049B, 0xF4E70661, 0xF60207FF, 0xF759096E,
		0xF8E40AA4, 0xFA990B9B, 0xFC6F0C4B, 0xFE5B0CB2, 0x00500CCC,
		0x02440C99, 0x042A0C1A, 0x05F70B53, 0x07A00A48, 0x091B08FF,
		0x0A60077F, 0x0B6605D3, 0x0C270404, 0x0CA0021C, 0x0CCC0028,
		0x0CACFE33, 0x0C40FC49, 0x0B89FA75, 0x0A8EF8C2, 0x0953F73B,
		0x07E0F5E9, 0x063EF4D3, 0x0476F401, 0x0293F376, 0x00A1F337,
		0xFEABF345, 0xFCBDF3A0, 0xFAE3F444, 0xF927F530, 0xF795F65C,
		0xF635F7C2, 0xF510F95A, 0xF42DFB1A, 0xF391FCF7, 0xF33FFEE7,
		0xF33B00DD, 0xF38302CE, 0xF41604AE, 0xF4F10672, 0xF60E080F,
		0xF768097C, 0xF8F40AB0, 0xFAAB0BA3, 0xFC830C51, 0xFE6F0CB4,
		0x00650CCB, 0x02580C95, 0x043D0C14, 0x06090B4A, 0x07B00A3C,
		0x092908F0, 0x0A6B076F, 0x0B6F05C1, 0x0C2E03F1, 0x0CA30209,
		0x0CCD0014, 0x0CA9FE1F, 0x0C3AFC36, 0x0B81FA63, 0x0A83F8B2,
		0x0945F72D, 0x07D0F5DD, 0x062CF4C9, 0x0463F3FA, 0x027FF372,
		0x008DF336, 0xFE97F347, 0xFCA9F3A5, 0xFAD0F44C, 0xF916F53A,
		0xF785F669, 0xF628F7D2, 0xF505F96B, 0xF425FB2D, 0xF38CFD0B,
		0xF33EFEFB, 0xF33C00F1, 0xF38702E2, 0xF41E04C1, 0xF4FB0683,
		0xF61B081F, 0xF7760989, 0xF9050ABB, 0xFABE0BAB, 0xFC960C56,
		0xFE830CB6, 0x00790CCA, 0x026C0C92, 0x04500C0D, 0x061A0B40,
		0x07C00A30, 0x093708E2, 0x0A77075F, 0x0B7805AF, 0x0C3403DE,
		0x0CA601F5, 0x0CCD0000, 0x0CA6FE0B, 0x0C34FC22, 0x0B78FA51,
		0x0A77F8A1, 0x0937F71E, 0x07C0F5D0, 0x061AF4C0, 0x0450F3F3,
		0x026CF36E, 0x0079F336, 0xFE83F34A, 0xFC96F3AA, 0xFABEF455,
		0xF905F545, 0xF776F677, 0xF61BF7E1, 0xF4FBF97D, 0xF41EFB3F,
		0xF387FD1E, 0xF33CFF0F, 0xF33E0105, 0xF38C02F5, 0xF42504D3,
		0xF5050695, 0xF628082E, 0xF7850997, 0xF9160AC6, 0xFAD00BB4,
		0xFCA90C5B, 0xFE970CB9, 0x008D0CCA, 0x027F0C8E, 0x04630C06,
		0x062C0B37, 0x07D00A23, 0x094508D3, 0x0A83074E, 0x0B81059D,
		0x0C3A03CA, 0x0CA901E1, 0x0CCDFFEC, 0x0CA3FDF7, 0x0C2EFC0F,
		0x0B6FFA3F, 0x0A6BF891, 0x0929F710, 0x07B0F5C4, 0x0609F4B6,
		0x043DF3EC, 0x0258F36B, 0x0065F335, 0xFE6FF34C, 0xFC83F3AF,
		0xFAABF45D, 0xF8F4F550, 0xF768F684, 0xF60EF7F1, 0xF4F1F98E,
		0xF416FB52, 0xF383FD32, 0xF33BFF23, 0xF33F0119, 0xF3910309,
		0xF42D04E6, 0xF51006A6, 0xF635083E, 0xF79509A4, 0xF9270AD0,
		0xFAE30BBC, 0xFCBD0C60, 0xFEAB0CBB, 0x00A10CC9, 0x02930C8A,
		0x04760BFF, 0x063E0B2D, 0x07E00A17, 0x095308C5, 0x0A8E073E,
		0x0B89058B, 0x0C4003B7, 0x0CAC01CD, 0x0CCCFFD8, 0x0CA0FDE4,
		0x0C27FBFC, 0x0B66FA2D, 0x0A60F881, 0x091BF701, 0x07A0F5B8,
		0x05F7F4AD, 0x042AF3E6, 0x0244F367, 0x0050F334, 0xFE5BF34E,
		0xFC6FF3B5, 0xFA99F465, 0xF8E4F55C, 0xF759F692, 0xF602F801,
		0xF4E7F99F, 0xF40FFB65, 0xF37FFD46, 0xF339FF37, 0xF341012D,
		0xF395031C, 0xF43404F8, 0xF51A06B7, 0xF642084D, 0xF7A409B1,
		0xF9380ADB, 0xFAF50BC4, 0xFCD00C66, 0xFEBF0CBD, 0x00B50CC8,
		0x02A70C86, 0x04880BF8, 0x064F0B23, 0x07F00A0B, 0x096108B6,
		0x0A99072D, 0x0B920579, 0x0C4503A4, 0x0CAF01B9, 0x0CCCFFC4,
		0x0C9CFDD0, 0x0C21FBE9, 0x0B5DFA1B, 0x0A54F870, 0x090DF6F3,
		0x0790F5AC, 0x05E5F4A3, 0x0417F3DF, 0x0230F364, 0x003CF334,
		0xFE47F351, 0xFC5CF3BB, 0xFA87F46E, 0xF8D3F567, 0xF74AF69F,
		0xF5F5F810, 0xF4DDF9B1, 0xF408FB78, 0xF37AFD59, 0xF338FF4B,
		0xF3430141, 0xF39A0330, 0xF43C050B, 0xF52506C8, 0xF64F085C,
		0xF7B309BE, 0xF9490AE6, 0xFB080BCC, 0xFCE40C6B, 0xFED30CBF,
		0x00C90CC7, 0x02BA0C81, 0x049B0BF1, 0x06610B19, 0x07FF09FE,
		0x096E08A7, 0x0AA4071C, 0x0B9B0567, 0x0C4B0391, 0x0CB201A5,
		0x0CCCFFB0, 0x0C99FDBC, 0x0C1AFBD6, 0x0B53FA09, 0x0A48F860,
		0x08FFF6E5, 0x077FF5A0, 0x05D3F49A, 0x0404F3D9, 0x021CF360,
		0x0028F334, 0xFE33F354, 0xFC49F3C0, 0xFA75F477, 0xF8C2F572,
		0xF73BF6AD, 0xF5E9F820, 0xF4D3F9C2, 0xF401FB8A, 0xF376FD6D,
		0xF337FF5F, 0xF3450155, 0xF3A00343, 0xF444051D, 0xF53006D9,
		0xF65C086B, 0xF7C209CB, 0xF95A0AF0, 0xFB1A0BD3, 0xFCF70C6F,
		0xFEE70CC1, 0x00DD0CC5, 0x02CE0C7D, 0x04AE0BEA, 0x06720B0F,
		0x080F09F2, 0x097C0898, 0x0AB0070C, 0x0BA30555, 0x0C51037D,
		0x0CB40191, 0x0CCBFF9B, 0x0C95FDA8, 0x0C14FBC3, 0x0B4AF9F7,
		0x0A3CF850, 0x08F0F6D7, 0x076FF595, 0x05C1F491, 0x03F1F3D2,
		0x0209F35D, 0x0014F333, 0xFE1FF357, 0xFC36F3C6, 0xFA63F47F,
		0xF8B2F57D, 0xF72DF6BB, 0xF5DDF830, 0xF4C9F9D4, 0xF3FAFB9D,
		0xF372FD81, 0xF336FF73, 0xF3470169, 0xF3A50357, 0xF44C0530,
		0xF53A06EA, 0xF669087B, 0xF7D209D8, 0xF96B0AFB, 0xFB2D0BDB,
		0xFD0B0C74, 0xFEFB0CC2, 0x00F10CC4, 0x02E20C79, 0x04C10BE2,
		0x06830B05, 0x081F09E5, 0x0989088A, 0x0ABB06FB, 0x0BAB0542,
		0x0C56036A, 0x0CB6017D, 0x0CCAFF87, 0x0C92FD94, 0x0C0DFBB0,
		0x0B40F9E6, 0x0A30F840, 0x08E2F6C9, 0x075FF589, 0x05AFF488,
		0x03DEF3CC, 0x01F5F35A, 0x0000F333, 0xFE0BF35A, 0xFC22F3CC,
		0xFA51F488, 0xF8A1F589, 0xF71EF6C9, 0xF5D0F840, 0xF4C0F9E6,
		0xF3F3FBB0, 0xF36EFD94, 0xF336FF87, 0xF34A017D, 0xF3AA036A,
		0xF4550542, 0xF54506FB, 0xF677088A, 0xF7E109E5, 0xF97D0B05,
		0xFB3F0BE2, 0xFD1E0C79, 0xFF0F0CC4, 0x01050CC2, 0x02F50C74,
		0x04D30BDB, 0x06950AFB, 0x082E09D8, 0x0997087B, 0x0AC606EA,
		0x0BB40530, 0x0C5B0357, 0x0CB90169, 0x0CCAFF73, 0x0C8EFD81,
		0x0C06FB9D, 0x0B37F9D4, 0x0A23F830, 0x08D3F6BB, 0x074EF57D,
		0x059DF47F, 0x03CAF3C6, 0x01E1F357, 0xFFECF333, 0xFDF7F35D,
		0xFC0FF3D2, 0xFA3FF491, 0xF891F595, 0xF710F6D7, 0xF5C4F850,
		0xF4B6F9F7, 0xF3ECFBC3, 0xF36BFDA8, 0xF335FF9B, 0xF34C0191,
		0xF3AF037D, 0xF45D0555, 0xF550070C, 0xF6840898, 0xF7F109F2,
		0xF98E0B0F, 0xFB520BEA, 0xFD320C7D, 0xFF230CC5, 0x01190CC1,
		0x03090C6F, 0x04E60BD3, 0x06A60AF0, 0x083E09CB, 0x09A4086B,
		0x0AD006D9, 0x0BBC051D, 0x0C600343, 0x0CBB0155, 0x0CC9FF5F,
		0x0C8AFD6D, 0x0BFFFB8A, 0x0B2DF9C2, 0x0A17F820, 0x08C5F6AD,
		0x073EF572, 0x058BF477, 0x03B7F3C0, 0x01CDF354, 0xFFD8F334,
		0xFDE4F360, 0xFBFCF3D9, 0xFA2DF49A, 0xF881F5A0, 0xF701F6E5,
		0xF5B8F860, 0xF4ADFA09, 0xF3E6FBD6, 0xF367FDBC, 0xF334FFB0,
		0xF34E01A5, 0xF3B50391, 0xF4650567, 0xF55C071C, 0xF69208A7,
		0xF80109FE, 0xF99F0B19, 0xFB650BF1, 0xFD460C81, 0xFF370CC7,
		0x012D0CBF, 0x031C0C6B, 0x04F80BCC, 0x06B70AE6, 0x084D09BE,
		0x09B1085C, 0x0ADB06C8, 0x0BC4050B, 0x0C660330, 0x0CBD0141,
		0x0CC8FF4B, 0x0C86FD59, 0x0BF8FB78, 0x0B23F9B1, 0x0A0BF810,
		0x08B6F69F, 0x072DF567, 0x0579F46E, 0x03A4F3BB, 0x01B9F351,
		0xFFC4F334, 0xFDD0F364, 0xFBE9F3DF, 0xFA1BF4A3, 0xF870F5AC,
		0xF6F3F6F3, 0xF5ACF870, 0xF4A3FA1B, 0xF3DFFBE9, 0xF364FDD0,
		0xF334FFC4, 0xF35101B9, 0xF3BB03A4, 0xF46E0579, 0xF567072D,
		0xF69F08B6, 0xF8100A0B, 0xF9B10B23, 0xFB780BF8, 0xFD590C86,
		0xFF4B0CC8, 0x01410CBD, 0x03300C66, 0x050B0BC4, 0x06C80ADB,
		0x085C09B1, 0x09BE084D, 0x0AE606B7, 0x0BCC04F8, 0x0C6B031C,
		0x0CBF012D, 0x0CC7FF37, 0x0C81FD46, 0x0BF1FB65, 0x0B19F99F,
		0x09FEF801, 0x08A7F692, 0x071CF55C, 0x0567F465, 0x0391F3B5,
		0x01A5F34E, 0xFFB0F334, 0xFDBCF367, 0xFBD6F3E6, 0xFA09F4AD,
		0xF860F5B8, 0xF6E5F701, 0xF5A0F881, 0xF49AFA2D, 0xF3D9FBFC,
		0xF360FDE4, 0xF334FFD8, 0xF35401CD, 0xF3C003B7, 0xF477058B,
		0xF572073E, 0xF6AD08C5, 0xF8200A17, 0xF9C20B2D, 0xFB8A0BFF,
		0xFD6D0C8A, 0xFF5F0CC9, 0x01550CBB, 0x03430C60, 0x051D0BBC,
		0x06D90AD0, 0x086B09A4, 0x09CB083E, 0x0AF006A6, 0x0BD304E6,
		0x0C6F0309, 0x0CC10119, 0x0CC5FF23, 0x0C7DFD32, 0x0BEAFB52,
		0x0B0FF98E, 0x09F2F7F1, 0x0898F684, 0x070CF550, 0x0555F45D,
		0x037DF3AF, 0x0191F34C, 0xFF9BF335, 0xFDA8F36B, 0xFBC3F3EC,
		0xF9F7F4B6, 0xF850F5C4, 0xF6D7F710, 0xF595F891, 0xF491FA3F,
		0xF3D2FC0F, 0xF35DFDF7, 0xF333FFEC, 0xF35701E1, 0xF3C603CA,
		0xF47F059D, 0xF57D074E, 0xF6BB08D3, 0xF8300A23, 0xF9D40B37,
		0xFB9D0C06, 0xFD810C8E, 0xFF730CCA, 0x01690CB9, 0x03570C5B,
		0x05300BB4, 0x06EA0AC6, 0x087B0997, 0x09D8082E, 0x0AFB0695,
		0x0BDB04D3, 0x0C7402F5, 0x0CC20105, 0x0CC4FF0F, 0x0C79FD1E,
		0x0BE2FB3F, 0x0B05F97D, 0x09E5F7E1, 0x088AF677, 0x06FBF545,
		0x0542F455, 0x036AF3AA, 0x017DF34A, 0xFF87F336, 0xFD94F36E,
		0xFBB0F3F3, 0xF9E6F4C0, 0xF840F5D0, 0xF6C9F71E, 0xF589F8A1,
		0xF488FA51, 0xF3CCFC22, 0xF35AFE0B, 0xF3330000, 0xF35A01F5,
		0xF3CC03DE, 0xF48805AF, 0xF589075F, 0xF6C908E2, 0xF8400A30,
		0xF9E60B40, 0xFBB00C0D, 0xFD940C92, 0xFF870CCA, 0x017D0CB6,
		0x036A0C56, 0x05420BAB, 0x06FB0ABB, 0x088A0989, 0x09E5081F,
		0x0B050683, 0x0BE204C1, 0x0C7902E2, 0x0CC400F1, 0x0CC2FEFB,
		0x0C74FD0B, 0x0BDBFB2D, 0x0AFBF96B, 0x09D8F7D2, 0x087BF669,
		0x06EAF53A, 0x0530F44C, 0x0357F3A5, 0x0169F347, 0xFF73F336,
		0xFD81F372, 0xFB9DF3FA, 0xF9D4F4C9, 0xF830F5DD, 0xF6BBF72D,
		0xF57DF8B2, 0xF47FFA63, 0xF3C6FC36, 0xF357FE1F, 0xF3330014,
		0xF35D0209, 0xF3D203F1, 0xF49105C1, 0xF595076F, 0xF6D708F0,
		0xF8500A3C, 0xF9F70B4A, 0xFBC30C14, 0xFDA80C95, 0xFF9B0CCB,
		0x01910CB4, 0x037D0C51, 0x05550BA3, 0x070C0AB0, 0x0898097C,
		0x09F2080F, 0x0B0F0672, 0x0BEA04AE, 0x0C7D02CE, 0x0CC500DD,
		0x0CC1FEE7, 0x0C6FFCF7, 0x0BD3FB1A, 0x0AF0F95A, 0x09CBF7C2,
		0x086BF65C, 0x06D9F530, 0x051DF444, 0x0343F3A0, 0x0155F345,
		0xFF5FF337, 0xFD6DF376, 0xFB8AF401, 0xF9C2F4D3, 0xF820F5E9,
		0xF6ADF73B, 0xF572F8C2, 0xF477FA75, 0xF3C0FC49, 0xF354FE33,
		0xF3340028, 0xF360021C, 0xF3D90404, 0xF49A05D3, 0xF5A0077F,
		0xF6E508FF, 0xF8600A48, 0xFA090B53, 0xFBD60C1A, 0xFDBC0C99,
		0xFFB00CCC, 0x01A50CB2, 0x03910C4B, 0x05670B9B, 0x071C0AA4,
		0x08A7096E, 0x09FE07FF, 0x0B190661, 0x0BF1049B, 0x0C8102BA,
		0x0CC700C9, 0x0CBFFED3, 0x0C6BFCE4, 0x0BCCFB08, 0x0AE6F949,
		0x09BEF7B3, 0x085CF64F, 0x06C8F525, 0x050BF43C, 0x0330F39A,
		0x0141F343, 0xFF4BF338, 0xFD59F37A, 0xFB78F408, 0xF9B1F4DD,
		0xF810F5F5, 0xF69FF74A, 0xF567F8D3, 0xF46EFA87, 0xF3BBFC5C,
		0xF351FE47, 0xF334003C, 0xF3640230, 0xF3DF0417, 0xF4A305E5,
		0xF5AC0790, 0xF6F3090D, 0xF8700A54, 0xFA1B0B5D, 0xFBE90C21,
		0xFDD00C9C, 0xFFC40CCC, 0x01B90CAF, 0x03A40C45, 0x05790B92,
		0x072D0A99, 0x08B60961, 0x0A0B07F0, 0x0B23064F, 0x0BF80488,
		0x0C8602A7, 0x0CC800B5, 0x0CBDFEBF, 0x0C66FCD0, 0x0BC4FAF5,
		0x0ADBF938, 0x09B1F7A4, 0x084DF642, 0x06B7F51A, 0x04F8F434,
		0x031CF395, 0x012DF341, 0xFF37F339, 0xFD46F37F, 0xFB65F40F,
		0xF99FF4E7, 0xF801F602, 0xF692F759, 0xF55CF8E4, 0xF465FA99,
		0xF3B5FC6F, 0xF34EFE5B, 0xF3340050, 0xF3670244, 0xF3E6042A,
		0xF4AD05F7, 0xF5B807A0, 0xF701091B, 0xF8810A60, 0xFA2D0B66,
		0xFBFC0C27, 0xFDE40CA0, 0xFFD80CCC, 0x01CD0CAC, 0x03B70C40,
		0x058B0B89, 0x073E0A8E, 0x08C50953, 0x0A1707E0, 0x0B2D063E,
		0x0BFF0476, 0x0C8A0293, 0x0CC900A1, 0x0CBBFEAB, 0x0C60FCBD,
		0x0BBCFAE3, 0x0AD0F927, 0x09A4F795, 0x083EF635, 0x06A6F510,
		0x04E6F42D, 0x0309F391, 0x0119F33F, 0xFF23F33B, 0xFD32F383,
		0xFB52F416, 0xF98EF4F1, 0xF7F1F60E, 0xF684F768, 0xF550F8F4,
		0xF45DFAAB, 0xF3AFFC83, 0xF34CFE6F, 0xF3350065, 0xF36B0258,
		0xF3EC043D, 0xF4B60609, 0xF5C407B0, 0xF7100929, 0xF8910A6B,
		0xFA3F0B6F, 0xFC0F0C2E, 0xFDF70CA3, 0xFFEC0CCD, 0x01E10CA9,
		0x03CA0C3A, 0x059D0B81, 0x074E0A83, 0x08D30945, 0x0A2307D0,
		0x0B37062C, 0x0C060463, 0x0C8E027F, 0x0CCA008D, 0x0CB9FE97,
		0x0C5BFCA9, 0x0BB4FAD0, 0x0AC6F916, 0x0997F785, 0x082EF628,
		0x0695F505, 0x04D3F425, 0x02F5F38C, 0x0105F33E, 0xFF0FF33C,
		0xFD1EF387, 0xFB3FF41E, 0xF97DF4FB, 0xF7E1F61B, 0xF677F776,
		0xF545F905, 0xF455FABE, 0xF3AAFC96, 0xF34AFE83, 0xF3360079,
		0xF36E026C, 0xF3F30450, 0xF4C0061A, 0xF5D007C0, 0xF71E0937,
		0xF8A10A77, 0xFA510B78, 0xFC220C34, 0xFE0B0CA6, 0x00000CCD,
		0x01F50CA6, 0x03DE0C34, 0x05AF0B78, 0x075F0A77, 0x08E20937,
		0x0A3007C0, 0x0B40061A, 0x0C0D0450, 0x0C92026C, 0x0CCA0079,
		0x0CB6FE83, 0x0C56FC96, 0x0BABFABE, 0x0ABBF905, 0x0989F776,
		0x081FF61B, 0x0683F4FB, 0x04C1F41E, 0x02E2F387, 0x00F1F33C,
		0xFEFBF33E, 0xFD0BF38C, 0xFB2DF425, 0xF96BF505, 0xF7D2F628,
		0xF669F785, 0xF53AF916, 0xF44CFAD0, 0xF3A5FCA9, 0xF347FE97,
		0xF336008D, 0xF372027F, 0xF3FA0463, 0xF4C9062C, 0xF5DD07D0,
		0xF72D0945, 0xF8B20A83, 0xFA630B81, 0xFC360C3A, 0xFE1F0CA9,
		0x00140CCD, 0x02090CA3, 0x03F10C2E, 0x05C10B6F, 0x076F0A6B,
		0x08F00929, 0x0A3C07B0, 0x0B4A0609, 0x0C14043D, 0x0C950258,
		0x0CCB0065, 0x0CB4FE6F, 0x0C51FC83, 0x0BA3FAAB, 0x0AB0F8F4,
		0x097CF768, 0x080FF60E, 0x0672F4F1, 0x04AEF416, 0x02CEF383,
		0x00DDF33B, 0xFEE7F33F, 0xFCF7F391, 0xFB1AF42D, 0xF95AF510,
		0xF7C2F635, 0xF65CF795, 0xF530F927, 0xF444FAE3, 0xF3A0FCBD,
		0xF345FEAB, 0xF33700A1, 0xF3760293, 0xF4010476, 0xF4D3063E,
		0xF5E907E0, 0xF73B0953, 0xF8C20A8E, 0xFA750B89, 0xFC490C40,
		0xFE330CAC, 0x00280CCC, 0x021C0CA0, 0x04040C27, 0x05D30B66,
		0x077F0A60, 0x08FF091B, 0x0A4807A0, 0x0B5305F7, 0x0C1A042A,
		0x0C990244, 0x0CCC0050, 0x0CB2FE5B, 0x0C4BFC6F, 0x0B9BFA99,
		0x0AA4F8E4, 0x096EF759, 0x07FFF602, 0x0661F4E7, 0x049BF40F,
		0x02BAF37F, 0x00C9F339, 0xFED3F341, 0xFCE4F395, 0xFB08F434,
		0xF949F51A, 0xF7B3F642, 0xF64FF7A4, 0xF525F938, 0xF43CFAF5,
		0xF39AFCD0, 0xF343FEBF, 0xF33800B5, 0xF37A02A7, 0xF4080488,
		0xF4DD064F, 0xF5F507F0, 0xF74A0961, 0xF8D30A99, 0xFA870B92,
		0xFC5C0C45, 0xFE470CAF, 0x003C0CCC, 0x02300C9C, 0x04170C21,
		0x05E50B5D, 0x07900A54, 0x090D090D, 0x0A540790, 0x0B5D05E5,
		0x0C210417, 0x0C9C0230, 0x0CCC003C, 0x0CAFFE47, 0x0C45FC5C,
		0x0B92FA87, 0x0A99F8D3, 0x0961F74A, 0x07F0F5F5, 0x064FF4DD,
		0x0488F408, 0x02A7F37A, 0x00B5F338, 0xFEBFF343, 0xFCD0F39A,
		0xFAF5F43C, 0xF938F525, 0xF7A4F64F, 0xF642F7B3, 0xF51AF949,
		0xF434FB08, 0xF395FCE4, 0xF341FED3, 0xF33900C9, 0xF37F02BA,
		0xF40F049B, 0xF4E70661, 0xF60207FF, 0xF759096E, 0xF8E40AA4,
		0xFA990B9B, 0xFC6F0C4B, 0xFE5B0CB2, 0x00500CCC, 0x02440C99,
		0x042A0C1A, 0x05F70B53, 0x07A00A48, 0x091B08FF, 0x0A60077F,
		0x0B6605D3, 0x0C270404, 0x0CA0021C, 0x0CCC0028, 0x0CACFE33,
		0x0C40FC49, 0x0B89FA75, 0x0A8EF8C2, 0x0953F73B, 0x07E0F5E9,
		0x063EF4D3, 0x0476F401, 0x0293F376, 0x00A1F337, 0xFEABF345,
		0xFCBDF3A0, 0xFAE3F444, 0xF927F530, 0xF795F65C, 0xF635F7C2,
		0xF510F95A, 0xF42DFB1A, 0xF391FCF7, 0xF33FFEE7, 0xF33B00DD,
		0xF38302CE, 0xF41604AE, 0xF4F10672, 0xF60E080F, 0xF768097C,
		0xF8F40AB0, 0xFAAB0BA3, 0xFC830C51, 0xFE6F0CB4, 0x00650CCB,
		0x02580C95, 0x043D0C14, 0x06090B4A, 0x07B00A3C, 0x092908F0,
		0x0A6B076F, 0x0B6F05C1, 0x0C2E03F1, 0x0CA30209, 0x0CCD0014,
		0x0CA9FE1F, 0x0C3AFC36, 0x0B81FA63, 0x0A83F8B2, 0x0945F72D,
		0x07D0F5DD, 0x062CF4C9, 0x0463F3FA, 0x027FF372, 0x008DF336,
		0xFE97F347, 0xFCA9F3A5, 0xFAD0F44C, 0xF916F53A, 0xF785F669,
		0xF628F7D2, 0xF505F96B, 0xF425FB2D, 0xF38CFD0B, 0xF33EFEFB,
		0xF33C00F1, 0xF38702E2, 0xF41E04C1, 0xF4FB0683, 0xF61B081F,
		0xF7760989, 0xF9050ABB, 0xFABE0BAB, 0xFC960C56, 0xFE830CB6,
		0x00790CCA, 0x026C0C92, 0x04500C0D, 0x061A0B40, 0x07C00A30,
		0x093708E2, 0x0A77075F, 0x0B7805AF, 0x0C3403DE, 0x0CA601F5,
		0x0CCD0000, 0x0CA6FE0B, 0x0C34FC22, 0x0B78FA51, 0x0A77F8A1,
		0x0937F71E, 0x07C0F5D0, 0x061AF4C0, 0x0450F3F3, 0x026CF36E,
		0x0079F336, 0xFE83F34A, 0xFC96F3AA, 0xFABEF455, 0xF905F545,
		0xF776F677, 0xF61BF7E1, 0xF4FBF97D, 0xF41EFB3F, 0xF387FD1E,
		0xF33CFF0F, 0xF33E0105, 0xF38C02F5, 0xF42504D3, 0xF5050695,
		0xF628082E, 0xF7850997, 0xF9160AC6, 0xFAD00BB4, 0xFCA90C5B,
		0xFE970CB9, 0x008D0CCA, 0x027F0C8E, 0x04630C06, 0x062C0B37,
		0x07D00A23, 0x094508D3, 0x0A83074E, 0x0B81059D, 0x0C3A03CA,
		0x0CA901E1, 0x0CCDFFEC, 0x0CA3FDF7, 0x0C2EFC0F, 0x0B6FFA3F,
		0x0A6BF891, 0x0929F710, 0x07B0F5C4, 0x0609F4B6, 0x043DF3EC,
		0x0258F36B, 0x0065F335, 0xFE6FF34C, 0xFC83F3AF, 0xFAABF45D,
		0xF8F4F550, 0xF768F684, 0xF60EF7F1, 0xF4F1F98E, 0xF416FB52,
		0xF383FD32, 0xF33BFF23, 0xF33F0119, 0xF3910309, 0xF42D04E6,
		0xF51006A6, 0xF635083E, 0xF79509A4, 0xF9270AD0, 0xFAE30BBC,
		0xFCBD0C60, 0xFEAB0CBB, 0x00A10CC9, 0x02930C8A, 0x04760BFF,
		0x063E0B2D, 0x07E00A17, 0x095308C5, 0x0A8E073E, 0x0B89058B,
		0x0C4003B7, 0x0CAC01CD, 0x0CCCFFD8, 0x0CA0FDE4, 0x0C27FBFC,
		0x0B66FA2D, 0x0A60F881, 0x091BF701, 0x07A0F5B8, 0x05F7F4AD,
		0x042AF3E6, 0x0244F367, 0x0050F334, 0xFE5BF34E, 0xFC6FF3B5,
		0xFA99F465, 0xF8E4F55C, 0xF759F692, 0xF602F801, 0xF4E7F99F,
		0xF40FFB65, 0xF37FFD46, 0xF339FF37, 0xF341012D, 0xF395031C,
		0xF43404F8, 0xF51A06B7, 0xF642084D, 0xF7A409B1, 0xF9380ADB,
		0xFAF50BC4, 0xFCD00C66, 0xFEBF0CBD, 0x00B50CC8, 0x02A70C86,
		0x04880BF8, 0x064F0B23, 0x07F00A0B, 0x096108B6, 0x0A99072D,
		0x0B920579, 0x0C4503A4, 0x0CAF01B9, 0x0CCCFFC4, 0x0C9CFDD0,
		0x0C21FBE9, 0x0B5DFA1B, 0x0A54F870, 0x090DF6F3, 0x0790F5AC,
		0x05E5F4A3, 0x0417F3DF, 0x0230F364, 0x003CF334, 0xFE47F351,
		0xFC5CF3BB, 0xFA87F46E, 0xF8D3F567, 0xF74AF69F, 0xF5F5F810,
		0xF4DDF9B1, 0xF408FB78, 0xF37AFD59, 0xF338FF4B, 0xF3430141,
		0xF39A0330, 0xF43C050B, 0xF52506C8, 0xF64F085C, 0xF7B309BE,
		0xF9490AE6, 0xFB080BCC, 0xFCE40C6B, 0xFED30CBF, 0x00C90CC7,
		0x02BA0C81, 0x049B0BF1, 0x06610B19, 0x07FF09FE, 0x096E08A7,
		0x0AA4071C, 0x0B9B0567, 0x0C4B0391, 0x0CB201A5, 0x0CCCFFB0,
		0x0C99FDBC, 0x0C1AFBD6, 0x0B53FA09, 0x0A48F860, 0x08FFF6E5,
		0x077FF5A0, 0x05D3F49A, 0x0404F3D9, 0x021CF360, 0x0028F334,
		0xFE33F354, 0xFC49F3C0, 0xFA75F477, 0xF8C2F572, 0xF73BF6AD,
		0xF5E9F820, 0xF4D3F9C2, 0xF401FB8A, 0xF376FD6D, 0xF337FF5F,
		0xF3450155, 0xF3A00343, 0xF444051D, 0xF53006D9, 0xF65C086B,
		0xF7C209CB, 0xF95A0AF0, 0xFB1A0BD3, 0xFCF70C6F, 0xFEE70CC1,
		0x00DD0CC5, 0x02CE0C7D, 0x04AE0BEA, 0x06720B0F, 0x080F09F2,
		0x097C0898, 0x0AB0070C, 0x0BA30555, 0x0C51037D, 0x0CB40191,
		0x0CCBFF9B, 0x0C95FDA8, 0x0C14FBC3, 0x0B4AF9F7, 0x0A3CF850,
		0x08F0F6D7, 0x076FF595, 0x05C1F491, 0x03F1F3D2, 0x0209F35D,
		0x0014F333, 0xFE1FF357, 0xFC36F3C6, 0xFA63F47F, 0xF8B2F57D,
		0xF72DF6BB, 0xF5DDF830, 0xF4C9F9D4, 0xF3FAFB9D, 0xF372FD81,
		0xF336FF73, 0xF3470169, 0xF3A50357, 0xF44C0530, 0xF53A06EA,
		0xF669087B, 0xF7D209D8, 0xF96B0AFB, 0xFB2D0BDB, 0xFD0B0C74,
		0xFEFB0CC2, 0x00F10CC4, 0x02E20C79, 0x04C10BE2, 0x06830B05,
		0x081F09E5, 0x0989088A, 0x0ABB06FB, 0x0BAB0542, 0x0C56036A,
		0x0CB6017D, 0x0CCAFF87, 0x0C92FD94, 0x0C0DFBB0, 0x0B40F9E6,
		0x0A30F840, 0x08E2F6C9, 0x075FF589, 0x05AFF488, 0x03DEF3CC,
		0x01F5F35A, 0x0000F333, 0xFE0BF35A, 0xFC22F3CC, 0xFA51F488,
		0xF8A1F589, 0xF71EF6C9, 0xF5D0F840, 0xF4C0F9E6, 0xF3F3FBB0,
		0xF36EFD94, 0xF336FF87, 0xF34A017D, 0xF3AA036A, 0xF4550542,
		0xF54506FB, 0xF677088A, 0xF7E109E5, 0xF97D0B05, 0xFB3F0BE2,
		0xFD1E0C79, 0xFF0F0CC4, 0x01050CC2, 0x02F50C74, 0x04D30BDB,
		0x06950AFB, 0x082E09D8, 0x0997087B, 0x0AC606EA, 0x0BB40530,
		0x0C5B0357, 0x0CB90169, 0x0CCAFF73, 0x0C8EFD81, 0x0C06FB9D,
		0x0B37F9D4, 0x0A23F830, 0x08D3F6BB, 0x074EF57D, 0x059DF47F,
		0x03CAF3C6, 0x01E1F357, 0xFFECF333, 0xFDF7F35D, 0xFC0FF3D2,
		0xFA3FF491, 0xF891F595, 0xF710F6D7, 0xF5C4F850, 0xF4B6F9F7,
		0xF3ECFBC3, 0xF36BFDA8, 0xF335FF9B, 0xF34C0191, 0xF3AF037D,
		0xF45D0555, 0xF550070C, 0xF6840898, 0xF7F109F2, 0xF98E0B0F,
		0xFB520BEA, 0xFD320C7D, 0xFF230CC5, 0x01190CC1, 0x03090C6F,
		0x04E60BD3, 0x06A60AF0, 0x083E09CB, 0x09A4086B, 0x0AD006D9,
		0x0BBC051D, 0x0C600343, 0x0CBB0155, 0x0CC9FF5F, 0x0C8AFD6D,
		0x0BFFFB8A, 0x0B2DF9C2, 0x0A17F820, 0x08C5F6AD, 0x073EF572,
		0x058BF477, 0x03B7F3C0, 0x01CDF354, 0xFFD8F334, 0xFDE4F360,
		0xFBFCF3D9, 0xFA2DF49A, 0xF881F5A0, 0xF701F6E5, 0xF5B8F860,
		0xF4ADFA09, 0xF3E6FBD6, 0xF367FDBC, 0xF334FFB0, 0xF34E01A5,
		0xF3B50391, 0xF4650567, 0xF55C071C, 0xF69208A7, 0xF80109FE,
		0xF99F0B19, 0xFB650BF1, 0xFD460C81, 0xFF370CC7, 0x012D0CBF,
		0x031C0C6B, 0x04F80BCC, 0x06B70AE6, 0x084D09BE, 0x09B1085C,
		0x0ADB06C8, 0x0BC4050B, 0x0C660330, 0x0CBD0141, 0x0CC8FF4B,
		0x0C86FD59, 0x0BF8FB78, 0x0B23F9B1, 0x0A0BF810, 0x08B6F69F,
		0x072DF567, 0x0579F46E, 0x03A4F3BB, 0x01B9F351, 0xFFC4F334,
		0xFDD0F364, 0xFBE9F3DF, 0xFA1BF4A3, 0xF870F5AC, 0xF6F3F6F3,
		0xF5ACF870, 0xF4A3FA1B, 0xF3DFFBE9, 0xF364FDD0, 0xF334FFC4,
		0xF35101B9, 0xF3BB03A4, 0xF46E0579, 0xF567072D, 0xF69F08B6,
		0xF8100A0B, 0xF9B10B23, 0xFB780BF8, 0xFD590C86, 0xFF4B0CC8,
		0x01410CBD, 0x03300C66, 0x050B0BC4, 0x06C80ADB, 0x085C09B1,
		0x09BE084D, 0x0AE606B7, 0x0BCC04F8, 0x0C6B031C, 0x0CBF012D,
		0x0CC7FF37, 0x0C81FD46, 0x0BF1FB65, 0x0B19F99F, 0x09FEF801,
		0x08A7F692, 0x071CF55C, 0x0567F465, 0x0391F3B5, 0x01A5F34E,
		0xFFB0F334, 0xFDBCF367, 0xFBD6F3E6, 0xFA09F4AD, 0xF860F5B8,
		0xF6E5F701, 0xF5A0F881, 0xF49AFA2D, 0xF3D9FBFC, 0xF360FDE4,
		0xF334FFD8, 0xF35401CD, 0xF3C003B7, 0xF477058B, 0xF572073E,
		0xF6AD08C5, 0xF8200A17, 0xF9C20B2D, 0xFB8A0BFF, 0xFD6D0C8A,
		0xFF5F0CC9, 0x01550CBB, 0x03430C60, 0x051D0BBC, 0x06D90AD0,
		0x086B09A4, 0x09CB083E, 0x0AF006A6, 0x0BD304E6, 0x0C6F0309,
		0x0CC10119, 0x0CC5FF23, 0x0C7DFD32, 0x0BEAFB52, 0x0B0FF98E,
		0x09F2F7F1, 0x0898F684, 0x070CF550, 0x0555F45D, 0x037DF3AF,
		0x0191F34C, 0xFF9BF335, 0xFDA8F36B, 0xFBC3F3EC, 0xF9F7F4B6,
		0xF850F5C4, 0xF6D7F710, 0xF595F891, 0xF491FA3F, 0xF3D2FC0F,
		0xF35DFDF7, 0xF333FFEC, 0xF35701E1, 0xF3C603CA, 0xF47F059D,
		0xF57D074E, 0xF6BB08D3, 0xF8300A23, 0xF9D40B37, 0xFB9D0C06,
		0xFD810C8E, 0xFF730CCA, 0x01690CB9, 0x03570C5B, 0x05300BB4,
		0x06EA0AC6, 0x087B0997, 0x09D8082E, 0x0AFB0695, 0x0BDB04D3,
		0x0C7402F5, 0x0CC20105, 0x0CC4FF0F, 0x0C79FD1E, 0x0BE2FB3F,
		0x0B05F97D, 0x09E5F7E1, 0x088AF677, 0x06FBF545, 0x0542F455,
		0x036AF3AA, 0x017DF34A, 0xFF87F336, 0xFD94F36E, 0xFBB0F3F3,
		0xF9E6F4C0, 0xF840F5D0, 0xF6C9F71E, 0xF589F8A1, 0xF488FA51,
		0xF3CCFC22, 0xF35AFE0B, 0xF3330000, 0xF35A01F5, 0xF3CC03DE,
		0xF48805AF, 0xF589075F, 0xF6C908E2, 0xF8400A30, 0xF9E60B40,
		0xFBB00C0D, 0xFD940C92, 0xFF870CCA, 0x017D0CB6, 0x036A0C56,
		0x05420BAB, 0x06FB0ABB, 0x088A0989, 0x09E5081F, 0x0B050683,
		0x0BE204C1, 0x0C7902E2, 0x0CC400F1, 0x0CC2FEFB, 0x0C74FD0B,
		0x0BDBFB2D, 0x0AFBF96B, 0x09D8F7D2, 0x087BF669, 0x06EAF53A,
		0x0530F44C, 0x0357F3A5, 0x0169F347, 0xFF73F336, 0xFD81F372,
		0xFB9DF3FA, 0xF9D4F4C9, 0xF830F5DD, 0xF6BBF72D, 0xF57DF8B2,
		0xF47FFA63, 0xF3C6FC36, 0xF357FE1F, 0xF3330014, 0xF35D0209,
		0xF3D203F1, 0xF49105C1, 0xF595076F, 0xF6D708F0, 0xF8500A3C,
		0xF9F70B4A, 0xFBC30C14, 0xFDA80C95, 0xFF9B0CCB, 0x01910CB4,
		0x037D0C51, 0x05550BA3, 0x070C0AB0, 0x0898097C, 0x09F2080F,
		0x0B0F0672, 0x0BEA04AE, 0x0C7D02CE, 0x0CC500DD, 0x0CC1FEE7,
		0x0C6FFCF7, 0x0BD3FB1A, 0x0AF0F95A, 0x09CBF7C2, 0x086BF65C,
		0x06D9F530, 0x051DF444, 0x0343F3A0, 0x0155F345, 0xFF5FF337,
		0xFD6DF376, 0xFB8AF401, 0xF9C2F4D3, 0xF820F5E9, 0xF6ADF73B,
		0xF572F8C2, 0xF477FA75, 0xF3C0FC49, 0xF354FE33, 0xF3340028,
		0xF360021C, 0xF3D90404, 0xF49A05D3, 0xF5A0077F, 0xF6E508FF,
		0xF8600A48, 0xFA090B53, 0xFBD60C1A, 0xFDBC0C99, 0xFFB00CCC,
		0x01A50CB2, 0x03910C4B, 0x05670B9B, 0x071C0AA4, 0x08A7096E,
		0x09FE07FF, 0x0B190661, 0x0BF1049B, 0x0C8102BA, 0x0CC700C9,
		0x0CBFFED3, 0x0C6BFCE4, 0x0BCCFB08, 0x0AE6F949, 0x09BEF7B3,
		0x085CF64F, 0x06C8F525, 0x050BF43C, 0x0330F39A, 0x0141F343,
		0xFF4BF338, 0xFD59F37A, 0xFB78F408, 0xF9B1F4DD, 0xF810F5F5,
		0xF69FF74A, 0xF567F8D3, 0xF46EFA87, 0xF3BBFC5C, 0xF351FE47,
		0xF334003C, 0xF3640230, 0xF3DF0417, 0xF4A305E5, 0xF5AC0790,
		0xF6F3090D, 0xF8700A54, 0xFA1B0B5D, 0xFBE90C21, 0xFDD00C9C,
		0xFFC40CCC, 0x01B90CAF, 0x03A40C45, 0x05790B92, 0x072D0A99,
		0x08B60961, 0x0A0B07F0, 0x0B23064F, 0x0BF80488, 0x0C8602A7,
		0x0CC800B5, 0x0CBDFEBF, 0x0C66FCD0, 0x0BC4FAF5, 0x0ADBF938,
		0x09B1F7A4, 0x084DF642, 0x06B7F51A, 0x04F8F434, 0x031CF395,
		0x012DF341, 0xFF37F339, 0xFD46F37F, 0xFB65F40F, 0xF99FF4E7,
		0xF801F602, 0xF692F759, 0xF55CF8E4, 0xF465FA99, 0xF3B5FC6F,
		0xF34EFE5B, 0xF3340050, 0xF3670244, 0xF3E6042A, 0xF4AD05F7,
		0xF5B807A0, 0xF701091B, 0xF8810A60, 0xFA2D0B66, 0xFBFC0C27,
		0xFDE40CA0, 0xFFD80CCC, 0x01CD0CAC, 0x03B70C40, 0x058B0B89,
		0x073E0A8E, 0x08C50953, 0x0A1707E0, 0x0B2D063E, 0x0BFF0476,
		0x0C8A0293, 0x0CC900A1, 0x0CBBFEAB, 0x0C60FCBD, 0x0BBCFAE3,
		0x0AD0F927, 0x09A4F795, 0x083EF635, 0x06A6F510, 0x04E6F42D,
		0x0309F391, 0x0119F33F, 0xFF23F33B, 0xFD32F383, 0xFB52F416,
		0xF98EF4F1, 0xF7F1F60E, 0xF684F768, 0xF550F8F4, 0xF45DFAAB,
		0xF3AFFC83, 0xF34CFE6F, 0xF3350065, 0xF36B0258, 0xF3EC043D,
		0xF4B60609, 0xF5C407B0, 0xF7100929, 0xF8910A6B, 0xFA3F0B6F,
		0xFC0F0C2E, 0xFDF70CA3, 0xFFEC0CCD, 0x01E10CA9, 0x03CA0C3A,
		0x059D0B81, 0x074E0A83, 0x08D30945, 0x0A2307D0, 0x0B37062C,
		0x0C060463, 0x0C8E027F, 0x0CCA008D, 0x0CB9FE97, 0x0C5BFCA9,
		0x0BB4FAD0, 0x0AC6F916, 0x0997F785, 0x082EF628, 0x0695F505,
		0x04D3F425, 0x02F5F38C, 0x0105F33E, 0xFF0FF33C, 0xFD1EF387,
		0xFB3FF41E, 0xF97DF4FB, 0xF7E1F61B, 0xF677F776, 0xF545F905,
		0xF455FABE, 0xF3AAFC96, 0xF34AFE83, 0xF3360079, 0xF36E026C,
		0xF3F30450, 0xF4C0061A, 0xF5D007C0, 0xF71E0937, 0xF8A10A77,
		0xFA510B78, 0xFC220C34, 0xFE0B0CA6, 0x00000CCD, 0x01F50CA6,
		0x03DE0C34, 0x05AF0B78, 0x075F0A77, 0x08E20937, 0x0A3007C0,
		0x0B40061A, 0x0C0D0450, 0x0C92026C, 0x0CCA0079, 0x0CB6FE83,
		0x0C56FC96, 0x0BABFABE, 0x0ABBF905, 0x0989F776, 0x081FF61B,
		0x0683F4FB, 0x04C1F41E, 0x02E2F387, 0x00F1F33C, 0xFEFBF33E,
		0xFD0BF38C, 0xFB2DF425, 0xF96BF505, 0xF7D2F628, 0xF669F785,
		0xF53AF916, 0xF44CFAD0, 0xF3A5FCA9, 0xF347FE97, 0xF336008D,
		0xF372027F, 0xF3FA0463, 0xF4C9062C, 0xF5DD07D0, 0xF72D0945,
		0xF8B20A83, 0xFA630B81, 0xFC360C3A, 0xFE1F0CA9, 0x00140CCD,
		0x02090CA3, 0x03F10C2E, 0x05C10B6F, 0x076F0A6B, 0x08F00929,
		0x0A3C07B0, 0x0B4A0609, 0x0C14043D, 0x0C950258, 0x0CCB0065,
		0x0CB4FE6F, 0x0C51FC83, 0x0BA3FAAB, 0x0AB0F8F4, 0x097CF768,
		0x080FF60E, 0x0672F4F1, 0x04AEF416, 0x02CEF383, 0x00DDF33B,
		0xFEE7F33F, 0xFCF7F391, 0xFB1AF42D, 0xF95AF510, 0xF7C2F635,
		0xF65CF795, 0xF530F927, 0xF444FAE3, 0xF3A0FCBD, 0xF345FEAB,
		0xF33700A1, 0xF3760293, 0xF4010476, 0xF4D3063E, 0xF5E907E0,
		0xF73B0953, 0xF8C20A8E, 0xFA750B89, 0xFC490C40, 0xFE330CAC,
		0x00280CCC, 0x021C0CA0, 0x04040C27, 0x05D30B66, 0x077F0A60,
		0x08FF091B, 0x0A4807A0, 0x0B5305F7, 0x0C1A042A, 0x0C990244,
		0x0CCC0050, 0x0CB2FE5B, 0x0C4BFC6F, 0x0B9BFA99, 0x0AA4F8E4,
		0x096EF759, 0x07FFF602, 0x0661F4E7, 0x049BF40F, 0x02BAF37F,
		0x00C9F339, 0xFED3F341, 0xFCE4F395, 0xFB08F434, 0xF949F51A,
		0xF7B3F642, 0xF64FF7A4, 0xF525F938, 0xF43CFAF5, 0xF39AFCD0,
		0xF343FEBF, 0xF33800B5, 0xF37A02A7, 0xF4080488, 0xF4DD064F,
		0xF5F507F0, 0xF74A0961, 0xF8D30A99, 0xFA870B92, 0xFC5C0C45,
		0xFE470CAF, 0x003C0CCC, 0x02300C9C, 0x04170C21, 0x05E50B5D,
		0x07900A54, 0x090D090D, 0x0A540790, 0x0B5D05E5, 0x0C210417,
		0x0C9C0230, 0x0CCC003C, 0x0CAFFE47, 0x0C45FC5C, 0x0B92FA87,
		0x0A99F8D3, 0x0961F74A, 0x07F0F5F5, 0x064FF4DD, 0x0488F408,
		0x02A7F37A, 0x00B5F338, 0xFEBFF343, 0xFCD0F39A, 0xFAF5F43C,
		0xF938F525, 0xF7A4F64F, 0xF642F7B3, 0xF51AF949, 0xF434FB08,
		0xF395FCE4, 0xF341FED3, 0xF33900C9, 0xF37F02BA, 0xF40F049B,
		0xF4E70661, 0xF60207FF, 0xF759096E, 0xF8E40AA4, 0xFA990B9B,
		0xFC6F0C4B, 0xFE5B0CB2, 0x00500CCC, 0x02440C99, 0x042A0C1A,
		0x05F70B53, 0x07A00A48, 0x091B08FF, 0x0A60077F, 0x0B6605D3,
		0x0C270404, 0x0CA0021C, 0x0CCC0028, 0x0CACFE33, 0x0C40FC49,
		0x0B89FA75, 0x0A8EF8C2, 0x0953F73B, 0x07E0F5E9, 0x063EF4D3,
		0x0476F401, 0x0293F376, 0x00A1F337, 0xFEABF345, 0xFCBDF3A0,
		0xFAE3F444, 0xF927F530, 0xF795F65C, 0xF635F7C2, 0xF510F95A,
		0xF42DFB1A, 0xF391FCF7, 0xF33FFEE7, 0xF33B00DD, 0xF38302CE,
		0xF41604AE, 0xF4F10672, 0xF60E080F, 0xF768097C, 0xF8F40AB0,
		0xFAAB0BA3, 0xFC830C51, 0xFE6F0CB4, 0x00650CCB, 0x02580C95,
		0x043D0C14, 0x06090B4A, 0x07B00A3C, 0x092908F0, 0x0A6B076F,
		0x0B6F05C1, 0x0C2E03F1, 0x0CA30209, 0x0CCD0014, 0x0CA9FE1F,
		0x0C3AFC36, 0x0B81FA63, 0x0A83F8B2, 0x0945F72D, 0x07D0F5DD,
		0x062CF4C9, 0x0463F3FA, 0x027FF372, 0x008DF336, 0xFE97F347,
		0xFCA9F3A5, 0xFAD0F44C, 0xF916F53A, 0xF785F669, 0xF628F7D2,
		0xF505F96B, 0xF425FB2D, 0xF38CFD0B, 0xF33EFEFB, 0xF33C00F1,
		0xF38702E2, 0xF41E04C1, 0xF4FB0683, 0xF61B081F, 0xF7760989,
		0xF9050ABB, 0xFABE0BAB, 0xFC960C56, 0xFE830CB6, 0x00790CCA,
		0x026C0C92, 0x04500C0D, 0x061A0B40, 0x07C00A30, 0x093708E2,
		0x0A77075F, 0x0B7805AF, 0x0C3403DE, 0x0CA601F5, 0x0CCD0000,
		0x0CA6FE0B, 0x0C34FC22, 0x0B78FA51, 0x0A77F8A1, 0x0937F71E,
		0x07C0F5D0, 0x061AF4C0, 0x0450F3F3, 0x026CF36E, 0x0079F336,
		0xFE83F34A, 0xFC96F3AA, 0xFABEF455, 0xF905F545, 0xF776F677,
		0xF61BF7E1, 0xF4FBF97D, 0xF41EFB3F, 0xF387FD1E, 0xF33CFF0F,
		0xF33E0105, 0xF38C02F5, 0xF42504D3, 0xF5050695, 0xF628082E,
		0xF7850997, 0xF9160AC6, 0xFAD00BB4, 0xFCA90C5B, 0xFE970CB9,
		0x008D0CCA, 0x027F0C8E, 0x04630C06, 0x062C0B37, 0x07D00A23,
		0x094508D3, 0x0A83074E, 0x0B81059D, 0x0C3A03CA, 0x0CA901E1,
		0x0CCDFFEC, 0x0CA3FDF7, 0x0C2EFC0F, 0x0B6FFA3F, 0x0A6BF891,
		0x0929F710, 0x07B0F5C4, 0x0609F4B6, 0x043DF3EC, 0x0258F36B,
		0x0065F335, 0xFE6FF34C, 0xFC83F3AF, 0xFAABF45D, 0xF8F4F550,
		0xF768F684, 0xF60EF7F1, 0xF4F1F98E, 0xF416FB52, 0xF383FD32,
		0xF33BFF23, 0xF33F0119, 0xF3910309, 0xF42D04E6, 0xF51006A6,
		0xF635083E, 0xF79509A4, 0xF9270AD0, 0xFAE30BBC, 0xFCBD0C60,
		0xFEAB0CBB, 0x00A10CC9, 0x02930C8A, 0x04760BFF, 0x063E0B2D,
		0x07E00A17, 0x095308C5, 0x0A8E073E, 0x0B89058B, 0x0C4003B7,
		0x0CAC01CD, 0x0CCCFFD8, 0x0CA0FDE4, 0x0C27FBFC, 0x0B66FA2D,
		0x0A60F881, 0x091BF701, 0x07A0F5B8, 0x05F7F4AD, 0x042AF3E6,
		0x0244F367, 0x0050F334, 0xFE5BF34E, 0xFC6FF3B5, 0xFA99F465,
		0xF8E4F55C, 0xF759F692, 0xF602F801, 0xF4E7F99F, 0xF40FFB65,
		0xF37FFD46, 0xF339FF37, 0xF341012D, 0xF395031C, 0xF43404F8,
		0xF51A06B7, 0xF642084D, 0xF7A409B1, 0xF9380ADB, 0xFAF50BC4,
		0xFCD00C66, 0xFEBF0CBD, 0x00B50CC8, 0x02A70C86, 0x04880BF8,
		0x064F0B23, 0x07F00A0B, 0x096108B6, 0x0A99072D, 0x0B920579,
		0x0C4503A4, 0x0CAF01B9, 0x0CCCFFC4, 0x0C9CFDD0, 0x0C21FBE9,
		0x0B5DFA1B, 0x0A54F870, 0x090DF6F3, 0x0790F5AC, 0x05E5F4A3,
		0x0417F3DF, 0x0230F364, 0x003CF334, 0xFE47F351, 0xFC5CF3BB,
		0xFA87F46E, 0xF8D3F567, 0xF74AF69F, 0xF5F5F810, 0xF4DDF9B1,
		0xF408FB78, 0xF37AFD59, 0xF338FF4B, 0xF3430141, 0xF39A0330,
		0xF43C050B, 0xF52506C8, 0xF64F085C, 0xF7B309BE, 0xF9490AE6,
		0xFB080BCC, 0xFCE40C6B, 0xFED30CBF, 0x00C90CC7, 0x02BA0C81,
		0x049B0BF1, 0x06610B19, 0x07FF09FE, 0x096E08A7, 0x0AA4071C,
		0x0B9B0567, 0x0C4B0391, 0x0CB201A5, 0x0CCCFFB0, 0x0C99FDBC,
		0x0C1AFBD6, 0x0B53FA09, 0x0A48F860, 0x08FFF6E5, 0x077FF5A0,
		0x05D3F49A, 0x0404F3D9, 0x021CF360, 0x0028F334, 0xFE33F354,
		0xFC49F3C0, 0xFA75F477, 0xF8C2F572, 0xF73BF6AD, 0xF5E9F820,
		0xF4D3F9C2, 0xF401FB8A, 0xF376FD6D, 0xF337FF5F, 0xF3450155,
		0xF3A00343, 0xF444051D, 0xF53006D9, 0xF65C086B, 0xF7C209CB,
		0xF95A0AF0, 0xFB1A0BD3, 0xFCF70C6F, 0xFEE70CC1, 0x00DD0CC5,
		0x02CE0C7D, 0x04AE0BEA, 0x06720B0F, 0x080F09F2, 0x097C0898,
		0x0AB0070C, 0x0BA30555, 0x0C51037D, 0x0CB40191, 0x0CCBFF9B,
		0x0C95FDA8, 0x0C14FBC3, 0x0B4AF9F7, 0x0A3CF850, 0x08F0F6D7,
		0x076FF595, 0x05C1F491, 0x03F1F3D2, 0x0209F35D, 0x0014F333,
		0xFE1FF357, 0xFC36F3C6, 0xFA63F47F, 0xF8B2F57D, 0xF72DF6BB,
		0xF5DDF830, 0xF4C9F9D4, 0xF3FAFB9D, 0xF372FD81, 0xF336FF73,
		0xF3470169, 0xF3A50357, 0xF44C0530, 0xF53A06EA, 0xF669087B,
		0xF7D209D8, 0xF96B0AFB, 0xFB2D0BDB, 0xFD0B0C74, 0xFEFB0CC2,
		0x00F10CC4, 0x02E20C79, 0x04C10BE2, 0x06830B05, 0x081F09E5,
		0x0989088A, 0x0ABB06FB, 0x0BAB0542, 0x0C56036A, 0x0CB6017D,
		0x0CCAFF87, 0x0C92FD94, 0x0C0DFBB0, 0x0B40F9E6, 0x0A30F840,
		0x08E2F6C9, 0x075FF589, 0x05AFF488, 0x03DEF3CC, 0x01F5F35A,
		0x0000F333, 0xFE0BF35A, 0xFC22F3CC, 0xFA51F488, 0xF8A1F589,
		0xF71EF6C9, 0xF5D0F840, 0xF4C0F9E6, 0xF3F3FBB0, 0xF36EFD94,
		0xF336FF87, 0xF34A017D, 0xF3AA036A, 0xF4550542, 0xF54506FB,
		0xF677088A, 0xF7E109E5, 0xF97D0B05, 0xFB3F0BE2, 0xFD1E0C79,
		0xFF0F0CC4, 0x01050CC2, 0x02F50C74, 0x04D30BDB, 0x06950AFB,
		0x082E09D8, 0x0997087B, 0x0AC606EA, 0x0BB40530, 0x0C5B0357,
		0x0CB90169, 0x0CCAFF73, 0x0C8EFD81, 0x0C06FB9D, 0x0B37F9D4,
		0x0A23F830, 0x08D3F6BB, 0x074EF57D, 0x059DF47F, 0x03CAF3C6,
		0x01E1F357, 0xFFECF333, 0xFDF7F35D, 0xFC0FF3D2, 0xFA3FF491,
		0xF891F595, 0xF710F6D7, 0xF5C4F850, 0xF4B6F9F7, 0xF3ECFBC3,
		0xF36BFDA8, 0xF335FF9B, 0xF34C0191, 0xF3AF037D, 0xF45D0555,
		0xF550070C, 0xF6840898, 0xF7F109F2, 0xF98E0B0F, 0xFB520BEA,
		0xFD320C7D, 0xFF230CC5, 0x01190CC1, 0x03090C6F, 0x04E60BD3,
		0x06A60AF0, 0x083E09CB, 0x09A4086B, 0x0AD006D9, 0x0BBC051D,
		0x0C600343, 0x0CBB0155, 0x0CC9FF5F, 0x0C8AFD6D, 0x0BFFFB8A,
		0x0B2DF9C2, 0x0A17F820, 0x08C5F6AD, 0x073EF572, 0x058BF477,
		0x03B7F3C0, 0x01CDF354, 0xFFD8F334, 0xFDE4F360, 0xFBFCF3D9,
		0xFA2DF49A, 0xF881F5A0, 0xF701F6E5, 0xF5B8F860, 0xF4ADFA09,
		0xF3E6FBD6, 0xF367FDBC, 0xF334FFB0, 0xF34E01A5, 0xF3B50391,
		0xF4650567, 0xF55C071C, 0xF69208A7, 0xF80109FE, 0xF99F0B19,
		0xFB650BF1, 0xFD460C81, 0xFF370CC7, 0x012D0CBF, 0x031C0C6B,
		0x04F80BCC, 0x06B70AE6, 0x084D09BE, 0x09B1085C, 0x0ADB06C8,
		0x0BC4050B, 0x0C660330, 0x0CBD0141, 0x0CC8FF4B, 0x0C86FD59,
		0x0BF8FB78, 0x0B23F9B1, 0x0A0BF810, 0x08B6F69F, 0x072DF567,
		0x0579F46E, 0x03A4F3BB, 0x01B9F351, 0xFFC4F334, 0xFDD0F364,
		0xFBE9F3DF, 0xFA1BF4A3, 0xF870F5AC, 0xF6F3F6F3, 0xF5ACF870,
		0xF4A3FA1B, 0xF3DFFBE9, 0xF364FDD0, 0xF334FFC4, 0xF35101B9,
		0xF3BB03A4, 0xF46E0579, 0xF567072D, 0xF69F08B6, 0xF8100A0B,
		0xF9B10B23, 0xFB780BF8, 0xFD590C86, 0xFF4B0CC8, 0x01410CBD,
		0x03300C66, 0x050B0BC4, 0x06C80ADB, 0x085C09B1, 0x09BE084D,
		0x0AE606B7, 0x0BCC04F8, 0x0C6B031C, 0x0CBF012D, 0x0CC7FF37,
		0x0C81FD46, 0x0BF1FB65, 0x0B19F99F, 0x09FEF801, 0x08A7F692,
		0x071CF55C, 0x0567F465, 0x0391F3B5, 0x01A5F34E, 0xFFB0F334,
		0xFDBCF367, 0xFBD6F3E6, 0xFA09F4AD, 0xF860F5B8, 0xF6E5F701,
		0xF5A0F881, 0xF49AFA2D, 0xF3D9FBFC, 0xF360FDE4, 0xF334FFD8,
		0xF35401CD, 0xF3C003B7, 0xF477058B, 0xF572073E, 0xF6AD08C5,
		0xF8200A17, 0xF9C20B2D, 0xFB8A0BFF, 0xFD6D0C8A, 0xFF5F0CC9,
		0x01550CBB, 0x03430C60, 0x051D0BBC, 0x06D90AD0, 0x086B09A4,
		0x09CB083E, 0x0AF006A6, 0x0BD304E6, 0x0C6F0309, 0x0CC10119,
		0x0CC5FF23, 0x0C7DFD32, 0x0BEAFB52, 0x0B0FF98E, 0x09F2F7F1,
		0x0898F684, 0x070CF550, 0x0555F45D, 0x037DF3AF, 0x0191F34C,
		0xFF9BF335, 0xFDA8F36B, 0xFBC3F3EC, 0xF9F7F4B6, 0xF850F5C4,
		0xF6D7F710, 0xF595F891, 0xF491FA3F, 0xF3D2FC0F, 0xF35DFDF7,
		0xF333FFEC, 0xF35701E1, 0xF3C603CA, 0xF47F059D, 0xF57D074E,
		0xF6BB08D3, 0xF8300A23, 0xF9D40B37, 0xFB9D0C06, 0xFD810C8E,
		0xFF730CCA, 0x01690CB9, 0x03570C5B, 0x05300BB4, 0x06EA0AC6,
		0x087B0997, 0x09D8082E, 0x0AFB0695, 0x0BDB04D3, 0x0C7402F5,
		0x0CC20105, 0x0CC4FF0F, 0x0C79FD1E, 0x0BE2FB3F, 0x0B05F97D,
		0x09E5F7E1, 0x088AF677, 0x06FBF545, 0x0542F455, 0x036AF3AA,
		0x017DF34A, 0xFF87F336, 0xFD94F36E, 0xFBB0F3F3, 0xF9E6F4C0,
		0xF840F5D0, 0xF6C9F71E, 0xF589F8A1, 0xF488FA51, 0xF3CCFC22,
		0xF35AFE0B, 0xF3330000, 0xF35A01F5, 0xF3CC03DE, 0xF48805AF,
		0xF589075F, 0xF6C908E2, 0xF8400A30, 0xF9E60B40, 0xFBB00C0D,
		0xFD940C92, 0xFF870CCA, 0x017D0CB6, 0x036A0C56, 0x05420BAB,
		0x06FB0ABB, 0x088A0989, 0x09E5081F, 0x0B050683, 0x0BE204C1,
		0x0C7902E2, 0x0CC400F1, 0x0CC2FEFB, 0x0C74FD0B, 0x0BDBFB2D,
		0x0AFBF96B, 0x09D8F7D2, 0x087BF669, 0x06EAF53A, 0x0530F44C,
		0x0357F3A5, 0x0169F347, 0xFF73F336, 0xFD81F372, 0xFB9DF3FA,
		0xF9D4F4C9, 0xF830F5DD, 0xF6BBF72D, 0xF57DF8B2, 0xF47FFA63,
		0xF3C6FC36, 0xF357FE1F, 0xF3330014, 0xF35D0209, 0xF3D203F1,
		0xF49105C1, 0xF595076F, 0xF6D708F0, 0xF8500A3C, 0xF9F70B4A,
		0xFBC30C14, 0xFDA80C95, 0xFF9B0CCB, 0x01910CB4, 0x037D0C51,
		0x05550BA3, 0x070C0AB0, 0x0898097C, 0x09F2080F, 0x0B0F0672,
		0x0BEA04AE, 0x0C7D02CE, 0x0CC500DD, 0x0CC1FEE7, 0x0C6FFCF7,
		0x0BD3FB1A, 0x0AF0F95A, 0x09CBF7C2, 0x086BF65C, 0x06D9F530,
		0x051DF444, 0x0343F3A0, 0x0155F345, 0xFF5FF337, 0xFD6DF376,
		0xFB8AF401, 0xF9C2F4D3, 0xF820F5E9, 0xF6ADF73B, 0xF572F8C2,
		0xF477FA75, 0xF3C0FC49, 0xF354FE33, 0xF3340028, 0xF360021C,
		0xF3D90404, 0xF49A05D3, 0xF5A0077F, 0xF6E508FF, 0xF8600A48,
		0xFA090B53, 0xFBD60C1A, 0xFDBC0C99, 0xFFB00CCC, 0x01A50CB2,
		0x03910C4B, 0x05670B9B, 0x071C0AA4, 0x08A7096E, 0x09FE07FF,
		0x0B190661, 0x0BF1049B, 0x0C8102BA, 0x0CC700C9, 0x0CBFFED3,
		0x0C6BFCE4, 0x0BCCFB08, 0x0AE6F949, 0x09BEF7B3, 0x085CF64F,
		0x06C8F525, 0x050BF43C, 0x0330F39A, 0x0141F343, 0xFF4BF338,
		0xFD59F37A, 0xFB78F408, 0xF9B1F4DD, 0xF810F5F5, 0xF69FF74A,
		0xF567F8D3, 0xF46EFA87, 0xF3BBFC5C, 0xF351FE47, 0xF334003C,
		0xF3640230, 0xF3DF0417, 0xF4A305E5, 0xF5AC0790, 0xF6F3090D,
		0xF8700A54, 0xFA1B0B5D, 0xFBE90C21, 0xFDD00C9C, 0xFFC40CCC,
		0x01B90CAF, 0x03A40C45, 0x05790B92, 0x072D0A99, 0x08B60961,
		0x0A0B07F0, 0x0B23064F, 0x0BF80488, 0x0C8602A7, 0x0CC800B5,
		0x0CBDFEBF, 0x0C66FCD0, 0x0BC4FAF5, 0x0ADBF938, 0x09B1F7A4,
		0x084DF642, 0x06B7F51A, 0x04F8F434, 0x031CF395, 0x012DF341,
		0xFF37F339, 0xFD46F37F, 0xFB65F40F, 0xF99FF4E7, 0xF801F602,
		0xF692F759, 0xF55CF8E4, 0xF465FA99, 0xF3B5FC6F, 0xF34EFE5B,
		0xF3340050, 0xF3670244, 0xF3E6042A, 0xF4AD05F7, 0xF5B807A0,
		0xF701091B, 0xF8810A60, 0xFA2D0B66, 0xFBFC0C27, 0xFDE40CA0,
		0xFFD80CCC, 0x01CD0CAC, 0x03B70C40, 0x058B0B89, 0x073E0A8E,
		0x08C50953, 0x0A1707E0, 0x0B2D063E, 0x0BFF0476, 0x0C8A0293,
		0x0CC900A1, 0x0CBBFEAB, 0x0C60FCBD, 0x0BBCFAE3, 0x0AD0F927,
		0x09A4F795, 0x083EF635, 0x06A6F510, 0x04E6F42D, 0x0309F391,
		0x0119F33F, 0xFF23F33B, 0xFD32F383, 0xFB52F416, 0xF98EF4F1,
		0xF7F1F60E, 0xF684F768, 0xF550F8F4, 0xF45DFAAB, 0xF3AFFC83,
		0xF34CFE6F, 0xF3350065, 0xF36B0258, 0xF3EC043D, 0xF4B60609,
		0xF5C407B0, 0xF7100929, 0xF8910A6B, 0xFA3F0B6F, 0xFC0F0C2E,
		0xFDF70CA3, 0xFFEC0CCD, 0x01E10CA9, 0x03CA0C3A, 0x059D0B81,
		0x074E0A83, 0x08D30945, 0x0A2307D0, 0x0B37062C, 0x0C060463,
		0x0C8E027F, 0x0CCA008D, 0x0CB9FE97, 0x0C5BFCA9, 0x0BB4FAD0,
		0x0AC6F916, 0x0997F785, 0x082EF628, 0x0695F505, 0x04D3F425,
		0x02F5F38C, 0x0105F33E, 0xFF0FF33C, 0xFD1EF387, 0xFB3FF41E,
		0xF97DF4FB, 0xF7E1F61B, 0xF677F776, 0xF545F905, 0xF455FABE,
		0xF3AAFC96, 0xF34AFE83, 0xF3360079, 0xF36E026C, 0xF3F30450,
		0xF4C0061A, 0xF5D007C0, 0xF71E0937, 0xF8A10A77, 0xFA510B78,
		0xFC220C34, 0xFE0B0CA6, 0x00000CCD, 0x01F50CA6, 0x03DE0C34,
		0x05AF0B78, 0x075F0A77, 0x08E20937, 0x0A3007C0, 0x0B40061A,
		0x0C0D0450, 0x0C92026C, 0x0CCA0079, 0x0CB6FE83, 0x0C56FC96,
		0x0BABFABE, 0x0ABBF905, 0x0989F776, 0x081FF61B, 0x0683F4FB,
		0x04C1F41E, 0x02E2F387, 0x00F1F33C, 0xFEFBF33E, 0xFD0BF38C,
		0xFB2DF425, 0xF96BF505, 0xF7D2F628, 0xF669F785, 0xF53AF916,
		0xF44CFAD0, 0xF3A5FCA9, 0xF347FE97, 0xF336008D, 0xF372027F,
		0xF3FA0463, 0xF4C9062C, 0xF5DD07D0, 0xF72D0945, 0xF8B20A83,
		0xFA630B81, 0xFC360C3A, 0xFE1F0CA9, 0x00140CCD, 0x02090CA3,
		0x03F10C2E, 0x05C10B6F, 0x076F0A6B, 0x08F00929, 0x0A3C07B0,
		0x0B4A0609, 0x0C14043D, 0x0C950258, 0x0CCB0065, 0x0CB4FE6F,
		0x0C51FC83, 0x0BA3FAAB, 0x0AB0F8F4, 0x097CF768, 0x080FF60E,
		0x0672F4F1, 0x04AEF416, 0x02CEF383, 0x00DDF33B, 0xFEE7F33F,
		0xFCF7F391, 0xFB1AF42D, 0xF95AF510, 0xF7C2F635, 0xF65CF795,
		0xF530F927, 0xF444FAE3, 0xF3A0FCBD, 0xF345FEAB, 0xF33700A1,
		0xF3760293, 0xF4010476, 0xF4D3063E, 0xF5E907E0, 0xF73B0953,
		0xF8C20A8E, 0xFA750B89, 0xFC490C40, 0xFE330CAC, 0x00280CCC,
		0x021C0CA0, 0x04040C27, 0x05D30B66, 0x077F0A60, 0x08FF091B,
		0x0A4807A0, 0x0B5305F7, 0x0C1A042A, 0x0C990244, 0x0CCC0050,
		0x0CB2FE5B, 0x0C4BFC6F, 0x0B9BFA99, 0x0AA4F8E4, 0x096EF759,
		0x07FFF602, 0x0661F4E7, 0x049BF40F, 0x02BAF37F, 0x00C9F339,
		0xFED3F341, 0xFCE4F395, 0xFB08F434, 0xF949F51A, 0xF7B3F642,
		0xF64FF7A4, 0xF525F938, 0xF43CFAF5, 0xF39AFCD0, 0xF343FEBF,
		0xF33800B5, 0xF37A02A7, 0xF4080488, 0xF4DD064F, 0xF5F507F0,
		0xF74A0961, 0xF8D30A99, 0xFA870B92, 0xFC5C0C45, 0xFE470CAF,
		0x003C0CCC, 0x02300C9C, 0x04170C21, 0x05E50B5D, 0x07900A54,
		0x090D090D, 0x0A540790, 0x0B5D05E5, 0x0C210417, 0x0C9C0230,
		0x0CCC003C, 0x0CAFFE47, 0x0C45FC5C, 0x0B92FA87, 0x0A99F8D3,
		0x0961F74A, 0x07F0F5F5, 0x064FF4DD, 0x0488F408, 0x02A7F37A,
		0x00B5F338, 0xFEBFF343, 0xFCD0F39A, 0xFAF5F43C, 0xF938F525,
		0xF7A4F64F, 0xF642F7B3, 0xF51AF949, 0xF434FB08, 0xF395FCE4,
		0xF341FED3, 0xF33900C9, 0xF37F02BA, 0xF40F049B, 0xF4E70661,
		0xF60207FF, 0xF759096E, 0xF8E40AA4, 0xFA990B9B, 0xFC6F0C4B,
		0xFE5B0CB2, 0x00500CCC, 0x02440C99, 0x042A0C1A, 0x05F70B53,
		0x07A00A48, 0x091B08FF, 0x0A60077F, 0x0B6605D3, 0x0C270404,
		0x0CA0021C, 0x0CCC0028, 0x0CACFE33, 0x0C40FC49, 0x0B89FA75,
		0x0A8EF8C2, 0x0953F73B, 0x07E0F5E9, 0x063EF4D3, 0x0476F401,
		0x0293F376, 0x00A1F337, 0xFEABF345, 0xFCBDF3A0, 0xFAE3F444,
		0xF927F530, 0xF795F65C, 0xF635F7C2, 0xF510F95A, 0xF42DFB1A,
		0xF391FCF7, 0xF33FFEE7, 0xF33B00DD, 0xF38302CE, 0xF41604AE,
		0xF4F10672, 0xF60E080F, 0xF768097C, 0xF8F40AB0, 0xFAAB0BA3,
		0xFC830C51, 0xFE6F0CB4, 0x00650CCB, 0x02580C95, 0x043D0C14,
		0x06090B4A, 0x07B00A3C, 0x092908F0, 0x0A6B076F, 0x0B6F05C1,
		0x0C2E03F1, 0x0CA30209, 0x0CCD0014, 0x0CA9FE1F, 0x0C3AFC36,
		0x0B81FA63, 0x0A83F8B2, 0x0945F72D, 0x07D0F5DD, 0x062CF4C9,
		0x0463F3FA, 0x027FF372, 0x008DF336, 0xFE97F347, 0xFCA9F3A5,
		0xFAD0F44C, 0xF916F53A, 0xF785F669, 0xF628F7D2, 0xF505F96B,
		0xF425FB2D, 0xF38CFD0B, 0xF33EFEFB, 0xF33C00F1, 0xF38702E2,
		0xF41E04C1, 0xF4FB0683, 0xF61B081F, 0xF7760989, 0xF9050ABB,
		0xFABE0BAB, 0xFC960C56, 0xFE830CB6, 0x00790CCA, 0x026C0C92,
		0x04500C0D, 0x061A0B40, 0x07C00A30, 0x093708E2, 0x0A77075F,
		0x0B7805AF, 0x0C3403DE, 0x0CA601F5, 0x0CCD0000, 0x0CA6FE0B,
		0x0C34FC22, 0x0B78FA51, 0x0A77F8A1, 0x0937F71E, 0x07C0F5D0,
		0x061AF4C0, 0x0450F3F3, 0x026CF36E, 0x0079F336, 0xFE83F34A,
		0xFC96F3AA, 0xFABEF455, 0xF905F545, 0xF776F677, 0xF61BF7E1,
		0xF4FBF97D, 0xF41EFB3F, 0xF387FD1E, 0xF33CFF0F, 0xF33E0105,
		0xF38C02F5, 0xF42504D3, 0xF5050695, 0xF628082E, 0xF7850997,
		0xF9160AC6, 0xFAD00BB4, 0xFCA90C5B, 0xFE970CB9, 0x008D0CCA,
		0x027F0C8E, 0x04630C06, 0x062C0B37, 0x07D00A23, 0x094508D3,
		0x0A83074E, 0x0B81059D, 0x0C3A03CA, 0x0CA901E1, 0x0CCDFFEC,
		0x0CA3FDF7, 0x0C2EFC0F, 0x0B6FFA3F, 0x0A6BF891, 0x0929F710,
		0x07B0F5C4, 0x0609F4B6, 0x043DF3EC, 0x0258F36B, 0x0065F335,
		0xFE6FF34C, 0xFC83F3AF, 0xFAABF45D, 0xF8F4F550, 0xF768F684,
		0xF60EF7F1, 0xF4F1F98E, 0xF416FB52, 0xF383FD32, 0xF33BFF23,
		0xF33F0119, 0xF3910309, 0xF42D04E6, 0xF51006A6, 0xF635083E,
		0xF79509A4, 0xF9270AD0, 0xFAE30BBC, 0xFCBD0C60, 0xFEAB0CBB,
		0x00A10CC9, 0x02930C8A, 0x04760BFF, 0x063E0B2D, 0x07E00A17,
		0x095308C5, 0x0A8E073E, 0x0B89058B, 0x0C4003B7, 0x0CAC01CD,
		0x0CCCFFD8, 0x0CA0FDE4, 0x0C27FBFC, 0x0B66FA2D, 0x0A60F881,
		0x091BF701, 0x07A0F5B8, 0x05F7F4AD, 0x042AF3E6, 0x0244F367,
		0x0050F334, 0xFE5BF34E, 0xFC6FF3B5, 0xFA99F465, 0xF8E4F55C,
		0xF759F692, 0xF602F801, 0xF4E7F99F, 0xF40FFB65, 0xF37FFD46,
		0xF339FF37, 0xF341012D, 0xF395031C, 0xF43404F8, 0xF51A06B7,
		0xF642084D, 0xF7A409B1, 0xF9380ADB, 0xFAF50BC4, 0xFCD00C66,
		0xFEBF0CBD, 0x00B50CC8, 0x02A70C86, 0x04880BF8, 0x064F0B23,
		0x07F00A0B, 0x096108B6, 0x0A99072D, 0x0B920579, 0x0C4503A4,
		0x0CAF01B9, 0x0CCCFFC4, 0x0C9CFDD0, 0x0C21FBE9, 0x0B5DFA1B,
		0x0A54F870, 0x090DF6F3, 0x0790F5AC, 0x05E5F4A3, 0x0417F3DF,
		0x0230F364, 0x003CF334, 0xFE47F351, 0xFC5CF3BB, 0xFA87F46E,
		0xF8D3F567, 0xF74AF69F, 0xF5F5F810, 0xF4DDF9B1, 0xF408FB78,
		0xF37AFD59, 0xF338FF4B, 0xF3430141, 0xF39A0330, 0xF43C050B,
		0xF52506C8, 0xF64F085C, 0xF7B309BE, 0xF9490AE6, 0xFB080BCC,
		0xFCE40C6B, 0xFED30CBF, 0x00C90CC7, 0x02BA0C81, 0x049B0BF1,
		0x06610B19, 0x07FF09FE, 0x096E08A7, 0x0AA4071C, 0x0B9B0567,
		0x0C4B0391, 0x0CB201A5, 0x0CCCFFB0, 0x0C99FDBC, 0x0C1AFBD6,
		0x0B53FA09, 0x0A48F860, 0x08FFF6E5, 0x077FF5A0, 0x05D3F49A,
		0x0404F3D9, 0x021CF360, 0x0028F334, 0xFE33F354, 0xFC49F3C0,
		0xFA75F477, 0xF8C2F572, 0xF73BF6AD, 0xF5E9F820, 0xF4D3F9C2,
		0xF401FB8A, 0xF376FD6D, 0xF337FF5F, 0xF3450155, 0xF3A00343,
		0xF444051D, 0xF53006D9, 0xF65C086B, 0xF7C209CB, 0xF95A0AF0,
		0xFB1A0BD3, 0xFCF70C6F, 0xFEE70CC1, 0x00DD0CC5, 0x02CE0C7D,
		0x04AE0BEA, 0x06720B0F, 0x080F09F2, 0x097C0898, 0x0AB0070C,
		0x0BA30555, 0x0C51037D, 0x0CB40191, 0x0CCBFF9B, 0x0C95FDA8,
		0x0C14FBC3, 0x0B4AF9F7, 0x0A3CF850, 0x08F0F6D7, 0x076FF595,
		0x05C1F491, 0x03F1F3D2, 0x0209F35D, 0x0014F333, 0xFE1FF357,
		0xFC36F3C6, 0xFA63F47F, 0xF8B2F57D, 0xF72DF6BB, 0xF5DDF830,
		0xF4C9F9D4, 0xF3FAFB9D, 0xF372FD81, 0xF336FF73, 0xF3470169,
		0xF3A50357, 0xF44C0530, 0xF53A06EA, 0xF669087B, 0xF7D209D8,
		0xF96B0AFB, 0xFB2D0BDB, 0xFD0B0C74, 0xFEFB0CC2, 0x00F10CC4,
		0x02E20C79, 0x04C10BE2, 0x06830B05, 0x081F09E5, 0x0989088A,
		0x0ABB06FB, 0x0BAB0542, 0x0C56036A, 0x0CB6017D, 0x0CCAFF87,
		0x0C92FD94, 0x0C0DFBB0, 0x0B40F9E6, 0x0A30F840, 0x08E2F6C9,
		0x075FF589, 0x05AFF488, 0x03DEF3CC, 0x01F5F35A, 0x0000F333,
		0xFE0BF35A, 0xFC22F3CC, 0xFA51F488, 0xF8A1F589, 0xF71EF6C9,
		0xF5D0F840, 0xF4C0F9E6, 0xF3F3FBB0, 0xF36EFD94, 0xF336FF87,
		0xF34A017D, 0xF3AA036A, 0xF4550542, 0xF54506FB, 0xF677088A,
		0xF7E109E5, 0xF97D0B05, 0xFB3F0BE2, 0xFD1E0C79, 0xFF0F0CC4,
		0x01050CC2, 0x02F50C74, 0x04D30BDB, 0x06950AFB, 0x082E09D8,
		0x0997087B, 0x0AC606EA, 0x0BB40530, 0x0C5B0357, 0x0CB90169,
		0x0CCAFF73, 0x0C8EFD81, 0x0C06FB9D, 0x0B37F9D4, 0x0A23F830,
		0x08D3F6BB, 0x074EF57D, 0x059DF47F, 0x03CAF3C6, 0x01E1F357,
		0xFFECF333, 0xFDF7F35D, 0xFC0FF3D2, 0xFA3FF491, 0xF891F595,
		0xF710F6D7, 0xF5C4F850, 0xF4B6F9F7, 0xF3ECFBC3, 0xF36BFDA8,
		0xF335FF9B, 0xF34C0191, 0xF3AF037D, 0xF45D0555, 0xF550070C,
		0xF6840898, 0xF7F109F2, 0xF98E0B0F, 0xFB520BEA, 0xFD320C7D,
		0xFF230CC5, 0x01190CC1, 0x03090C6F, 0x04E60BD3, 0x06A60AF0,
		0x083E09CB, 0x09A4086B, 0x0AD006D9, 0x0BBC051D, 0x0C600343,
		0x0CBB0155, 0x0CC9FF5F, 0x0C8AFD6D, 0x0BFFFB8A, 0x0B2DF9C2,
		0x0A17F820, 0x08C5F6AD, 0x073EF572, 0x058BF477, 0x03B7F3C0,
		0x01CDF354, 0xFFD8F334, 0xFDE4F360, 0xFBFCF3D9, 0xFA2DF49A,
		0xF881F5A0, 0xF701F6E5, 0xF5B8F860, 0xF4ADFA09, 0xF3E6FBD6,
		0xF367FDBC, 0xF334FFB0, 0xF34E01A5, 0xF3B50391, 0xF4650567,
		0xF55C071C, 0xF69208A7, 0xF80109FE, 0xF99F0B19, 0xFB650BF1,
		0xFD460C81, 0xFF370CC7, 0x012D0CBF, 0x031C0C6B, 0x04F80BCC,
		0x06B70AE6, 0x084D09BE, 0x09B1085C, 0x0ADB06C8, 0x0BC4050B,
		0x0C660330, 0x0CBD0141, 0x0CC8FF4B, 0x0C86FD59, 0x0BF8FB78,
		0x0B23F9B1, 0x0A0BF810, 0x08B6F69F, 0x072DF567, 0x0579F46E,
		0x03A4F3BB, 0x01B9F351, 0xFFC4F334, 0xFDD0F364, 0xFBE9F3DF,
		0xFA1BF4A3, 0xF870F5AC, 0xF6F3F6F3, 0xF5ACF870, 0xF4A3FA1B,
		0xF3DFFBE9, 0xF364FDD0, 0xF334FFC4, 0xF35101B9, 0xF3BB03A4,
		0xF46E0579, 0xF567072D, 0xF69F08B6, 0xF8100A0B, 0xF9B10B23,
		0xFB780BF8, 0xFD590C86, 0xFF4B0CC8, 0x01410CBD, 0x03300C66,
		0x050B0BC4, 0x06C80ADB, 0x085C09B1, 0x09BE084D, 0x0AE606B7,
		0x0BCC04F8, 0x0C6B031C, 0x0CBF012D, 0x0CC7FF37, 0x0C81FD46,
		0x0BF1FB65, 0x0B19F99F, 0x09FEF801, 0x08A7F692, 0x071CF55C,
		0x0567F465, 0x0391F3B5, 0x01A5F34E, 0xFFB0F334, 0xFDBCF367,
		0xFBD6F3E6, 0xFA09F4AD, 0xF860F5B8, 0xF6E5F701, 0xF5A0F881,
		0xF49AFA2D, 0xF3D9FBFC, 0xF360FDE4, 0xF334FFD8, 0xF35401CD,
		0xF3C003B7, 0xF477058B, 0xF572073E, 0xF6AD08C5, 0xF8200A17,
		0xF9C20B2D, 0xFB8A0BFF, 0xFD6D0C8A, 0xFF5F0CC9, 0x01550CBB,
		0x03430C60, 0x051D0BBC, 0x06D90AD0, 0x086B09A4, 0x09CB083E,
		0x0AF006A6, 0x0BD304E6, 0x0C6F0309, 0x0CC10119, 0x0CC5FF23,
		0x0C7DFD32, 0x0BEAFB52, 0x0B0FF98E, 0x09F2F7F1, 0x0898F684,
		0x070CF550, 0x0555F45D, 0x037DF3AF, 0x0191F34C, 0xFF9BF335,
		0xFDA8F36B, 0xFBC3F3EC, 0xF9F7F4B6, 0xF850F5C4, 0xF6D7F710,
		0xF595F891, 0xF491FA3F, 0xF3D2FC0F, 0xF35DFDF7, 0xF333FFEC,
		0xF35701E1, 0xF3C603CA, 0xF47F059D, 0xF57D074E, 0xF6BB08D3,
		0xF8300A23, 0xF9D40B37, 0xFB9D0C06, 0xFD810C8E, 0xFF730CCA,
		0x01690CB9, 0x03570C5B, 0x05300BB4, 0x06EA0AC6, 0x087B0997,
		0x09D8082E, 0x0AFB0695, 0x0BDB04D3, 0x0C7402F5, 0x0CC20105,
		0x0CC4FF0F, 0x0C79FD1E, 0x0BE2FB3F, 0x0B05F97D, 0x09E5F7E1,
		0x088AF677, 0x06FBF545, 0x0542F455, 0x036AF3AA, 0x017DF34A,
		0xFF87F336, 0xFD94F36E, 0xFBB0F3F3, 0xF9E6F4C0, 0xF840F5D0,
		0xF6C9F71E, 0xF589F8A1, 0xF488FA51, 0xF3CCFC22, 0xF35AFE0B,
		0xF3330000, 0xF35A01F5, 0xF3CC03DE, 0xF48805AF, 0xF589075F,
		0xF6C908E2, 0xF8400A30, 0xF9E60B40, 0xFBB00C0D, 0xFD940C92,
		0xFF870CCA, 0x017D0CB6, 0x036A0C56, 0x05420BAB, 0x06FB0ABB,
		0x088A0989, 0x09E5081F, 0x0B050683, 0x0BE204C1, 0x0C7902E2,
		0x0CC400F1, 0x0CC2FEFB, 0x0C74FD0B, 0x0BDBFB2D, 0x0AFBF96B,
		0x09D8F7D2, 0x087BF669, 0x06EAF53A, 0x0530F44C, 0x0357F3A5,
		0x0169F347, 0xFF73F336, 0xFD81F372, 0xFB9DF3FA, 0xF9D4F4C9,
		0xF830F5DD, 0xF6BBF72D, 0xF57DF8B2, 0xF47FFA63, 0xF3C6FC36,
		0xF357FE1F, 0xF3330014, 0xF35D0209, 0xF3D203F1, 0xF49105C1,
		0xF595076F, 0xF6D708F0, 0xF8500A3C, 0xF9F70B4A, 0xFBC30C14,
		0xFDA80C95, 0xFF9B0CCB, 0x01910CB4, 0x037D0C51, 0x05550BA3,
		0x070C0AB0, 0x0898097C, 0x09F2080F, 0x0B0F0672, 0x0BEA04AE,
		0x0C7D02CE, 0x0CC500DD, 0x0CC1FEE7, 0x0C6FFCF7, 0x0BD3FB1A,
		0x0AF0F95A, 0x09CBF7C2, 0x086BF65C, 0x06D9F530, 0x051DF444,
		0x0343F3A0, 0x0155F345, 0xFF5FF337, 0xFD6DF376, 0xFB8AF401,
		0xF9C2F4D3, 0xF820F5E9, 0xF6ADF73B, 0xF572F8C2, 0xF477FA75,
		0xF3C0FC49, 0xF354FE33, 0xF3340028, 0xF360021C, 0xF3D90404,
		0xF49A05D3, 0xF5A0077F, 0xF6E508FF, 0xF8600A48, 0xFA090B53,
		0xFBD60C1A, 0xFDBC0C99, 0xFFB00CCC, 0x01A50CB2, 0x03910C4B,
		0x05670B9B, 0x071C0AA4, 0x08A7096E, 0x09FE07FF, 0x0B190661,
		0x0BF1049B, 0x0C8102BA, 0x0CC700C9, 0x0CBFFED3, 0x0C6BFCE4,
		0x0BCCFB08, 0x0AE6F949, 0x09BEF7B3, 0x085CF64F, 0x06C8F525,
		0x050BF43C, 0x0330F39A, 0x0141F343, 0xFF4BF338, 0xFD59F37A,
		0xFB78F408, 0xF9B1F4DD, 0xF810F5F5, 0xF69FF74A, 0xF567F8D3,
		0xF46EFA87, 0xF3BBFC5C, 0xF351FE47, 0xF334003C, 0xF3640230,
		0xF3DF0417, 0xF4A305E5, 0xF5AC0790, 0xF6F3090D, 0xF8700A54,
		0xFA1B0B5D, 0xFBE90C21, 0xFDD00C9C, 0xFFC40CCC, 0x01B90CAF,
		0x03A40C45, 0x05790B92, 0x072D0A99, 0x08B60961, 0x0A0B07F0,
		0x0B23064F, 0x0BF80488, 0x0C8602A7, 0x0CC800B5, 0x0CBDFEBF,
		0x0C66FCD0, 0x0BC4FAF5, 0x0ADBF938, 0x09B1F7A4, 0x084DF642,
		0x06B7F51A, 0x04F8F434, 0x031CF395, 0x012DF341, 0xFF37F339,
		0xFD46F37F, 0xFB65F40F, 0xF99FF4E7, 0xF801F602, 0xF692F759,
		0xF55CF8E4, 0xF465FA99, 0xF3B5FC6F, 0xF34EFE5B, 0xF3340050,
		0xF3670244, 0xF3E6042A, 0xF4AD05F7, 0xF5B807A0, 0xF701091B,
		0xF8810A60, 0xFA2D0B66, 0xFBFC0C27, 0xFDE40CA0, 0xFFD80CCC,
		0x01CD0CAC, 0x03B70C40, 0x058B0B89, 0x073E0A8E, 0x08C50953,
		0x0A1707E0, 0x0B2D063E, 0x0BFF0476, 0x0C8A0293, 0x0CC900A1,
		0x0CBBFEAB, 0x0C60FCBD, 0x0BBCFAE3, 0x0AD0F927, 0x09A4F795,
		0x083EF635, 0x06A6F510, 0x04E6F42D, 0x0309F391, 0x0119F33F,
		0xFF23F33B, 0xFD32F383, 0xFB52F416, 0xF98EF4F1, 0xF7F1F60E,
		0xF684F768, 0xF550F8F4, 0xF45DFAAB, 0xF3AFFC83, 0xF34CFE6F,
		0xF3350065, 0xF36B0258, 0xF3EC043D, 0xF4B60609, 0xF5C407B0,
		0xF7100929, 0xF8910A6B, 0xFA3F0B6F, 0xFC0F0C2E, 0xFDF70CA3,
		0xFFEC0CCD, 0x01E10CA9, 0x03CA0C3A, 0x059D0B81, 0x074E0A83,
		0x08D30945, 0x0A2307D0, 0x0B37062C, 0x0C060463, 0x0C8E027F,
		0x0CCA008D, 0x0CB9FE97, 0x0C5BFCA9, 0x0BB4FAD0, 0x0AC6F916,
		0x0997F785, 0x082EF628, 0x0695F505, 0x04D3F425, 0x02F5F38C,
		0x0105F33E, 0xFF0FF33C, 0xFD1EF387, 0xFB3FF41E, 0xF97DF4FB,
		0xF7E1F61B, 0xF677F776, 0xF545F905, 0xF455FABE, 0xF3AAFC96,
		0xF34AFE83, 0xF3360079, 0xF36E026C, 0xF3F30450, 0xF4C0061A,
		0xF5D007C0, 0xF71E0937, 0xF8A10A77, 0xFA510B78, 0xFC220C34,
		0xFE0B0CA6, 0x00000CCD, 0x01F50CA6, 0x03DE0C34, 0x05AF0B78,
		0x075F0A77, 0x08E20937, 0x0A3007C0, 0x0B40061A, 0x0C0D0450,
		0x0C92026C, 0x0CCA0079, 0x0CB6FE83, 0x0C56FC96, 0x0BABFABE,
		0x0ABBF905, 0x0989F776, 0x081FF61B, 0x0683F4FB, 0x04C1F41E,
		0x02E2F387, 0x00F1F33C, 0xFEFBF33E, 0xFD0BF38C, 0xFB2DF425,
		0xF96BF505, 0xF7D2F628, 0xF669F785, 0xF53AF916, 0xF44CFAD0,
		0xF3A5FCA9, 0xF347FE97, 0xF336008D, 0xF372027F, 0xF3FA0463,
		0xF4C9062C, 0xF5DD07D0, 0xF72D0945, 0xF8B20A83, 0xFA630B81,
		0xFC360C3A, 0xFE1F0CA9, 0x00140CCD, 0x02090CA3, 0x03F10C2E,
		0x05C10B6F, 0x076F0A6B, 0x08F00929, 0x0A3C07B0, 0x0B4A0609,
		0x0C14043D, 0x0C950258, 0x0CCB0065, 0x0CB4FE6F, 0x0C51FC83,
		0x0BA3FAAB, 0x0AB0F8F4, 0x097CF768, 0x080FF60E, 0x0672F4F1,
		0x04AEF416, 0x02CEF383, 0x00DDF33B, 0xFEE7F33F, 0xFCF7F391,
		0xFB1AF42D, 0xF95AF510, 0xF7C2F635, 0xF65CF795, 0xF530F927,
		0xF444FAE3, 0xF3A0FCBD, 0xF345FEAB, 0xF33700A1, 0xF3760293,
		0xF4010476, 0xF4D3063E, 0xF5E907E0, 0xF73B0953, 0xF8C20A8E,
		0xFA750B89, 0xFC490C40, 0xFE330CAC, 0x00280CCC, 0x021C0CA0,
		0x04040C27, 0x05D30B66, 0x077F0A60, 0x08FF091B, 0x0A4807A0,
		0x0B5305F7, 0x0C1A042A, 0x0C990244, 0x0CCC0050, 0x0CB2FE5B,
		0x0C4BFC6F, 0x0B9BFA99, 0x0AA4F8E4, 0x096EF759, 0x07FFF602,
		0x0661F4E7, 0x049BF40F, 0x02BAF37F, 0x00C9F339, 0xFED3F341,
		0xFCE4F395, 0xFB08F434, 0xF949F51A, 0xF7B3F642, 0xF64FF7A4,
		0xF525F938, 0xF43CFAF5, 0xF39AFCD0, 0xF343FEBF, 0xF33800B5,
		0xF37A02A7, 0xF4080488, 0xF4DD064F, 0xF5F507F0, 0xF74A0961,
		0xF8D30A99, 0xFA870B92, 0xFC5C0C45, 0xFE470CAF, 0x003C0CCC,
		0x02300C9C, 0x04170C21, 0x05E50B5D, 0x07900A54, 0x090D090D,
		0x0A540790, 0x0B5D05E5, 0x0C210417, 0x0C9C0230, 0x0CCC003C,
		0x0CAFFE47, 0x0C45FC5C, 0x0B92FA87, 0x0A99F8D3, 0x0961F74A,
		0x07F0F5F5, 0x064FF4DD, 0x0488F408, 0x02A7F37A, 0x00B5F338,
		0xFEBFF343, 0xFCD0F39A, 0xFAF5F43C, 0xF938F525, 0xF7A4F64F,
		0xF642F7B3, 0xF51AF949, 0xF434FB08, 0xF395FCE4, 0xF341FED3,
		0xF33900C9, 0xF37F02BA, 0xF40F049B, 0xF4E70661, 0xF60207FF,
		0xF759096E, 0xF8E40AA4, 0xFA990B9B, 0xFC6F0C4B, 0xFE5B0CB2,
		0x00500CCC, 0x02440C99, 0x042A0C1A, 0x05F70B53, 0x07A00A48,
		0x091B08FF, 0x0A60077F, 0x0B6605D3, 0x0C270404, 0x0CA0021C,
		0x0CCC0028, 0x0CACFE33, 0x0C40FC49, 0x0B89FA75, 0x0A8EF8C2,
		0x0953F73B, 0x07E0F5E9, 0x063EF4D3, 0x0476F401, 0x0293F376,
		0x00A1F337, 0xFEABF345, 0xFCBDF3A0, 0xFAE3F444, 0xF927F530,
		0xF795F65C, 0xF635F7C2, 0xF510F95A, 0xF42DFB1A, 0xF391FCF7,
		0xF33FFEE7, 0xF33B00DD, 0xF38302CE, 0xF41604AE, 0xF4F10672,
		0xF60E080F, 0xF768097C, 0xF8F40AB0, 0xFAAB0BA3, 0xFC830C51,
		0xFE6F0CB4, 0x00650CCB, 0x02580C95, 0x043D0C14, 0x06090B4A,
		0x07B00A3C, 0x092908F0, 0x0A6B076F, 0x0B6F05C1, 0x0C2E03F1,
		0x0CA30209, 0x0CCD0014, 0x0CA9FE1F, 0x0C3AFC36, 0x0B81FA63,
		0x0A83F8B2, 0x0945F72D, 0x07D0F5DD, 0x062CF4C9, 0x0463F3FA,
		0x027FF372, 0x008DF336, 0xFE97F347, 0xFCA9F3A5, 0xFAD0F44C,
		0xF916F53A, 0xF785F669, 0xF628F7D2, 0xF505F96B, 0xF425FB2D,
		0xF38CFD0B, 0xF33EFEFB, 0xF33C00F1, 0xF38702E2, 0xF41E04C1,
		0xF4FB0683, 0xF61B081F, 0xF7760989, 0xF9050ABB, 0xFABE0BAB,
		0xFC960C56, 0xFE830CB6, 0x00790CCA, 0x026C0C92, 0x04500C0D,
		0x061A0B40, 0x07C00A30, 0x093708E2, 0x0A77075F, 0x0B7805AF,
		0x0C3403DE, 0x0CA601F5, 0x0CCD0000, 0x0CA6FE0B, 0x0C34FC22,
		0x0B78FA51, 0x0A77F8A1, 0x0937F71E, 0x07C0F5D0, 0x061AF4C0,
		0x0450F3F3, 0x026CF36E, 0x0079F336, 0xFE83F34A, 0xFC96F3AA,
		0xFABEF455, 0xF905F545, 0xF776F677, 0xF61BF7E1, 0xF4FBF97D,
		0xF41EFB3F, 0xF387FD1E, 0xF33CFF0F, 0xF33E0105, 0xF38C02F5,
		0xF42504D3, 0xF5050695, 0xF628082E, 0xF7850997, 0xF9160AC6,
		0xFAD00BB4, 0xFCA90C5B, 0xFE970CB9, 0x008D0CCA, 0x027F0C8E,
		0x04630C06, 0x062C0B37, 0x07D00A23, 0x094508D3, 0x0A83074E,
		0x0B81059D, 0x0C3A03CA, 0x0CA901E1, 0x0CCDFFEC, 0x0CA3FDF7,
		0x0C2EFC0F, 0x0B6FFA3F, 0x0A6BF891, 0x0929F710, 0x07B0F5C4,
		0x0609F4B6, 0x043DF3EC, 0x0258F36B, 0x0065F335, 0xFE6FF34C,
		0xFC83F3AF, 0xFAABF45D, 0xF8F4F550, 0xF768F684, 0xF60EF7F1,
		0xF4F1F98E, 0xF416FB52, 0xF383FD32, 0xF33BFF23, 0xF33F0119,
		0xF3910309, 0xF42D04E6, 0xF51006A6, 0xF635083E, 0xF79509A4,
		0xF9270AD0, 0xFAE30BBC, 0xFCBD0C60, 0xFEAB0CBB, 0x00A10CC9,
		0x02930C8A, 0x04760BFF, 0x063E0B2D, 0x07E00A17, 0x095308C5,
		0x0A8E073E, 0x0B89058B, 0x0C4003B7, 0x0CAC01CD, 0x0CCCFFD8,
		0x0CA0FDE4, 0x0C27FBFC, 0x0B66FA2D, 0x0A60F881, 0x091BF701,
		0x07A0F5B8, 0x05F7F4AD, 0x042AF3E6, 0x0244F367, 0x0050F334,
		0xFE5BF34E, 0xFC6FF3B5, 0xFA99F465, 0xF8E4F55C, 0xF759F692,
		0xF602F801, 0xF4E7F99F, 0xF40FFB65, 0xF37FFD46, 0xF339FF37,
		0xF341012D, 0xF395031C, 0xF43404F8, 0xF51A06B7, 0xF642084D,
		0xF7A409B1, 0xF9380ADB, 0xFAF50BC4, 0xFCD00C66, 0xFEBF0CBD,
		0x00B50CC8, 0x02A70C86, 0x04880BF8, 0x064F0B23, 0x07F00A0B,
		0x096108B6, 0x0A99072D, 0x0B920579, 0x0C4503A4, 0x0CAF01B9,
		0x0CCCFFC4, 0x0C9CFDD0, 0x0C21FBE9, 0x0B5DFA1B, 0x0A54F870,
		0x090DF6F3, 0x0790F5AC, 0x05E5F4A3, 0x0417F3DF, 0x0230F364,
		0x003CF334, 0xFE47F351, 0xFC5CF3BB, 0xFA87F46E, 0xF8D3F567,
		0xF74AF69F, 0xF5F5F810, 0xF4DDF9B1, 0xF408FB78, 0xF37AFD59,
		0xF338FF4B, 0xF3430141, 0xF39A0330, 0xF43C050B, 0xF52506C8,
		0xF64F085C, 0xF7B309BE, 0xF9490AE6, 0xFB080BCC, 0xFCE40C6B,
		0xFED30CBF, 0x00C90CC7, 0x02BA0C81, 0x049B0BF1, 0x06610B19,
		0x07FF09FE, 0x096E08A7, 0x0AA4071C, 0x0B9B0567, 0x0C4B0391,
		0x0CB201A5, 0x0CCCFFB0, 0x0C99FDBC, 0x0C1AFBD6, 0x0B53FA09,
		0x0A48F860, 0x08FFF6E5, 0x077FF5A0, 0x05D3F49A, 0x0404F3D9,
		0x021CF360, 0x0028F334, 0xFE33F354, 0xFC49F3C0, 0xFA75F477,
		0xF8C2F572, 0xF73BF6AD, 0xF5E9F820, 0xF4D3F9C2, 0xF401FB8A,
		0xF376FD6D, 0xF337FF5F, 0xF3450155, 0xF3A00343, 0xF444051D,
		0xF53006D9, 0xF65C086B, 0xF7C209CB, 0xF95A0AF0, 0xFB1A0BD3,
		0xFCF70C6F, 0xFEE70CC1, 0x00DD0CC5, 0x02CE0C7D, 0x04AE0BEA,
		0x06720B0F, 0x080F09F2, 0x097C0898, 0x0AB0070C, 0x0BA30555,
		0x0C51037D, 0x0CB40191, 0x0CCBFF9B, 0x0C95FDA8, 0x0C14FBC3,
		0x0B4AF9F7, 0x0A3CF850, 0x08F0F6D7, 0x076FF595, 0x05C1F491,
		0x03F1F3D2, 0x0209F35D, 0x0014F333, 0xFE1FF357, 0xFC36F3C6,
		0xFA63F47F, 0xF8B2F57D, 0xF72DF6BB, 0xF5DDF830, 0xF4C9F9D4,
		0xF3FAFB9D, 0xF372FD81, 0xF336FF73, 0xF3470169, 0xF3A50357,
		0xF44C0530, 0xF53A06EA, 0xF669087B, 0xF7D209D8, 0xF96B0AFB,
		0xFB2D0BDB, 0xFD0B0C74, 0xFEFB0CC2, 0x00F10CC4, 0x02E20C79,
		0x04C10BE2, 0x06830B05, 0x081F09E5, 0x0989088A, 0x0ABB06FB,
		0x0BAB0542, 0x0C56036A, 0x0CB6017D, 0x0CCAFF87, 0x0C92FD94,
		0x0C0DFBB0, 0x0B40F9E6, 0x0A30F840, 0x08E2F6C9, 0x075FF589,
		0x05AFF488, 0x03DEF3CC, 0x01F5F35A, 0x0000F333, 0xFE0BF35A,
		0xFC22F3CC, 0xFA51F488, 0xF8A1F589, 0xF71EF6C9, 0xF5D0F840,
		0xF4C0F9E6, 0xF3F3FBB0, 0xF36EFD94, 0xF336FF87, 0xF34A017D,
		0xF3AA036A, 0xF4550542, 0xF54506FB, 0xF677088A, 0xF7E109E5,
		0xF97D0B05, 0xFB3F0BE2, 0xFD1E0C79, 0xFF0F0CC4, 0x01050CC2,
		0x02F50C74, 0x04D30BDB, 0x06950AFB, 0x082E09D8, 0x0997087B,
		0x0AC606EA, 0x0BB40530, 0x0C5B0357, 0x0CB90169, 0x0CCAFF73,
		0x0C8EFD81, 0x0C06FB9D, 0x0B37F9D4, 0x0A23F830, 0x08D3F6BB,
		0x074EF57D, 0x059DF47F, 0x03CAF3C6, 0x01E1F357, 0xFFECF333,
		0xFDF7F35D, 0xFC0FF3D2, 0xFA3FF491, 0xF891F595, 0xF710F6D7,
		0xF5C4F850, 0xF4B6F9F7, 0xF3ECFBC3, 0xF36BFDA8, 0xF335FF9B,
		0xF34C0191, 0xF3AF037D, 0xF45D0555, 0xF550070C, 0xF6840898,
		0xF7F109F2, 0xF98E0B0F, 0xFB520BEA, 0xFD320C7D, 0xFF230CC5,
		0x01190CC1, 0x03090C6F, 0x04E60BD3, 0x06A60AF0, 0x083E09CB,
		0x09A4086B, 0x0AD006D9, 0x0BBC051D, 0x0C600343, 0x0CBB0155,
		0x0CC9FF5F, 0x0C8AFD6D, 0x0BFFFB8A, 0x0B2DF9C2, 0x0A17F820,
		0x08C5F6AD, 0x073EF572, 0x058BF477, 0x03B7F3C0, 0x01CDF354,
		0xFFD8F334, 0xFDE4F360, 0xFBFCF3D9, 0xFA2DF49A, 0xF881F5A0,
		0xF701F6E5, 0xF5B8F860, 0xF4ADFA09, 0xF3E6FBD6, 0xF367FDBC,
		0xF334FFB0, 0xF34E01A5, 0xF3B50391, 0xF4650567, 0xF55C071C,
		0xF69208A7, 0xF80109FE, 0xF99F0B19, 0xFB650BF1, 0xFD460C81,
		0xFF370CC7, 0x012D0CBF, 0x031C0C6B, 0x04F80BCC, 0x06B70AE6,
		0x084D09BE, 0x09B1085C, 0x0ADB06C8, 0x0BC4050B, 0x0C660330,
		0x0CBD0141, 0x0CC8FF4B, 0x0C86FD59, 0x0BF8FB78, 0x0B23F9B1,
		0x0A0BF810, 0x08B6F69F, 0x072DF567, 0x0579F46E, 0x03A4F3BB,
		0x01B9F351, 0xFFC4F334, 0xFDD0F364, 0xFBE9F3DF, 0xFA1BF4A3,
		0xF870F5AC, 0xF6F3F6F3, 0xF5ACF870, 0xF4A3FA1B, 0xF3DFFBE9,
		0xF364FDD0, 0xF334FFC4, 0xF35101B9, 0xF3BB03A4, 0xF46E0579,
		0xF567072D, 0xF69F08B6, 0xF8100A0B, 0xF9B10B23, 0xFB780BF8,
		0xFD590C86, 0xFF4B0CC8, 0x01410CBD, 0x03300C66, 0x050B0BC4,
		0x06C80ADB, 0x085C09B1, 0x09BE084D, 0x0AE606B7, 0x0BCC04F8,
		0x0C6B031C, 0x0CBF012D, 0x0CC7FF37, 0x0C81FD46, 0x0BF1FB65,
		0x0B19F99F, 0x09FEF801, 0x08A7F692, 0x071CF55C, 0x0567F465,
		0x0391F3B5, 0x01A5F34E, 0xFFB0F334, 0xFDBCF367, 0xFBD6F3E6,
		0xFA09F4AD, 0xF860F5B8, 0xF6E5F701, 0xF5A0F881, 0xF49AFA2D,
		0xF3D9FBFC, 0xF360FDE4, 0xF334FFD8, 0xF35401CD, 0xF3C003B7,
		0xF477058B, 0xF572073E, 0xF6AD08C5, 0xF8200A17, 0xF9C20B2D,
		0xFB8A0BFF, 0xFD6D0C8A, 0xFF5F0CC9, 0x01550CBB, 0x03430C60,
		0x051D0BBC, 0x06D90AD0, 0x086B09A4, 0x09CB083E, 0x0AF006A6,
		0x0BD304E6, 0x0C6F0309, 0x0CC10119, 0x0CC5FF23, 0x0C7DFD32,
		0x0BEAFB52, 0x0B0FF98E, 0x09F2F7F1, 0x0898F684, 0x070CF550,
		0x0555F45D, 0x037DF3AF, 0x0191F34C, 0xFF9BF335, 0xFDA8F36B,
		0xFBC3F3EC, 0xF9F7F4B6, 0xF850F5C4, 0xF6D7F710, 0xF595F891,
		0xF491FA3F, 0xF3D2FC0F, 0xF35DFDF7, 0xF333FFEC, 0xF35701E1,
		0xF3C603CA, 0xF47F059D, 0xF57D074E, 0xF6BB08D3, 0xF8300A23,
		0xF9D40B37, 0xFB9D0C06, 0xFD810C8E, 0xFF730CCA, 0x01690CB9,
		0x03570C5B, 0x05300BB4, 0x06EA0AC6, 0x087B0997, 0x09D8082E,
		0x0AFB0695, 0x0BDB04D3, 0x0C7402F5, 0x0CC20105, 0x0CC4FF0F,
		0x0C79FD1E, 0x0BE2FB3F, 0x0B05F97D, 0x09E5F7E1, 0x088AF677,
		0x06FBF545, 0x0542F455, 0x036AF3AA, 0x017DF34A, 0xFF87F336,
		0xFD94F36E, 0xFBB0F3F3, 0xF9E6F4C0, 0xF840F5D0, 0xF6C9F71E,
		0xF589F8A1, 0xF488FA51, 0xF3CCFC22, 0xF35AFE0B, 0xF3330000,
		0xF35A01F5, 0xF3CC03DE, 0xF48805AF, 0xF589075F, 0xF6C908E2,
		0xF8400A30, 0xF9E60B40, 0xFBB00C0D, 0xFD940C92, 0xFF870CCA,
		0x017D0CB6, 0x036A0C56, 0x05420BAB, 0x06FB0ABB, 0x088A0989,
		0x09E5081F, 0x0B050683, 0x0BE204C1, 0x0C7902E2, 0x0CC400F1,
		0x0CC2FEFB, 0x0C74FD0B, 0x0BDBFB2D, 0x0AFBF96B, 0x09D8F7D2,
		0x087BF669, 0x06EAF53A, 0x0530F44C, 0x0357F3A5, 0x0169F347,
		0xFF73F336, 0xFD81F372, 0xFB9DF3FA, 0xF9D4F4C9, 0xF830F5DD,
		0xF6BBF72D, 0xF57DF8B2, 0xF47FFA63, 0xF3C6FC36, 0xF357FE1F,
		0xF3330014, 0xF35D0209, 0xF3D203F1, 0xF49105C1, 0xF595076F,
		0xF6D708F0, 0xF8500A3C, 0xF9F70B4A, 0xFBC30C14, 0xFDA80C95,
		0xFF9B0CCB, 0x01910CB4, 0x037D0C51, 0x05550BA3, 0x070C0AB0,
		0x0898097C, 0x09F2080F, 0x0B0F0672, 0x0BEA04AE, 0x0C7D02CE,
		0x0CC500DD, 0x0CC1FEE7, 0x0C6FFCF7, 0x0BD3FB1A, 0x0AF0F95A,
		0x09CBF7C2, 0x086BF65C, 0x06D9F530, 0x051DF444, 0x0343F3A0,
		0x0155F345, 0xFF5FF337, 0xFD6DF376, 0xFB8AF401, 0xF9C2F4D3,
		0xF820F5E9, 0xF6ADF73B, 0xF572F8C2, 0xF477FA75, 0xF3C0FC49,
		0xF354FE33, 0xF3340028, 0xF360021C, 0xF3D90404, 0xF49A05D3,
		0xF5A0077F, 0xF6E508FF, 0xF8600A48, 0xFA090B53, 0xFBD60C1A,
		0xFDBC0C99, 0xFFB00CCC, 0x01A50CB2, 0x03910C4B, 0x05670B9B,
		0x071C0AA4, 0x08A7096E, 0x09FE07FF, 0x0B190661, 0x0BF1049B,
		0x0C8102BA, 0x0CC700C9, 0x0CBFFED3, 0x0C6BFCE4, 0x0BCCFB08,
		0x0AE6F949, 0x09BEF7B3, 0x085CF64F, 0x06C8F525, 0x050BF43C,
		0x0330F39A, 0x0141F343, 0xFF4BF338, 0xFD59F37A, 0xFB78F408,
		0xF9B1F4DD, 0xF810F5F5, 0xF69FF74A, 0xF567F8D3, 0xF46EFA87,
		0xF3BBFC5C, 0xF351FE47, 0xF334003C, 0xF3640230, 0xF3DF0417,
		0xF4A305E5, 0xF5AC0790, 0xF6F3090D, 0xF8700A54, 0xFA1B0B5D,
		0xFBE90C21, 0xFDD00C9C, 0xFFC40CCC, 0x01B90CAF, 0x03A40C45,
		0x05790B92, 0x072D0A99, 0x08B60961, 0x0A0B07F0, 0x0B23064F,
		0x0BF80488, 0x0C8602A7, 0x0CC800B5, 0x0CBDFEBF, 0x0C66FCD0,
		0x0BC4FAF5, 0x0ADBF938, 0x09B1F7A4, 0x084DF642, 0x06B7F51A,
		0x04F8F434, 0x031CF395, 0x012DF341, 0xFF37F339, 0xFD46F37F,
		0xFB65F40F, 0xF99FF4E7, 0xF801F602, 0xF692F759, 0xF55CF8E4,
		0xF465FA99, 0xF3B5FC6F, 0xF34EFE5B, 0xF3340050, 0xF3670244,
		0xF3E6042A, 0xF4AD05F7, 0xF5B807A0, 0xF701091B, 0xF8810A60,
		0xFA2D0B66, 0xFBFC0C27, 0xFDE40CA0, 0xFFD80CCC, 0x01CD0CAC,
		0x03B70C40, 0x058B0B89, 0x073E0A8E, 0x08C50953, 0x0A1707E0,
		0x0B2D063E, 0x0BFF0476, 0x0C8A0293, 0x0CC900A1, 0x0CBBFEAB,
		0x0C60FCBD, 0x0BBCFAE3, 0x0AD0F927, 0x09A4F795, 0x083EF635,
		0x06A6F510, 0x04E6F42D, 0x0309F391, 0x0119F33F, 0xFF23F33B,
		0xFD32F383, 0xFB52F416, 0xF98EF4F1, 0xF7F1F60E, 0xF684F768,
		0xF550F8F4, 0xF45DFAAB, 0xF3AFFC83, 0xF34CFE6F, 0xF3350065,
		0xF36B0258, 0xF3EC043D, 0xF4B60609, 0xF5C407B0, 0xF7100929,
		0xF8910A6B, 0xFA3F0B6F, 0xFC0F0C2E, 0xFDF70CA3, 0xFFEC0CCD,
		0x01E10CA9, 0x03CA0C3A, 0x059D0B81, 0x074E0A83, 0x08D30945,
		0x0A2307D0, 0x0B37062C, 0x0C060463, 0x0C8E027F, 0x0CCA008D,
		0x0CB9FE97, 0x0C5BFCA9, 0x0BB4FAD0, 0x0AC6F916, 0x0997F785,
		0x082EF628, 0x0695F505, 0x04D3F425, 0x02F5F38C, 0x0105F33E,
		0xFF0FF33C, 0xFD1EF387, 0xFB3FF41E, 0xF97DF4FB, 0xF7E1F61B,
		0xF677F776, 0xF545F905, 0xF455FABE, 0xF3AAFC96, 0xF34AFE83,
		0xF3360079, 0xF36E026C, 0xF3F30450, 0xF4C0061A, 0xF5D007C0,
		0xF71E0937, 0xF8A10A77, 0xFA510B78, 0xFC220C34, 0xFE0B0CA6,
		0x00000CCD, 0x01F50CA6, 0x03DE0C34, 0x05AF0B78, 0x075F0A77,
		0x08E20937, 0x0A3007C0, 0x0B40061A, 0x0C0D0450, 0x0C92026C,
		0x0CCA0079, 0x0CB6FE83, 0x0C56FC96, 0x0BABFABE, 0x0ABBF905,
		0x0989F776, 0x081FF61B, 0x0683F4FB, 0x04C1F41E, 0x02E2F387,
		0x00F1F33C, 0xFEFBF33E, 0xFD0BF38C, 0xFB2DF425, 0xF96BF505,
		0xF7D2F628, 0xF669F785, 0xF53AF916, 0xF44CFAD0, 0xF3A5FCA9,
		0xF347FE97, 0xF336008D, 0xF372027F, 0xF3FA0463, 0xF4C9062C,
		0xF5DD07D0, 0xF72D0945, 0xF8B20A83, 0xFA630B81, 0xFC360C3A,
		0xFE1F0CA9, 0x00140CCD, 0x02090CA3, 0x03F10C2E, 0x05C10B6F,
		0x076F0A6B, 0x08F00929, 0x0A3C07B0, 0x0B4A0609, 0x0C14043D,
		0x0C950258, 0x0CCB0065, 0x0CB4FE6F, 0x0C51FC83, 0x0BA3FAAB,
		0x0AB0F8F4, 0x097CF768, 0x080FF60E, 0x0672F4F1, 0x04AEF416,
		0x02CEF383, 0x00DDF33B, 0xFEE7F33F, 0xFCF7F391, 0xFB1AF42D,
		0xF95AF510, 0xF7C2F635, 0xF65CF795, 0xF530F927, 0xF444FAE3,
		0xF3A0FCBD, 0xF345FEAB, 0xF33700A1, 0xF3760293, 0xF4010476,
		0xF4D3063E, 0xF5E907E0, 0xF73B0953, 0xF8C20A8E, 0xFA750B89,
		0xFC490C40, 0xFE330CAC, 0x00280CCC, 0x021C0CA0, 0x04040C27,
		0x05D30B66, 0x077F0A60, 0x08FF091B, 0x0A4807A0, 0x0B5305F7,
		0x0C1A042A, 0x0C990244, 0x0CCC0050, 0x0CB2FE5B, 0x0C4BFC6F,
		0x0B9BFA99, 0x0AA4F8E4, 0x096EF759, 0x07FFF602, 0x0661F4E7,
		0x049BF40F, 0x02BAF37F, 0x00C9F339, 0xFED3F341, 0xFCE4F395,
		0xFB08F434, 0xF949F51A, 0xF7B3F642, 0xF64FF7A4, 0xF525F938,
		0xF43CFAF5, 0xF39AFCD0, 0xF343FEBF, 0xF33800B5, 0xF37A02A7,
		0xF4080488, 0xF4DD064F, 0xF5F507F0, 0xF74A0961, 0xF8D30A99,
		0xFA870B92, 0xFC5C0C45, 0xFE470CAF, 0x003C0CCC, 0x02300C9C,
		0x04170C21, 0x05E50B5D, 0x07900A54, 0x090D090D, 0x0A540790,
		0x0B5D05E5, 0x0C210417, 0x0C9C0230, 0x0CCC003C, 0x0CAFFE47,
		0x0C45FC5C, 0x0B92FA87, 0x0A99F8D3, 0x0961F74A, 0x07F0F5F5,
		0x064FF4DD, 0x0488F408, 0x02A7F37A, 0x00B5F338, 0xFEBFF343,
		0xFCD0F39A, 0xFAF5F43C, 0xF938F525, 0xF7A4F64F, 0xF642F7B3,
		0xF51AF949, 0xF434FB08, 0xF395FCE4, 0xF341FED3, 0xF33900C9,
		0xF37F02BA, 0xF40F049B, 0xF4E70661, 0xF60207FF, 0xF759096E,
		0xF8E40AA4, 0xFA990B9B, 0xFC6F0C4B, 0xFE5B0CB2, 0x00500CCC,
		0x02440C99, 0x042A0C1A, 0x05F70B53, 0x07A00A48, 0x091B08FF,
		0x0A60077F, 0x0B6605D3, 0x0C270404, 0x0CA0021C, 0x0CCC0028,
		0x0CACFE33, 0x0C40FC49, 0x0B89FA75, 0x0A8EF8C2, 0x0953F73B,
		0x07E0F5E9, 0x063EF4D3, 0x0476F401, 0x0293F376, 0x00A1F337,
		0xFEABF345, 0xFCBDF3A0, 0xFAE3F444, 0xF927F530, 0xF795F65C,
		0xF635F7C2, 0xF510F95A, 0xF42DFB1A, 0xF391FCF7, 0xF33FFEE7,
		0xF33B00DD, 0xF38302CE, 0xF41604AE, 0xF4F10672, 0xF60E080F,
		0xF768097C, 0xF8F40AB0, 0xFAAB0BA3, 0xFC830C51, 0xFE6F0CB4,
		0x00650CCB, 0x02580C95, 0x043D0C14, 0x06090B4A, 0x07B00A3C,
		0x092908F0, 0x0A6B076F, 0x0B6F05C1, 0x0C2E03F1, 0x0CA30209,
		0x0CCD0014, 0x0CA9FE1F, 0x0C3AFC36, 0x0B81FA63, 0x0A83F8B2,
		0x0945F72D, 0x07D0F5DD, 0x062CF4C9, 0x0463F3FA, 0x027FF372,
		0x008DF336, 0xFE97F347, 0xFCA9F3A5, 0xFAD0F44C, 0xF916F53A,
		0xF785F669, 0xF628F7D2, 0xF505F96B, 0xF425FB2D, 0xF38CFD0B,
		0xF33EFEFB, 0xF33C00F1, 0xF38702E2, 0xF41E04C1, 0xF4FB0683,
		0xF61B081F, 0xF7760989, 0xF9050ABB, 0xFABE0BAB, 0xFC960C56,
		0xFE830CB6, 0x00790CCA, 0x026C0C92, 0x04500C0D, 0x061A0B40,
		0x07C00A30, 0x093708E2, 0x0A77075F, 0x0B7805AF, 0x0C3403DE,
		0x0CA601F5, 0x0CCD0000, 0x0CA6FE0B, 0x0C34FC22, 0x0B78FA51,
		0x0A77F8A1, 0x0937F71E, 0x07C0F5D0, 0x061AF4C0, 0x0450F3F3,
		0x026CF36E, 0x0079F336, 0xFE83F34A, 0xFC96F3AA, 0xFABEF455,
		0xF905F545, 0xF776F677, 0xF61BF7E1, 0xF4FBF97D, 0xF41EFB3F,
		0xF387FD1E, 0xF33CFF0F, 0xF33E0105, 0xF38C02F5, 0xF42504D3,
		0xF5050695, 0xF628082E, 0xF7850997, 0xF9160AC6, 0xFAD00BB4,
		0xFCA90C5B, 0xFE970CB9, 0x008D0CCA, 0x027F0C8E, 0x04630C06,
		0x062C0B37, 0x07D00A23, 0x094508D3, 0x0A83074E, 0x0B81059D,
		0x0C3A03CA, 0x0CA901E1, 0x0CCDFFEC, 0x0CA3FDF7, 0x0C2EFC0F,
		0x0B6FFA3F, 0x0A6BF891, 0x0929F710, 0x07B0F5C4, 0x0609F4B6,
		0x043DF3EC, 0x0258F36B, 0x0065F335, 0xFE6FF34C, 0xFC83F3AF,
		0xFAABF45D, 0xF8F4F550, 0xF768F684, 0xF60EF7F1, 0xF4F1F98E,
		0xF416FB52, 0xF383FD32, 0xF33BFF23, 0xF33F0119, 0xF3910309,
		0xF42D04E6, 0xF51006A6, 0xF635083E, 0xF79509A4, 0xF9270AD0,
		0xFAE30BBC, 0xFCBD0C60, 0xFEAB0CBB, 0x00A10CC9, 0x02930C8A,
		0x04760BFF, 0x063E0B2D, 0x07E00A17, 0x095308C5, 0x0A8E073E,
		0x0B89058B, 0x0C4003B7, 0x0CAC01CD, 0x0CCCFFD8, 0x0CA0FDE4,
		0x0C27FBFC, 0x0B66FA2D, 0x0A60F881, 0x091BF701, 0x07A0F5B8,
		0x05F7F4AD, 0x042AF3E6, 0x0244F367, 0x0050F334, 0xFE5BF34E,
		0xFC6FF3B5, 0xFA99F465, 0xF8E4F55C, 0xF759F692, 0xF602F801,
		0xF4E7F99F, 0xF40FFB65, 0xF37FFD46, 0xF339FF37, 0xF341012D,
		0xF395031C, 0xF43404F8, 0xF51A06B7, 0xF642084D, 0xF7A409B1,
		0xF9380ADB, 0xFAF50BC4, 0xFCD00C66, 0xFEBF0CBD, 0x00B50CC8,
		0x02A70C86, 0x04880BF8, 0x064F0B23, 0x07F00A0B, 0x096108B6,
		0x0A99072D, 0x0B920579, 0x0C4503A4, 0x0CAF01B9, 0x0CCCFFC4,
		0x0C9CFDD0, 0x0C21FBE9, 0x0B5DFA1B, 0x0A54F870, 0x090DF6F3,
		0x0790F5AC, 0x05E5F4A3, 0x0417F3DF, 0x0230F364, 0x003CF334,
		0xFE47F351, 0xFC5CF3BB, 0xFA87F46E, 0xF8D3F567, 0xF74AF69F,
		0xF5F5F810, 0xF4DDF9B1, 0xF408FB78, 0xF37AFD59, 0xF338FF4B,
		0xF3430141, 0xF39A0330, 0xF43C050B, 0xF52506C8, 0xF64F085C,
		0xF7B309BE, 0xF9490AE6, 0xFB080BCC, 0xFCE40C6B, 0xFED30CBF,
		0x00C90CC7, 0x02BA0C81, 0x049B0BF1, 0x06610B19, 0x07FF09FE,
		0x096E08A7, 0x0AA4071C, 0x0B9B0567, 0x0C4B0391, 0x0CB201A5,
		0x0CCCFFB0, 0x0C99FDBC, 0x0C1AFBD6, 0x0B53FA09, 0x0A48F860,
		0x08FFF6E5, 0x077FF5A0, 0x05D3F49A, 0x0404F3D9, 0x021CF360,
		0x0028F334, 0xFE33F354, 0xFC49F3C0, 0xFA75F477, 0xF8C2F572,
		0xF73BF6AD, 0xF5E9F820, 0xF4D3F9C2, 0xF401FB8A, 0xF376FD6D,
		0xF337FF5F, 0xF3450155, 0xF3A00343, 0xF444051D, 0xF53006D9,
		0xF65C086B, 0xF7C209CB, 0xF95A0AF0, 0xFB1A0BD3, 0xFCF70C6F,
		0xFEE70CC1, 0x00DD0CC5, 0x02CE0C7D, 0x04AE0BEA, 0x06720B0F,
		0x080F09F2, 0x097C0898, 0x0AB0070C, 0x0BA30555, 0x0C51037D,
		0x0CB40191, 0x0CCBFF9B, 0x0C95FDA8, 0x0C14FBC3, 0x0B4AF9F7,
		0x0A3CF850, 0x08F0F6D7, 0x076FF595, 0x05C1F491, 0x03F1F3D2,
		0x0209F35D, 0x0014F333, 0xFE1FF357, 0xFC36F3C6, 0xFA63F47F,
		0xF8B2F57D, 0xF72DF6BB, 0xF5DDF830, 0xF4C9F9D4, 0xF3FAFB9D,
		0xF372FD81, 0xF336FF73, 0xF3470169, 0xF3A50357, 0xF44C0530,
		0xF53A06EA, 0xF669087B, 0xF7D209D8, 0xF96B0AFB, 0xFB2D0BDB,
		0xFD0B0C74, 0xFEFB0CC2, 0x00F10CC4, 0x02E20C79, 0x04C10BE2,
		0x06830B05, 0x081F09E5, 0x0989088A, 0x0ABB06FB, 0x0BAB0542,
		0x0C56036A, 0x0CB6017D, 0x0CCAFF87, 0x0C92FD94, 0x0C0DFBB0,
		0x0B40F9E6, 0x0A30F840, 0x08E2F6C9, 0x075FF589, 0x05AFF488,
		0x03DEF3CC, 0x01F5F35A, 0x0000F333, 0xFE0BF35A, 0xFC22F3CC,
		0xFA51F488, 0xF8A1F589, 0xF71EF6C9, 0xF5D0F840, 0xF4C0F9E6,
		0xF3F3FBB0, 0xF36EFD94, 0xF336FF87, 0xF34A017D, 0xF3AA036A,
		0xF4550542, 0xF54506FB, 0xF677088A, 0xF7E109E5, 0xF97D0B05,
		0xFB3F0BE2, 0xFD1E0C79, 0xFF0F0CC4, 0x01050CC2, 0x02F50C74,
		0x04D30BDB, 0x06950AFB, 0x082E09D8, 0x0997087B, 0x0AC606EA,
		0x0BB40530, 0x0C5B0357, 0x0CB90169, 0x0CCAFF73, 0x0C8EFD81,
		0x0C06FB9D, 0x0B37F9D4, 0x0A23F830, 0x08D3F6BB, 0x074EF57D,
		0x059DF47F, 0x03CAF3C6, 0x01E1F357, 0xFFECF333, 0xFDF7F35D,
		0xFC0FF3D2, 0xFA3FF491, 0xF891F595, 0xF710F6D7, 0xF5C4F850,
		0xF4B6F9F7, 0xF3ECFBC3, 0xF36BFDA8, 0xF335FF9B, 0xF34C0191,
		0xF3AF037D, 0xF45D0555, 0xF550070C, 0xF6840898, 0xF7F109F2,
		0xF98E0B0F, 0xFB520BEA, 0xFD320C7D, 0xFF230CC5, 0x01190CC1,
		0x03090C6F, 0x04E60BD3, 0x06A60AF0, 0x083E09CB, 0x09A4086B,
		0x0AD006D9, 0x0BBC051D, 0x0C600343, 0x0CBB0155, 0x0CC9FF5F,
		0x0C8AFD6D, 0x0BFFFB8A, 0x0B2DF9C2, 0x0A17F820, 0x08C5F6AD,
		0x073EF572, 0x058BF477, 0x03B7F3C0, 0x01CDF354, 0xFFD8F334,
		0xFDE4F360, 0xFBFCF3D9, 0xFA2DF49A, 0xF881F5A0, 0xF701F6E5,
		0xF5B8F860, 0xF4ADFA09, 0xF3E6FBD6, 0xF367FDBC, 0xF334FFB0,
		0xF34E01A5, 0xF3B50391, 0xF4650567, 0xF55C071C, 0xF69208A7,
		0xF80109FE, 0xF99F0B19, 0xFB650BF1, 0xFD460C81, 0xFF370CC7,
		0x012D0CBF, 0x031C0C6B, 0x04F80BCC, 0x06B70AE6, 0x084D09BE,
		0x09B1085C, 0x0ADB06C8, 0x0BC4050B, 0x0C660330, 0x0CBD0141,
		0x0CC8FF4B, 0x0C86FD59, 0x0BF8FB78, 0x0B23F9B1, 0x0A0BF810,
		0x08B6F69F, 0x072DF567, 0x0579F46E, 0x03A4F3BB, 0x01B9F351,
		0xFFC4F334, 0xFDD0F364, 0xFBE9F3DF, 0xFA1BF4A3, 0xF870F5AC,
		0xF6F3F6F3, 0xF5ACF870, 0xF4A3FA1B, 0xF3DFFBE9, 0xF364FDD0,
		0xF334FFC4, 0xF35101B9, 0xF3BB03A4, 0xF46E0579, 0xF567072D,
		0xF69F08B6, 0xF8100A0B, 0xF9B10B23, 0xFB780BF8, 0xFD590C86,
		0xFF4B0CC8, 0x01410CBD, 0x03300C66, 0x050B0BC4, 0x06C80ADB,
		0x085C09B1, 0x09BE084D, 0x0AE606B7, 0x0BCC04F8, 0x0C6B031C,
		0x0CBF012D, 0x0CC7FF37, 0x0C81FD46, 0x0BF1FB65, 0x0B19F99F,
		0x09FEF801, 0x08A7F692, 0x071CF55C, 0x0567F465, 0x0391F3B5,
		0x01A5F34E, 0xFFB0F334, 0xFDBCF367, 0xFBD6F3E6, 0xFA09F4AD,
		0xF860F5B8, 0xF6E5F701, 0xF5A0F881, 0xF49AFA2D, 0xF3D9FBFC,
		0xF360FDE4, 0xF334FFD8, 0xF35401CD, 0xF3C003B7, 0xF477058B,
		0xF572073E, 0xF6AD08C5, 0xF8200A17, 0xF9C20B2D, 0xFB8A0BFF,
		0xFD6D0C8A, 0xFF5F0CC9, 0x01550CBB, 0x03430C60, 0x051D0BBC,
		0x06D90AD0, 0x086B09A4, 0x09CB083E, 0x0AF006A6, 0x0BD304E6,
		0x0C6F0309, 0x0CC10119, 0x0CC5FF23, 0x0C7DFD32, 0x0BEAFB52,
		0x0B0FF98E, 0x09F2F7F1, 0x0898F684, 0x070CF550, 0x0555F45D,
		0x037DF3AF, 0x0191F34C, 0xFF9BF335, 0xFDA8F36B, 0xFBC3F3EC,
		0xF9F7F4B6, 0xF850F5C4, 0xF6D7F710, 0xF595F891, 0xF491FA3F,
		0xF3D2FC0F, 0xF35DFDF7, 0xF333FFEC, 0xF35701E1, 0xF3C603CA,
		0xF47F059D, 0xF57D074E, 0xF6BB08D3, 0xF8300A23, 0xF9D40B37,
		0xFB9D0C06, 0xFD810C8E, 0xFF730CCA, 0x01690CB9, 0x03570C5B,
		0x05300BB4, 0x06EA0AC6, 0x087B0997, 0x09D8082E, 0x0AFB0695,
		0x0BDB04D3, 0x0C7402F5, 0x0CC20105, 0x0CC4FF0F, 0x0C79FD1E,
		0x0BE2FB3F, 0x0B05F97D, 0x09E5F7E1, 0x088AF677, 0x06FBF545,
		0x0542F455, 0x036AF3AA, 0x017DF34A, 0xFF87F336, 0xFD94F36E,
		0xFBB0F3F3, 0xF9E6F4C0, 0xF840F5D0, 0xF6C9F71E, 0xF589F8A1,
		0xF488FA51, 0xF3CCFC22, 0xF35AFE0B, 0xF3330000, 0xF35A01F5,
		0xF3CC03DE, 0xF48805AF, 0xF589075F, 0xF6C908E2, 0xF8400A30,
		0xF9E60B40, 0xFBB00C0D, 0xFD940C92, 0xFF870CCA, 0x017D0CB6,
		0x036A0C56, 0x05420BAB, 0x06FB0ABB, 0x088A0989, 0x09E5081F,
		0x0B050683, 0x0BE204C1, 0x0C7902E2, 0x0CC400F1, 0x0CC2FEFB,
		0x0C74FD0B, 0x0BDBFB2D, 0x0AFBF96B, 0x09D8F7D2, 0x087BF669,
		0x06EAF53A, 0x0530F44C, 0x0357F3A5, 0x0169F347, 0xFF73F336,
		0xFD81F372, 0xFB9DF3FA, 0xF9D4F4C9, 0xF830F5DD, 0xF6BBF72D,
		0xF57DF8B2, 0xF47FFA63, 0xF3C6FC36, 0xF357FE1F, 0xF3330014,
		0xF35D0209, 0xF3D203F1, 0xF49105C1, 0xF595076F, 0xF6D708F0,
		0xF8500A3C, 0xF9F70B4A, 0xFBC30C14, 0xFDA80C95, 0xFF9B0CCB,
		0x01910CB4, 0x037D0C51, 0x05550BA3, 0x070C0AB0, 0x0898097C,
		0x09F2080F, 0x0B0F0672, 0x0BEA04AE, 0x0C7D02CE, 0x0CC500DD,
		0x0CC1FEE7, 0x0C6FFCF7, 0x0BD3FB1A, 0x0AF0F95A, 0x09CBF7C2,
		0x086BF65C, 0x06D9F530, 0x051DF444, 0x0343F3A0, 0x0155F345,
		0xFF5FF337, 0xFD6DF376, 0xFB8AF401, 0xF9C2F4D3, 0xF820F5E9,
		0xF6ADF73B, 0xF572F8C2, 0xF477FA75, 0xF3C0FC49, 0xF354FE33,
		0xF3340028, 0xF360021C, 0xF3D90404, 0xF49A05D3, 0xF5A0077F,
		0xF6E508FF, 0xF8600A48, 0xFA090B53, 0xFBD60C1A, 0xFDBC0C99,
		0xFFB00CCC, 0x01A50CB2, 0x03910C4B, 0x05670B9B, 0x071C0AA4,
		0x08A7096E, 0x09FE07FF, 0x0B190661, 0x0BF1049B, 0x0C8102BA,
		0x0CC700C9, 0x0CBFFED3, 0x0C6BFCE4, 0x0BCCFB08, 0x0AE6F949,
		0x09BEF7B3, 0x085CF64F, 0x06C8F525, 0x050BF43C, 0x0330F39A,
		0x0141F343, 0xFF4BF338, 0xFD59F37A, 0xFB78F408, 0xF9B1F4DD,
		0xF810F5F5, 0xF69FF74A, 0xF567F8D3, 0xF46EFA87, 0xF3BBFC5C,
		0xF351FE47, 0xF334003C, 0xF3640230, 0xF3DF0417, 0xF4A305E5,
		0xF5AC0790, 0xF6F3090D, 0xF8700A54, 0xFA1B0B5D, 0xFBE90C21,
		0xFDD00C9C, 0xFFC40CCC, 0x01B90CAF, 0x03A40C45, 0x05790B92,
		0x072D0A99, 0x08B60961, 0x0A0B07F0, 0x0B23064F, 0x0BF80488,
		0x0C8602A7, 0x0CC800B5, 0x0CBDFEBF, 0x0C66FCD0, 0x0BC4FAF5,
		0x0ADBF938, 0x09B1F7A4, 0x084DF642, 0x06B7F51A, 0x04F8F434,
		0x031CF395, 0x012DF341, 0xFF37F339, 0xFD46F37F, 0xFB65F40F,
		0xF99FF4E7, 0xF801F602, 0xF692F759, 0xF55CF8E4, 0xF465FA99,
		0xF3B5FC6F, 0xF34EFE5B, 0xF3340050, 0xF3670244, 0xF3E6042A,
		0xF4AD05F7, 0xF5B807A0, 0xF701091B, 0xF8810A60, 0xFA2D0B66,
		0xFBFC0C27, 0xFDE40CA0, 0xFFD80CCC, 0x01CD0CAC, 0x03B70C40,
		0x058B0B89, 0x073E0A8E, 0x08C50953, 0x0A1707E0, 0x0B2D063E,
		0x0BFF0476, 0x0C8A0293, 0x0CC900A1, 0x0CBBFEAB, 0x0C60FCBD,
		0x0BBCFAE3, 0x0AD0F927, 0x09A4F795, 0x083EF635, 0x06A6F510,
		0x04E6F42D, 0x0309F391, 0x0119F33F, 0xFF23F33B, 0xFD32F383,
		0xFB52F416, 0xF98EF4F1, 0xF7F1F60E, 0xF684F768, 0xF550F8F4,
		0xF45DFAAB, 0xF3AFFC83, 0xF34CFE6F, 0xF3350065, 0xF36B0258,
		0xF3EC043D, 0xF4B60609, 0xF5C407B0, 0xF7100929, 0xF8910A6B,
		0xFA3F0B6F, 0xFC0F0C2E, 0xFDF70CA3, 0xFFEC0CCD, 0x01E10CA9,
		0x03CA0C3A, 0x059D0B81, 0x074E0A83, 0x08D30945, 0x0A2307D0,
		0x0B37062C, 0x0C060463, 0x0C8E027F, 0x0CCA008D, 0x0CB9FE97,
		0x0C5BFCA9, 0x0BB4FAD0, 0x0AC6F916, 0x0997F785, 0x082EF628,
		0x0695F505, 0x04D3F425, 0x02F5F38C, 0x0105F33E, 0xFF0FF33C,
		0xFD1EF387, 0xFB3FF41E, 0xF97DF4FB, 0xF7E1F61B, 0xF677F776,
		0xF545F905, 0xF455FABE, 0xF3AAFC96, 0xF34AFE83, 0xF3360079,
		0xF36E026C, 0xF3F30450, 0xF4C0061A, 0xF5D007C0, 0xF71E0937,
		0xF8A10A77, 0xFA510B78, 0xFC220C34, 0xFE0B0CA6, 0x00000CCD,
		0x01F50CA6, 0x03DE0C34, 0x05AF0B78, 0x075F0A77, 0x08E20937,
		0x0A3007C0, 0x0B40061A, 0x0C0D0450, 0x0C92026C, 0x0CCA0079,
		0x0CB6FE83, 0x0C56FC96, 0x0BABFABE, 0x0ABBF905, 0x0989F776,
		0x081FF61B, 0x0683F4FB, 0x04C1F41E, 0x02E2F387, 0x00F1F33C,
		0xFEFBF33E, 0xFD0BF38C, 0xFB2DF425, 0xF96BF505, 0xF7D2F628,
		0xF669F785, 0xF53AF916, 0xF44CFAD0, 0xF3A5FCA9, 0xF347FE97,
		0xF336008D, 0xF372027F, 0xF3FA0463, 0xF4C9062C, 0xF5DD07D0,
		0xF72D0945, 0xF8B20A83, 0xFA630B81, 0xFC360C3A, 0xFE1F0CA9,
		0x00140CCD, 0x02090CA3, 0x03F10C2E, 0x05C10B6F, 0x076F0A6B,
		0x08F00929, 0x0A3C07B0, 0x0B4A0609, 0x0C14043D, 0x0C950258,
		0x0CCB0065, 0x0CB4FE6F, 0x0C51FC83, 0x0BA3FAAB, 0x0AB0F8F4,
		0x097CF768, 0x080FF60E, 0x0672F4F1, 0x04AEF416, 0x02CEF383,
		0x00DDF33B, 0xFEE7F33F, 0xFCF7F391, 0xFB1AF42D, 0xF95AF510,
		0xF7C2F635, 0xF65CF795, 0xF530F927, 0xF444FAE3, 0xF3A0FCBD,
		0xF345FEAB, 0xF33700A1, 0xF3760293, 0xF4010476, 0xF4D3063E,
		0xF5E907E0, 0xF73B0953, 0xF8C20A8E, 0xFA750B89, 0xFC490C40,
		0xFE330CAC, 0x00280CCC, 0x021C0CA0, 0x04040C27, 0x05D30B66,
		0x077F0A60, 0x08FF091B, 0x0A4807A0, 0x0B5305F7, 0x0C1A042A,
		0x0C990244, 0x0CCC0050, 0x0CB2FE5B, 0x0C4BFC6F, 0x0B9BFA99,
		0x0AA4F8E4, 0x096EF759, 0x07FFF602, 0x0661F4E7, 0x049BF40F,
		0x02BAF37F, 0x00C9F339, 0xFED3F341, 0xFCE4F395, 0xFB08F434,
		0xF949F51A, 0xF7B3F642, 0xF64FF7A4, 0xF525F938, 0xF43CFAF5,
		0xF39AFCD0, 0xF343FEBF, 0xF33800B5, 0xF37A02A7, 0xF4080488,
		0xF4DD064F, 0xF5F507F0, 0xF74A0961, 0xF8D30A99, 0xFA870B92,
		0xFC5C0C45, 0xFE470CAF, 0x003C0CCC, 0x02300C9C, 0x04170C21,
		0x05E50B5D, 0x07900A54, 0x090D090D, 0x0A540790, 0x0B5D05E5,
		0x0C210417, 0x0C9C0230, 0x0CCC003C, 0x0CAFFE47, 0x0C45FC5C,
		0x0B92FA87, 0x0A99F8D3, 0x0961F74A, 0x07F0F5F5, 0x064FF4DD,
		0x0488F408, 0x02A7F37A, 0x00B5F338, 0xFEBFF343, 0xFCD0F39A,
		0xFAF5F43C, 0xF938F525, 0xF7A4F64F, 0xF642F7B3, 0xF51AF949,
		0xF434FB08, 0xF395FCE4, 0xF341FED3, 0xF33900C9, 0xF37F02BA,
		0xF40F049B, 0xF4E70661, 0xF60207FF, 0xF759096E, 0xF8E40AA4,
		0xFA990B9B, 0xFC6F0C4B, 0xFE5B0CB2, 0x00500CCC, 0x02440C99,
		0x042A0C1A, 0x05F70B53, 0x07A00A48, 0x091B08FF, 0x0A60077F,
		0x0B6605D3, 0x0C270404, 0x0CA0021C, 0x0CCC0028, 0x0CACFE33,
		0x0C40FC49, 0x0B89FA75, 0x0A8EF8C2, 0x0953F73B, 0x07E0F5E9,
		0x063EF4D3, 0x0476F401, 0x0293F376, 0x00A1F337, 0xFEABF345,
		0xFCBDF3A0, 0xFAE3F444, 0xF927F530, 0xF795F65C, 0xF635F7C2,
		0xF510F95A, 0xF42DFB1A, 0xF391FCF7, 0xF33FFEE7, 0xF33B00DD,
		0xF38302CE, 0xF41604AE, 0xF4F10672, 0xF60E080F, 0xF768097C,
		0xF8F40AB0, 0xFAAB0BA3, 0xFC830C51, 0xFE6F0CB4, 0x00650CCB,
		0x02580C95, 0x043D0C14, 0x06090B4A, 0x07B00A3C, 0x092908F0,
		0x0A6B076F, 0x0B6F05C1, 0x0C2E03F1, 0x0CA30209, 0x0CCD0014,
		0x0CA9FE1F, 0x0C3AFC36, 0x0B81FA63, 0x0A83F8B2, 0x0945F72D,
		0x07D0F5DD, 0x062CF4C9, 0x0463F3FA, 0x027FF372, 0x008DF336,
		0xFE97F347, 0xFCA9F3A5, 0xFAD0F44C, 0xF916F53A, 0xF785F669,
		0xF628F7D2, 0xF505F96B, 0xF425FB2D, 0xF38CFD0B, 0xF33EFEFB,
		0xF33C00F1, 0xF38702E2, 0xF41E04C1, 0xF4FB0683, 0xF61B081F,
		0xF7760989, 0xF9050ABB, 0xFABE0BAB, 0xFC960C56, 0xFE830CB6,
		0x00790CCA, 0x026C0C92, 0x04500C0D, 0x061A0B40, 0x07C00A30,
		0x093708E2, 0x0A77075F, 0x0B7805AF, 0x0C3403DE, 0x0CA601F5,
		0x0CCD0000, 0x0CA6FE0B, 0x0C34FC22, 0x0B78FA51, 0x0A77F8A1,
		0x0937F71E, 0x07C0F5D0, 0x061AF4C0, 0x0450F3F3, 0x026CF36E,
		0x0079F336, 0xFE83F34A, 0xFC96F3AA, 0xFABEF455, 0xF905F545,
		0xF776F677, 0xF61BF7E1, 0xF4FBF97D, 0xF41EFB3F, 0xF387FD1E,
		0xF33CFF0F, 0xF33E0105, 0xF38C02F5, 0xF42504D3, 0xF5050695,
		0xF628082E, 0xF7850997, 0xF9160AC6, 0xFAD00BB4, 0xFCA90C5B,
		0xFE970CB9, 0x008D0CCA, 0x027F0C8E, 0x04630C06, 0x062C0B37,
		0x07D00A23, 0x094508D3, 0x0A83074E, 0x0B81059D, 0x0C3A03CA,
		0x0CA901E1, 0x0CCDFFEC, 0x0CA3FDF7, 0x0C2EFC0F, 0x0B6FFA3F,
		0x0A6BF891, 0x0929F710, 0x07B0F5C4, 0x0609F4B6, 0x043DF3EC,
		0x0258F36B, 0x0065F335, 0xFE6FF34C, 0xFC83F3AF, 0xFAABF45D,
		0xF8F4F550, 0xF768F684, 0xF60EF7F1, 0xF4F1F98E, 0xF416FB52,
		0xF383FD32, 0xF33BFF23, 0xF33F0119, 0xF3910309, 0xF42D04E6,
		0xF51006A6, 0xF635083E, 0xF79509A4, 0xF9270AD0, 0xFAE30BBC,
		0xFCBD0C60, 0xFEAB0CBB, 0x00A10CC9, 0x02930C8A, 0x04760BFF,
		0x063E0B2D, 0x07E00A17, 0x095308C5, 0x0A8E073E, 0x0B89058B,
		0x0C4003B7, 0x0CAC01CD, 0x0CCCFFD8, 0x0CA0FDE4, 0x0C27FBFC,
		0x0B66FA2D, 0x0A60F881, 0x091BF701, 0x07A0F5B8, 0x05F7F4AD,
		0x042AF3E6, 0x0244F367, 0x0050F334, 0xFE5BF34E, 0xFC6FF3B5,
		0xFA99F465, 0xF8E4F55C, 0xF759F692, 0xF602F801, 0xF4E7F99F,
		0xF40FFB65, 0xF37FFD46, 0xF339FF37, 0xF341012D, 0xF395031C,
		0xF43404F8, 0xF51A06B7, 0xF642084D, 0xF7A409B1, 0xF9380ADB,
		0xFAF50BC4, 0xFCD00C66, 0xFEBF0CBD, 0x00B50CC8, 0x02A70C86,
		0x04880BF8, 0x064F0B23, 0x07F00A0B, 0x096108B6, 0x0A99072D,
		0x0B920579, 0x0C4503A4, 0x0CAF01B9, 0x0CCCFFC4, 0x0C9CFDD0,
		0x0C21FBE9, 0x0B5DFA1B, 0x0A54F870, 0x090DF6F3, 0x0790F5AC,
		0x05E5F4A3, 0x0417F3DF, 0x0230F364, 0x003CF334, 0xFE47F351,
		0xFC5CF3BB, 0xFA87F46E, 0xF8D3F567, 0xF74AF69F, 0xF5F5F810,
		0xF4DDF9B1, 0xF408FB78, 0xF37AFD59, 0xF338FF4B, 0xF3430141,
		0xF39A0330, 0xF43C050B, 0xF52506C8, 0xF64F085C, 0xF7B309BE,
		0xF9490AE6, 0xFB080BCC, 0xFCE40C6B, 0xFED30CBF, 0x00C90CC7,
		0x02BA0C81, 0x049B0BF1, 0x06610B19, 0x07FF09FE, 0x096E08A7,
		0x0AA4071C, 0x0B9B0567, 0x0C4B0391, 0x0CB201A5, 0x0CCCFFB0,
		0x0C99FDBC, 0x0C1AFBD6, 0x0B53FA09, 0x0A48F860, 0x08FFF6E5,
		0x077FF5A0, 0x05D3F49A, 0x0404F3D9, 0x021CF360, 0x0028F334,
		0xFE33F354, 0xFC49F3C0, 0xFA75F477, 0xF8C2F572, 0xF73BF6AD,
		0xF5E9F820, 0xF4D3F9C2, 0xF401FB8A, 0xF376FD6D, 0xF337FF5F,
		0xF3450155, 0xF3A00343, 0xF444051D, 0xF53006D9, 0xF65C086B,
		0xF7C209CB, 0xF95A0AF0, 0xFB1A0BD3, 0xFCF70C6F, 0xFEE70CC1,
		0x00DD0CC5, 0x02CE0C7D, 0x04AE0BEA, 0x06720B0F, 0x080F09F2,
		0x097C0898, 0x0AB0070C, 0x0BA30555, 0x0C51037D, 0x0CB40191,
		0x0CCBFF9B, 0x0C95FDA8, 0x0C14FBC3, 0x0B4AF9F7, 0x0A3CF850,
		0x08F0F6D7, 0x076FF595, 0x05C1F491, 0x03F1F3D2, 0x0209F35D,
		0x0014F333, 0xFE1FF357, 0xFC36F3C6, 0xFA63F47F, 0xF8B2F57D,
		0xF72DF6BB, 0xF5DDF830, 0xF4C9F9D4, 0xF3FAFB9D, 0xF372FD81,
		0xF336FF73, 0xF3470169, 0xF3A50357, 0xF44C0530, 0xF53A06EA,
		0xF669087B, 0xF7D209D8, 0xF96B0AFB, 0xFB2D0BDB, 0xFD0B0C74,
		0xFEFB0CC2, 0x00F10CC4, 0x02E20C79, 0x04C10BE2, 0x06830B05,
		0x081F09E5, 0x0989088A, 0x0ABB06FB, 0x0BAB0542, 0x0C56036A,
		0x0CB6017D, 0x0CCAFF87, 0x0C92FD94, 0x0C0DFBB0, 0x0B40F9E6,
		0x0A30F840, 0x08E2F6C9, 0x075FF589, 0x05AFF488, 0x03DEF3CC,
		0x01F5F35A, 0x0000F333, 0xFE0BF35A, 0xFC22F3CC, 0xFA51F488,
		0xF8A1F589, 0xF71EF6C9, 0xF5D0F840, 0xF4C0F9E6, 0xF3F3FBB0,
		0xF36EFD94, 0xF336FF87, 0xF34A017D, 0xF3AA036A, 0xF4550542,
		0xF54506FB, 0xF677088A, 0xF7E109E5, 0xF97D0B05, 0xFB3F0BE2,
		0xFD1E0C79, 0xFF0F0CC4, 0x01050CC2, 0x02F50C74, 0x04D30BDB,
		0x06950AFB, 0x082E09D8, 0x0997087B, 0x0AC606EA, 0x0BB40530,
		0x0C5B0357, 0x0CB90169, 0x0CCAFF73, 0x0C8EFD81, 0x0C06FB9D,
		0x0B37F9D4, 0x0A23F830, 0x08D3F6BB, 0x074EF57D, 0x059DF47F,
		0x03CAF3C6, 0x01E1F357, 0xFFECF333, 0xFDF7F35D, 0xFC0FF3D2,
		0xFA3FF491, 0xF891F595, 0xF710F6D7, 0xF5C4F850, 0xF4B6F9F7,
		0xF3ECFBC3, 0xF36BFDA8, 0xF335FF9B, 0xF34C0191, 0xF3AF037D,
		0xF45D0555, 0xF550070C, 0xF6840898, 0xF7F109F2, 0xF98E0B0F,
		0xFB520BEA, 0xFD320C7D, 0xFF230CC5, 0x01190CC1, 0x03090C6F,
		0x04E60BD3, 0x06A60AF0, 0x083E09CB, 0x09A4086B, 0x0AD006D9,
		0x0BBC051D, 0x0C600343, 0x0CBB0155, 0x0CC9FF5F, 0x0C8AFD6D,
		0x0BFFFB8A, 0x0B2DF9C2, 0x0A17F820, 0x08C5F6AD, 0x073EF572,
		0x058BF477, 0x03B7F3C0, 0x01CDF354, 0xFFD8F334, 0xFDE4F360,
		0xFBFCF3D9, 0xFA2DF49A, 0xF881F5A0, 0xF701F6E5, 0xF5B8F860,
		0xF4ADFA09, 0xF3E6FBD6, 0xF367FDBC, 0xF334FFB0, 0xF34E01A5,
		0xF3B50391, 0xF4650567, 0xF55C071C, 0xF69208A7, 0xF80109FE,
		0xF99F0B19, 0xFB650BF1, 0xFD460C81, 0xFF370CC7, 0x012D0CBF,
		0x031C0C6B, 0x04F80BCC, 0x06B70AE6, 0x084D09BE, 0x09B1085C,
		0x0ADB06C8, 0x0BC4050B, 0x0C660330, 0x0CBD0141, 0x0CC8FF4B,
		0x0C86FD59, 0x0BF8FB78, 0x0B23F9B1, 0x0A0BF810, 0x08B6F69F,
		0x072DF567, 0x0579F46E, 0x03A4F3BB, 0x01B9F351, 0xFFC4F334,
		0xFDD0F364, 0xFBE9F3DF, 0xFA1BF4A3, 0xF870F5AC, 0xF6F3F6F3,
		0xF5ACF870, 0xF4A3FA1B, 0xF3DFFBE9, 0xF364FDD0, 0xF334FFC4,
		0xF35101B9, 0xF3BB03A4, 0xF46E0579, 0xF567072D, 0xF69F08B6,
		0xF8100A0B, 0xF9B10B23, 0xFB780BF8, 0xFD590C86, 0xFF4B0CC8,
		0x01410CBD, 0x03300C66, 0x050B0BC4, 0x06C80ADB, 0x085C09B1,
		0x09BE084D, 0x0AE606B7, 0x0BCC04F8, 0x0C6B031C, 0x0CBF012D,
		0x0CC7FF37, 0x0C81FD46, 0x0BF1FB65, 0x0B19F99F, 0x09FEF801,
		0x08A7F692, 0x071CF55C, 0x0567F465, 0x0391F3B5, 0x01A5F34E,
		0xFFB0F334, 0xFDBCF367, 0xFBD6F3E6, 0xFA09F4AD, 0xF860F5B8,
		0xF6E5F701, 0xF5A0F881, 0xF49AFA2D, 0xF3D9FBFC, 0xF360FDE4,
		0xF334FFD8, 0xF35401CD, 0xF3C003B7, 0xF477058B, 0xF572073E,
		0xF6AD08C5, 0xF8200A17, 0xF9C20B2D, 0xFB8A0BFF, 0xFD6D0C8A,
		0xFF5F0CC9, 0x01550CBB, 0x03430C60, 0x051D0BBC, 0x06D90AD0,
		0x086B09A4, 0x09CB083E, 0x0AF006A6, 0x0BD304E6, 0x0C6F0309,
		0x0CC10119, 0x0CC5FF23, 0x0C7DFD32, 0x0BEAFB52, 0x0B0FF98E,
		0x09F2F7F1, 0x0898F684, 0x070CF550, 0x0555F45D, 0x037DF3AF,
		0x0191F34C, 0xFF9BF335, 0xFDA8F36B, 0xFBC3F3EC, 0xF9F7F4B6,
		0xF850F5C4, 0xF6D7F710, 0xF595F891, 0xF491FA3F, 0xF3D2FC0F,
		0xF35DFDF7, 0xF333FFEC, 0xF35701E1, 0xF3C603CA, 0xF47F059D,
		0xF57D074E, 0xF6BB08D3, 0xF8300A23, 0xF9D40B37, 0xFB9D0C06,
		0xFD810C8E, 0xFF730CCA, 0x01690CB9, 0x03570C5B, 0x05300BB4,
		0x06EA0AC6, 0x087B0997, 0x09D8082E, 0x0AFB0695, 0x0BDB04D3,
		0x0C7402F5, 0x0CC20105, 0x0CC4FF0F, 0x0C79FD1E, 0x0BE2FB3F,
		0x0B05F97D, 0x09E5F7E1, 0x088AF677, 0x06FBF545, 0x0542F455,
		0x036AF3AA, 0x017DF34A, 0xFF87F336, 0xFD94F36E, 0xFBB0F3F3,
		0xF9E6F4C0, 0xF840F5D0, 0xF6C9F71E, 0xF589F8A1, 0xF488FA51,
		0xF3CCFC22, 0xF35AFE0B, 0xF3330000, 0xF35A01F5, 0xF3CC03DE,
		0xF48805AF, 0xF589075F, 0xF6C908E2, 0xF8400A30, 0xF9E60B40,
		0xFBB00C0D, 0xFD940C92, 0xFF870CCA, 0x017D0CB6, 0x036A0C56,
		0x05420BAB, 0x06FB0ABB, 0x088A0989, 0x09E5081F, 0x0B050683,
		0x0BE204C1, 0x0C7902E2, 0x0CC400F1, 0x0CC2FEFB, 0x0C74FD0B,
		0x0BDBFB2D, 0x0AFBF96B, 0x09D8F7D2, 0x087BF669, 0x06EAF53A,
		0x0530F44C, 0x0357F3A5, 0x0169F347, 0xFF73F336, 0xFD81F372,
		0xFB9DF3FA, 0xF9D4F4C9, 0xF830F5DD, 0xF6BBF72D, 0xF57DF8B2,
		0xF47FFA63, 0xF3C6FC36, 0xF357FE1F, 0xF3330014, 0xF35D0209,
		0xF3D203F1, 0xF49105C1, 0xF595076F, 0xF6D708F0, 0xF8500A3C,
		0xF9F70B4A, 0xFBC30C14, 0xFDA80C95, 0xFF9B0CCB, 0x01910CB4,
		0x037D0C51, 0x05550BA3, 0x070C0AB0, 0x0898097C, 0x09F2080F,
		0x0B0F0672, 0x0BEA04AE, 0x0C7D02CE, 0x0CC500DD, 0x0CC1FEE7,
		0x0C6FFCF7, 0x0BD3FB1A, 0x0AF0F95A, 0x09CBF7C2, 0x086BF65C,
		0x06D9F530, 0x051DF444, 0x0343F3A0, 0x0155F345, 0xFF5FF337,
		0xFD6DF376, 0xFB8AF401, 0xF9C2F4D3, 0xF820F5E9, 0xF6ADF73B,
		0xF572F8C2, 0xF477FA75, 0xF3C0FC49, 0xF354FE33, 0xF3340028,
		0xF360021C, 0xF3D90404, 0xF49A05D3, 0xF5A0077F, 0xF6E508FF,
		0xF8600A48, 0xFA090B53, 0xFBD60C1A, 0xFDBC0C99, 0xFFB00CCC,
		0x01A50CB2, 0x03910C4B, 0x05670B9B, 0x071C0AA4, 0x08A7096E,
		0x09FE07FF, 0x0B190661, 0x0BF1049B, 0x0C8102BA, 0x0CC700C9,
		0x0CBFFED3, 0x0C6BFCE4, 0x0BCCFB08, 0x0AE6F949, 0x09BEF7B3,
		0x085CF64F, 0x06C8F525, 0x050BF43C, 0x0330F39A, 0x0141F343,
		0xFF4BF338, 0xFD59F37A, 0xFB78F408, 0xF9B1F4DD, 0xF810F5F5,
		0xF69FF74A, 0xF567F8D3, 0xF46EFA87, 0xF3BBFC5C, 0xF351FE47,
		0xF334003C, 0xF3640230, 0xF3DF0417, 0xF4A305E5, 0xF5AC0790,
		0xF6F3090D, 0xF8700A54, 0xFA1B0B5D, 0xFBE90C21, 0xFDD00C9C,
		0xFFC40CCC, 0x01B90CAF, 0x03A40C45, 0x05790B92, 0x072D0A99,
		0x08B60961, 0x0A0B07F0, 0x0B23064F, 0x0BF80488, 0x0C8602A7,
		0x0CC800B5, 0x0CBDFEBF, 0x0C66FCD0, 0x0BC4FAF5, 0x0ADBF938,
		0x09B1F7A4, 0x084DF642, 0x06B7F51A, 0x04F8F434, 0x031CF395,
		0x012DF341, 0xFF37F339, 0xFD46F37F, 0xFB65F40F, 0xF99FF4E7,
		0xF801F602, 0xF692F759, 0xF55CF8E4, 0xF465FA99, 0xF3B5FC6F,
		0xF34EFE5B, 0xF3340050, 0xF3670244, 0xF3E6042A, 0xF4AD05F7,
		0xF5B807A0, 0xF701091B, 0xF8810A60, 0xFA2D0B66, 0xFBFC0C27,
		0xFDE40CA0, 0xFFD80CCC, 0x01CD0CAC, 0x03B70C40, 0x058B0B89,
		0x073E0A8E, 0x08C50953, 0x0A1707E0, 0x0B2D063E, 0x0BFF0476,
		0x0C8A0293, 0x0CC900A1, 0x0CBBFEAB, 0x0C60FCBD, 0x0BBCFAE3,
		0x0AD0F927, 0x09A4F795, 0x083EF635, 0x06A6F510, 0x04E6F42D,
		0x0309F391, 0x0119F33F, 0xFF23F33B, 0xFD32F383, 0xFB52F416,
		0xF98EF4F1, 0xF7F1F60E, 0xF684F768, 0xF550F8F4, 0xF45DFAAB,
		0xF3AFFC83, 0xF34CFE6F, 0xF3350065, 0xF36B0258, 0xF3EC043D,
		0xF4B60609, 0xF5C407B0, 0xF7100929, 0xF8910A6B, 0xFA3F0B6F,
		0xFC0F0C2E, 0xFDF70CA3, 0xFFEC0CCD, 0x01E10CA9, 0x03CA0C3A,
		0x059D0B81, 0x074E0A83, 0x08D30945, 0x0A2307D0, 0x0B37062C,
		0x0C060463, 0x0C8E027F, 0x0CCA008D, 0x0CB9FE97, 0x0C5BFCA9,
		0x0BB4FAD0, 0x0AC6F916, 0x0997F785, 0x082EF628, 0x0695F505,
		0x04D3F425, 0x02F5F38C, 0x0105F33E, 0xFF0FF33C, 0xFD1EF387,
		0xFB3FF41E, 0xF97DF4FB, 0xF7E1F61B, 0xF677F776, 0xF545F905,
		0xF455FABE, 0xF3AAFC96, 0xF34AFE83, 0xF3360079, 0xF36E026C,
		0xF3F30450, 0xF4C0061A, 0xF5D007C0, 0xF71E0937, 0xF8A10A77,
		0xFA510B78, 0xFC220C34, 0xFE0B0CA6, 0x00000CCD, 0x01F50CA6,
		0x03DE0C34, 0x05AF0B78, 0x075F0A77, 0x08E20937, 0x0A3007C0,
		0x0B40061A, 0x0C0D0450, 0x0C92026C, 0x0CCA0079, 0x0CB6FE83,
		0x0C56FC96, 0x0BABFABE, 0x0ABBF905, 0x0989F776, 0x081FF61B,
		0x0683F4FB, 0x04C1F41E, 0x02E2F387, 0x00F1F33C, 0xFEFBF33E,
		0xFD0BF38C, 0xFB2DF425, 0xF96BF505, 0xF7D2F628, 0xF669F785,
		0xF53AF916, 0xF44CFAD0, 0xF3A5FCA9, 0xF347FE97, 0xF336008D,
		0xF372027F, 0xF3FA0463, 0xF4C9062C, 0xF5DD07D0, 0xF72D0945,
		0xF8B20A83, 0xFA630B81, 0xFC360C3A, 0xFE1F0CA9, 0x00140CCD,
		0x02090CA3, 0x03F10C2E, 0x05C10B6F, 0x076F0A6B, 0x08F00929,
		0x0A3C07B0, 0x0B4A0609, 0x0C14043D, 0x0C950258, 0x0CCB0065,
		0x0CB4FE6F, 0x0C51FC83, 0x0BA3FAAB, 0x0AB0F8F4, 0x097CF768,
		0x080FF60E, 0x0672F4F1, 0x04AEF416, 0x02CEF383, 0x00DDF33B,
		0xFEE7F33F, 0xFCF7F391, 0xFB1AF42D, 0xF95AF510, 0xF7C2F635,
		0xF65CF795, 0xF530F927, 0xF444FAE3, 0xF3A0FCBD, 0xF345FEAB,
		0xF33700A1, 0xF3760293, 0xF4010476, 0xF4D3063E, 0xF5E907E0,
		0xF73B0953, 0xF8C20A8E, 0xFA750B89, 0xFC490C40, 0xFE330CAC,
		0x00280CCC, 0x021C0CA0, 0x04040C27, 0x05D30B66, 0x077F0A60,
		0x08FF091B, 0x0A4807A0, 0x0B5305F7, 0x0C1A042A, 0x0C990244,
		0x0CCC0050, 0x0CB2FE5B, 0x0C4BFC6F, 0x0B9BFA99, 0x0AA4F8E4,
		0x096EF759, 0x07FFF602, 0x0661F4E7, 0x049BF40F, 0x02BAF37F,
		0x00C9F339, 0xFED3F341, 0xFCE4F395, 0xFB08F434, 0xF949F51A,
		0xF7B3F642, 0xF64FF7A4, 0xF525F938, 0xF43CFAF5, 0xF39AFCD0,
		0xF343FEBF, 0xF33800B5, 0xF37A02A7, 0xF4080488, 0xF4DD064F,
		0xF5F507F0, 0xF74A0961, 0xF8D30A99, 0xFA870B92, 0xFC5C0C45,
		0xFE470CAF, 0x003C0CCC, 0x02300C9C, 0x04170C21, 0x05E50B5D,
		0x07900A54, 0x090D090D, 0x0A540790, 0x0B5D05E5, 0x0C210417,
		0x0C9C0230, 0x0CCC003C, 0x0CAFFE47, 0x0C45FC5C, 0x0B92FA87,
		0x0A99F8D3, 0x0961F74A, 0x07F0F5F5, 0x064FF4DD, 0x0488F408,
		0x02A7F37A, 0x00B5F338, 0xFEBFF343, 0xFCD0F39A, 0xFAF5F43C,
		0xF938F525, 0xF7A4F64F, 0xF642F7B3, 0xF51AF949, 0xF434FB08,
		0xF395FCE4, 0xF341FED3, 0xF33900C9, 0xF37F02BA, 0xF40F049B,
		0xF4E70661, 0xF60207FF, 0xF759096E, 0xF8E40AA4, 0xFA990B9B,
		0xFC6F0C4B, 0xFE5B0CB2, 0x00500CCC, 0x02440C99, 0x042A0C1A,
		0x05F70B53, 0x07A00A48, 0x091B08FF, 0x0A60077F, 0x0B6605D3,
		0x0C270404, 0x0CA0021C, 0x0CCC0028, 0x0CACFE33, 0x0C40FC49,
		0x0B89FA75, 0x0A8EF8C2, 0x0953F73B, 0x07E0F5E9, 0x063EF4D3,
		0x0476F401, 0x0293F376, 0x00A1F337, 0xFEABF345, 0xFCBDF3A0,
		0xFAE3F444, 0xF927F530, 0xF795F65C, 0xF635F7C2, 0xF510F95A,
		0xF42DFB1A, 0xF391FCF7, 0xF33FFEE7, 0xF33B00DD, 0xF38302CE,
		0xF41604AE, 0xF4F10672, 0xF60E080F, 0xF768097C, 0xF8F40AB0,
		0xFAAB0BA3, 0xFC830C51, 0xFE6F0CB4, 0x00650CCB, 0x02580C95,
		0x043D0C14, 0x06090B4A, 0x07B00A3C, 0x092908F0, 0x0A6B076F,
		0x0B6F05C1, 0x0C2E03F1, 0x0CA30209, 0x0CCD0014, 0x0CA9FE1F,
		0x0C3AFC36, 0x0B81FA63, 0x0A83F8B2, 0x0945F72D, 0x07D0F5DD,
		0x062CF4C9, 0x0463F3FA, 0x027FF372, 0x008DF336, 0xFE97F347,
		0xFCA9F3A5, 0xFAD0F44C, 0xF916F53A, 0xF785F669, 0xF628F7D2,
		0xF505F96B, 0xF425FB2D, 0xF38CFD0B, 0xF33EFEFB, 0xF33C00F1,
		0xF38702E2, 0xF41E04C1, 0xF4FB0683, 0xF61B081F, 0xF7760989,
		0xF9050ABB, 0xFABE0BAB, 0xFC960C56, 0xFE830CB6, 0x00790CCA,
		0x026C0C92, 0x04500C0D, 0x061A0B40, 0x07C00A30, 0x093708E2,
		0x0A77075F, 0x0B7805AF, 0x0C3403DE, 0x0CA601F5, 0x0CCD0000,
		0x0CA6FE0B, 0x0C34FC22, 0x0B78FA51, 0x0A77F8A1, 0x0937F71E,
		0x07C0F5D0, 0x061AF4C0, 0x0450F3F3, 0x026CF36E, 0x0079F336,
		0xFE83F34A, 0xFC96F3AA, 0xFABEF455, 0xF905F545, 0xF776F677,
		0xF61BF7E1, 0xF4FBF97D, 0xF41EFB3F, 0xF387FD1E, 0xF33CFF0F,
		0xF33E0105, 0xF38C02F5, 0xF42504D3, 0xF5050695, 0xF628082E,
		0xF7850997, 0xF9160AC6, 0xFAD00BB4, 0xFCA90C5B, 0xFE970CB9,
		0x008D0CCA, 0x027F0C8E, 0x04630C06, 0x062C0B37, 0x07D00A23,
		0x094508D3, 0x0A83074E, 0x0B81059D, 0x0C3A03CA, 0x0CA901E1,
		0x0CCDFFEC, 0x0CA3FDF7, 0x0C2EFC0F, 0x0B6FFA3F, 0x0A6BF891,
		0x0929F710, 0x07B0F5C4, 0x0609F4B6, 0x043DF3EC, 0x0258F36B,
		0x0065F335, 0xFE6FF34C, 0xFC83F3AF, 0xFAABF45D, 0xF8F4F550,
		0xF768F684, 0xF60EF7F1, 0xF4F1F98E, 0xF416FB52, 0xF383FD32,
		0xF33BFF23, 0xF33F0119, 0xF3910309, 0xF42D04E6, 0xF51006A6,
		0xF635083E, 0xF79509A4, 0xF9270AD0, 0xFAE30BBC, 0xFCBD0C60,
		0xFEAB0CBB, 0x00A10CC9, 0x02930C8A, 0x04760BFF, 0x063E0B2D,
		0x07E00A17, 0x095308C5, 0x0A8E073E, 0x0B89058B, 0x0C4003B7,
		0x0CAC01CD, 0x0CCCFFD8, 0x0CA0FDE4, 0x0C27FBFC, 0x0B66FA2D,
		0x0A60F881, 0x091BF701, 0x07A0F5B8, 0x05F7F4AD, 0x042AF3E6,
		0x0244F367, 0x0050F334, 0xFE5BF34E, 0xFC6FF3B5, 0xFA99F465,
		0xF8E4F55C, 0xF759F692, 0xF602F801, 0xF4E7F99F, 0xF40FFB65,
		0xF37FFD46, 0xF339FF37, 0xF341012D, 0xF395031C, 0xF43404F8,
		0xF51A06B7, 0xF642084D, 0xF7A409B1, 0xF9380ADB, 0xFAF50BC4,
		0xFCD00C66, 0xFEBF0CBD, 0x00B50CC8, 0x02A70C86, 0x04880BF8,
		0x064F0B23, 0x07F00A0B, 0x096108B6, 0x0A99072D, 0x0B920579,
		0x0C4503A4, 0x0CAF01B9, 0x0CCCFFC4, 0x0C9CFDD0, 0x0C21FBE9,
		0x0B5DFA1B, 0x0A54F870, 0x090DF6F3, 0x0790F5AC, 0x05E5F4A3,
		0x0417F3DF, 0x0230F364, 0x003CF334, 0xFE47F351, 0xFC5CF3BB,
		0xFA87F46E, 0xF8D3F567, 0xF74AF69F, 0xF5F5F810, 0xF4DDF9B1,
		0xF408FB78, 0xF37AFD59, 0xF338FF4B, 0xF3430141, 0xF39A0330,
		0xF43C050B, 0xF52506C8, 0xF64F085C, 0xF7B309BE, 0xF9490AE6,
		0xFB080BCC, 0xFCE40C6B, 0xFED30CBF, 0x00C90CC7, 0x02BA0C81,
		0x049B0BF1, 0x06610B19, 0x07FF09FE, 0x096E08A7, 0x0AA4071C,
		0x0B9B0567, 0x0C4B0391, 0x0CB201A5, 0x0CCCFFB0, 0x0C99FDBC,
		0x0C1AFBD6, 0x0B53FA09, 0x0A48F860, 0x08FFF6E5, 0x077FF5A0,
		0x05D3F49A, 0x0404F3D9, 0x021CF360, 0x0028F334, 0xFE33F354,
		0xFC49F3C0, 0xFA75F477, 0xF8C2F572, 0xF73BF6AD, 0xF5E9F820,
		0xF4D3F9C2, 0xF401FB8A, 0xF376FD6D, 0xF337FF5F, 0xF3450155,
		0xF3A00343, 0xF444051D, 0xF53006D9, 0xF65C086B, 0xF7C209CB,
		0xF95A0AF0, 0xFB1A0BD3, 0xFCF70C6F, 0xFEE70CC1, 0x00DD0CC5,
		0x02CE0C7D, 0x04AE0BEA, 0x06720B0F, 0x080F09F2, 0x097C0898,
		0x0AB0070C, 0x0BA30555, 0x0C51037D, 0x0CB40191, 0x0CCBFF9B,
		0x0C95FDA8, 0x0C14FBC3, 0x0B4AF9F7, 0x0A3CF850, 0x08F0F6D7,
		0x076FF595, 0x05C1F491, 0x03F1F3D2, 0x0209F35D, 0x0014F333,
		0xFE1FF357, 0xFC36F3C6, 0xFA63F47F, 0xF8B2F57D, 0xF72DF6BB,
		0xF5DDF830, 0xF4C9F9D4, 0xF3FAFB9D, 0xF372FD81, 0xF336FF73,
		0xF3470169, 0xF3A50357, 0xF44C0530, 0xF53A06EA, 0xF669087B,
		0xF7D209D8, 0xF96B0AFB, 0xFB2D0BDB, 0xFD0B0C74, 0xFEFB0CC2,
		0x00F10CC4, 0x02E20C79, 0x04C10BE2, 0x06830B05, 0x081F09E5,
		0x0989088A, 0x0ABB06FB, 0x0BAB0542, 0x0C56036A, 0x0CB6017D,
		0x0CCAFF87, 0x0C92FD94, 0x0C0DFBB0, 0x0B40F9E6, 0x0A30F840,
		0x08E2F6C9, 0x075FF589, 0x05AFF488, 0x03DEF3CC, 0x01F5F35A,
		0x0000F333, 0xFE0BF35A, 0xFC22F3CC, 0xFA51F488, 0xF8A1F589,
		0xF71EF6C9, 0xF5D0F840, 0xF4C0F9E6, 0xF3F3FBB0, 0xF36EFD94,
		0xF336FF87, 0xF34A017D, 0xF3AA036A, 0xF4550542, 0xF54506FB,
		0xF677088A, 0xF7E109E5, 0xF97D0B05, 0xFB3F0BE2, 0xFD1E0C79,
		0xFF0F0CC4, 0x01050CC2, 0x02F50C74, 0x04D30BDB, 0x06950AFB,
		0x082E09D8, 0x0997087B, 0x0AC606EA, 0x0BB40530, 0x0C5B0357,
		0x0CB90169, 0x0CCAFF73, 0x0C8EFD81, 0x0C06FB9D, 0x0B37F9D4,
		0x0A23F830, 0x08D3F6BB, 0x074EF57D, 0x059DF47F, 0x03CAF3C6,
		0x01E1F357, 0xFFECF333, 0xFDF7F35D, 0xFC0FF3D2, 0xFA3FF491,
		0xF891F595, 0xF710F6D7, 0xF5C4F850, 0xF4B6F9F7, 0xF3ECFBC3,
		0xF36BFDA8, 0xF335FF9B, 0xF34C0191, 0xF3AF037D, 0xF45D0555,
		0xF550070C, 0xF6840898, 0xF7F109F2, 0xF98E0B0F, 0xFB520BEA,
		0xFD320C7D, 0xFF230CC5, 0x01190CC1, 0x03090C6F, 0x04E60BD3,
		0x06A60AF0, 0x083E09CB, 0x09A4086B, 0x0AD006D9, 0x0BBC051D,
		0x0C600343, 0x0CBB0155, 0x0CC9FF5F, 0x0C8AFD6D, 0x0BFFFB8A,
		0x0B2DF9C2, 0x0A17F820, 0x08C5F6AD, 0x073EF572, 0x058BF477,
		0x03B7F3C0, 0x01CDF354, 0xFFD8F334, 0xFDE4F360, 0xFBFCF3D9,
		0xFA2DF49A, 0xF881F5A0, 0xF701F6E5, 0xF5B8F860, 0xF4ADFA09,
		0xF3E6FBD6, 0xF367FDBC, 0xF334FFB0, 0xF34E01A5, 0xF3B50391,
		0xF4650567, 0xF55C071C, 0xF69208A7, 0xF80109FE, 0xF99F0B19,
		0xFB650BF1, 0xFD460C81, 0xFF370CC7, 0x012D0CBF, 0x031C0C6B,
		0x04F80BCC, 0x06B70AE6, 0x084D09BE, 0x09B1085C, 0x0ADB06C8,
		0x0BC4050B, 0x0C660330, 0x0CBD0141, 0x0CC8FF4B, 0x0C86FD59,
		0x0BF8FB78, 0x0B23F9B1, 0x0A0BF810, 0x08B6F69F, 0x072DF567,
		0x0579F46E, 0x03A4F3BB, 0x01B9F351, 0xFFC4F334, 0xFDD0F364,
		0xFBE9F3DF, 0xFA1BF4A3, 0xF870F5AC, 0xF6F3F6F3, 0xF5ACF870,
		0xF4A3FA1B, 0xF3DFFBE9, 0xF364FDD0, 0xF334FFC4, 0xF35101B9,
		0xF3BB03A4, 0xF46E0579, 0xF567072D, 0xF69F08B6, 0xF8100A0B,
		0xF9B10B23, 0xFB780BF8, 0xFD590C86, 0xFF4B0CC8, 0x01410CBD,
		0x03300C66, 0x050B0BC4, 0x06C80ADB, 0x085C09B1, 0x09BE084D,
		0x0AE606B7, 0x0BCC04F8, 0x0C6B031C, 0x0CBF012D, 0x0CC7FF37,
		0x0C81FD46, 0x0BF1FB65, 0x0B19F99F, 0x09FEF801, 0x08A7F692,
		0x071CF55C, 0x0567F465, 0x0391F3B5, 0x01A5F34E, 0xFFB0F334,
		0xFDBCF367, 0xFBD6F3E6, 0xFA09F4AD, 0xF860F5B8, 0xF6E5F701,
		0xF5A0F881, 0xF49AFA2D, 0xF3D9FBFC, 0xF360FDE4, 0xF334FFD8,
		0xF35401CD, 0xF3C003B7, 0xF477058B, 0xF572073E, 0xF6AD08C5,
		0xF8200A17, 0xF9C20B2D, 0xFB8A0BFF, 0xFD6D0C8A, 0xFF5F0CC9,
		0x01550CBB, 0x03430C60, 0x051D0BBC, 0x06D90AD0, 0x086B09A4,
		0x09CB083E, 0x0AF006A6, 0x0BD304E6, 0x0C6F0309, 0x0CC10119,
		0x0CC5FF23, 0x0C7DFD32, 0x0BEAFB52, 0x0B0FF98E, 0x09F2F7F1,
		0x0898F684, 0x070CF550, 0x0555F45D, 0x037DF3AF, 0x0191F34C,
		0xFF9BF335, 0xFDA8F36B, 0xFBC3F3EC, 0xF9F7F4B6, 0xF850F5C4,
		0xF6D7F710, 0xF595F891, 0xF491FA3F, 0xF3D2FC0F, 0xF35DFDF7,
		0xF333FFEC, 0xF35701E1, 0xF3C603CA, 0xF47F059D, 0xF57D074E,
		0xF6BB08D3, 0xF8300A23, 0xF9D40B37, 0xFB9D0C06, 0xFD810C8E,
		0xFF730CCA, 0x01690CB9, 0x03570C5B, 0x05300BB4, 0x06EA0AC6,
		0x087B0997, 0x09D8082E, 0x0AFB0695, 0x0BDB04D3, 0x0C7402F5,
		0x0CC20105, 0x0CC4FF0F, 0x0C79FD1E, 0x0BE2FB3F, 0x0B05F97D,
		0x09E5F7E1, 0x088AF677, 0x06FBF545, 0x0542F455, 0x036AF3AA,
		0x017DF34A, 0xFF87F336, 0xFD94F36E, 0xFBB0F3F3, 0xF9E6F4C0,
		0xF840F5D0, 0xF6C9F71E, 0xF589F8A1, 0xF488FA51, 0xF3CCFC22,
		0xF35AFE0B, 0xF3330000, 0xF35A01F5, 0xF3CC03DE, 0xF48805AF,
		0xF589075F, 0xF6C908E2, 0xF8400A30, 0xF9E60B40, 0xFBB00C0D,
		0xFD940C92, 0xFF870CCA, 0x017D0CB6, 0x036A0C56, 0x05420BAB,
		0x06FB0ABB, 0x088A0989, 0x09E5081F, 0x0B050683, 0x0BE204C1,
		0x0C7902E2, 0x0CC400F1, 0x0CC2FEFB, 0x0C74FD0B, 0x0BDBFB2D,
		0x0AFBF96B, 0x09D8F7D2, 0x087BF669, 0x06EAF53A, 0x0530F44C,
		0x0357F3A5, 0x0169F347, 0xFF73F336, 0xFD81F372, 0xFB9DF3FA,
		0xF9D4F4C9, 0xF830F5DD, 0xF6BBF72D, 0xF57DF8B2, 0xF47FFA63,
		0xF3C6FC36, 0xF357FE1F, 0xF3330014, 0xF35D0209, 0xF3D203F1,
		0xF49105C1, 0xF595076F, 0xF6D708F0, 0xF8500A3C, 0xF9F70B4A,
		0xFBC30C14, 0xFDA80C95, 0xFF9B0CCB, 0x01910CB4, 0x037D0C51,
		0x05550BA3, 0x070C0AB0, 0x0898097C, 0x09F2080F, 0x0B0F0672,
		0x0BEA04AE, 0x0C7D02CE, 0x0CC500DD, 0x0CC1FEE7, 0x0C6FFCF7,
		0x0BD3FB1A, 0x0AF0F95A, 0x09CBF7C2, 0x086BF65C, 0x06D9F530,
		0x051DF444, 0x0343F3A0, 0x0155F345, 0xFF5FF337, 0xFD6DF376,
		0xFB8AF401, 0xF9C2F4D3, 0xF820F5E9, 0xF6ADF73B, 0xF572F8C2,
		0xF477FA75, 0xF3C0FC49, 0xF354FE33, 0xF3340028, 0xF360021C,
		0xF3D90404, 0xF49A05D3, 0xF5A0077F, 0xF6E508FF, 0xF8600A48,
		0xFA090B53, 0xFBD60C1A, 0xFDBC0C99, 0xFFB00CCC, 0x01A50CB2,
		0x03910C4B, 0x05670B9B, 0x071C0AA4, 0x08A7096E, 0x09FE07FF,
		0x0B190661, 0x0BF1049B, 0x0C8102BA, 0x0CC700C9, 0x0CBFFED3,
		0x0C6BFCE4, 0x0BCCFB08, 0x0AE6F949, 0x09BEF7B3, 0x085CF64F,
		0x06C8F525, 0x050BF43C, 0x0330F39A, 0x0141F343, 0xFF4BF338,
		0xFD59F37A, 0xFB78F408, 0xF9B1F4DD, 0xF810F5F5, 0xF69FF74A,
		0xF567F8D3, 0xF46EFA87, 0xF3BBFC5C, 0xF351FE47, 0xF334003C,
		0xF3640230, 0xF3DF0417, 0xF4A305E5, 0xF5AC0790, 0xF6F3090D,
		0xF8700A54, 0xFA1B0B5D, 0xFBE90C21, 0xFDD00C9C, 0xFFC40CCC,
		0x01B90CAF, 0x03A40C45, 0x05790B92, 0x072D0A99, 0x08B60961,
		0x0A0B07F0, 0x0B23064F, 0x0BF80488, 0x0C8602A7, 0x0CC800B5,
		0x0CBDFEBF, 0x0C66FCD0, 0x0BC4FAF5, 0x0ADBF938, 0x09B1F7A4,
		0x084DF642, 0x06B7F51A, 0x04F8F434, 0x031CF395, 0x012DF341,
		0xFF37F339, 0xFD46F37F, 0xFB65F40F, 0xF99FF4E7, 0xF801F602,
		0xF692F759, 0xF55CF8E4, 0xF465FA99, 0xF3B5FC6F, 0xF34EFE5B,
		0xF3340050, 0xF3670244, 0xF3E6042A, 0xF4AD05F7, 0xF5B807A0,
		0xF701091B, 0xF8810A60, 0xFA2D0B66, 0xFBFC0C27, 0xFDE40CA0,
		0xFFD80CCC, 0x01CD0CAC, 0x03B70C40, 0x058B0B89, 0x073E0A8E,
		0x08C50953, 0x0A1707E0, 0x0B2D063E, 0x0BFF0476, 0x0C8A0293,
		0x0CC900A1, 0x0CBBFEAB, 0x0C60FCBD, 0x0BBCFAE3, 0x0AD0F927,
		0x09A4F795, 0x083EF635, 0x06A6F510, 0x04E6F42D, 0x0309F391,
		0x0119F33F, 0xFF23F33B, 0xFD32F383, 0xFB52F416, 0xF98EF4F1,
		0xF7F1F60E, 0xF684F768, 0xF550F8F4, 0xF45DFAAB, 0xF3AFFC83,
		0xF34CFE6F, 0xF3350065, 0xF36B0258, 0xF3EC043D, 0xF4B60609,
		0xF5C407B0, 0xF7100929, 0xF8910A6B, 0xFA3F0B6F, 0xFC0F0C2E,
		0xFDF70CA3, 0xFFEC0CCD, 0x01E10CA9, 0x03CA0C3A, 0x059D0B81,
		0x074E0A83, 0x08D30945, 0x0A2307D0, 0x0B37062C, 0x0C060463,
		0x0C8E027F, 0x0CCA008D, 0x0CB9FE97, 0x0C5BFCA9, 0x0BB4FAD0,
		0x0AC6F916, 0x0997F785, 0x082EF628, 0x0695F505, 0x04D3F425,
		0x02F5F38C, 0x0105F33E, 0xFF0FF33C, 0xFD1EF387, 0xFB3FF41E,
		0xF97DF4FB, 0xF7E1F61B, 0xF677F776, 0xF545F905, 0xF455FABE,
		0xF3AAFC96, 0xF34AFE83, 0xF3360079, 0xF36E026C, 0xF3F30450,
		0xF4C0061A, 0xF5D007C0, 0xF71E0937, 0xF8A10A77, 0xFA510B78,
		0xFC220C34, 0xFE0B0CA6, 0x00000CCD, 0x01F50CA6, 0x03DE0C34,
		0x05AF0B78, 0x075F0A77, 0x08E20937, 0x0A3007C0, 0x0B40061A,
		0x0C0D0450, 0x0C92026C, 0x0CCA0079, 0x0CB6FE83, 0x0C56FC96,
		0x0BABFABE, 0x0ABBF905, 0x0989F776, 0x081FF61B, 0x0683F4FB,
		0x04C1F41E, 0x02E2F387, 0x00F1F33C, 0xFEFBF33E, 0xFD0BF38C,
		0xFB2DF425, 0xF96BF505, 0xF7D2F628, 0xF669F785, 0xF53AF916,
		0xF44CFAD0, 0xF3A5FCA9, 0xF347FE97, 0xF336008D, 0xF372027F,
		0xF3FA0463, 0xF4C9062C, 0xF5DD07D0, 0xF72D0945, 0xF8B20A83,
		0xFA630B81, 0xFC360C3A, 0xFE1F0CA9, 0x00140CCD, 0x02090CA3,
		0x03F10C2E, 0x05C10B6F, 0x076F0A6B, 0x08F00929, 0x0A3C07B0,
		0x0B4A0609, 0x0C14043D, 0x0C950258, 0x0CCB0065, 0x0CB4FE6F,
		0x0C51FC83, 0x0BA3FAAB, 0x0AB0F8F4, 0x097CF768, 0x080FF60E,
		0x0672F4F1, 0x04AEF416, 0x02CEF383, 0x00DDF33B, 0xFEE7F33F,
		0xFCF7F391, 0xFB1AF42D, 0xF95AF510, 0xF7C2F635, 0xF65CF795,
		0xF530F927, 0xF444FAE3, 0xF3A0FCBD, 0xF345FEAB, 0xF33700A1,
		0xF3760293, 0xF4010476, 0xF4D3063E, 0xF5E907E0, 0xF73B0953,
		0xF8C20A8E, 0xFA750B89, 0xFC490C40, 0xFE330CAC, 0x00280CCC,
		0x021C0CA0, 0x04040C27, 0x05D30B66, 0x077F0A60, 0x08FF091B,
		0x0A4807A0, 0x0B5305F7, 0x0C1A042A, 0x0C990244, 0x0CCC0050,
		0x0CB2FE5B, 0x0C4BFC6F, 0x0B9BFA99, 0x0AA4F8E4, 0x096EF759,
		0x07FFF602, 0x0661F4E7, 0x049BF40F, 0x02BAF37F, 0x00C9F339,
		0xFED3F341, 0xFCE4F395, 0xFB08F434, 0xF949F51A, 0xF7B3F642,
		0xF64FF7A4, 0xF525F938, 0xF43CFAF5, 0xF39AFCD0, 0xF343FEBF,
		0xF33800B5, 0xF37A02A7, 0xF4080488, 0xF4DD064F, 0xF5F507F0,
		0xF74A0961, 0xF8D30A99, 0xFA870B92, 0xFC5C0C45, 0xFE470CAF,
		0x003C0CCC, 0x02300C9C, 0x04170C21, 0x05E50B5D, 0x07900A54,
		0x090D090D, 0x0A540790, 0x0B5D05E5, 0x0C210417, 0x0C9C0230,
		0x0CCC003C, 0x0CAFFE47, 0x0C45FC5C, 0x0B92FA87, 0x0A99F8D3,
		0x0961F74A, 0x07F0F5F5, 0x064FF4DD, 0x0488F408, 0x02A7F37A,
		0x00B5F338, 0xFEBFF343, 0xFCD0F39A, 0xFAF5F43C, 0xF938F525,
		0xF7A4F64F, 0xF642F7B3, 0xF51AF949, 0xF434FB08, 0xF395FCE4,
		0xF341FED3, 0xF33900C9, 0xF37F02BA, 0xF40F049B, 0xF4E70661,
		0xF60207FF, 0xF759096E, 0xF8E40AA4, 0xFA990B9B, 0xFC6F0C4B,
		0xFE5B0CB2, 0x00500CCC, 0x02440C99, 0x042A0C1A, 0x05F70B53,
		0x07A00A48, 0x091B08FF, 0x0A60077F, 0x0B6605D3, 0x0C270404,
		0x0CA0021C, 0x0CCC0028, 0x0CACFE33, 0x0C40FC49, 0x0B89FA75,
		0x0A8EF8C2, 0x0953F73B, 0x07E0F5E9, 0x063EF4D3, 0x0476F401,
		0x0293F376, 0x00A1F337, 0xFEABF345, 0xFCBDF3A0, 0xFAE3F444,
		0xF927F530, 0xF795F65C, 0xF635F7C2, 0xF510F95A, 0xF42DFB1A,
		0xF391FCF7, 0xF33FFEE7, 0xF33B00DD, 0xF38302CE, 0xF41604AE,
		0xF4F10672, 0xF60E080F, 0xF768097C, 0xF8F40AB0, 0xFAAB0BA3,
		0xFC830C51, 0xFE6F0CB4, 0x00650CCB, 0x02580C95, 0x043D0C14,
		0x06090B4A, 0x07B00A3C, 0x092908F0, 0x0A6B076F, 0x0B6F05C1,
		0x0C2E03F1, 0x0CA30209, 0x0CCD0014, 0x0CA9FE1F, 0x0C3AFC36,
		0x0B81FA63, 0x0A83F8B2, 0x0945F72D, 0x07D0F5DD, 0x062CF4C9,
		0x0463F3FA, 0x027FF372, 0x008DF336, 0xFE97F347, 0xFCA9F3A5,
		0xFAD0F44C, 0xF916F53A, 0xF785F669, 0xF628F7D2, 0xF505F96B,
		0xF425FB2D, 0xF38CFD0B, 0xF33EFEFB, 0xF33C00F1, 0xF38702E2,
		0xF41E04C1, 0xF4FB0683, 0xF61B081F, 0xF7760989, 0xF9050ABB,
		0xFABE0BAB, 0xFC960C56, 0xFE830CB6, 0x00790CCA, 0x026C0C92,
		0x04500C0D, 0x061A0B40, 0x07C00A30, 0x093708E2, 0x0A77075F,
		0x0B7805AF, 0x0C3403DE, 0x0CA601F5, 0x0CCD0000, 0x0CA6FE0B,
		0x0C34FC22, 0x0B78FA51, 0x0A77F8A1, 0x0937F71E, 0x07C0F5D0,
		0x061AF4C0, 0x0450F3F3, 0x026CF36E, 0x0079F336, 0xFE83F34A,
		0xFC96F3AA, 0xFABEF455, 0xF905F545, 0xF776F677, 0xF61BF7E1,
		0xF4FBF97D, 0xF41EFB3F, 0xF387FD1E, 0xF33CFF0F, 0xF33E0105,
		0xF38C02F5, 0xF42504D3, 0xF5050695, 0xF628082E, 0xF7850997,
		0xF9160AC6, 0xFAD00BB4, 0xFCA90C5B, 0xFE970CB9, 0x008D0CCA,
		0x027F0C8E, 0x04630C06, 0x062C0B37, 0x07D00A23, 0x094508D3,
		0x0A83074E, 0x0B81059D, 0x0C3A03CA, 0x0CA901E1, 0x0CCDFFEC,
		0x0CA3FDF7, 0x0C2EFC0F, 0x0B6FFA3F, 0x0A6BF891, 0x0929F710,
		0x07B0F5C4, 0x0609F4B6, 0x043DF3EC, 0x0258F36B, 0x0065F335,
		0xFE6FF34C, 0xFC83F3AF, 0xFAABF45D, 0xF8F4F550, 0xF768F684,
		0xF60EF7F1, 0xF4F1F98E, 0xF416FB52, 0xF383FD32, 0xF33BFF23,
		0xF33F0119, 0xF3910309, 0xF42D04E6, 0xF51006A6, 0xF635083E,
		0xF79509A4, 0xF9270AD0, 0xFAE30BBC, 0xFCBD0C60, 0xFEAB0CBB,
		0x00A10CC9, 0x02930C8A, 0x04760BFF, 0x063E0B2D, 0x07E00A17,
		0x095308C5, 0x0A8E073E, 0x0B89058B, 0x0C4003B7, 0x0CAC01CD,
		0x0CCCFFD8, 0x0CA0FDE4, 0x0C27FBFC, 0x0B66FA2D, 0x0A60F881,
		0x091BF701, 0x07A0F5B8, 0x05F7F4AD, 0x042AF3E6, 0x0244F367,
		0x0050F334, 0xFE5BF34E, 0xFC6FF3B5, 0xFA99F465, 0xF8E4F55C,
		0xF759F692, 0xF602F801, 0xF4E7F99F, 0xF40FFB65, 0xF37FFD46,
		0xF339FF37, 0xF341012D, 0xF395031C, 0xF43404F8, 0xF51A06B7,
		0xF642084D, 0xF7A409B1, 0xF9380ADB, 0xFAF50BC4, 0xFCD00C66,
		0xFEBF0CBD, 0x00B50CC8, 0x02A70C86, 0x04880BF8, 0x064F0B23,
		0x07F00A0B, 0x096108B6, 0x0A99072D, 0x0B920579, 0x0C4503A4,
		0x0CAF01B9, 0x0CCCFFC4, 0x0C9CFDD0, 0x0C21FBE9, 0x0B5DFA1B,
		0x0A54F870, 0x090DF6F3, 0x0790F5AC, 0x05E5F4A3, 0x0417F3DF,
		0x0230F364, 0x003CF334, 0xFE47F351, 0xFC5CF3BB, 0xFA87F46E,
		0xF8D3F567, 0xF74AF69F, 0xF5F5F810, 0xF4DDF9B1, 0xF408FB78,
		0xF37AFD59, 0xF338FF4B, 0xF3430141, 0xF39A0330, 0xF43C050B,
		0xF52506C8, 0xF64F085C, 0xF7B309BE, 0xF9490AE6, 0xFB080BCC,
		0xFCE40C6B, 0xFED30CBF, 0x00C90CC7, 0x02BA0C81, 0x049B0BF1,
		0x06610B19, 0x07FF09FE, 0x096E08A7, 0x0AA4071C, 0x0B9B0567,
		0x0C4B0391, 0x0CB201A5, 0x0CCCFFB0, 0x0C99FDBC, 0x0C1AFBD6,
		0x0B53FA09, 0x0A48F860, 0x08FFF6E5, 0x077FF5A0, 0x05D3F49A,
		0x0404F3D9, 0x021CF360, 0x0028F334, 0xFE33F354, 0xFC49F3C0,
		0xFA75F477, 0xF8C2F572, 0xF73BF6AD, 0xF5E9F820, 0xF4D3F9C2,
		0xF401FB8A, 0xF376FD6D, 0xF337FF5F, 0xF3450155, 0xF3A00343,
		0xF444051D, 0xF53006D9, 0xF65C086B, 0xF7C209CB, 0xF95A0AF0,
		0xFB1A0BD3, 0xFCF70C6F, 0xFEE70CC1, 0x00DD0CC5, 0x02CE0C7D,
		0x04AE0BEA, 0x06720B0F, 0x080F09F2, 0x097C0898, 0x0AB0070C,
		0x0BA30555, 0x0C51037D, 0x0CB40191, 0x0CCBFF9B, 0x0C95FDA8,
		0x0C14FBC3, 0x0B4AF9F7, 0x0A3CF850, 0x08F0F6D7, 0x076FF595,
		0x05C1F491, 0x03F1F3D2, 0x0209F35D, 0x0014F333, 0xFE1FF357,
		0xFC36F3C6, 0xFA63F47F, 0xF8B2F57D, 0xF72DF6BB, 0xF5DDF830,
		0xF4C9F9D4, 0xF3FAFB9D, 0xF372FD81, 0xF336FF73, 0xF3470169,
		0xF3A50357, 0xF44C0530, 0xF53A06EA, 0xF669087B, 0xF7D209D8,
		0xF96B0AFB, 0xFB2D0BDB, 0xFD0B0C74, 0xFEFB0CC2, 0x00F10CC4,
		0x02E20C79, 0x04C10BE2, 0x06830B05, 0x081F09E5, 0x0989088A,
		0x0ABB06FB, 0x0BAB0542, 0x0C56036A, 0x0CB6017D, 0x0CCAFF87,
		0x0C92FD94, 0x0C0DFBB0, 0x0B40F9E6, 0x0A30F840, 0x08E2F6C9,
		0x075FF589, 0x05AFF488, 0x03DEF3CC, 0x01F5F35A, 0x0000F333,
		0xFE0BF35A, 0xFC22F3CC, 0xFA51F488, 0xF8A1F589, 0xF71EF6C9,
		0xF5D0F840, 0xF4C0F9E6, 0xF3F3FBB0, 0xF36EFD94, 0xF336FF87,
		0xF34A017D, 0xF3AA036A, 0xF4550542, 0xF54506FB, 0xF677088A,
		0xF7E109E5, 0xF97D0B05, 0xFB3F0BE2, 0xFD1E0C79, 0xFF0F0CC4,
		0x01050CC2, 0x02F50C74, 0x04D30BDB, 0x06950AFB, 0x082E09D8,
		0x0997087B, 0x0AC606EA, 0x0BB40530, 0x0C5B0357, 0x0CB90169,
		0x0CCAFF73, 0x0C8EFD81, 0x0C06FB9D, 0x0B37F9D4, 0x0A23F830,
		0x08D3F6BB, 0x074EF57D, 0x059DF47F, 0x03CAF3C6, 0x01E1F357,
		0xFFECF333, 0xFDF7F35D, 0xFC0FF3D2, 0xFA3FF491, 0xF891F595,
		0xF710F6D7, 0xF5C4F850, 0xF4B6F9F7, 0xF3ECFBC3, 0xF36BFDA8,
		0xF335FF9B, 0xF34C0191, 0xF3AF037D, 0xF45D0555, 0xF550070C,
		0xF6840898, 0xF7F109F2, 0xF98E0B0F, 0xFB520BEA, 0xFD320C7D,
		0xFF230CC5, 0x01190CC1, 0x03090C6F, 0x04E60BD3, 0x06A60AF0,
		0x083E09CB, 0x09A4086B, 0x0AD006D9, 0x0BBC051D, 0x0C600343,
		0x0CBB0155, 0x0CC9FF5F, 0x0C8AFD6D, 0x0BFFFB8A, 0x0B2DF9C2,
		0x0A17F820, 0x08C5F6AD, 0x073EF572, 0x058BF477, 0x03B7F3C0,
		0x01CDF354, 0xFFD8F334, 0xFDE4F360, 0xFBFCF3D9, 0xFA2DF49A,
		0xF881F5A0, 0xF701F6E5, 0xF5B8F860, 0xF4ADFA09, 0xF3E6FBD6,
		0xF367FDBC, 0xF334FFB0, 0xF34E01A5, 0xF3B50391, 0xF4650567,
		0xF55C071C, 0xF69208A7, 0xF80109FE, 0xF99F0B19, 0xFB650BF1,
		0xFD460C81, 0xFF370CC7, 0x012D0CBF, 0x031C0C6B, 0x04F80BCC,
		0x06B70AE6, 0x084D09BE, 0x09B1085C, 0x0ADB06C8, 0x0BC4050B,
		0x0C660330, 0x0CBD0141, 0x0CC8FF4B, 0x0C86FD59, 0x0BF8FB78,
		0x0B23F9B1, 0x0A0BF810, 0x08B6F69F, 0x072DF567, 0x0579F46E,
		0x03A4F3BB, 0x01B9F351, 0xFFC4F334, 0xFDD0F364, 0xFBE9F3DF,
		0xFA1BF4A3, 0xF870F5AC, 0xF6F3F6F3, 0xF5ACF870, 0xF4A3FA1B,
		0xF3DFFBE9, 0xF364FDD0, 0xF334FFC4, 0xF35101B9, 0xF3BB03A4,
		0xF46E0579, 0xF567072D, 0xF69F08B6, 0xF8100A0B, 0xF9B10B23,
		0xFB780BF8, 0xFD590C86, 0xFF4B0CC8, 0x01410CBD, 0x03300C66,
		0x050B0BC4, 0x06C80ADB, 0x085C09B1, 0x09BE084D, 0x0AE606B7,
		0x0BCC04F8, 0x0C6B031C, 0x0CBF012D, 0x0CC7FF37, 0x0C81FD46,
		0x0BF1FB65, 0x0B19F99F, 0x09FEF801, 0x08A7F692, 0x071CF55C,
		0x0567F465, 0x0391F3B5, 0x01A5F34E, 0xFFB0F334, 0xFDBCF367,
		0xFBD6F3E6, 0xFA09F4AD, 0xF860F5B8, 0xF6E5F701, 0xF5A0F881,
		0xF49AFA2D, 0xF3D9FBFC, 0xF360FDE4, 0xF334FFD8, 0xF35401CD,
		0xF3C003B7, 0xF477058B, 0xF572073E, 0xF6AD08C5, 0xF8200A17,
		0xF9C20B2D, 0xFB8A0BFF, 0xFD6D0C8A, 0xFF5F0CC9, 0x01550CBB,
		0x03430C60, 0x051D0BBC, 0x06D90AD0, 0x086B09A4, 0x09CB083E,
		0x0AF006A6, 0x0BD304E6, 0x0C6F0309, 0x0CC10119, 0x0CC5FF23,
		0x0C7DFD32, 0x0BEAFB52, 0x0B0FF98E, 0x09F2F7F1, 0x0898F684,
		0x070CF550, 0x0555F45D, 0x037DF3AF, 0x0191F34C, 0xFF9BF335,
		0xFDA8F36B, 0xFBC3F3EC, 0xF9F7F4B6, 0xF850F5C4, 0xF6D7F710,
		0xF595F891, 0xF491FA3F, 0xF3D2FC0F, 0xF35DFDF7, 0xF333FFEC,
		0xF35701E1, 0xF3C603CA, 0xF47F059D, 0xF57D074E, 0xF6BB08D3,
		0xF8300A23, 0xF9D40B37, 0xFB9D0C06, 0xFD810C8E, 0xFF730CCA,
		0x01690CB9, 0x03570C5B, 0x05300BB4, 0x06EA0AC6, 0x087B0997,
		0x09D8082E, 0x0AFB0695, 0x0BDB04D3, 0x0C7402F5, 0x0CC20105,
		0x0CC4FF0F, 0x0C79FD1E, 0x0BE2FB3F, 0x0B05F97D, 0x09E5F7E1,
		0x088AF677, 0x06FBF545, 0x0542F455, 0x036AF3AA, 0x017DF34A,
		0xFF87F336, 0xFD94F36E, 0xFBB0F3F3, 0xF9E6F4C0, 0xF840F5D0,
		0xF6C9F71E, 0xF589F8A1, 0xF488FA51, 0xF3CCFC22, 0xF35AFE0B,
		0xF3330000, 0xF35A01F5, 0xF3CC03DE, 0xF48805AF, 0xF589075F,
		0xF6C908E2, 0xF8400A30, 0xF9E60B40, 0xFBB00C0D, 0xFD940C92,
		0xFF870CCA, 0x017D0CB6, 0x036A0C56, 0x05420BAB, 0x06FB0ABB,
		0x088A0989, 0x09E5081F, 0x0B050683, 0x0BE204C1, 0x0C7902E2,
		0x0CC400F1, 0x0CC2FEFB, 0x0C74FD0B, 0x0BDBFB2D, 0x0AFBF96B,
		0x09D8F7D2, 0x087BF669, 0x06EAF53A, 0x0530F44C, 0x0357F3A5,
		0x0169F347, 0xFF73F336, 0xFD81F372, 0xFB9DF3FA, 0xF9D4F4C9,
		0xF830F5DD, 0xF6BBF72D, 0xF57DF8B2, 0xF47FFA63, 0xF3C6FC36,
		0xF357FE1F, 0xF3330014, 0xF35D0209, 0xF3D203F1, 0xF49105C1,
		0xF595076F, 0xF6D708F0, 0xF8500A3C, 0xF9F70B4A, 0xFBC30C14,
		0xFDA80C95, 0xFF9B0CCB, 0x01910CB4, 0x037D0C51, 0x05550BA3,
		0x070C0AB0, 0x0898097C, 0x09F2080F, 0x0B0F0672, 0x0BEA04AE,
		0x0C7D02CE, 0x0CC500DD, 0x0CC1FEE7, 0x0C6FFCF7, 0x0BD3FB1A,
		0x0AF0F95A, 0x09CBF7C2, 0x086BF65C, 0x06D9F530, 0x051DF444,
		0x0343F3A0, 0x0155F345, 0xFF5FF337, 0xFD6DF376, 0xFB8AF401,
		0xF9C2F4D3, 0xF820F5E9, 0xF6ADF73B, 0xF572F8C2, 0xF477FA75,
		0xF3C0FC49, 0xF354FE33, 0xF3340028, 0xF360021C, 0xF3D90404,
		0xF49A05D3, 0xF5A0077F, 0xF6E508FF, 0xF8600A48, 0xFA090B53,
		0xFBD60C1A, 0xFDBC0C99, 0xFFB00CCC, 0x01A50CB2, 0x03910C4B,
		0x05670B9B, 0x071C0AA4, 0x08A7096E, 0x09FE07FF, 0x0B190661,
		0x0BF1049B, 0x0C8102BA, 0x0CC700C9, 0x0CBFFED3, 0x0C6BFCE4,
		0x0BCCFB08, 0x0AE6F949, 0x09BEF7B3, 0x085CF64F, 0x06C8F525,
		0x050BF43C, 0x0330F39A, 0x0141F343, 0xFF4BF338, 0xFD59F37A,
		0xFB78F408, 0xF9B1F4DD, 0xF810F5F5, 0xF69FF74A, 0xF567F8D3,
		0xF46EFA87, 0xF3BBFC5C, 0xF351FE47, 0xF334003C, 0xF3640230,
		0xF3DF0417, 0xF4A305E5, 0xF5AC0790, 0xF6F3090D, 0xF8700A54,
		0xFA1B0B5D, 0xFBE90C21, 0xFDD00C9C, 0xFFC40CCC, 0x01B90CAF,
		0x03A40C45, 0x05790B92, 0x072D0A99, 0x08B60961, 0x0A0B07F0,
		0x0B23064F, 0x0BF80488, 0x0C8602A7, 0x0CC800B5, 0x0CBDFEBF,
		0x0C66FCD0, 0x0BC4FAF5, 0x0ADBF938, 0x09B1F7A4, 0x084DF642,
		0x06B7F51A, 0x04F8F434, 0x031CF395, 0x012DF341, 0xFF37F339,
		0xFD46F37F, 0xFB65F40F, 0xF99FF4E7, 0xF801F602, 0xF692F759,
		0xF55CF8E4, 0xF465FA99, 0xF3B5FC6F, 0xF34EFE5B, 0xF3340050,
		0xF3670244, 0xF3E6042A, 0xF4AD05F7, 0xF5B807A0, 0xF701091B,
		0xF8810A60, 0xFA2D0B66, 0xFBFC0C27, 0xFDE40CA0, 0xFFD80CCC,
		0x01CD0CAC, 0x03B70C40, 0x058B0B89, 0x073E0A8E, 0x08C50953,
		0x0A1707E0, 0x0B2D063E, 0x0BFF0476, 0x0C8A0293, 0x0CC900A1,
		0x0CBBFEAB, 0x0C60FCBD, 0x0BBCFAE3, 0x0AD0F927, 0x09A4F795,
		0x083EF635, 0x06A6F510, 0x04E6F42D, 0x0309F391, 0x0119F33F,
		0xFF23F33B, 0xFD32F383, 0xFB52F416, 0xF98EF4F1, 0xF7F1F60E,
		0xF684F768, 0xF550F8F4, 0xF45DFAAB, 0xF3AFFC83, 0xF34CFE6F,
		0xF3350065, 0xF36B0258, 0xF3EC043D, 0xF4B60609, 0xF5C407B0,
		0xF7100929, 0xF8910A6B, 0xFA3F0B6F, 0xFC0F0C2E, 0xFDF70CA3,
		0xFFEC0CCD, 0x01E10CA9, 0x03CA0C3A, 0x059D0B81, 0x074E0A83,
		0x08D30945, 0x0A2307D0, 0x0B37062C, 0x0C060463, 0x0C8E027F,
		0x0CCA008D, 0x0CB9FE97, 0x0C5BFCA9, 0x0BB4FAD0, 0x0AC6F916,
		0x0997F785, 0x082EF628, 0x0695F505, 0x04D3F425, 0x02F5F38C,
		0x0105F33E, 0xFF0FF33C, 0xFD1EF387, 0xFB3FF41E, 0xF97DF4FB,
		0xF7E1F61B, 0xF677F776, 0xF545F905, 0xF455FABE, 0xF3AAFC96,
		0xF34AFE83, 0xF3360079, 0xF36E026C, 0xF3F30450, 0xF4C0061A,
		0xF5D007C0, 0xF71E0937, 0xF8A10A77, 0xFA510B78, 0xFC220C34,
		0xFE0B0CA6, 0x00000CCD, 0x01F50CA6, 0x03DE0C34, 0x05AF0B78,
		0x075F0A77, 0x08E20937, 0x0A3007C0, 0x0B40061A, 0x0C0D0450,
		0x0C92026C, 0x0CCA0079, 0x0CB6FE83, 0x0C56FC96, 0x0BABFABE,
		0x0ABBF905, 0x0989F776, 0x081FF61B, 0x0683F4FB, 0x04C1F41E,
		0x02E2F387, 0x00F1F33C, 0xFEFBF33E, 0xFD0BF38C, 0xFB2DF425,
		0xF96BF505, 0xF7D2F628, 0xF669F785, 0xF53AF916, 0xF44CFAD0,
		0xF3A5FCA9, 0xF347FE97, 0xF336008D, 0xF372027F, 0xF3FA0463,
		0xF4C9062C, 0xF5DD07D0, 0xF72D0945, 0xF8B20A83, 0xFA630B81,
		0xFC360C3A, 0xFE1F0CA9, 0x00140CCD, 0x02090CA3, 0x03F10C2E,
		0x05C10B6F, 0x076F0A6B, 0x08F00929, 0x0A3C07B0, 0x0B4A0609,
		0x0C14043D, 0x0C950258, 0x0CCB0065, 0x0CB4FE6F, 0x0C51FC83,
		0x0BA3FAAB, 0x0AB0F8F4, 0x097CF768, 0x080FF60E, 0x0672F4F1,
		0x04AEF416, 0x02CEF383, 0x00DDF33B, 0xFEE7F33F, 0xFCF7F391,
		0xFB1AF42D, 0xF95AF510, 0xF7C2F635, 0xF65CF795, 0xF530F927,
		0xF444FAE3, 0xF3A0FCBD, 0xF345FEAB, 0xF33700A1, 0xF3760293,
		0xF4010476, 0xF4D3063E, 0xF5E907E0, 0xF73B0953, 0xF8C20A8E,
		0xFA750B89, 0xFC490C40, 0xFE330CAC, 0x00280CCC, 0x021C0CA0,
		0x04040C27, 0x05D30B66, 0x077F0A60, 0x08FF091B, 0x0A4807A0,
		0x0B5305F7, 0x0C1A042A, 0x0C990244, 0x0CCC0050, 0x0CB2FE5B,
		0x0C4BFC6F, 0x0B9BFA99, 0x0AA4F8E4, 0x096EF759, 0x07FFF602,
		0x0661F4E7, 0x049BF40F, 0x02BAF37F, 0x00C9F339, 0xFED3F341,
		0xFCE4F395, 0xFB08F434, 0xF949F51A, 0xF7B3F642, 0xF64FF7A4,
		0xF525F938, 0xF43CFAF5, 0xF39AFCD0, 0xF343FEBF, 0xF33800B5,
		0xF37A02A7, 0xF4080488, 0xF4DD064F, 0xF5F507F0, 0xF74A0961,
		0xF8D30A99, 0xFA870B92, 0xFC5C0C45, 0xFE470CAF, 0x003C0CCC,
		0x02300C9C, 0x04170C21, 0x05E50B5D, 0x07900A54, 0x090D090D,
		0x0A540790, 0x0B5D05E5, 0x0C210417, 0x0C9C0230, 0x0CCC003C,
		0x0CAFFE47, 0x0C45FC5C, 0x0B92FA87, 0x0A99F8D3, 0x0961F74A,
		0x07F0F5F5, 0x064FF4DD, 0x0488F408, 0x02A7F37A, 0x00B5F338,
		0xFEBFF343, 0xFCD0F39A, 0xFAF5F43C, 0xF938F525, 0xF7A4F64F,
		0xF642F7B3, 0xF51AF949, 0xF434FB08, 0xF395FCE4, 0xF341FED3,
		0xF33900C9, 0xF37F02BA, 0xF40F049B, 0xF4E70661, 0xF60207FF,
		0xF759096E, 0xF8E40AA4, 0xFA990B9B, 0xFC6F0C4B, 0xFE5B0CB2,
		0x00500CCC, 0x02440C99, 0x042A0C1A, 0x05F70B53, 0x07A00A48,
		0x091B08FF, 0x0A60077F, 0x0B6605D3, 0x0C270404, 0x0CA0021C,
		0x0CCC0028, 0x0CACFE33, 0x0C40FC49, 0x0B89FA75, 0x0A8EF8C2,
		0x0953F73B, 0x07E0F5E9, 0x063EF4D3, 0x0476F401, 0x0293F376,
		0x00A1F337, 0xFEABF345, 0xFCBDF3A0, 0xFAE3F444, 0xF927F530,
		0xF795F65C, 0xF635F7C2, 0xF510F95A, 0xF42DFB1A, 0xF391FCF7,
		0xF33FFEE7, 0xF33B00DD, 0xF38302CE, 0xF41604AE, 0xF4F10672,
		0xF60E080F, 0xF768097C, 0xF8F40AB0, 0xFAAB0BA3, 0xFC830C51,
		0xFE6F0CB4, 0x00650CCB, 0x02580C95, 0x043D0C14, 0x06090B4A,
		0x07B00A3C, 0x092908F0, 0x0A6B076F, 0x0B6F05C1, 0x0C2E03F1,
		0x0CA30209, 0x0CCD0014, 0x0CA9FE1F, 0x0C3AFC36, 0x0B81FA63,
		0x0A83F8B2, 0x0945F72D, 0x07D0F5DD, 0x062CF4C9, 0x0463F3FA,
		0x027FF372, 0x008DF336, 0xFE97F347, 0xFCA9F3A5, 0xFAD0F44C,
		0xF916F53A, 0xF785F669, 0xF628F7D2, 0xF505F96B, 0xF425FB2D,
		0xF38CFD0B, 0xF33EFEFB, 0xF33C00F1, 0xF38702E2, 0xF41E04C1,
		0xF4FB0683, 0xF61B081F, 0xF7760989, 0xF9050ABB, 0xFABE0BAB,
		0xFC960C56, 0xFE830CB6, 0x00790CCA, 0x026C0C92, 0x04500C0D,
		0x061A0B40, 0x07C00A30, 0x093708E2, 0x0A77075F, 0x0B7805AF,
		0x0C3403DE, 0x0CA601F5, 0x0CCD0000, 0x0CA6FE0B, 0x0C34FC22,
		0x0B78FA51, 0x0A77F8A1, 0x0937F71E, 0x07C0F5D0, 0x061AF4C0,
		0x0450F3F3, 0x026CF36E, 0x0079F336, 0xFE83F34A, 0xFC96F3AA,
		0xFABEF455, 0xF905F545, 0xF776F677, 0xF61BF7E1, 0xF4FBF97D,
		0xF41EFB3F, 0xF387FD1E, 0xF33CFF0F, 0xF33E0105, 0xF38C02F5,
		0xF42504D3, 0xF5050695, 0xF628082E, 0xF7850997, 0xF9160AC6,
		0xFAD00BB4, 0xFCA90C5B, 0xFE970CB9, 0x008D0CCA, 0x027F0C8E,
		0x04630C06, 0x062C0B37, 0x07D00A23, 0x094508D3, 0x0A83074E,
		0x0B81059D, 0x0C3A03CA, 0x0CA901E1, 0x0CCDFFEC, 0x0CA3FDF7,
		0x0C2EFC0F, 0x0B6FFA3F, 0x0A6BF891, 0x0929F710, 0x07B0F5C4,
		0x0609F4B6, 0x043DF3EC, 0x0258F36B, 0x0065F335, 0xFE6FF34C,
		0xFC83F3AF, 0xFAABF45D, 0xF8F4F550, 0xF768F684, 0xF60EF7F1,
		0xF4F1F98E, 0xF416FB52, 0xF383FD32, 0xF33BFF23, 0xF33F0119,
		0xF3910309, 0xF42D04E6, 0xF51006A6, 0xF635083E, 0xF79509A4,
		0xF9270AD0, 0xFAE30BBC, 0xFCBD0C60, 0xFEAB0CBB, 0x00A10CC9,
		0x02930C8A, 0x04760BFF, 0x063E0B2D, 0x07E00A17, 0x095308C5,
		0x0A8E073E, 0x0B89058B, 0x0C4003B7, 0x0CAC01CD, 0x0CCCFFD8,
		0x0CA0FDE4, 0x0C27FBFC, 0x0B66FA2D, 0x0A60F881, 0x091BF701,
		0x07A0F5B8, 0x05F7F4AD, 0x042AF3E6, 0x0244F367, 0x0050F334,
		0xFE5BF34E, 0xFC6FF3B5, 0xFA99F465, 0xF8E4F55C, 0xF759F692,
		0xF602F801, 0xF4E7F99F, 0xF40FFB65, 0xF37FFD46, 0xF339FF37,
		0xF341012D, 0xF395031C, 0xF43404F8, 0xF51A06B7, 0xF642084D,
		0xF7A409B1, 0xF9380ADB, 0xFAF50BC4, 0xFCD00C66, 0xFEBF0CBD,
		0x00B50CC8, 0x02A70C86, 0x04880BF8, 0x064F0B23, 0x07F00A0B,
		0x096108B6, 0x0A99072D, 0x0B920579, 0x0C4503A4, 0x0CAF01B9,
		0x0CCCFFC4, 0x0C9CFDD0, 0x0C21FBE9, 0x0B5DFA1B, 0x0A54F870,
		0x090DF6F3, 0x0790F5AC, 0x05E5F4A3, 0x0417F3DF, 0x0230F364,
		0x003CF334, 0xFE47F351, 0xFC5CF3BB, 0xFA87F46E, 0xF8D3F567,
		0xF74AF69F, 0xF5F5F810, 0xF4DDF9B1, 0xF408FB78, 0xF37AFD59,
		0xF338FF4B, 0xF3430141, 0xF39A0330, 0xF43C050B, 0xF52506C8,
		0xF64F085C, 0xF7B309BE, 0xF9490AE6, 0xFB080BCC, 0xFCE40C6B,
		0xFED30CBF, 0x00C90CC7, 0x02BA0C81, 0x049B0BF1, 0x06610B19,
		0x07FF09FE, 0x096E08A7, 0x0AA4071C, 0x0B9B0567, 0x0C4B0391,
		0x0CB201A5, 0x0CCCFFB0, 0x0C99FDBC, 0x0C1AFBD6, 0x0B53FA09,
		0x0A48F860, 0x08FFF6E5, 0x077FF5A0, 0x05D3F49A, 0x0404F3D9,
		0x021CF360, 0x0028F334, 0xFE33F354, 0xFC49F3C0, 0xFA75F477,
		0xF8C2F572, 0xF73BF6AD, 0xF5E9F820, 0xF4D3F9C2, 0xF401FB8A,
		0xF376FD6D, 0xF337FF5F, 0xF3450155, 0xF3A00343, 0xF444051D,
		0xF53006D9, 0xF65C086B, 0xF7C209CB, 0xF95A0AF0, 0xFB1A0BD3,
		0xFCF70C6F, 0xFEE70CC1, 0x00DD0CC5, 0x02CE0C7D, 0x04AE0BEA,
		0x06720B0F, 0x080F09F2, 0x097C0898, 0x0AB0070C, 0x0BA30555,
		0x0C51037D, 0x0CB40191, 0x0CCBFF9B, 0x0C95FDA8, 0x0C14FBC3,
		0x0B4AF9F7, 0x0A3CF850, 0x08F0F6D7, 0x076FF595, 0x05C1F491,
		0x03F1F3D2, 0x0209F35D, 0x0014F333, 0xFE1FF357, 0xFC36F3C6,
		0xFA63F47F, 0xF8B2F57D, 0xF72DF6BB, 0xF5DDF830, 0xF4C9F9D4,
		0xF3FAFB9D, 0xF372FD81, 0xF336FF73, 0xF3470169, 0xF3A50357,
		0xF44C0530, 0xF53A06EA, 0xF669087B, 0xF7D209D8, 0xF96B0AFB,
		0xFB2D0BDB, 0xFD0B0C74, 0xFEFB0CC2, 0x00F10CC4, 0x02E20C79,
		0x04C10BE2, 0x06830B05, 0x081F09E5, 0x0989088A, 0x0ABB06FB,
		0x0BAB0542, 0x0C56036A, 0x0CB6017D, 0x0CCAFF87, 0x0C92FD94,
		0x0C0DFBB0, 0x0B40F9E6, 0x0A30F840, 0x08E2F6C9, 0x075FF589,
		0x05AFF488, 0x03DEF3CC, 0x01F5F35A, 0x0000F333, 0xFE0BF35A,
		0xFC22F3CC, 0xFA51F488, 0xF8A1F589, 0xF71EF6C9, 0xF5D0F840,
		0xF4C0F9E6, 0xF3F3FBB0, 0xF36EFD94, 0xF336FF87, 0xF34A017D,
		0xF3AA036A, 0xF4550542, 0xF54506FB, 0xF677088A, 0xF7E109E5,
		0xF97D0B05, 0xFB3F0BE2, 0xFD1E0C79, 0xFF0F0CC4, 0x01050CC2,
		0x02F50C74, 0x04D30BDB, 0x06950AFB, 0x082E09D8, 0x0997087B,
		0x0AC606EA, 0x0BB40530, 0x0C5B0357, 0x0CB90169, 0x0CCAFF73,
		0x0C8EFD81, 0x0C06FB9D, 0x0B37F9D4, 0x0A23F830, 0x08D3F6BB,
		0x074EF57D, 0x059DF47F, 0x03CAF3C6, 0x01E1F357, 0xFFECF333,
		0xFDF7F35D, 0xFC0FF3D2, 0xFA3FF491, 0xF891F595, 0xF710F6D7,
		0xF5C4F850, 0xF4B6F9F7, 0xF3ECFBC3, 0xF36BFDA8, 0xF335FF9B,
		0xF34C0191, 0xF3AF037D, 0xF45D0555, 0xF550070C, 0xF6840898,
		0xF7F109F2, 0xF98E0B0F, 0xFB520BEA, 0xFD320C7D, 0xFF230CC5,
		0x01190CC1, 0x03090C6F, 0x04E60BD3, 0x06A60AF0, 0x083E09CB,
		0x09A4086B, 0x0AD006D9, 0x0BBC051D, 0x0C600343, 0x0CBB0155,
		0x0CC9FF5F, 0x0C8AFD6D, 0x0BFFFB8A, 0x0B2DF9C2, 0x0A17F820,
		0x08C5F6AD, 0x073EF572, 0x058BF477, 0x03B7F3C0, 0x01CDF354,
		0xFFD8F334, 0xFDE4F360, 0xFBFCF3D9, 0xFA2DF49A, 0xF881F5A0,
		0xF701F6E5, 0xF5B8F860, 0xF4ADFA09, 0xF3E6FBD6, 0xF367FDBC,
		0xF334FFB0, 0xF34E01A5, 0xF3B50391, 0xF4650567, 0xF55C071C,
		0xF69208A7, 0xF80109FE, 0xF99F0B19, 0xFB650BF1, 0xFD460C81,
		0xFF370CC7, 0x012D0CBF, 0x031C0C6B, 0x04F80BCC, 0x06B70AE6,
		0x084D09BE, 0x09B1085C, 0x0ADB06C8, 0x0BC4050B, 0x0C660330,
		0x0CBD0141, 0x0CC8FF4B, 0x0C86FD59, 0x0BF8FB78, 0x0B23F9B1,
		0x0A0BF810, 0x08B6F69F, 0x072DF567, 0x0579F46E, 0x03A4F3BB,
		0x01B9F351, 0xFFC4F334, 0xFDD0F364, 0xFBE9F3DF, 0xFA1BF4A3,
		0xF870F5AC, 0xF6F3F6F3, 0xF5ACF870, 0xF4A3FA1B, 0xF3DFFBE9,
		0xF364FDD0, 0xF334FFC4, 0xF35101B9, 0xF3BB03A4, 0xF46E0579,
		0xF567072D, 0xF69F08B6, 0xF8100A0B, 0xF9B10B23, 0xFB780BF8,
		0xFD590C86, 0xFF4B0CC8, 0x01410CBD, 0x03300C66, 0x050B0BC4,
		0x06C80ADB, 0x085C09B1, 0x09BE084D, 0x0AE606B7, 0x0BCC04F8,
		0x0C6B031C, 0x0CBF012D, 0x0CC7FF37, 0x0C81FD46, 0x0BF1FB65,
		0x0B19F99F, 0x09FEF801, 0x08A7F692, 0x071CF55C, 0x0567F465,
		0x0391F3B5, 0x01A5F34E, 0xFFB0F334, 0xFDBCF367, 0xFBD6F3E6,
		0xFA09F4AD, 0xF860F5B8, 0xF6E5F701, 0xF5A0F881, 0xF49AFA2D,
		0xF3D9FBFC, 0xF360FDE4, 0xF334FFD8, 0xF35401CD, 0xF3C003B7,
		0xF477058B, 0xF572073E, 0xF6AD08C5, 0xF8200A17, 0xF9C20B2D,
		0xFB8A0BFF, 0xFD6D0C8A, 0xFF5F0CC9, 0x01550CBB, 0x03430C60,
		0x051D0BBC, 0x06D90AD0, 0x086B09A4, 0x09CB083E, 0x0AF006A6,
		0x0BD304E6, 0x0C6F0309, 0x0CC10119, 0x0CC5FF23, 0x0C7DFD32,
		0x0BEAFB52, 0x0B0FF98E, 0x09F2F7F1, 0x0898F684, 0x070CF550,
		0x0555F45D, 0x037DF3AF, 0x0191F34C, 0xFF9BF335, 0xFDA8F36B,
		0xFBC3F3EC, 0xF9F7F4B6, 0xF850F5C4, 0xF6D7F710, 0xF595F891,
		0xF491FA3F, 0xF3D2FC0F, 0xF35DFDF7, 0xF333FFEC, 0xF35701E1,
		0xF3C603CA, 0xF47F059D, 0xF57D074E, 0xF6BB08D3, 0xF8300A23,
		0xF9D40B37, 0xFB9D0C06, 0xFD810C8E, 0xFF730CCA, 0x01690CB9,
		0x03570C5B, 0x05300BB4, 0x06EA0AC6, 0x087B0997, 0x09D8082E,
		0x0AFB0695, 0x0BDB04D3, 0x0C7402F5, 0x0CC20105, 0x0CC4FF0F,
		0x0C79FD1E, 0x0BE2FB3F, 0x0B05F97D, 0x09E5F7E1, 0x088AF677,
		0x06FBF545, 0x0542F455, 0x036AF3AA, 0x017DF34A, 0xFF87F336,
		0xFD94F36E, 0xFBB0F3F3, 0xF9E6F4C0, 0xF840F5D0, 0xF6C9F71E,
		0xF589F8A1, 0xF488FA51, 0xF3CCFC22, 0xF35AFE0B, 0xF3330000,
		0xF35A01F5, 0xF3CC03DE, 0xF48805AF, 0xF589075F, 0xF6C908E2,
		0xF8400A30, 0xF9E60B40, 0xFBB00C0D, 0xFD940C92, 0xFF870CCA,
		0x017D0CB6, 0x036A0C56, 0x05420BAB, 0x06FB0ABB, 0x088A0989,
		0x09E5081F, 0x0B050683, 0x0BE204C1, 0x0C7902E2, 0x0CC400F1,
		0x0CC2FEFB, 0x0C74FD0B, 0x0BDBFB2D, 0x0AFBF96B, 0x09D8F7D2,
		0x087BF669, 0x06EAF53A, 0x0530F44C, 0x0357F3A5, 0x0169F347,
		0xFF73F336, 0xFD81F372, 0xFB9DF3FA, 0xF9D4F4C9, 0xF830F5DD,
		0xF6BBF72D, 0xF57DF8B2, 0xF47FFA63, 0xF3C6FC36, 0xF357FE1F,
		0xF3330014, 0xF35D0209, 0xF3D203F1, 0xF49105C1, 0xF595076F,
		0xF6D708F0, 0xF8500A3C, 0xF9F70B4A, 0xFBC30C14, 0xFDA80C95,
		0xFF9B0CCB, 0x01910CB4, 0x037D0C51, 0x05550BA3, 0x070C0AB0,
		0x0898097C, 0x09F2080F, 0x0B0F0672, 0x0BEA04AE, 0x0C7D02CE,
		0x0CC500DD, 0x0CC1FEE7, 0x0C6FFCF7, 0x0BD3FB1A, 0x0AF0F95A,
		0x09CBF7C2, 0x086BF65C, 0x06D9F530, 0x051DF444, 0x0343F3A0,
		0x0155F345, 0xFF5FF337, 0xFD6DF376, 0xFB8AF401, 0xF9C2F4D3,
		0xF820F5E9, 0xF6ADF73B, 0xF572F8C2, 0xF477FA75, 0xF3C0FC49,
		0xF354FE33, 0xF3340028, 0xF360021C, 0xF3D90404, 0xF49A05D3,
		0xF5A0077F, 0xF6E508FF, 0xF8600A48, 0xFA090B53, 0xFBD60C1A,
		0xFDBC0C99, 0xFFB00CCC, 0x01A50CB2, 0x03910C4B, 0x05670B9B,
		0x071C0AA4, 0x08A7096E, 0x09FE07FF, 0x0B190661, 0x0BF1049B,
		0x0C8102BA, 0x0CC700C9, 0x0CBFFED3, 0x0C6BFCE4, 0x0BCCFB08,
		0x0AE6F949, 0x09BEF7B3, 0x085CF64F, 0x06C8F525, 0x050BF43C,
		0x0330F39A, 0x0141F343, 0xFF4BF338, 0xFD59F37A, 0xFB78F408,
		0xF9B1F4DD, 0xF810F5F5, 0xF69FF74A, 0xF567F8D3, 0xF46EFA87,
		0xF3BBFC5C, 0xF351FE47, 0xF334003C, 0xF3640230, 0xF3DF0417,
		0xF4A305E5, 0xF5AC0790, 0xF6F3090D, 0xF8700A54, 0xFA1B0B5D,
		0xFBE90C21, 0xFDD00C9C, 0xFFC40CCC, 0x01B90CAF, 0x03A40C45,
		0x05790B92, 0x072D0A99, 0x08B60961, 0x0A0B07F0, 0x0B23064F,
		0x0BF80488, 0x0C8602A7, 0x0CC800B5, 0x0CBDFEBF, 0x0C66FCD0,
		0x0BC4FAF5, 0x0ADBF938, 0x09B1F7A4, 0x084DF642, 0x06B7F51A,
		0x04F8F434, 0x031CF395, 0x012DF341, 0xFF37F339, 0xFD46F37F,
		0xFB65F40F, 0xF99FF4E7, 0xF801F602, 0xF692F759, 0xF55CF8E4,
		0xF465FA99, 0xF3B5FC6F, 0xF34EFE5B, 0xF3340050, 0xF3670244,
		0xF3E6042A, 0xF4AD05F7, 0xF5B807A0, 0xF701091B, 0xF8810A60,
		0xFA2D0B66, 0xFBFC0C27, 0xFDE40CA0, 0xFFD80CCC, 0x01CD0CAC,
		0x03B70C40, 0x058B0B89, 0x073E0A8E, 0x08C50953, 0x0A1707E0,
		0x0B2D063E, 0x0BFF0476, 0x0C8A0293, 0x0CC900A1, 0x0CBBFEAB,
		0x0C60FCBD, 0x0BBCFAE3, 0x0AD0F927, 0x09A4F795, 0x083EF635,
		0x06A6F510, 0x04E6F42D, 0x0309F391, 0x0119F33F, 0xFF23F33B,
		0xFD32F383, 0xFB52F416, 0xF98EF4F1, 0xF7F1F60E, 0xF684F768,
		0xF550F8F4, 0xF45DFAAB, 0xF3AFFC83, 0xF34CFE6F, 0xF3350065,
		0xF36B0258, 0xF3EC043D, 0xF4B60609, 0xF5C407B0, 0xF7100929,
		0xF8910A6B, 0xFA3F0B6F, 0xFC0F0C2E, 0xFDF70CA3, 0xFFEC0CCD,
		0x01E10CA9, 0x03CA0C3A, 0x059D0B81, 0x074E0A83, 0x08D30945,
		0x0A2307D0, 0x0B37062C, 0x0C060463, 0x0C8E027F, 0x0CCA008D,
		0x0CB9FE97, 0x0C5BFCA9, 0x0BB4FAD0, 0x0AC6F916, 0x0997F785,
		0x082EF628, 0x0695F505, 0x04D3F425, 0x02F5F38C, 0x0105F33E,
		0xFF0FF33C, 0xFD1EF387, 0xFB3FF41E, 0xF97DF4FB, 0xF7E1F61B,
		0xF677F776, 0xF545F905, 0xF455FABE, 0xF3AAFC96, 0xF34AFE83,
		0xF3360079, 0xF36E026C, 0xF3F30450, 0xF4C0061A, 0xF5D007C0,
		0xF71E0937, 0xF8A10A77, 0xFA510B78, 0xFC220C34, 0xFE0B0CA6,
		0x00000CCD, 0x01F50CA6, 0x03DE0C34, 0x05AF0B78, 0x075F0A77,
		0x08E20937, 0x0A3007C0, 0x0B40061A, 0x0C0D0450, 0x0C92026C,
		0x0CCA0079, 0x0CB6FE83, 0x0C56FC96, 0x0BABFABE, 0x0ABBF905,
		0x0989F776, 0x081FF61B, 0x0683F4FB, 0x04C1F41E, 0x02E2F387,
		0x00F1F33C, 0xFEFBF33E, 0xFD0BF38C, 0xFB2DF425, 0xF96BF505,
		0xF7D2F628, 0xF669F785, 0xF53AF916, 0xF44CFAD0, 0xF3A5FCA9,
		0xF347FE97, 0xF336008D, 0xF372027F, 0xF3FA0463, 0xF4C9062C,
		0xF5DD07D0, 0xF72D0945, 0xF8B20A83, 0xFA630B81, 0xFC360C3A,
		0xFE1F0CA9, 0x00140CCD, 0x02090CA3, 0x03F10C2E, 0x05C10B6F,
		0x076F0A6B, 0x08F00929, 0x0A3C07B0, 0x0B4A0609, 0x0C14043D,
		0x0C950258, 0x0CCB0065, 0x0CB4FE6F, 0x0C51FC83, 0x0BA3FAAB,
		0x0AB0F8F4, 0x097CF768, 0x080FF60E, 0x0672F4F1, 0x04AEF416,
		0x02CEF383, 0x00DDF33B, 0xFEE7F33F, 0xFCF7F391, 0xFB1AF42D,
		0xF95AF510, 0xF7C2F635, 0xF65CF795, 0xF530F927, 0xF444FAE3,
		0xF3A0FCBD, 0xF345FEAB, 0xF33700A1, 0xF3760293, 0xF4010476,
		0xF4D3063E, 0xF5E907E0, 0xF73B0953, 0xF8C20A8E, 0xFA750B89,
		0xFC490C40, 0xFE330CAC, 0x00280CCC, 0x021C0CA0, 0x04040C27,
		0x05D30B66, 0x077F0A60, 0x08FF091B, 0x0A4807A0, 0x0B5305F7,
		0x0C1A042A, 0x0C990244, 0x0CCC0050, 0x0CB2FE5B, 0x0C4BFC6F,
		0x0B9BFA99, 0x0AA4F8E4, 0x096EF759, 0x07FFF602, 0x0661F4E7,
		0x049BF40F, 0x02BAF37F, 0x00C9F339, 0xFED3F341, 0xFCE4F395,
		0xFB08F434, 0xF949F51A, 0xF7B3F642, 0xF64FF7A4, 0xF525F938,
		0xF43CFAF5, 0xF39AFCD0, 0xF343FEBF, 0xF33800B5, 0xF37A02A7,
		0xF4080488, 0xF4DD064F, 0xF5F507F0, 0xF74A0961, 0xF8D30A99,
		0xFA870B92, 0xFC5C0C45, 0xFE470CAF, 0x003C0CCC, 0x02300C9C,
		0x04170C21, 0x05E50B5D, 0x07900A54, 0x090D090D, 0x0A540790,
		0x0B5D05E5, 0x0C210417, 0x0C9C0230, 0x0CCC003C, 0x0CAFFE47,
		0x0C45FC5C, 0x0B92FA87, 0x0A99F8D3, 0x0961F74A, 0x07F0F5F5,
		0x064FF4DD, 0x0488F408, 0x02A7F37A, 0x00B5F338, 0xFEBFF343,
		0xFCD0F39A, 0xFAF5F43C, 0xF938F525, 0xF7A4F64F, 0xF642F7B3,
		0xF51AF949, 0xF434FB08, 0xF395FCE4, 0xF341FED3, 0xF33900C9,
		0xF37F02BA, 0xF40F049B, 0xF4E70661, 0xF60207FF, 0xF759096E,
		0xF8E40AA4, 0xFA990B9B, 0xFC6F0C4B, 0xFE5B0CB2, 0x00500CCC,
		0x02440C99, 0x042A0C1A, 0x05F70B53, 0x07A00A48, 0x091B08FF,
		0x0A60077F, 0x0B6605D3, 0x0C270404, 0x0CA0021C, 0x0CCC0028,
		0x0CACFE33, 0x0C40FC49, 0x0B89FA75, 0x0A8EF8C2, 0x0953F73B,
		0x07E0F5E9, 0x063EF4D3, 0x0476F401, 0x0293F376, 0x00A1F337,
		0xFEABF345, 0xFCBDF3A0, 0xFAE3F444, 0xF927F530, 0xF795F65C,
		0xF635F7C2, 0xF510F95A, 0xF42DFB1A, 0xF391FCF7, 0xF33FFEE7,
		0xF33B00DD, 0xF38302CE, 0xF41604AE, 0xF4F10672, 0xF60E080F,
		0xF768097C, 0xF8F40AB0, 0xFAAB0BA3, 0xFC830C51, 0xFE6F0CB4,
		0x00650CCB, 0x02580C95, 0x043D0C14, 0x06090B4A, 0x07B00A3C,
		0x092908F0, 0x0A6B076F, 0x0B6F05C1, 0x0C2E03F1, 0x0CA30209,
		0x0CCD0014, 0x0CA9FE1F, 0x0C3AFC36, 0x0B81FA63, 0x0A83F8B2,
		0x0945F72D, 0x07D0F5DD, 0x062CF4C9, 0x0463F3FA, 0x027FF372,
		0x008DF336, 0xFE97F347, 0xFCA9F3A5, 0xFAD0F44C, 0xF916F53A,
		0xF785F669, 0xF628F7D2, 0xF505F96B, 0xF425FB2D, 0xF38CFD0B,
		0xF33EFEFB, 0xF33C00F1, 0xF38702E2, 0xF41E04C1, 0xF4FB0683,
		0xF61B081F, 0xF7760989, 0xF9050ABB, 0xFABE0BAB, 0xFC960C56,
		0xFE830CB6, 0x00790CCA, 0x026C0C92, 0x04500C0D, 0x061A0B40,
		0x07C00A30, 0x093708E2, 0x0A77075F, 0x0B7805AF, 0x0C3403DE,
		0x0CA601F5, 0x0CCD0000, 0x0CA6FE0B, 0x0C34FC22, 0x0B78FA51,
		0x0A77F8A1, 0x0937F71E, 0x07C0F5D0, 0x061AF4C0, 0x0450F3F3,
		0x026CF36E, 0x0079F336, 0xFE83F34A, 0xFC96F3AA, 0xFABEF455,
		0xF905F545, 0xF776F677, 0xF61BF7E1, 0xF4FBF97D, 0xF41EFB3F,
		0xF387FD1E, 0xF33CFF0F, 0xF33E0105, 0xF38C02F5, 0xF42504D3,
		0xF5050695, 0xF628082E, 0xF7850997, 0xF9160AC6, 0xFAD00BB4,
		0xFCA90C5B, 0xFE970CB9, 0x008D0CCA, 0x027F0C8E, 0x04630C06,
		0x062C0B37, 0x07D00A23, 0x094508D3, 0x0A83074E, 0x0B81059D,
		0x0C3A03CA, 0x0CA901E1, 0x0CCDFFEC, 0x0CA3FDF7, 0x0C2EFC0F,
		0x0B6FFA3F, 0x0A6BF891, 0x0929F710, 0x07B0F5C4, 0x0609F4B6,
		0x043DF3EC, 0x0258F36B, 0x0065F335, 0xFE6FF34C, 0xFC83F3AF,
		0xFAABF45D, 0xF8F4F550, 0xF768F684, 0xF60EF7F1, 0xF4F1F98E,
		0xF416FB52, 0xF383FD32, 0xF33BFF23, 0xF33F0119, 0xF3910309,
		0xF42D04E6, 0xF51006A6, 0xF635083E, 0xF79509A4, 0xF9270AD0,
		0xFAE30BBC, 0xFCBD0C60, 0xFEAB0CBB, 0x00A10CC9, 0x02930C8A,
		0x04760BFF, 0x063E0B2D, 0x07E00A17, 0x095308C5, 0x0A8E073E,
		0x0B89058B, 0x0C4003B7, 0x0CAC01CD, 0x0CCCFFD8, 0x0CA0FDE4,
		0x0C27FBFC, 0x0B66FA2D, 0x0A60F881, 0x091BF701, 0x07A0F5B8,
		0x05F7F4AD, 0x042AF3E6, 0x0244F367, 0x0050F334, 0xFE5BF34E,
		0xFC6FF3B5, 0xFA99F465, 0xF8E4F55C, 0xF759F692, 0xF602F801,
		0xF4E7F99F, 0xF40FFB65, 0xF37FFD46, 0xF339FF37, 0xF341012D,
		0xF395031C, 0xF43404F8, 0xF51A06B7, 0xF642084D, 0xF7A409B1,
		0xF9380ADB, 0xFAF50BC4, 0xFCD00C66, 0xFEBF0CBD, 0x00B50CC8,
		0x02A70C86, 0x04880BF8, 0x064F0B23, 0x07F00A0B, 0x096108B6,
		0x0A99072D, 0x0B920579, 0x0C4503A4, 0x0CAF01B9, 0x0CCCFFC4,
		0x0C9CFDD0, 0x0C21FBE9, 0x0B5DFA1B, 0x0A54F870, 0x090DF6F3,
		0x0790F5AC, 0x05E5F4A3, 0x0417F3DF, 0x0230F364, 0x003CF334,
		0xFE47F351, 0xFC5CF3BB, 0xFA87F46E, 0xF8D3F567, 0xF74AF69F,
		0xF5F5F810, 0xF4DDF9B1, 0xF408FB78, 0xF37AFD59, 0xF338FF4B,
		0xF3430141, 0xF39A0330, 0xF43C050B, 0xF52506C8, 0xF64F085C,
		0xF7B309BE, 0xF9490AE6, 0xFB080BCC, 0xFCE40C6B, 0xFED30CBF,
		0x00C90CC7, 0x02BA0C81, 0x049B0BF1, 0x06610B19, 0x07FF09FE,
		0x096E08A7, 0x0AA4071C, 0x0B9B0567, 0x0C4B0391, 0x0CB201A5,
		0x0CCCFFB0, 0x0C99FDBC, 0x0C1AFBD6, 0x0B53FA09, 0x0A48F860,
		0x08FFF6E5, 0x077FF5A0, 0x05D3F49A, 0x0404F3D9, 0x021CF360,
		0x0028F334, 0xFE33F354, 0xFC49F3C0, 0xFA75F477, 0xF8C2F572,
		0xF73BF6AD, 0xF5E9F820, 0xF4D3F9C2, 0xF401FB8A, 0xF376FD6D,
		0xF337FF5F, 0xF3450155, 0xF3A00343, 0xF444051D, 0xF53006D9,
		0xF65C086B, 0xF7C209CB, 0xF95A0AF0, 0xFB1A0BD3, 0xFCF70C6F,
		0xFEE70CC1, 0x00DD0CC5, 0x02CE0C7D, 0x04AE0BEA, 0x06720B0F,
		0x080F09F2, 0x097C0898, 0x0AB0070C, 0x0BA30555, 0x0C51037D,
		0x0CB40191, 0x0CCBFF9B, 0x0C95FDA8, 0x0C14FBC3, 0x0B4AF9F7,
		0x0A3CF850, 0x08F0F6D7, 0x076FF595, 0x05C1F491, 0x03F1F3D2,
		0x0209F35D, 0x0014F333, 0xFE1FF357, 0xFC36F3C6, 0xFA63F47F,
		0xF8B2F57D, 0xF72DF6BB, 0xF5DDF830, 0xF4C9F9D4, 0xF3FAFB9D,
		0xF372FD81, 0xF336FF73, 0xF3470169, 0xF3A50357, 0xF44C0530,
		0xF53A06EA, 0xF669087B, 0xF7D209D8, 0xF96B0AFB, 0xFB2D0BDB,
		0xFD0B0C74, 0xFEFB0CC2, 0x00F10CC4, 0x02E20C79, 0x04C10BE2,
		0x06830B05, 0x081F09E5, 0x0989088A, 0x0ABB06FB, 0x0BAB0542,
		0x0C56036A, 0x0CB6017D, 0x0CCAFF87, 0x0C92FD94, 0x0C0DFBB0,
		0x0B40F9E6, 0x0A30F840, 0x08E2F6C9, 0x075FF589, 0x05AFF488,
		0x03DEF3CC, 0x01F5F35A, 0x0000F333, 0xFE0BF35A, 0xFC22F3CC,
		0xFA51F488, 0xF8A1F589, 0xF71EF6C9, 0xF5D0F840, 0xF4C0F9E6,
		0xF3F3FBB0, 0xF36EFD94, 0xF336FF87, 0xF34A017D, 0xF3AA036A,
		0xF4550542, 0xF54506FB, 0xF677088A, 0xF7E109E5, 0xF97D0B05,
		0xFB3F0BE2, 0xFD1E0C79, 0xFF0F0CC4, 0x01050CC2, 0x02F50C74,
		0x04D30BDB, 0x06950AFB, 0x082E09D8, 0x0997087B, 0x0AC606EA,
		0x0BB40530, 0x0C5B0357, 0x0CB90169, 0x0CCAFF73, 0x0C8EFD81,
		0x0C06FB9D, 0x0B37F9D4, 0x0A23F830, 0x08D3F6BB, 0x074EF57D,
		0x059DF47F, 0x03CAF3C6, 0x01E1F357, 0xFFECF333, 0xFDF7F35D,
		0xFC0FF3D2, 0xFA3FF491, 0xF891F595, 0xF710F6D7, 0xF5C4F850,
		0xF4B6F9F7, 0xF3ECFBC3, 0xF36BFDA8, 0xF335FF9B, 0xF34C0191,
		0xF3AF037D, 0xF45D0555, 0xF550070C, 0xF6840898, 0xF7F109F2,
		0xF98E0B0F, 0xFB520BEA, 0xFD320C7D, 0xFF230CC5, 0x01190CC1,
		0x03090C6F, 0x04E60BD3, 0x06A60AF0, 0x083E09CB, 0x09A4086B,
		0x0AD006D9, 0x0BBC051D, 0x0C600343, 0x0CBB0155, 0x0CC9FF5F,
		0x0C8AFD6D, 0x0BFFFB8A, 0x0B2DF9C2, 0x0A17F820, 0x08C5F6AD,
		0x073EF572, 0x058BF477, 0x03B7F3C0, 0x01CDF354, 0xFFD8F334,
		0xFDE4F360, 0xFBFCF3D9, 0xFA2DF49A, 0xF881F5A0, 0xF701F6E5,
		0xF5B8F860, 0xF4ADFA09, 0xF3E6FBD6, 0xF367FDBC, 0xF334FFB0,
		0xF34E01A5, 0xF3B50391, 0xF4650567, 0xF55C071C, 0xF69208A7,
		0xF80109FE, 0xF99F0B19, 0xFB650BF1, 0xFD460C81, 0xFF370CC7,
		0x012D0CBF, 0x031C0C6B, 0x04F80BCC, 0x06B70AE6, 0x084D09BE,
		0x09B1085C, 0x0ADB06C8, 0x0BC4050B, 0x0C660330, 0x0CBD0141,
		0x0CC8FF4B, 0x0C86FD59, 0x0BF8FB78, 0x0B23F9B1, 0x0A0BF810,
		0x08B6F69F, 0x072DF567, 0x0579F46E, 0x03A4F3BB, 0x01B9F351,
		0xFFC4F334, 0xFDD0F364, 0xFBE9F3DF, 0xFA1BF4A3, 0xF870F5AC,
		0xF6F3F6F3, 0xF5ACF870, 0xF4A3FA1B, 0xF3DFFBE9, 0xF364FDD0,
		0xF334FFC4, 0xF35101B9, 0xF3BB03A4, 0xF46E0579, 0xF567072D,
		0xF69F08B6, 0xF8100A0B, 0xF9B10B23, 0xFB780BF8, 0xFD590C86,
		0xFF4B0CC8, 0x01410CBD, 0x03300C66, 0x050B0BC4, 0x06C80ADB,
		0x085C09B1, 0x09BE084D, 0x0AE606B7, 0x0BCC04F8, 0x0C6B031C,
		0x0CBF012D, 0x0CC7FF37, 0x0C81FD46, 0x0BF1FB65, 0x0B19F99F,
		0x09FEF801, 0x08A7F692, 0x071CF55C, 0x0567F465, 0x0391F3B5,
		0x01A5F34E, 0xFFB0F334, 0xFDBCF367, 0xFBD6F3E6, 0xFA09F4AD,
		0xF860F5B8, 0xF6E5F701, 0xF5A0F881, 0xF49AFA2D, 0xF3D9FBFC,
		0xF360FDE4, 0xF334FFD8, 0xF35401CD, 0xF3C003B7, 0xF477058B,
		0xF572073E, 0xF6AD08C5, 0xF8200A17, 0xF9C20B2D, 0xFB8A0BFF,
		0xFD6D0C8A, 0xFF5F0CC9, 0x01550CBB, 0x03430C60, 0x051D0BBC,
		0x06D90AD0, 0x086B09A4, 0x09CB083E, 0x0AF006A6, 0x0BD304E6,
		0x0C6F0309, 0x0CC10119, 0x0CC5FF23, 0x0C7DFD32, 0x0BEAFB52,
		0x0B0FF98E, 0x09F2F7F1, 0x0898F684, 0x070CF550, 0x0555F45D,
		0x037DF3AF, 0x0191F34C, 0xFF9BF335, 0xFDA8F36B, 0xFBC3F3EC,
		0xF9F7F4B6, 0xF850F5C4, 0xF6D7F710, 0xF595F891, 0xF491FA3F,
		0xF3D2FC0F, 0xF35DFDF7, 0xF333FFEC, 0xF35701E1, 0xF3C603CA,
		0xF47F059D, 0xF57D074E, 0xF6BB08D3, 0xF8300A23, 0xF9D40B37,
		0xFB9D0C06, 0xFD810C8E, 0xFF730CCA, 0x01690CB9, 0x03570C5B,
		0x05300BB4, 0x06EA0AC6, 0x087B0997, 0x09D8082E, 0x0AFB0695,
		0x0BDB04D3, 0x0C7402F5, 0x0CC20105, 0x0CC4FF0F, 0x0C79FD1E,
		0x0BE2FB3F, 0x0B05F97D, 0x09E5F7E1, 0x088AF677, 0x06FBF545,
		0x0542F455, 0x036AF3AA, 0x017DF34A, 0xFF87F336, 0xFD94F36E,
		0xFBB0F3F3, 0xF9E6F4C0, 0xF840F5D0, 0xF6C9F71E, 0xF589F8A1,
		0xF488FA51, 0xF3CCFC22, 0xF35AFE0B, 0xF3330000, 0xF35A01F5,
		0xF3CC03DE, 0xF48805AF, 0xF589075F, 0xF6C908E2, 0xF8400A30,
		0xF9E60B40, 0xFBB00C0D, 0xFD940C92, 0xFF870CCA, 0x017D0CB6,
		0x036A0C56, 0x05420BAB, 0x06FB0ABB, 0x088A0989, 0x09E5081F,
		0x0B050683, 0x0BE204C1, 0x0C7902E2, 0x0CC400F1, 0x0CC2FEFB,
		0x0C74FD0B, 0x0BDBFB2D, 0x0AFBF96B, 0x09D8F7D2, 0x087BF669,
		0x06EAF53A, 0x0530F44C, 0x0357F3A5, 0x0169F347, 0xFF73F336,
		0xFD81F372, 0xFB9DF3FA, 0xF9D4F4C9, 0xF830F5DD, 0xF6BBF72D,
		0xF57DF8B2, 0xF47FFA63, 0xF3C6FC36, 0xF357FE1F, 0xF3330014,
		0xF35D0209, 0xF3D203F1, 0xF49105C1, 0xF595076F, 0xF6D708F0,
		0xF8500A3C, 0xF9F70B4A, 0xFBC30C14, 0xFDA80C95, 0xFF9B0CCB,
		0x01910CB4, 0x037D0C51, 0x05550BA3, 0x070C0AB0, 0x0898097C,
		0x09F2080F, 0x0B0F0672, 0x0BEA04AE, 0x0C7D02CE, 0x0CC500DD,
		0x0CC1FEE7, 0x0C6FFCF7, 0x0BD3FB1A, 0x0AF0F95A, 0x09CBF7C2,
		0x086BF65C, 0x06D9F530, 0x051DF444, 0x0343F3A0, 0x0155F345,
		0xFF5FF337, 0xFD6DF376, 0xFB8AF401, 0xF9C2F4D3, 0xF820F5E9,
		0xF6ADF73B, 0xF572F8C2, 0xF477FA75, 0xF3C0FC49, 0xF354FE33,
		0xF3340028, 0xF360021C, 0xF3D90404, 0xF49A05D3, 0xF5A0077F,
		0xF6E508FF, 0xF8600A48, 0xFA090B53, 0xFBD60C1A, 0xFDBC0C99,
		0xFFB00CCC, 0x01A50CB2, 0x03910C4B, 0x05670B9B, 0x071C0AA4,
		0x08A7096E, 0x09FE07FF, 0x0B190661, 0x0BF1049B, 0x0C8102BA,
		0x0CC700C9, 0x0CBFFED3, 0x0C6BFCE4, 0x0BCCFB08, 0x0AE6F949,
		0x09BEF7B3, 0x085CF64F, 0x06C8F525, 0x050BF43C, 0x0330F39A,
		0x0141F343, 0xFF4BF338, 0xFD59F37A, 0xFB78F408, 0xF9B1F4DD,
		0xF810F5F5, 0xF69FF74A, 0xF567F8D3, 0xF46EFA87, 0xF3BBFC5C,
		0xF351FE47, 0xF334003C, 0xF3640230, 0xF3DF0417, 0xF4A305E5,
		0xF5AC0790, 0xF6F3090D, 0xF8700A54, 0xFA1B0B5D, 0xFBE90C21,
		0xFDD00C9C, 0xFFC40CCC, 0x01B90CAF, 0x03A40C45, 0x05790B92,
		0x072D0A99, 0x08B60961, 0x0A0B07F0, 0x0B23064F, 0x0BF80488,
		0x0C8602A7, 0x0CC800B5, 0x0CBDFEBF, 0x0C66FCD0, 0x0BC4FAF5,
		0x0ADBF938, 0x09B1F7A4, 0x084DF642, 0x06B7F51A, 0x04F8F434,
		0x031CF395, 0x012DF341, 0xFF37F339, 0xFD46F37F, 0xFB65F40F,
		0xF99FF4E7, 0xF801F602, 0xF692F759, 0xF55CF8E4, 0xF465FA99,
		0xF3B5FC6F, 0xF34EFE5B, 0xF3340050, 0xF3670244, 0xF3E6042A,
		0xF4AD05F7, 0xF5B807A0, 0xF701091B, 0xF8810A60, 0xFA2D0B66,
		0xFBFC0C27, 0xFDE40CA0, 0xFFD80CCC, 0x01CD0CAC, 0x03B70C40,
		0x058B0B89, 0x073E0A8E, 0x08C50953, 0x0A1707E0, 0x0B2D063E,
		0x0BFF0476, 0x0C8A0293, 0x0CC900A1, 0x0CBBFEAB, 0x0C60FCBD,
		0x0BBCFAE3, 0x0AD0F927, 0x09A4F795, 0x083EF635, 0x06A6F510,
		0x04E6F42D, 0x0309F391, 0x0119F33F, 0xFF23F33B, 0xFD32F383,
		0xFB52F416, 0xF98EF4F1, 0xF7F1F60E, 0xF684F768, 0xF550F8F4,
		0xF45DFAAB, 0xF3AFFC83, 0xF34CFE6F, 0xF3350065, 0xF36B0258,
		0xF3EC043D, 0xF4B60609, 0xF5C407B0, 0xF7100929, 0xF8910A6B,
		0xFA3F0B6F, 0xFC0F0C2E, 0xFDF70CA3, 0xFFEC0CCD, 0x01E10CA9,
		0x03CA0C3A, 0x059D0B81, 0x074E0A83, 0x08D30945, 0x0A2307D0,
		0x0B37062C, 0x0C060463, 0x0C8E027F, 0x0CCA008D, 0x0CB9FE97,
		0x0C5BFCA9, 0x0BB4FAD0, 0x0AC6F916, 0x0997F785, 0x082EF628,
		0x0695F505, 0x04D3F425, 0x02F5F38C, 0x0105F33E, 0xFF0FF33C,
		0xFD1EF387, 0xFB3FF41E, 0xF97DF4FB, 0xF7E1F61B, 0xF677F776,
		0xF545F905, 0xF455FABE, 0xF3AAFC96, 0xF34AFE83, 0xF3360079,
		0xF36E026C, 0xF3F30450, 0xF4C0061A, 0xF5D007C0, 0xF71E0937,
		0xF8A10A77, 0xFA510B78, 0xFC220C34, 0xFE0B0CA6, 0x00000CCD,
		0x01F50CA6, 0x03DE0C34, 0x05AF0B78, 0x075F0A77, 0x08E20937,
		0x0A3007C0, 0x0B40061A, 0x0C0D0450, 0x0C92026C, 0x0CCA0079,
		0x0CB6FE83, 0x0C56FC96, 0x0BABFABE, 0x0ABBF905, 0x0989F776,
		0x081FF61B, 0x0683F4FB, 0x04C1F41E, 0x02E2F387, 0x00F1F33C,
		0xFEFBF33E, 0xFD0BF38C, 0xFB2DF425, 0xF96BF505, 0xF7D2F628,
		0xF669F785, 0xF53AF916, 0xF44CFAD0, 0xF3A5FCA9, 0xF347FE97,
		0xF336008D, 0xF372027F, 0xF3FA0463, 0xF4C9062C, 0xF5DD07D0,
		0xF72D0945, 0xF8B20A83, 0xFA630B81, 0xFC360C3A, 0xFE1F0CA9,
		0x00140CCD, 0x02090CA3, 0x03F10C2E, 0x05C10B6F, 0x076F0A6B,
		0x08F00929, 0x0A3C07B0, 0x0B4A0609, 0x0C14043D, 0x0C950258,
		0x0CCB0065, 0x0CB4FE6F, 0x0C51FC83, 0x0BA3FAAB, 0x0AB0F8F4,
		0x097CF768, 0x080FF60E, 0x0672F4F1, 0x04AEF416, 0x02CEF383,
		0x00DDF33B, 0xFEE7F33F, 0xFCF7F391, 0xFB1AF42D, 0xF95AF510,
		0xF7C2F635, 0xF65CF795, 0xF530F927, 0xF444FAE3, 0xF3A0FCBD,
		0xF345FEAB, 0xF33700A1, 0xF3760293, 0xF4010476, 0xF4D3063E,
		0xF5E907E0, 0xF73B0953, 0xF8C20A8E, 0xFA750B89, 0xFC490C40,
		0xFE330CAC, 0x00280CCC, 0x021C0CA0, 0x04040C27, 0x05D30B66,
		0x077F0A60, 0x08FF091B, 0x0A4807A0, 0x0B5305F7, 0x0C1A042A,
		0x0C990244, 0x0CCC0050, 0x0CB2FE5B, 0x0C4BFC6F, 0x0B9BFA99,
		0x0AA4F8E4, 0x096EF759, 0x07FFF602, 0x0661F4E7, 0x049BF40F,
		0x02BAF37F, 0x00C9F339, 0xFED3F341, 0xFCE4F395, 0xFB08F434,
		0xF949F51A, 0xF7B3F642, 0xF64FF7A4, 0xF525F938, 0xF43CFAF5,
		0xF39AFCD0, 0xF343FEBF, 0xF33800B5, 0xF37A02A7, 0xF4080488,
		0xF4DD064F, 0xF5F507F0, 0xF74A0961, 0xF8D30A99, 0xFA870B92,
		0xFC5C0C45, 0xFE470CAF, 0x003C0CCC, 0x02300C9C, 0x04170C21,
		0x05E50B5D, 0x07900A54, 0x090D090D, 0x0A540790, 0x0B5D05E5,
		0x0C210417, 0x0C9C0230, 0x0CCC003C, 0x0CAFFE47, 0x0C45FC5C,
		0x0B92FA87, 0x0A99F8D3, 0x0961F74A, 0x07F0F5F5, 0x064FF4DD,
		0x0488F408, 0x02A7F37A, 0x00B5F338, 0xFEBFF343, 0xFCD0F39A,
		0xFAF5F43C, 0xF938F525, 0xF7A4F64F, 0xF642F7B3, 0xF51AF949,
		0xF434FB08, 0xF395FCE4, 0xF341FED3, 0xF33900C9, 0xF37F02BA,
		0xF40F049B, 0xF4E70661, 0xF60207FF, 0xF759096E, 0xF8E40AA4,
		0xFA990B9B, 0xFC6F0C4B, 0xFE5B0CB2, 0x00500CCC, 0x02440C99,
		0x042A0C1A, 0x05F70B53, 0x07A00A48, 0x091B08FF, 0x0A60077F,
		0x0B6605D3, 0x0C270404, 0x0CA0021C, 0x0CCC0028, 0x0CACFE33,
		0x0C40FC49, 0x0B89FA75, 0x0A8EF8C2, 0x0953F73B, 0x07E0F5E9,
		0x063EF4D3, 0x0476F401, 0x0293F376, 0x00A1F337, 0xFEABF345,
		0xFCBDF3A0, 0xFAE3F444, 0xF927F530, 0xF795F65C, 0xF635F7C2,
		0xF510F95A, 0xF42DFB1A, 0xF391FCF7, 0xF33FFEE7, 0xF33B00DD,
		0xF38302CE, 0xF41604AE, 0xF4F10672, 0xF60E080F, 0xF768097C,
		0xF8F40AB0, 0xFAAB0BA3, 0xFC830C51, 0xFE6F0CB4, 0x00650CCB,
		0x02580C95, 0x043D0C14, 0x06090B4A, 0x07B00A3C, 0x092908F0,
		0x0A6B076F, 0x0B6F05C1, 0x0C2E03F1, 0x0CA30209, 0x0CCD0014,
		0x0CA9FE1F, 0x0C3AFC36, 0x0B81FA63, 0x0A83F8B2, 0x0945F72D,
		0x07D0F5DD, 0x062CF4C9, 0x0463F3FA, 0x027FF372, 0x008DF336,
		0xFE97F347, 0xFCA9F3A5, 0xFAD0F44C, 0xF916F53A, 0xF785F669,
		0xF628F7D2, 0xF505F96B, 0xF425FB2D, 0xF38CFD0B, 0xF33EFEFB,
		0xF33C00F1, 0xF38702E2, 0xF41E04C1, 0xF4FB0683, 0xF61B081F,
		0xF7760989, 0xF9050ABB, 0xFABE0BAB, 0xFC960C56, 0xFE830CB6,
		0x00790CCA, 0x026C0C92, 0x04500C0D, 0x061A0B40, 0x07C00A30,
		0x093708E2, 0x0A77075F, 0x0B7805AF, 0x0C3403DE, 0x0CA601F5,
		0x0CCD0000, 0x0CA6FE0B, 0x0C34FC22, 0x0B78FA51, 0x0A77F8A1,
		0x0937F71E, 0x07C0F5D0, 0x061AF4C0, 0x0450F3F3, 0x026CF36E,
		0x0079F336, 0xFE83F34A, 0xFC96F3AA, 0xFABEF455, 0xF905F545,
		0xF776F677, 0xF61BF7E1, 0xF4FBF97D, 0xF41EFB3F, 0xF387FD1E,
		0xF33CFF0F, 0xF33E0105, 0xF38C02F5, 0xF42504D3, 0xF5050695,
		0xF628082E, 0xF7850997, 0xF9160AC6, 0xFAD00BB4, 0xFCA90C5B,
		0xFE970CB9, 0x008D0CCA, 0x027F0C8E, 0x04630C06, 0x062C0B37,
		0x07D00A23, 0x094508D3, 0x0A83074E, 0x0B81059D, 0x0C3A03CA,
		0x0CA901E1, 0x0CCDFFEC, 0x0CA3FDF7, 0x0C2EFC0F, 0x0B6FFA3F,
		0x0A6BF891, 0x0929F710, 0x07B0F5C4, 0x0609F4B6, 0x043DF3EC,
		0x0258F36B, 0x0065F335, 0xFE6FF34C, 0xFC83F3AF, 0xFAABF45D,
		0xF8F4F550, 0xF768F684, 0xF60EF7F1, 0xF4F1F98E, 0xF416FB52,
		0xF383FD32, 0xF33BFF23, 0xF33F0119, 0xF3910309, 0xF42D04E6,
		0xF51006A6, 0xF635083E, 0xF79509A4, 0xF9270AD0, 0xFAE30BBC,
		0xFCBD0C60, 0xFEAB0CBB, 0x00A10CC9, 0x02930C8A, 0x04760BFF,
		0x063E0B2D, 0x07E00A17, 0x095308C5, 0x0A8E073E, 0x0B89058B,
		0x0C4003B7, 0x0CAC01CD, 0x0CCCFFD8, 0x0CA0FDE4, 0x0C27FBFC,
		0x0B66FA2D, 0x0A60F881, 0x091BF701, 0x07A0F5B8, 0x05F7F4AD,
		0x042AF3E6, 0x0244F367, 0x0050F334, 0xFE5BF34E, 0xFC6FF3B5,
		0xFA99F465, 0xF8E4F55C, 0xF759F692, 0xF602F801, 0xF4E7F99F,
		0xF40FFB65, 0xF37FFD46, 0xF339FF37, 0xF341012D, 0xF395031C,
		0xF43404F8, 0xF51A06B7, 0xF642084D, 0xF7A409B1, 0xF9380ADB,
		0xFAF50BC4, 0xFCD00C66, 0xFEBF0CBD, 0x00B50CC8, 0x02A70C86,
		0x04880BF8, 0x064F0B23, 0x07F00A0B, 0x096108B6, 0x0A99072D,
		0x0B920579, 0x0C4503A4, 0x0CAF01B9, 0x0CCCFFC4, 0x0C9CFDD0,
		0x0C21FBE9, 0x0B5DFA1B, 0x0A54F870, 0x090DF6F3, 0x0790F5AC,
		0x05E5F4A3, 0x0417F3DF, 0x0230F364, 0x003CF334, 0xFE47F351,
		0xFC5CF3BB, 0xFA87F46E, 0xF8D3F567, 0xF74AF69F, 0xF5F5F810,
		0xF4DDF9B1, 0xF408FB78, 0xF37AFD59, 0xF338FF4B, 0xF3430141,
		0xF39A0330, 0xF43C050B, 0xF52506C8, 0xF64F085C, 0xF7B309BE,
		0xF9490AE6, 0xFB080BCC, 0xFCE40C6B, 0xFED30CBF, 0x00C90CC7,
		0x02BA0C81, 0x049B0BF1, 0x06610B19, 0x07FF09FE, 0x096E08A7,
		0x0AA4071C, 0x0B9B0567, 0x0C4B0391, 0x0CB201A5, 0x0CCCFFB0,
		0x0C99FDBC, 0x0C1AFBD6, 0x0B53FA09, 0x0A48F860, 0x08FFF6E5,
		0x077FF5A0, 0x05D3F49A, 0x0404F3D9, 0x021CF360, 0x0028F334,
		0xFE33F354, 0xFC49F3C0, 0xFA75F477, 0xF8C2F572, 0xF73BF6AD,
		0xF5E9F820, 0xF4D3F9C2, 0xF401FB8A, 0xF376FD6D, 0xF337FF5F,
		0xF3450155, 0xF3A00343, 0xF444051D, 0xF53006D9, 0xF65C086B,
		0xF7C209CB, 0xF95A0AF0, 0xFB1A0BD3, 0xFCF70C6F, 0xFEE70CC1,
		0x00DD0CC5, 0x02CE0C7D, 0x04AE0BEA, 0x06720B0F, 0x080F09F2,
		0x097C0898, 0x0AB0070C, 0x0BA30555, 0x0C51037D, 0x0CB40191,
		0x0CCBFF9B, 0x0C95FDA8, 0x0C14FBC3, 0x0B4AF9F7, 0x0A3CF850,
		0x08F0F6D7, 0x076FF595, 0x05C1F491, 0x03F1F3D2, 0x0209F35D,
		0x0014F333, 0xFE1FF357, 0xFC36F3C6, 0xFA63F47F, 0xF8B2F57D,
		0xF72DF6BB, 0xF5DDF830, 0xF4C9F9D4, 0xF3FAFB9D, 0xF372FD81,
		0xF336FF73, 0xF3470169, 0xF3A50357, 0xF44C0530, 0xF53A06EA,
		0xF669087B, 0xF7D209D8, 0xF96B0AFB, 0xFB2D0BDB, 0xFD0B0C74,
		0xFEFB0CC2, 0x00F10CC4, 0x02E20C79, 0x04C10BE2, 0x06830B05,
		0x081F09E5, 0x0989088A, 0x0ABB06FB, 0x0BAB0542, 0x0C56036A,
		0x0CB6017D, 0x0CCAFF87, 0x0C92FD94, 0x0C0DFBB0, 0x0B40F9E6,
		0x0A30F840, 0x08E2F6C9, 0x075FF589, 0x05AFF488, 0x03DEF3CC,
		0x01F5F35A, 0x0000F333, 0xFE0BF35A, 0xFC22F3CC, 0xFA51F488,
		0xF8A1F589, 0xF71EF6C9, 0xF5D0F840, 0xF4C0F9E6, 0xF3F3FBB0,
		0xF36EFD94, 0xF336FF87, 0xF34A017D, 0xF3AA036A, 0xF4550542,
		0xF54506FB, 0xF677088A, 0xF7E109E5, 0xF97D0B05, 0xFB3F0BE2,
		0xFD1E0C79, 0xFF0F0CC4, 0x01050CC2, 0x02F50C74, 0x04D30BDB,
		0x06950AFB, 0x082E09D8, 0x0997087B, 0x0AC606EA, 0x0BB40530,
		0x0C5B0357, 0x0CB90169, 0x0CCAFF73, 0x0C8EFD81, 0x0C06FB9D,
		0x0B37F9D4, 0x0A23F830, 0x08D3F6BB, 0x074EF57D, 0x059DF47F,
		0x03CAF3C6, 0x01E1F357, 0xFFECF333, 0xFDF7F35D, 0xFC0FF3D2,
		0xFA3FF491, 0xF891F595, 0xF710F6D7, 0xF5C4F850, 0xF4B6F9F7,
		0xF3ECFBC3, 0xF36BFDA8, 0xF335FF9B, 0xF34C0191, 0xF3AF037D,
		0xF45D0555, 0xF550070C, 0xF6840898, 0xF7F109F2, 0xF98E0B0F,
		0xFB520BEA, 0xFD320C7D, 0xFF230CC5, 0x01190CC1, 0x03090C6F,
		0x04E60BD3, 0x06A60AF0, 0x083E09CB, 0x09A4086B, 0x0AD006D9,
		0x0BBC051D, 0x0C600343, 0x0CBB0155, 0x0CC9FF5F, 0x0C8AFD6D,
		0x0BFFFB8A, 0x0B2DF9C2, 0x0A17F820, 0x08C5F6AD, 0x073EF572,
		0x058BF477, 0x03B7F3C0, 0x01CDF354, 0xFFD8F334, 0xFDE4F360,
		0xFBFCF3D9, 0xFA2DF49A, 0xF881F5A0, 0xF701F6E5, 0xF5B8F860,
		0xF4ADFA09, 0xF3E6FBD6, 0xF367FDBC, 0xF334FFB0, 0xF34E01A5,
		0xF3B50391, 0xF4650567, 0xF55C071C, 0xF69208A7, 0xF80109FE,
		0xF99F0B19, 0xFB650BF1, 0xFD460C81, 0xFF370CC7, 0x012D0CBF,
		0x031C0C6B, 0x04F80BCC, 0x06B70AE6, 0x084D09BE, 0x09B1085C,
		0x0ADB06C8, 0x0BC4050B, 0x0C660330, 0x0CBD0141, 0x0CC8FF4B,
		0x0C86FD59, 0x0BF8FB78, 0x0B23F9B1, 0x0A0BF810, 0x08B6F69F,
		0x072DF567, 0x0579F46E, 0x03A4F3BB, 0x01B9F351, 0xFFC4F334,
		0xFDD0F364, 0xFBE9F3DF, 0xFA1BF4A3, 0xF870F5AC, 0xF6F3F6F3,
		0xF5ACF870, 0xF4A3FA1B, 0xF3DFFBE9, 0xF364FDD0, 0xF334FFC4,
		0xF35101B9, 0xF3BB03A4, 0xF46E0579, 0xF567072D, 0xF69F08B6,
		0xF8100A0B, 0xF9B10B23, 0xFB780BF8, 0xFD590C86, 0xFF4B0CC8,
		0x01410CBD, 0x03300C66, 0x050B0BC4, 0x06C80ADB, 0x085C09B1,
		0x09BE084D, 0x0AE606B7, 0x0BCC04F8, 0x0C6B031C, 0x0CBF012D,
		0x0CC7FF37, 0x0C81FD46, 0x0BF1FB65, 0x0B19F99F, 0x09FEF801,
		0x08A7F692, 0x071CF55C, 0x0567F465, 0x0391F3B5, 0x01A5F34E,
		0xFFB0F334, 0xFDBCF367, 0xFBD6F3E6, 0xFA09F4AD, 0xF860F5B8,
		0xF6E5F701, 0xF5A0F881, 0xF49AFA2D, 0xF3D9FBFC, 0xF360FDE4,
		0xF334FFD8, 0xF35401CD, 0xF3C003B7, 0xF477058B, 0xF572073E,
		0xF6AD08C5, 0xF8200A17, 0xF9C20B2D, 0xFB8A0BFF, 0xFD6D0C8A,
		0xFF5F0CC9, 0x01550CBB, 0x03430C60, 0x051D0BBC, 0x06D90AD0,
		0x086B09A4, 0x09CB083E, 0x0AF006A6, 0x0BD304E6, 0x0C6F0309,
		0x0CC10119, 0x0CC5FF23, 0x0C7DFD32, 0x0BEAFB52, 0x0B0FF98E,
		0x09F2F7F1, 0x0898F684, 0x070CF550, 0x0555F45D, 0x037DF3AF,
		0x0191F34C, 0xFF9BF335, 0xFDA8F36B, 0xFBC3F3EC, 0xF9F7F4B6,
		0xF850F5C4, 0xF6D7F710, 0xF595F891, 0xF491FA3F, 0xF3D2FC0F,
		0xF35DFDF7, 0xF333FFEC, 0xF35701E1, 0xF3C603CA, 0xF47F059D,
		0xF57D074E, 0xF6BB08D3, 0xF8300A23, 0xF9D40B37, 0xFB9D0C06,
		0xFD810C8E, 0xFF730CCA, 0x01690CB9, 0x03570C5B, 0x05300BB4,
		0x06EA0AC6, 0x087B0997, 0x09D8082E, 0x0AFB0695, 0x0BDB04D3,
		0x0C7402F5, 0x0CC20105, 0x0CC4FF0F, 0x0C79FD1E, 0x0BE2FB3F,
		0x0B05F97D, 0x09E5F7E1, 0x088AF677, 0x06FBF545, 0x0542F455,
		0x036AF3AA, 0x017DF34A, 0xFF87F336, 0xFD94F36E, 0xFBB0F3F3,
		0xF9E6F4C0, 0xF840F5D0, 0xF6C9F71E, 0xF589F8A1, 0xF488FA51,
		0xF3CCFC22, 0xF35AFE0B, 0xF3330000, 0xF35A01F5, 0xF3CC03DE,
		0xF48805AF, 0xF589075F, 0xF6C908E2, 0xF8400A30, 0xF9E60B40,
		0xFBB00C0D, 0xFD940C92, 0xFF870CCA, 0x017D0CB6, 0x036A0C56,
		0x05420BAB, 0x06FB0ABB, 0x088A0989, 0x09E5081F, 0x0B050683,
		0x0BE204C1, 0x0C7902E2, 0x0CC400F1, 0x0CC2FEFB, 0x0C74FD0B,
		0x0BDBFB2D, 0x0AFBF96B, 0x09D8F7D2, 0x087BF669, 0x06EAF53A,
		0x0530F44C, 0x0357F3A5, 0x0169F347, 0xFF73F336, 0xFD81F372,
		0xFB9DF3FA, 0xF9D4F4C9, 0xF830F5DD, 0xF6BBF72D, 0xF57DF8B2,
		0xF47FFA63, 0xF3C6FC36, 0xF357FE1F, 0xF3330014, 0xF35D0209,
		0xF3D203F1, 0xF49105C1, 0xF595076F, 0xF6D708F0, 0xF8500A3C,
		0xF9F70B4A, 0xFBC30C14, 0xFDA80C95, 0xFF9B0CCB, 0x01910CB4,
		0x037D0C51, 0x05550BA3, 0x070C0AB0, 0x0898097C, 0x09F2080F,
		0x0B0F0672, 0x0BEA04AE, 0x0C7D02CE, 0x0CC500DD, 0x0CC1FEE7,
		0x0C6FFCF7, 0x0BD3FB1A, 0x0AF0F95A, 0x09CBF7C2, 0x086BF65C,
		0x06D9F530, 0x051DF444, 0x0343F3A0, 0x0155F345, 0xFF5FF337,
		0xFD6DF376, 0xFB8AF401, 0xF9C2F4D3, 0xF820F5E9, 0xF6ADF73B,
		0xF572F8C2, 0xF477FA75, 0xF3C0FC49, 0xF354FE33, 0xF3340028,
		0xF360021C, 0xF3D90404, 0xF49A05D3, 0xF5A0077F, 0xF6E508FF,
		0xF8600A48, 0xFA090B53, 0xFBD60C1A, 0xFDBC0C99, 0xFFB00CCC,
		0x01A50CB2, 0x03910C4B, 0x05670B9B, 0x071C0AA4, 0x08A7096E,
		0x09FE07FF, 0x0B190661, 0x0BF1049B, 0x0C8102BA, 0x0CC700C9,
		0x0CBFFED3, 0x0C6BFCE4, 0x0BCCFB08, 0x0AE6F949, 0x09BEF7B3,
		0x085CF64F, 0x06C8F525, 0x050BF43C, 0x0330F39A, 0x0141F343,
		0xFF4BF338, 0xFD59F37A, 0xFB78F408, 0xF9B1F4DD, 0xF810F5F5,
		0xF69FF74A, 0xF567F8D3, 0xF46EFA87, 0xF3BBFC5C, 0xF351FE47,
		0xF334003C, 0xF3640230, 0xF3DF0417, 0xF4A305E5, 0xF5AC0790,
		0xF6F3090D, 0xF8700A54, 0xFA1B0B5D, 0xFBE90C21, 0xFDD00C9C,
		0xFFC40CCC, 0x01B90CAF, 0x03A40C45, 0x05790B92, 0x072D0A99,
		0x08B60961, 0x0A0B07F0, 0x0B23064F, 0x0BF80488, 0x0C8602A7,
		0x0CC800B5, 0x0CBDFEBF, 0x0C66FCD0, 0x0BC4FAF5, 0x0ADBF938,
		0x09B1F7A4, 0x084DF642, 0x06B7F51A, 0x04F8F434, 0x031CF395,
		0x012DF341, 0xFF37F339, 0xFD46F37F, 0xFB65F40F, 0xF99FF4E7,
		0xF801F602, 0xF692F759, 0xF55CF8E4, 0xF465FA99, 0xF3B5FC6F,
		0xF34EFE5B, 0xF3340050, 0xF3670244, 0xF3E6042A, 0xF4AD05F7,
		0xF5B807A0, 0xF701091B, 0xF8810A60, 0xFA2D0B66, 0xFBFC0C27,
		0xFDE40CA0, 0xFFD80CCC, 0x01CD0CAC, 0x03B70C40, 0x058B0B89,
		0x073E0A8E, 0x08C50953, 0x0A1707E0, 0x0B2D063E, 0x0BFF0476,
		0x0C8A0293, 0x0CC900A1, 0x0CBBFEAB, 0x0C60FCBD, 0x0BBCFAE3,
		0x0AD0F927, 0x09A4F795, 0x083EF635, 0x06A6F510, 0x04E6F42D,
		0x0309F391, 0x0119F33F, 0xFF23F33B, 0xFD32F383, 0xFB52F416,
		0xF98EF4F1, 0xF7F1F60E, 0xF684F768, 0xF550F8F4, 0xF45DFAAB,
		0xF3AFFC83, 0xF34CFE6F, 0xF3350065, 0xF36B0258, 0xF3EC043D,
		0xF4B60609, 0xF5C407B0, 0xF7100929, 0xF8910A6B, 0xFA3F0B6F,
		0xFC0F0C2E, 0xFDF70CA3, 0xFFEC0CCD, 0x01E10CA9, 0x03CA0C3A,
		0x059D0B81, 0x074E0A83, 0x08D30945, 0x0A2307D0, 0x0B37062C,
		0x0C060463, 0x0C8E027F, 0x0CCA008D, 0x0CB9FE97, 0x0C5BFCA9,
		0x0BB4FAD0, 0x0AC6F916, 0x0997F785, 0x082EF628, 0x0695F505,
		0x04D3F425, 0x02F5F38C, 0x0105F33E, 0xFF0FF33C, 0xFD1EF387,
		0xFB3FF41E, 0xF97DF4FB, 0xF7E1F61B, 0xF677F776, 0xF545F905,
		0xF455FABE, 0xF3AAFC96, 0xF34AFE83, 0xF3360079, 0xF36E026C,
		0xF3F30450, 0xF4C0061A, 0xF5D007C0, 0xF71E0937, 0xF8A10A77,
		0xFA510B78, 0xFC220C34, 0xFE0B0CA6, 0x00000CCD, 0x01F50CA6,
		0x03DE0C34, 0x05AF0B78, 0x075F0A77, 0x08E20937, 0x0A3007C0,
		0x0B40061A, 0x0C0D0450, 0x0C92026C, 0x0CCA0079, 0x0CB6FE83,
		0x0C56FC96, 0x0BABFABE, 0x0ABBF905, 0x0989F776, 0x081FF61B,
		0x0683F4FB, 0x04C1F41E, 0x02E2F387, 0x00F1F33C, 0xFEFBF33E,
		0xFD0BF38C, 0xFB2DF425, 0xF96BF505, 0xF7D2F628, 0xF669F785,
		0xF53AF916, 0xF44CFAD0, 0xF3A5FCA9, 0xF347FE97, 0xF336008D,
		0xF372027F, 0xF3FA0463, 0xF4C9062C, 0xF5DD07D0, 0xF72D0945,
		0xF8B20A83, 0xFA630B81, 0xFC360C3A, 0xFE1F0CA9, 0x00140CCD,
		0x02090CA3, 0x03F10C2E, 0x05C10B6F, 0x076F0A6B, 0x08F00929,
		0x0A3C07B0, 0x0B4A0609, 0x0C14043D, 0x0C950258, 0x0CCB0065,
		0x0CB4FE6F, 0x0C51FC83, 0x0BA3FAAB, 0x0AB0F8F4, 0x097CF768,
		0x080FF60E, 0x0672F4F1, 0x04AEF416, 0x02CEF383, 0x00DDF33B,
		0xFEE7F33F, 0xFCF7F391, 0xFB1AF42D, 0xF95AF510, 0xF7C2F635,
		0xF65CF795, 0xF530F927, 0xF444FAE3, 0xF3A0FCBD, 0xF345FEAB,
		0xF33700A1, 0xF3760293, 0xF4010476, 0xF4D3063E, 0xF5E907E0,
		0xF73B0953, 0xF8C20A8E, 0xFA750B89, 0xFC490C40, 0xFE330CAC,
		0x00280CCC, 0x021C0CA0, 0x04040C27, 0x05D30B66, 0x077F0A60,
		0x08FF091B, 0x0A4807A0, 0x0B5305F7, 0x0C1A042A, 0x0C990244,
		0x0CCC0050, 0x0CB2FE5B, 0x0C4BFC6F, 0x0B9BFA99, 0x0AA4F8E4,
		0x096EF759, 0x07FFF602, 0x0661F4E7, 0x049BF40F, 0x02BAF37F,
		0x00C9F339, 0xFED3F341, 0xFCE4F395, 0xFB08F434, 0xF949F51A,
		0xF7B3F642, 0xF64FF7A4, 0xF525F938, 0xF43CFAF5, 0xF39AFCD0,
		0xF343FEBF, 0xF33800B5, 0xF37A02A7, 0xF4080488, 0xF4DD064F,
		0xF5F507F0, 0xF74A0961, 0xF8D30A99, 0xFA870B92, 0xFC5C0C45,
		0xFE470CAF, 0x003C0CCC, 0x02300C9C, 0x04170C21, 0x05E50B5D,
		0x07900A54, 0x090D090D, 0x0A540790, 0x0B5D05E5, 0x0C210417,
		0x0C9C0230, 0x0CCC003C, 0x0CAFFE47, 0x0C45FC5C, 0x0B92FA87,
		0x0A99F8D3, 0x0961F74A, 0x07F0F5F5, 0x064FF4DD, 0x0488F408,
		0x02A7F37A, 0x00B5F338, 0xFEBFF343, 0xFCD0F39A, 0xFAF5F43C,
		0xF938F525, 0xF7A4F64F, 0xF642F7B3, 0xF51AF949, 0xF434FB08,
		0xF395FCE4, 0xF341FED3, 0xF33900C9, 0xF37F02BA, 0xF40F049B,
		0xF4E70661, 0xF60207FF, 0xF759096E, 0xF8E40AA4, 0xFA990B9B,
		0xFC6F0C4B, 0xFE5B0CB2, 0x00500CCC, 0x02440C99, 0x042A0C1A,
		0x05F70B53, 0x07A00A48, 0x091B08FF, 0x0A60077F, 0x0B6605D3,
		0x0C270404, 0x0CA0021C, 0x0CCC0028, 0x0CACFE33, 0x0C40FC49,
		0x0B89FA75, 0x0A8EF8C2, 0x0953F73B, 0x07E0F5E9, 0x063EF4D3,
		0x0476F401, 0x0293F376, 0x00A1F337, 0xFEABF345, 0xFCBDF3A0,
		0xFAE3F444, 0xF927F530, 0xF795F65C, 0xF635F7C2, 0xF510F95A,
		0xF42DFB1A, 0xF391FCF7, 0xF33FFEE7, 0xF33B00DD, 0xF38302CE,
		0xF41604AE, 0xF4F10672, 0xF60E080F, 0xF768097C, 0xF8F40AB0,
		0xFAAB0BA3, 0xFC830C51, 0xFE6F0CB4, 0x00650CCB, 0x02580C95,
		0x043D0C14, 0x06090B4A, 0x07B00A3C, 0x092908F0, 0x0A6B076F,
		0x0B6F05C1, 0x0C2E03F1, 0x0CA30209, 0x0CCD0014, 0x0CA9FE1F,
		0x0C3AFC36, 0x0B81FA63, 0x0A83F8B2, 0x0945F72D, 0x07D0F5DD,
		0x062CF4C9, 0x0463F3FA, 0x027FF372, 0x008DF336, 0xFE97F347,
		0xFCA9F3A5, 0xFAD0F44C, 0xF916F53A, 0xF785F669, 0xF628F7D2,
		0xF505F96B, 0xF425FB2D, 0xF38CFD0B, 0xF33EFEFB, 0xF33C00F1,
		0xF38702E2, 0xF41E04C1, 0xF4FB0683, 0xF61B081F, 0xF7760989,
		0xF9050ABB, 0xFABE0BAB, 0xFC960C56, 0xFE830CB6, 0x00790CCA,
		0x026C0C92, 0x04500C0D, 0x061A0B40, 0x07C00A30, 0x093708E2,
		0x0A77075F, 0x0B7805AF, 0x0C3403DE, 0x0CA601F5, 0x0CCD0000,
		0x0CA6FE0B, 0x0C34FC22, 0x0B78FA51, 0x0A77F8A1, 0x0937F71E,
		0x07C0F5D0, 0x061AF4C0, 0x0450F3F3, 0x026CF36E, 0x0079F336,
		0xFE83F34A, 0xFC96F3AA, 0xFABEF455, 0xF905F545, 0xF776F677,
		0xF61BF7E1, 0xF4FBF97D, 0xF41EFB3F, 0xF387FD1E, 0xF33CFF0F,
		0xF33E0105, 0xF38C02F5, 0xF42504D3, 0xF5050695, 0xF628082E,
		0xF7850997, 0xF9160AC6, 0xFAD00BB4, 0xFCA90C5B, 0xFE970CB9,
		0x008D0CCA, 0x027F0C8E, 0x04630C06, 0x062C0B37, 0x07D00A23,
		0x094508D3, 0x0A83074E, 0x0B81059D, 0x0C3A03CA, 0x0CA901E1,
		0x0CCDFFEC, 0x0CA3FDF7, 0x0C2EFC0F, 0x0B6FFA3F, 0x0A6BF891,
		0x0929F710, 0x07B0F5C4, 0x0609F4B6, 0x043DF3EC, 0x0258F36B,
		0x0065F335, 0xFE6FF34C, 0xFC83F3AF, 0xFAABF45D, 0xF8F4F550,
		0xF768F684, 0xF60EF7F1, 0xF4F1F98E, 0xF416FB52, 0xF383FD32,
		0xF33BFF23, 0xF33F0119, 0xF3910309, 0xF42D04E6, 0xF51006A6,
		0xF635083E, 0xF79509A4, 0xF9270AD0, 0xFAE30BBC, 0xFCBD0C60,
		0xFEAB0CBB, 0x00A10CC9, 0x02930C8A, 0x04760BFF, 0x063E0B2D,
		0x07E00A17, 0x095308C5, 0x0A8E073E, 0x0B89058B, 0x0C4003B7,
		0x0CAC01CD, 0x0CCCFFD8, 0x0CA0FDE4, 0x0C27FBFC, 0x0B66FA2D,
		0x0A60F881, 0x091BF701, 0x07A0F5B8, 0x05F7F4AD, 0x042AF3E6,
		0x0244F367, 0x0050F334, 0xFE5BF34E, 0xFC6FF3B5, 0xFA99F465,
		0xF8E4F55C, 0xF759F692, 0xF602F801, 0xF4E7F99F, 0xF40FFB65,
		0xF37FFD46, 0xF339FF37, 0xF341012D, 0xF395031C, 0xF43404F8,
		0xF51A06B7, 0xF642084D, 0xF7A409B1, 0xF9380ADB, 0xFAF50BC4,
		0xFCD00C66, 0xFEBF0CBD, 0x00B50CC8, 0x02A70C86, 0x04880BF8,
		0x064F0B23, 0x07F00A0B, 0x096108B6, 0x0A99072D, 0x0B920579,
		0x0C4503A4, 0x0CAF01B9, 0x0CCCFFC4, 0x0C9CFDD0, 0x0C21FBE9,
		0x0B5DFA1B, 0x0A54F870, 0x090DF6F3, 0x0790F5AC, 0x05E5F4A3,
		0x0417F3DF, 0x0230F364, 0x003CF334, 0xFE47F351, 0xFC5CF3BB,
		0xFA87F46E, 0xF8D3F567, 0xF74AF69F, 0xF5F5F810, 0xF4DDF9B1,
		0xF408FB78, 0xF37AFD59, 0xF338FF4B, 0xF3430141, 0xF39A0330,
		0xF43C050B, 0xF52506C8, 0xF64F085C, 0xF7B309BE, 0xF9490AE6,
		0xFB080BCC, 0xFCE40C6B, 0xFED30CBF, 0x00C90CC7, 0x02BA0C81,
		0x049B0BF1, 0x06610B19, 0x07FF09FE, 0x096E08A7, 0x0AA4071C,
		0x0B9B0567, 0x0C4B0391, 0x0CB201A5, 0x0CCCFFB0, 0x0C99FDBC,
		0x0C1AFBD6, 0x0B53FA09, 0x0A48F860, 0x08FFF6E5, 0x077FF5A0,
		0x05D3F49A, 0x0404F3D9, 0x021CF360, 0x0028F334, 0xFE33F354,
		0xFC49F3C0, 0xFA75F477, 0xF8C2F572, 0xF73BF6AD, 0xF5E9F820,
		0xF4D3F9C2, 0xF401FB8A, 0xF376FD6D, 0xF337FF5F, 0xF3450155,
		0xF3A00343, 0xF444051D, 0xF53006D9, 0xF65C086B, 0xF7C209CB,
		0xF95A0AF0, 0xFB1A0BD3, 0xFCF70C6F, 0xFEE70CC1, 0x00DD0CC5,
		0x02CE0C7D, 0x04AE0BEA, 0x06720B0F, 0x080F09F2, 0x097C0898,
		0x0AB0070C, 0x0BA30555, 0x0C51037D, 0x0CB40191, 0x0CCBFF9B,
		0x0C95FDA8, 0x0C14FBC3, 0x0B4AF9F7, 0x0A3CF850, 0x08F0F6D7,
		0x076FF595, 0x05C1F491, 0x03F1F3D2, 0x0209F35D, 0x0014F333,
		0xFE1FF357, 0xFC36F3C6, 0xFA63F47F, 0xF8B2F57D, 0xF72DF6BB,
		0xF5DDF830, 0xF4C9F9D4, 0xF3FAFB9D, 0xF372FD81, 0xF336FF73,
		0xF3470169, 0xF3A50357, 0xF44C0530, 0xF53A06EA, 0xF669087B,
		0xF7D209D8, 0xF96B0AFB, 0xFB2D0BDB, 0xFD0B0C74, 0xFEFB0CC2,
		0x00F10CC4, 0x02E20C79, 0x04C10BE2, 0x06830B05, 0x081F09E5,
		0x0989088A, 0x0ABB06FB, 0x0BAB0542, 0x0C56036A, 0x0CB6017D,
		0x0CCAFF87, 0x0C92FD94, 0x0C0DFBB0, 0x0B40F9E6, 0x0A30F840,
		0x08E2F6C9, 0x075FF589, 0x05AFF488, 0x03DEF3CC, 0x01F5F35A,
		0x0000F333, 0xFE0BF35A, 0xFC22F3CC, 0xFA51F488, 0xF8A1F589,
		0xF71EF6C9, 0xF5D0F840, 0xF4C0F9E6, 0xF3F3FBB0, 0xF36EFD94,
		0xF336FF87, 0xF34A017D, 0xF3AA036A, 0xF4550542, 0xF54506FB,
		0xF677088A, 0xF7E109E5, 0xF97D0B05, 0xFB3F0BE2, 0xFD1E0C79,
		0xFF0F0CC4, 0x01050CC2, 0x02F50C74, 0x04D30BDB, 0x06950AFB,
		0x082E09D8, 0x0997087B, 0x0AC606EA, 0x0BB40530, 0x0C5B0357,
		0x0CB90169, 0x0CCAFF73, 0x0C8EFD81, 0x0C06FB9D, 0x0B37F9D4,
		0x0A23F830, 0x08D3F6BB, 0x074EF57D, 0x059DF47F, 0x03CAF3C6,
		0x01E1F357, 0xFFECF333, 0xFDF7F35D, 0xFC0FF3D2, 0xFA3FF491,
		0xF891F595, 0xF710F6D7, 0xF5C4F850, 0xF4B6F9F7, 0xF3ECFBC3,
		0xF36BFDA8, 0xF335FF9B, 0xF34C0191, 0xF3AF037D, 0xF45D0555,
		0xF550070C, 0xF6840898, 0xF7F109F2, 0xF98E0B0F, 0xFB520BEA,
		0xFD320C7D, 0xFF230CC5, 0x01190CC1, 0x03090C6F, 0x04E60BD3,
		0x06A60AF0, 0x083E09CB, 0x09A4086B, 0x0AD006D9, 0x0BBC051D,
		0x0C600343, 0x0CBB0155, 0x0CC9FF5F, 0x0C8AFD6D, 0x0BFFFB8A,
		0x0B2DF9C2, 0x0A17F820, 0x08C5F6AD, 0x073EF572, 0x058BF477,
		0x03B7F3C0, 0x01CDF354, 0xFFD8F334, 0xFDE4F360, 0xFBFCF3D9,
		0xFA2DF49A, 0xF881F5A0, 0xF701F6E5, 0xF5B8F860, 0xF4ADFA09,
		0xF3E6FBD6, 0xF367FDBC, 0xF334FFB0, 0xF34E01A5, 0xF3B50391,
		0xF4650567, 0xF55C071C, 0xF69208A7, 0xF80109FE, 0xF99F0B19,
		0xFB650BF1, 0xFD460C81, 0xFF370CC7, 0x012D0CBF, 0x031C0C6B,
		0x04F80BCC, 0x06B70AE6, 0x084D09BE, 0x09B1085C, 0x0ADB06C8,
		0x0BC4050B, 0x0C660330, 0x0CBD0141, 0x0CC8FF4B, 0x0C86FD59,
		0x0BF8FB78, 0x0B23F9B1, 0x0A0BF810, 0x08B6F69F, 0x072DF567,
		0x0579F46E, 0x03A4F3BB, 0x01B9F351, 0xFFC4F334, 0xFDD0F364,
		0xFBE9F3DF, 0xFA1BF4A3, 0xF870F5AC, 0xF6F3F6F3, 0xF5ACF870,
		0xF4A3FA1B, 0xF3DFFBE9, 0xF364FDD0, 0xF334FFC4, 0xF35101B9,
		0xF3BB03A4, 0xF46E0579, 0xF567072D, 0xF69F08B6, 0xF8100A0B,
		0xF9B10B23, 0xFB780BF8, 0xFD590C86, 0xFF4B0CC8, 0x01410CBD,
		0x03300C66, 0x050B0BC4, 0x06C80ADB, 0x085C09B1, 0x09BE084D,
		0x0AE606B7, 0x0BCC04F8, 0x0C6B031C, 0x0CBF012D, 0x0CC7FF37,
		0x0C81FD46, 0x0BF1FB65, 0x0B19F99F, 0x09FEF801, 0x08A7F692,
		0x071CF55C, 0x0567F465, 0x0391F3B5, 0x01A5F34E, 0xFFB0F334,
		0xFDBCF367, 0xFBD6F3E6, 0xFA09F4AD, 0xF860F5B8, 0xF6E5F701,
		0xF5A0F881, 0xF49AFA2D, 0xF3D9FBFC, 0xF360FDE4, 0xF334FFD8,
		0xF35401CD, 0xF3C003B7, 0xF477058B, 0xF572073E, 0xF6AD08C5,
		0xF8200A17, 0xF9C20B2D, 0xFB8A0BFF, 0xFD6D0C8A, 0xFF5F0CC9,
		0x01550CBB, 0x03430C60, 0x051D0BBC, 0x06D90AD0, 0x086B09A4,
		0x09CB083E, 0x0AF006A6, 0x0BD304E6, 0x0C6F0309, 0x0CC10119,
		0x0CC5FF23, 0x0C7DFD32, 0x0BEAFB52, 0x0B0FF98E, 0x09F2F7F1,
		0x0898F684, 0x070CF550, 0x0555F45D, 0x037DF3AF, 0x0191F34C,
		0xFF9BF335, 0xFDA8F36B, 0xFBC3F3EC, 0xF9F7F4B6, 0xF850F5C4,
		0xF6D7F710, 0xF595F891, 0xF491FA3F, 0xF3D2FC0F, 0xF35DFDF7,
		0xF333FFEC, 0xF35701E1, 0xF3C603CA, 0xF47F059D, 0xF57D074E,
		0xF6BB08D3, 0xF8300A23, 0xF9D40B37, 0xFB9D0C06, 0xFD810C8E,
		0xFF730CCA, 0x01690CB9, 0x03570C5B, 0x05300BB4, 0x06EA0AC6,
		0x087B0997, 0x09D8082E, 0x0AFB0695, 0x0BDB04D3, 0x0C7402F5,
		0x0CC20105, 0x0CC4FF0F, 0x0C79FD1E, 0x0BE2FB3F, 0x0B05F97D,
		0x09E5F7E1, 0x088AF677, 0x06FBF545, 0x0542F455, 0x036AF3AA,
		0x017DF34A, 0xFF87F336, 0xFD94F36E, 0xFBB0F3F3, 0xF9E6F4C0,
		0xF840F5D0, 0xF6C9F71E, 0xF589F8A1, 0xF488FA51, 0xF3CCFC22,
		0xF35AFE0B, 0xF3330000, 0xF35A01F5, 0xF3CC03DE, 0xF48805AF,
		0xF589075F, 0xF6C908E2, 0xF8400A30, 0xF9E60B40, 0xFBB00C0D,
		0xFD940C92, 0xFF870CCA, 0x017D0CB6, 0x036A0C56, 0x05420BAB,
		0x06FB0ABB, 0x088A0989, 0x09E5081F, 0x0B050683, 0x0BE204C1,
		0x0C7902E2, 0x0CC400F1, 0x0CC2FEFB, 0x0C74FD0B, 0x0BDBFB2D,
		0x0AFBF96B, 0x09D8F7D2, 0x087BF669, 0x06EAF53A, 0x0530F44C,
		0x0357F3A5, 0x0169F347, 0xFF73F336, 0xFD81F372, 0xFB9DF3FA,
		0xF9D4F4C9, 0xF830F5DD, 0xF6BBF72D, 0xF57DF8B2, 0xF47FFA63,
		0xF3C6FC36, 0xF357FE1F, 0xF3330014, 0xF35D0209, 0xF3D203F1,
		0xF49105C1, 0xF595076F, 0xF6D708F0, 0xF8500A3C, 0xF9F70B4A,
		0xFBC30C14, 0xFDA80C95, 0xFF9B0CCB, 0x01910CB4, 0x037D0C51,
		0x05550BA3, 0x070C0AB0, 0x0898097C, 0x09F2080F, 0x0B0F0672,
		0x0BEA04AE, 0x0C7D02CE, 0x0CC500DD, 0x0CC1FEE7, 0x0C6FFCF7,
		0x0BD3FB1A, 0x0AF0F95A, 0x09CBF7C2, 0x086BF65C, 0x06D9F530,
		0x051DF444, 0x0343F3A0, 0x0155F345, 0xFF5FF337, 0xFD6DF376,
		0xFB8AF401, 0xF9C2F4D3, 0xF820F5E9, 0xF6ADF73B, 0xF572F8C2,
		0xF477FA75, 0xF3C0FC49, 0xF354FE33, 0xF3340028, 0xF360021C,
		0xF3D90404, 0xF49A05D3, 0xF5A0077F, 0xF6E508FF, 0xF8600A48,
		0xFA090B53, 0xFBD60C1A, 0xFDBC0C99, 0xFFB00CCC, 0x01A50CB2,
		0x03910C4B, 0x05670B9B, 0x071C0AA4, 0x08A7096E, 0x09FE07FF,
		0x0B190661, 0x0BF1049B, 0x0C8102BA, 0x0CC700C9, 0x0CBFFED3,
		0x0C6BFCE4, 0x0BCCFB08, 0x0AE6F949, 0x09BEF7B3, 0x085CF64F,
		0x06C8F525, 0x050BF43C, 0x0330F39A, 0x0141F343, 0xFF4BF338,
		0xFD59F37A, 0xFB78F408, 0xF9B1F4DD, 0xF810F5F5, 0xF69FF74A,
		0xF567F8D3, 0xF46EFA87, 0xF3BBFC5C, 0xF351FE47, 0xF334003C,
		0xF3640230, 0xF3DF0417, 0xF4A305E5, 0xF5AC0790, 0xF6F3090D,
		0xF8700A54, 0xFA1B0B5D, 0xFBE90C21, 0xFDD00C9C, 0xFFC40CCC,
		0x01B90CAF, 0x03A40C45, 0x05790B92, 0x072D0A99, 0x08B60961,
		0x0A0B07F0, 0x0B23064F, 0x0BF80488, 0x0C8602A7, 0x0CC800B5,
		0x0CBDFEBF, 0x0C66FCD0, 0x0BC4FAF5, 0x0ADBF938, 0x09B1F7A4,
		0x084DF642, 0x06B7F51A, 0x04F8F434, 0x031CF395, 0x012DF341,
		0xFF37F339, 0xFD46F37F, 0xFB65F40F, 0xF99FF4E7, 0xF801F602,
		0xF692F759, 0xF55CF8E4, 0xF465FA99, 0xF3B5FC6F, 0xF34EFE5B,
		0xF3340050, 0xF3670244, 0xF3E6042A, 0xF4AD05F7, 0xF5B807A0,
		0xF701091B, 0xF8810A60, 0xFA2D0B66, 0xFBFC0C27, 0xFDE40CA0,
		0xFFD80CCC, 0x01CD0CAC, 0x03B70C40, 0x058B0B89, 0x073E0A8E,
		0x08C50953, 0x0A1707E0, 0x0B2D063E, 0x0BFF0476, 0x0C8A0293,
		0x0CC900A1, 0x0CBBFEAB, 0x0C60FCBD, 0x0BBCFAE3, 0x0AD0F927,
		0x09A4F795, 0x083EF635, 0x06A6F510, 0x04E6F42D, 0x0309F391,
		0x0119F33F, 0xFF23F33B, 0xFD32F383, 0xFB52F416, 0xF98EF4F1,
		0xF7F1F60E, 0xF684F768, 0xF550F8F4, 0xF45DFAAB, 0xF3AFFC83,
		0xF34CFE6F, 0xF3350065, 0xF36B0258, 0xF3EC043D, 0xF4B60609,
		0xF5C407B0, 0xF7100929, 0xF8910A6B, 0xFA3F0B6F, 0xFC0F0C2E,
		0xFDF70CA3, 0xFFEC0CCD, 0x01E10CA9, 0x03CA0C3A, 0x059D0B81,
		0x074E0A83, 0x08D30945, 0x0A2307D0, 0x0B37062C, 0x0C060463,
		0x0C8E027F, 0x0CCA008D, 0x0CB9FE97, 0x0C5BFCA9, 0x0BB4FAD0,
		0x0AC6F916, 0x0997F785, 0x082EF628, 0x0695F505, 0x04D3F425,
		0x02F5F38C, 0x0105F33E, 0xFF0FF33C, 0xFD1EF387, 0xFB3FF41E,
		0xF97DF4FB, 0xF7E1F61B, 0xF677F776, 0xF545F905, 0xF455FABE,
		0xF3AAFC96, 0xF34AFE83, 0xF3360079, 0xF36E026C, 0xF3F30450,
		0xF4C0061A, 0xF5D007C0, 0xF71E0937, 0xF8A10A77, 0xFA510B78,
		0xFC220C34, 0xFE0B0CA6, 0x00000CCD, 0x01F50CA6, 0x03DE0C34,
		0x05AF0B78, 0x075F0A77, 0x08E20937, 0x0A3007C0, 0x0B40061A,
		0x0C0D0450, 0x0C92026C, 0x0CCA0079, 0x0CB6FE83, 0x0C56FC96,
		0x0BABFABE, 0x0ABBF905, 0x0989F776, 0x081FF61B, 0x0683F4FB,
		0x04C1F41E, 0x02E2F387, 0x00F1F33C, 0xFEFBF33E, 0xFD0BF38C,
		0xFB2DF425, 0xF96BF505, 0xF7D2F628, 0xF669F785, 0xF53AF916,
		0xF44CFAD0, 0xF3A5FCA9, 0xF347FE97, 0xF336008D, 0xF372027F,
		0xF3FA0463, 0xF4C9062C, 0xF5DD07D0, 0xF72D0945, 0xF8B20A83,
		0xFA630B81, 0xFC360C3A, 0xFE1F0CA9, 0x00140CCD, 0x02090CA3,
		0x03F10C2E, 0x05C10B6F, 0x076F0A6B, 0x08F00929, 0x0A3C07B0,
		0x0B4A0609, 0x0C14043D, 0x0C950258, 0x0CCB0065, 0x0CB4FE6F,
		0x0C51FC83, 0x0BA3FAAB, 0x0AB0F8F4, 0x097CF768, 0x080FF60E,
		0x0672F4F1, 0x04AEF416, 0x02CEF383, 0x00DDF33B, 0xFEE7F33F,
		0xFCF7F391, 0xFB1AF42D, 0xF95AF510, 0xF7C2F635, 0xF65CF795,
		0xF530F927, 0xF444FAE3, 0xF3A0FCBD, 0xF345FEAB, 0xF33700A1,
		0xF3760293, 0xF4010476, 0xF4D3063E, 0xF5E907E0, 0xF73B0953,
		0xF8C20A8E, 0xFA750B89, 0xFC490C40, 0xFE330CAC, 0x00280CCC,
		0x021C0CA0, 0x04040C27, 0x05D30B66, 0x077F0A60, 0x08FF091B,
		0x0A4807A0, 0x0B5305F7, 0x0C1A042A, 0x0C990244, 0x0CCC0050,
		0x0CB2FE5B, 0x0C4BFC6F, 0x0B9BFA99, 0x0AA4F8E4, 0x096EF759,
		0x07FFF602, 0x0661F4E7, 0x049BF40F, 0x02BAF37F, 0x00C9F339,
		0xFED3F341, 0xFCE4F395, 0xFB08F434, 0xF949F51A, 0xF7B3F642,
		0xF64FF7A4, 0xF525F938, 0xF43CFAF5, 0xF39AFCD0, 0xF343FEBF,
		0xF33800B5, 0xF37A02A7, 0xF4080488, 0xF4DD064F, 0xF5F507F0,
		0xF74A0961, 0xF8D30A99, 0xFA870B92, 0xFC5C0C45, 0xFE470CAF,
		0x003C0CCC, 0x02300C9C, 0x04170C21, 0x05E50B5D, 0x07900A54,
		0x090D090D, 0x0A540790, 0x0B5D05E5, 0x0C210417, 0x0C9C0230,
		0x0CCC003C, 0x0CAFFE47, 0x0C45FC5C, 0x0B92FA87, 0x0A99F8D3,
		0x0961F74A, 0x07F0F5F5, 0x064FF4DD, 0x0488F408, 0x02A7F37A,
		0x00B5F338, 0xFEBFF343, 0xFCD0F39A, 0xFAF5F43C, 0xF938F525,
		0xF7A4F64F, 0xF642F7B3, 0xF51AF949, 0xF434FB08, 0xF395FCE4,
		0xF341FED3, 0xF33900C9, 0xF37F02BA, 0xF40F049B, 0xF4E70661,
		0xF60207FF, 0xF759096E, 0xF8E40AA4, 0xFA990B9B, 0xFC6F0C4B,
		0xFE5B0CB2, 0x00500CCC, 0x02440C99, 0x042A0C1A, 0x05F70B53,
		0x07A00A48, 0x091B08FF, 0x0A60077F, 0x0B6605D3, 0x0C270404,
		0x0CA0021C, 0x0CCC0028, 0x0CACFE33, 0x0C40FC49, 0x0B89FA75,
		0x0A8EF8C2, 0x0953F73B, 0x07E0F5E9, 0x063EF4D3, 0x0476F401,
		0x0293F376, 0x00A1F337, 0xFEABF345, 0xFCBDF3A0, 0xFAE3F444,
		0xF927F530, 0xF795F65C, 0xF635F7C2, 0xF510F95A, 0xF42DFB1A,
		0xF391FCF7, 0xF33FFEE7, 0xF33B00DD, 0xF38302CE, 0xF41604AE,
		0xF4F10672, 0xF60E080F, 0xF768097C, 0xF8F40AB0, 0xFAAB0BA3,
		0xFC830C51, 0xFE6F0CB4, 0x00650CCB, 0x02580C95, 0x043D0C14,
		0x06090B4A, 0x07B00A3C, 0x092908F0, 0x0A6B076F, 0x0B6F05C1,
		0x0C2E03F1, 0x0CA30209, 0x0CCD0014, 0x0CA9FE1F, 0x0C3AFC36,
		0x0B81FA63, 0x0A83F8B2, 0x0945F72D, 0x07D0F5DD, 0x062CF4C9,
		0x0463F3FA, 0x027FF372, 0x008DF336, 0xFE97F347, 0xFCA9F3A5,
		0xFAD0F44C, 0xF916F53A, 0xF785F669, 0xF628F7D2, 0xF505F96B,
		0xF425FB2D, 0xF38CFD0B, 0xF33EFEFB, 0xF33C00F1, 0xF38702E2,
		0xF41E04C1, 0xF4FB0683, 0xF61B081F, 0xF7760989, 0xF9050ABB,
		0xFABE0BAB, 0xFC960C56, 0xFE830CB6, 0x00790CCA, 0x026C0C92,
		0x04500C0D, 0x061A0B40, 0x07C00A30, 0x093708E2, 0x0A77075F,
		0x0B7805AF, 0x0C3403DE, 0x0CA601F5, 0x0CCD0000, 0x0CA6FE0B,
		0x0C34FC22, 0x0B78FA51, 0x0A77F8A1, 0x0937F71E, 0x07C0F5D0,
		0x061AF4C0, 0x0450F3F3, 0x026CF36E, 0x0079F336, 0xFE83F34A,
		0xFC96F3AA, 0xFABEF455, 0xF905F545, 0xF776F677, 0xF61BF7E1,
		0xF4FBF97D, 0xF41EFB3F, 0xF387FD1E, 0xF33CFF0F, 0xF33E0105,
		0xF38C02F5, 0xF42504D3, 0xF5050695, 0xF628082E, 0xF7850997,
		0xF9160AC6, 0xFAD00BB4, 0xFCA90C5B, 0xFE970CB9, 0x008D0CCA,
		0x027F0C8E, 0x04630C06, 0x062C0B37, 0x07D00A23, 0x094508D3,
		0x0A83074E, 0x0B81059D, 0x0C3A03CA, 0x0CA901E1, 0x0CCDFFEC,
		0x0CA3FDF7, 0x0C2EFC0F, 0x0B6FFA3F, 0x0A6BF891, 0x0929F710,
		0x07B0F5C4, 0x0609F4B6, 0x043DF3EC, 0x0258F36B, 0x0065F335,
		0xFE6FF34C, 0xFC83F3AF, 0xFAABF45D, 0xF8F4F550, 0xF768F684,
		0xF60EF7F1, 0xF4F1F98E, 0xF416FB52, 0xF383FD32, 0xF33BFF23,
		0xF33F0119, 0xF3910309, 0xF42D04E6, 0xF51006A6, 0xF635083E,
		0xF79509A4, 0xF9270AD0, 0xFAE30BBC, 0xFCBD0C60, 0xFEAB0CBB,
		0x00A10CC9, 0x02930C8A, 0x04760BFF, 0x063E0B2D, 0x07E00A17,
		0x095308C5, 0x0A8E073E, 0x0B89058B, 0x0C4003B7, 0x0CAC01CD,
		0x0CCCFFD8, 0x0CA0FDE4, 0x0C27FBFC, 0x0B66FA2D, 0x0A60F881,
		0x091BF701, 0x07A0F5B8, 0x05F7F4AD, 0x042AF3E6, 0x0244F367,
		0x0050F334, 0xFE5BF34E, 0xFC6FF3B5, 0xFA99F465, 0xF8E4F55C,
		0xF759F692, 0xF602F801, 0xF4E7F99F, 0xF40FFB65, 0xF37FFD46,
		0xF339FF37, 0xF341012D, 0xF395031C, 0xF43404F8, 0xF51A06B7,
		0xF642084D, 0xF7A409B1, 0xF9380ADB, 0xFAF50BC4, 0xFCD00C66,
		0xFEBF0CBD, 0x00B50CC8, 0x02A70C86, 0x04880BF8, 0x064F0B23,
		0x07F00A0B, 0x096108B6, 0x0A99072D, 0x0B920579, 0x0C4503A4,
		0x0CAF01B9, 0x0CCCFFC4, 0x0C9CFDD0, 0x0C21FBE9, 0x0B5DFA1B,
		0x0A54F870, 0x090DF6F3, 0x0790F5AC, 0x05E5F4A3, 0x0417F3DF,
		0x0230F364, 0x003CF334, 0xFE47F351, 0xFC5CF3BB, 0xFA87F46E,
		0xF8D3F567, 0xF74AF69F, 0xF5F5F810, 0xF4DDF9B1, 0xF408FB78,
		0xF37AFD59, 0xF338FF4B, 0xF3430141, 0xF39A0330, 0xF43C050B,
		0xF52506C8, 0xF64F085C, 0xF7B309BE, 0xF9490AE6, 0xFB080BCC,
		0xFCE40C6B, 0xFED30CBF, 0x00C90CC7, 0x02BA0C81, 0x049B0BF1,
		0x06610B19, 0x07FF09FE, 0x096E08A7, 0x0AA4071C, 0x0B9B0567,
		0x0C4B0391, 0x0CB201A5, 0x0CCCFFB0, 0x0C99FDBC, 0x0C1AFBD6,
		0x0B53FA09, 0x0A48F860, 0x08FFF6E5, 0x077FF5A0, 0x05D3F49A,
		0x0404F3D9, 0x021CF360, 0x0028F334, 0xFE33F354, 0xFC49F3C0,
		0xFA75F477, 0xF8C2F572, 0xF73BF6AD, 0xF5E9F820, 0xF4D3F9C2,
		0xF401FB8A, 0xF376FD6D, 0xF337FF5F, 0xF3450155, 0xF3A00343,
		0xF444051D, 0xF53006D9, 0xF65C086B, 0xF7C209CB, 0xF95A0AF0,
		0xFB1A0BD3, 0xFCF70C6F, 0xFEE70CC1, 0x00DD0CC5, 0x02CE0C7D,
		0x04AE0BEA, 0x06720B0F, 0x080F09F2, 0x097C0898, 0x0AB0070C,
		0x0BA30555, 0x0C51037D, 0x0CB40191, 0x0CCBFF9B, 0x0C95FDA8,
		0x0C14FBC3, 0x0B4AF9F7, 0x0A3CF850, 0x08F0F6D7, 0x076FF595,
		0x05C1F491, 0x03F1F3D2, 0x0209F35D, 0x0014F333, 0xFE1FF357,
		0xFC36F3C6, 0xFA63F47F, 0xF8B2F57D, 0xF72DF6BB, 0xF5DDF830,
		0xF4C9F9D4, 0xF3FAFB9D, 0xF372FD81, 0xF336FF73, 0xF3470169,
		0xF3A50357, 0xF44C0530, 0xF53A06EA, 0xF669087B, 0xF7D209D8,
		0xF96B0AFB, 0xFB2D0BDB, 0xFD0B0C74, 0xFEFB0CC2, 0x00F10CC4,
		0x02E20C79, 0x04C10BE2, 0x06830B05, 0x081F09E5, 0x0989088A,
		0x0ABB06FB, 0x0BAB0542, 0x0C56036A, 0x0CB6017D, 0x0CCAFF87,
		0x0C92FD94, 0x0C0DFBB0, 0x0B40F9E6, 0x0A30F840, 0x08E2F6C9,
		0x075FF589, 0x05AFF488, 0x03DEF3CC, 0x01F5F35A, 0x0000F333,
		0xFE0BF35A, 0xFC22F3CC, 0xFA51F488, 0xF8A1F589, 0xF71EF6C9,
		0xF5D0F840, 0xF4C0F9E6, 0xF3F3FBB0, 0xF36EFD94, 0xF336FF87,
		0xF34A017D, 0xF3AA036A, 0xF4550542, 0xF54506FB, 0xF677088A,
		0xF7E109E5, 0xF97D0B05, 0xFB3F0BE2, 0xFD1E0C79, 0xFF0F0CC4,
		0x01050CC2, 0x02F50C74, 0x04D30BDB, 0x06950AFB, 0x082E09D8,
		0x0997087B, 0x0AC606EA, 0x0BB40530, 0x0C5B0357, 0x0CB90169,
		0x0CCAFF73, 0x0C8EFD81, 0x0C06FB9D, 0x0B37F9D4, 0x0A23F830,
		0x08D3F6BB, 0x074EF57D, 0x059DF47F, 0x03CAF3C6, 0x01E1F357,
		0xFFECF333, 0xFDF7F35D, 0xFC0FF3D2, 0xFA3FF491, 0xF891F595,
		0xF710F6D7, 0xF5C4F850, 0xF4B6F9F7, 0xF3ECFBC3, 0xF36BFDA8,
		0xF335FF9B, 0xF34C0191, 0xF3AF037D, 0xF45D0555, 0xF550070C,
		0xF6840898, 0xF7F109F2, 0xF98E0B0F, 0xFB520BEA, 0xFD320C7D,
		0xFF230CC5, 0x01190CC1, 0x03090C6F, 0x04E60BD3, 0x06A60AF0,
		0x083E09CB, 0x09A4086B, 0x0AD006D9, 0x0BBC051D, 0x0C600343,
		0x0CBB0155, 0x0CC9FF5F, 0x0C8AFD6D, 0x0BFFFB8A, 0x0B2DF9C2,
		0x0A17F820, 0x08C5F6AD, 0x073EF572, 0x058BF477, 0x03B7F3C0,
		0x01CDF354, 0xFFD8F334, 0xFDE4F360, 0xFBFCF3D9, 0xFA2DF49A,
		0xF881F5A0, 0xF701F6E5, 0xF5B8F860, 0xF4ADFA09, 0xF3E6FBD6,
		0xF367FDBC, 0xF334FFB0, 0xF34E01A5, 0xF3B50391, 0xF4650567,
		0xF55C071C, 0xF69208A7, 0xF80109FE, 0xF99F0B19, 0xFB650BF1,
		0xFD460C81, 0xFF370CC7, 0x012D0CBF, 0x031C0C6B, 0x04F80BCC,
		0x06B70AE6, 0x084D09BE, 0x09B1085C, 0x0ADB06C8, 0x0BC4050B,
		0x0C660330, 0x0CBD0141, 0x0CC8FF4B, 0x0C86FD59, 0x0BF8FB78,
		0x0B23F9B1, 0x0A0BF810, 0x08B6F69F, 0x072DF567, 0x0579F46E,
		0x03A4F3BB, 0x01B9F351, 0xFFC4F334, 0xFDD0F364, 0xFBE9F3DF,
		0xFA1BF4A3, 0xF870F5AC, 0xF6F3F6F3, 0xF5ACF870, 0xF4A3FA1B,
		0xF3DFFBE9, 0xF364FDD0, 0xF334FFC4, 0xF35101B9, 0xF3BB03A4,
		0xF46E0579, 0xF567072D, 0xF69F08B6, 0xF8100A0B, 0xF9B10B23,
		0xFB780BF8, 0xFD590C86, 0xFF4B0CC8, 0x01410CBD, 0x03300C66,
		0x050B0BC4, 0x06C80ADB, 0x085C09B1, 0x09BE084D, 0x0AE606B7,
		0x0BCC04F8, 0x0C6B031C, 0x0CBF012D, 0x0CC7FF37, 0x0C81FD46,
		0x0BF1FB65, 0x0B19F99F, 0x09FEF801, 0x08A7F692, 0x071CF55C,
		0x0567F465, 0x0391F3B5, 0x01A5F34E, 0xFFB0F334, 0xFDBCF367,
		0xFBD6F3E6, 0xFA09F4AD, 0xF860F5B8, 0xF6E5F701, 0xF5A0F881,
		0xF49AFA2D, 0xF3D9FBFC, 0xF360FDE4, 0xF334FFD8, 0xF35401CD,
		0xF3C003B7, 0xF477058B, 0xF572073E, 0xF6AD08C5, 0xF8200A17,
		0xF9C20B2D, 0xFB8A0BFF, 0xFD6D0C8A, 0xFF5F0CC9, 0x01550CBB,
		0x03430C60, 0x051D0BBC, 0x06D90AD0, 0x086B09A4, 0x09CB083E,
		0x0AF006A6, 0x0BD304E6, 0x0C6F0309, 0x0CC10119, 0x0CC5FF23,
		0x0C7DFD32, 0x0BEAFB52, 0x0B0FF98E, 0x09F2F7F1, 0x0898F684,
		0x070CF550, 0x0555F45D, 0x037DF3AF, 0x0191F34C, 0xFF9BF335,
		0xFDA8F36B, 0xFBC3F3EC, 0xF9F7F4B6, 0xF850F5C4, 0xF6D7F710,
		0xF595F891, 0xF491FA3F, 0xF3D2FC0F, 0xF35DFDF7, 0xF333FFEC,
		0xF35701E1, 0xF3C603CA, 0xF47F059D, 0xF57D074E, 0xF6BB08D3,
		0xF8300A23, 0xF9D40B37, 0xFB9D0C06, 0xFD810C8E, 0xFF730CCA,
		0x01690CB9, 0x03570C5B, 0x05300BB4, 0x06EA0AC6, 0x087B0997,
		0x09D8082E, 0x0AFB0695, 0x0BDB04D3, 0x0C7402F5, 0x0CC20105,
		0x0CC4FF0F, 0x0C79FD1E, 0x0BE2FB3F, 0x0B05F97D, 0x09E5F7E1,
		0x088AF677, 0x06FBF545, 0x0542F455, 0x036AF3AA, 0x017DF34A,
		0xFF87F336, 0xFD94F36E, 0xFBB0F3F3, 0xF9E6F4C0, 0xF840F5D0,
		0xF6C9F71E, 0xF589F8A1, 0xF488FA51, 0xF3CCFC22, 0xF35AFE0B,
		0xF3330000, 0xF35A01F5, 0xF3CC03DE, 0xF48805AF, 0xF589075F,
		0xF6C908E2, 0xF8400A30, 0xF9E60B40, 0xFBB00C0D, 0xFD940C92,
		0xFF870CCA, 0x017D0CB6, 0x036A0C56, 0x05420BAB, 0x06FB0ABB,
		0x088A0989, 0x09E5081F, 0x0B050683, 0x0BE204C1, 0x0C7902E2,
		0x0CC400F1, 0x0CC2FEFB, 0x0C74FD0B, 0x0BDBFB2D, 0x0AFBF96B,
		0x09D8F7D2, 0x087BF669, 0x06EAF53A, 0x0530F44C, 0x0357F3A5,
		0x0169F347, 0xFF73F336, 0xFD81F372, 0xFB9DF3FA, 0xF9D4F4C9,
		0xF830F5DD, 0xF6BBF72D, 0xF57DF8B2, 0xF47FFA63, 0xF3C6FC36,
		0xF357FE1F, 0xF3330014, 0xF35D0209, 0xF3D203F1, 0xF49105C1,
		0xF595076F, 0xF6D708F0, 0xF8500A3C, 0xF9F70B4A, 0xFBC30C14,
		0xFDA80C95, 0xFF9B0CCB, 0x01910CB4, 0x037D0C51, 0x05550BA3,
		0x070C0AB0, 0x0898097C, 0x09F2080F, 0x0B0F0672, 0x0BEA04AE,
		0x0C7D02CE, 0x0CC500DD, 0x0CC1FEE7, 0x0C6FFCF7, 0x0BD3FB1A,
		0x0AF0F95A, 0x09CBF7C2, 0x086BF65C, 0x06D9F530, 0x051DF444,
		0x0343F3A0, 0x0155F345, 0xFF5FF337, 0xFD6DF376, 0xFB8AF401,
		0xF9C2F4D3, 0xF820F5E9, 0xF6ADF73B, 0xF572F8C2, 0xF477FA75,
		0xF3C0FC49, 0xF354FE33, 0xF3340028, 0xF360021C, 0xF3D90404,
		0xF49A05D3, 0xF5A0077F, 0xF6E508FF, 0xF8600A48, 0xFA090B53,
		0xFBD60C1A, 0xFDBC0C99, 0xFFB00CCC, 0x01A50CB2, 0x03910C4B,
		0x05670B9B, 0x071C0AA4, 0x08A7096E, 0x09FE07FF, 0x0B190661,
		0x0BF1049B, 0x0C8102BA, 0x0CC700C9, 0x0CBFFED3, 0x0C6BFCE4,
		0x0BCCFB08, 0x0AE6F949, 0x09BEF7B3, 0x085CF64F, 0x06C8F525,
		0x050BF43C, 0x0330F39A, 0x0141F343, 0xFF4BF338, 0xFD59F37A,
		0xFB78F408, 0xF9B1F4DD, 0xF810F5F5, 0xF69FF74A, 0xF567F8D3,
		0xF46EFA87, 0xF3BBFC5C, 0xF351FE47, 0xF334003C, 0xF3640230,
		0xF3DF0417, 0xF4A305E5, 0xF5AC0790, 0xF6F3090D, 0xF8700A54,
		0xFA1B0B5D, 0xFBE90C21, 0xFDD00C9C, 0xFFC40CCC, 0x01B90CAF,
		0x03A40C45, 0x05790B92, 0x072D0A99, 0x08B60961, 0x0A0B07F0,
		0x0B23064F, 0x0BF80488, 0x0C8602A7, 0x0CC800B5, 0x0CBDFEBF,
		0x0C66FCD0, 0x0BC4FAF5, 0x0ADBF938, 0x09B1F7A4, 0x084DF642,
		0x06B7F51A, 0x04F8F434, 0x031CF395, 0x012DF341, 0xFF37F339,
		0xFD46F37F, 0xFB65F40F, 0xF99FF4E7, 0xF801F602, 0xF692F759,
		0xF55CF8E4, 0xF465FA99, 0xF3B5FC6F, 0xF34EFE5B, 0xF3340050,
		0xF3670244, 0xF3E6042A, 0xF4AD05F7, 0xF5B807A0, 0xF701091B,
		0xF8810A60, 0xFA2D0B66, 0xFBFC0C27, 0xFDE40CA0, 0xFFD80CCC,
		0x01CD0CAC, 0x03B70C40, 0x058B0B89, 0x073E0A8E, 0x08C50953,
		0x0A1707E0, 0x0B2D063E, 0x0BFF0476, 0x0C8A0293, 0x0CC900A1,
		0x0CBBFEAB, 0x0C60FCBD, 0x0BBCFAE3, 0x0AD0F927, 0x09A4F795,
		0x083EF635, 0x06A6F510, 0x04E6F42D, 0x0309F391, 0x0119F33F,
		0xFF23F33B, 0xFD32F383, 0xFB52F416, 0xF98EF4F1, 0xF7F1F60E,
		0xF684F768, 0xF550F8F4, 0xF45DFAAB, 0xF3AFFC83, 0xF34CFE6F,
		0xF3350065, 0xF36B0258, 0xF3EC043D, 0xF4B60609, 0xF5C407B0,
		0xF7100929, 0xF8910A6B, 0xFA3F0B6F, 0xFC0F0C2E, 0xFDF70CA3,
		0xFFEC0CCD, 0x01E10CA9, 0x03CA0C3A, 0x059D0B81, 0x074E0A83,
		0x08D30945, 0x0A2307D0, 0x0B37062C, 0x0C060463, 0x0C8E027F,
		0x0CCA008D, 0x0CB9FE97, 0x0C5BFCA9, 0x0BB4FAD0, 0x0AC6F916,
		0x0997F785, 0x082EF628, 0x0695F505, 0x04D3F425, 0x02F5F38C,
		0x0105F33E, 0xFF0FF33C, 0xFD1EF387, 0xFB3FF41E, 0xF97DF4FB,
		0xF7E1F61B, 0xF677F776, 0xF545F905, 0xF455FABE, 0xF3AAFC96,
		0xF34AFE83, 0xF3360079, 0xF36E026C, 0xF3F30450, 0xF4C0061A,
		0xF5D007C0, 0xF71E0937, 0xF8A10A77, 0xFA510B78, 0xFC220C34,
		0xFE0B0CA6, 0x00000CCD, 0x01F50CA6, 0x03DE0C34, 0x05AF0B78,
		0x075F0A77, 0x08E20937, 0x0A3007C0, 0x0B40061A, 0x0C0D0450,
		0x0C92026C, 0x0CCA0079, 0x0CB6FE83, 0x0C56FC96, 0x0BABFABE,
		0x0ABBF905, 0x0989F776, 0x081FF61B, 0x0683F4FB, 0x04C1F41E,
		0x02E2F387, 0x00F1F33C, 0xFEFBF33E, 0xFD0BF38C, 0xFB2DF425,
		0xF96BF505, 0xF7D2F628, 0xF669F785, 0xF53AF916, 0xF44CFAD0,
		0xF3A5FCA9, 0xF347FE97, 0xF336008D, 0xF372027F, 0xF3FA0463,
		0xF4C9062C, 0xF5DD07D0, 0xF72D0945, 0xF8B20A83, 0xFA630B81,
		0xFC360C3A, 0xFE1F0CA9, 0x00140CCD, 0x02090CA3, 0x03F10C2E,
		0x05C10B6F, 0x076F0A6B, 0x08F00929, 0x0A3C07B0, 0x0B4A0609,
		0x0C14043D, 0x0C950258, 0x0CCB0065, 0x0CB4FE6F, 0x0C51FC83,
		0x0BA3FAAB, 0x0AB0F8F4, 0x097CF768, 0x080FF60E, 0x0672F4F1,
		0x04AEF416, 0x02CEF383, 0x00DDF33B, 0xFEE7F33F, 0xFCF7F391,
		0xFB1AF42D, 0xF95AF510, 0xF7C2F635, 0xF65CF795, 0xF530F927,
		0xF444FAE3, 0xF3A0FCBD, 0xF345FEAB, 0xF33700A1, 0xF3760293,
		0xF4010476, 0xF4D3063E, 0xF5E907E0, 0xF73B0953, 0xF8C20A8E,
		0xFA750B89, 0xFC490C40, 0xFE330CAC, 0x00280CCC, 0x021C0CA0,
		0x04040C27, 0x05D30B66, 0x077F0A60, 0x08FF091B, 0x0A4807A0,
		0x0B5305F7, 0x0C1A042A, 0x0C990244, 0x0CCC0050, 0x0CB2FE5B,
		0x0C4BFC6F, 0x0B9BFA99, 0x0AA4F8E4, 0x096EF759, 0x07FFF602,
		0x0661F4E7, 0x049BF40F, 0x02BAF37F, 0x00C9F339, 0xFED3F341,
		0xFCE4F395, 0xFB08F434, 0xF949F51A, 0xF7B3F642, 0xF64FF7A4,
		0xF525F938, 0xF43CFAF5, 0xF39AFCD0, 0xF343FEBF, 0xF33800B5,
		0xF37A02A7, 0xF4080488, 0xF4DD064F, 0xF5F507F0, 0xF74A0961,
		0xF8D30A99, 0xFA870B92, 0xFC5C0C45, 0xFE470CAF, 0x003C0CCC,
		0x02300C9C, 0x04170C21, 0x05E50B5D, 0x07900A54, 0x090D090D,
		0x0A540790, 0x0B5D05E5, 0x0C210417, 0x0C9C0230, 0x0CCC003C,
		0x0CAFFE47, 0x0C45FC5C, 0x0B92FA87, 0x0A99F8D3, 0x0961F74A,
		0x07F0F5F5, 0x064FF4DD, 0x0488F408, 0x02A7F37A, 0x00B5F338,
		0xFEBFF343, 0xFCD0F39A, 0xFAF5F43C, 0xF938F525, 0xF7A4F64F,
		0xF642F7B3, 0xF51AF949, 0xF434FB08, 0xF395FCE4, 0xF341FED3,
		0xF33900C9, 0xF37F02BA, 0xF40F049B, 0xF4E70661, 0xF60207FF,
		0xF759096E, 0xF8E40AA4, 0xFA990B9B, 0xFC6F0C4B, 0xFE5B0CB2,
		0x00500CCC, 0x02440C99, 0x042A0C1A, 0x05F70B53, 0x07A00A48,
		0x091B08FF, 0x0A60077F, 0x0B6605D3, 0x0C270404, 0x0CA0021C,
		0x0CCC0028, 0x0CACFE33, 0x0C40FC49, 0x0B89FA75, 0x0A8EF8C2,
		0x0953F73B, 0x07E0F5E9, 0x063EF4D3, 0x0476F401, 0x0293F376,
		0x00A1F337, 0xFEABF345, 0xFCBDF3A0, 0xFAE3F444, 0xF927F530,
		0xF795F65C, 0xF635F7C2, 0xF510F95A, 0xF42DFB1A, 0xF391FCF7,
		0xF33FFEE7, 0xF33B00DD, 0xF38302CE, 0xF41604AE, 0xF4F10672,
		0xF60E080F, 0xF768097C, 0xF8F40AB0, 0xFAAB0BA3, 0xFC830C51,
		0xFE6F0CB4, 0x00650CCB, 0x02580C95, 0x043D0C14, 0x06090B4A,
		0x07B00A3C, 0x092908F0, 0x0A6B076F, 0x0B6F05C1, 0x0C2E03F1,
		0x0CA30209, 0x0CCD0014, 0x0CA9FE1F, 0x0C3AFC36, 0x0B81FA63,
		0x0A83F8B2, 0x0945F72D, 0x07D0F5DD, 0x062CF4C9, 0x0463F3FA,
		0x027FF372, 0x008DF336, 0xFE97F347, 0xFCA9F3A5, 0xFAD0F44C,
		0xF916F53A, 0xF785F669, 0xF628F7D2, 0xF505F96B, 0xF425FB2D,
		0xF38CFD0B, 0xF33EFEFB, 0xF33C00F1, 0xF38702E2, 0xF41E04C1,
		0xF4FB0683, 0xF61B081F, 0xF7760989, 0xF9050ABB, 0xFABE0BAB,
		0xFC960C56, 0xFE830CB6, 0x00790CCA, 0x026C0C92, 0x04500C0D,
		0x061A0B40, 0x07C00A30, 0x093708E2, 0x0A77075F, 0x0B7805AF,
		0x0C3403DE, 0x0CA601F5, 0x0CCD0000, 0x0CA6FE0B, 0x0C34FC22,
		0x0B78FA51, 0x0A77F8A1, 0x0937F71E, 0x07C0F5D0, 0x061AF4C0,
		0x0450F3F3, 0x026CF36E, 0x0079F336, 0xFE83F34A, 0xFC96F3AA,
		0xFABEF455, 0xF905F545, 0xF776F677, 0xF61BF7E1, 0xF4FBF97D,
		0xF41EFB3F, 0xF387FD1E, 0xF33CFF0F, 0xF33E0105, 0xF38C02F5,
		0xF42504D3, 0xF5050695, 0xF628082E, 0xF7850997, 0xF9160AC6,
		0xFAD00BB4, 0xFCA90C5B, 0xFE970CB9, 0x008D0CCA, 0x027F0C8E,
		0x04630C06, 0x062C0B37, 0x07D00A23, 0x094508D3, 0x0A83074E,
		0x0B81059D, 0x0C3A03CA, 0x0CA901E1, 0x0CCDFFEC, 0x0CA3FDF7,
		0x0C2EFC0F, 0x0B6FFA3F, 0x0A6BF891, 0x0929F710, 0x07B0F5C4,
		0x0609F4B6, 0x043DF3EC, 0x0258F36B, 0x0065F335, 0xFE6FF34C,
		0xFC83F3AF, 0xFAABF45D, 0xF8F4F550, 0xF768F684, 0xF60EF7F1,
		0xF4F1F98E, 0xF416FB52, 0xF383FD32, 0xF33BFF23, 0xF33F0119,
		0xF3910309, 0xF42D04E6, 0xF51006A6, 0xF635083E, 0xF79509A4,
		0xF9270AD0, 0xFAE30BBC, 0xFCBD0C60, 0xFEAB0CBB, 0x00A10CC9,
		0x02930C8A, 0x04760BFF, 0x063E0B2D, 0x07E00A17, 0x095308C5,
		0x0A8E073E, 0x0B89058B, 0x0C4003B7, 0x0CAC01CD, 0x0CCCFFD8,
		0x0CA0FDE4, 0x0C27FBFC, 0x0B66FA2D, 0x0A60F881, 0x091BF701,
		0x07A0F5B8, 0x05F7F4AD, 0x042AF3E6, 0x0244F367, 0x0050F334,
		0xFE5BF34E, 0xFC6FF3B5, 0xFA99F465, 0xF8E4F55C, 0xF759F692,
		0xF602F801, 0xF4E7F99F, 0xF40FFB65, 0xF37FFD46, 0xF339FF37,
		0xF341012D, 0xF395031C, 0xF43404F8, 0xF51A06B7, 0xF642084D,
		0xF7A409B1, 0xF9380ADB, 0xFAF50BC4, 0xFCD00C66, 0xFEBF0CBD,
		0x00B50CC8, 0x02A70C86, 0x04880BF8, 0x064F0B23, 0x07F00A0B,
		0x096108B6, 0x0A99072D, 0x0B920579, 0x0C4503A4, 0x0CAF01B9,
		0x0CCCFFC4, 0x0C9CFDD0, 0x0C21FBE9, 0x0B5DFA1B, 0x0A54F870,
		0x090DF6F3, 0x0790F5AC, 0x05E5F4A3, 0x0417F3DF, 0x0230F364,
		0x003CF334, 0xFE47F351, 0xFC5CF3BB, 0xFA87F46E, 0xF8D3F567,
		0xF74AF69F, 0xF5F5F810, 0xF4DDF9B1, 0xF408FB78, 0xF37AFD59,
		0xF338FF4B, 0xF3430141, 0xF39A0330, 0xF43C050B, 0xF52506C8,
		0xF64F085C, 0xF7B309BE, 0xF9490AE6, 0xFB080BCC, 0xFCE40C6B,
		0xFED30CBF, 0x00C90CC7, 0x02BA0C81, 0x049B0BF1, 0x06610B19,
		0x07FF09FE, 0x096E08A7, 0x0AA4071C, 0x0B9B0567, 0x0C4B0391,
		0x0CB201A5, 0x0CCCFFB0, 0x0C99FDBC, 0x0C1AFBD6, 0x0B53FA09,
		0x0A48F860, 0x08FFF6E5, 0x077FF5A0, 0x05D3F49A, 0x0404F3D9,
		0x021CF360, 0x0028F334, 0xFE33F354, 0xFC49F3C0, 0xFA75F477,
		0xF8C2F572, 0xF73BF6AD, 0xF5E9F820, 0xF4D3F9C2, 0xF401FB8A,
		0xF376FD6D, 0xF337FF5F, 0xF3450155, 0xF3A00343, 0xF444051D,
		0xF53006D9, 0xF65C086B, 0xF7C209CB, 0xF95A0AF0, 0xFB1A0BD3,
		0xFCF70C6F, 0xFEE70CC1, 0x00DD0CC5, 0x02CE0C7D, 0x04AE0BEA,
		0x06720B0F, 0x080F09F2, 0x097C0898, 0x0AB0070C, 0x0BA30555,
		0x0C51037D, 0x0CB40191, 0x0CCBFF9B, 0x0C95FDA8, 0x0C14FBC3,
		0x0B4AF9F7, 0x0A3CF850, 0x08F0F6D7, 0x076FF595, 0x05C1F491,
		0x03F1F3D2, 0x0209F35D, 0x0014F333, 0xFE1FF357, 0xFC36F3C6,
		0xFA63F47F, 0xF8B2F57D, 0xF72DF6BB, 0xF5DDF830, 0xF4C9F9D4,
		0xF3FAFB9D, 0xF372FD81, 0xF336FF73, 0xF3470169, 0xF3A50357,
		0xF44C0530, 0xF53A06EA, 0xF669087B, 0xF7D209D8, 0xF96B0AFB,
		0xFB2D0BDB, 0xFD0B0C74, 0xFEFB0CC2, 0x00F10CC4, 0x02E20C79,
		0x04C10BE2, 0x06830B05, 0x081F09E5, 0x0989088A, 0x0ABB06FB,
		0x0BAB0542, 0x0C56036A, 0x0CB6017D, 0x0CCAFF87, 0x0C92FD94,
		0x0C0DFBB0, 0x0B40F9E6, 0x0A30F840, 0x08E2F6C9, 0x075FF589,
		0x05AFF488, 0x03DEF3CC, 0x01F5F35A, 0x0000F333, 0xFE0BF35A,
		0xFC22F3CC, 0xFA51F488, 0xF8A1F589, 0xF71EF6C9, 0xF5D0F840,
		0xF4C0F9E6, 0xF3F3FBB0, 0xF36EFD94, 0xF336FF87, 0xF34A017D,
		0xF3AA036A, 0xF4550542, 0xF54506FB, 0xF677088A, 0xF7E109E5,
		0xF97D0B05, 0xFB3F0BE2, 0xFD1E0C79, 0xFF0F0CC4, 0x01050CC2,
		0x02F50C74, 0x04D30BDB, 0x06950AFB, 0x082E09D8, 0x0997087B,
		0x0AC606EA, 0x0BB40530, 0x0C5B0357, 0x0CB90169, 0x0CCAFF73,
		0x0C8EFD81, 0x0C06FB9D, 0x0B37F9D4, 0x0A23F830, 0x08D3F6BB,
		0x074EF57D, 0x059DF47F, 0x03CAF3C6, 0x01E1F357, 0xFFECF333,
		0xFDF7F35D, 0xFC0FF3D2, 0xFA3FF491, 0xF891F595, 0xF710F6D7,
		0xF5C4F850, 0xF4B6F9F7, 0xF3ECFBC3, 0xF36BFDA8, 0xF335FF9B,
		0xF34C0191, 0xF3AF037D, 0xF45D0555, 0xF550070C, 0xF6840898,
		0xF7F109F2, 0xF98E0B0F, 0xFB520BEA, 0xFD320C7D, 0xFF230CC5,
		0x01190CC1, 0x03090C6F, 0x04E60BD3, 0x06A60AF0, 0x083E09CB,
		0x09A4086B, 0x0AD006D9, 0x0BBC051D, 0x0C600343, 0x0CBB0155,
		0x0CC9FF5F, 0x0C8AFD6D, 0x0BFFFB8A, 0x0B2DF9C2, 0x0A17F820,
		0x08C5F6AD, 0x073EF572, 0x058BF477, 0x03B7F3C0, 0x01CDF354,
		0xFFD8F334, 0xFDE4F360, 0xFBFCF3D9, 0xFA2DF49A, 0xF881F5A0,
		0xF701F6E5, 0xF5B8F860, 0xF4ADFA09, 0xF3E6FBD6, 0xF367FDBC,
		0xF334FFB0, 0xF34E01A5, 0xF3B50391, 0xF4650567, 0xF55C071C,
		0xF69208A7, 0xF80109FE, 0xF99F0B19, 0xFB650BF1, 0xFD460C81,
		0xFF370CC7, 0x012D0CBF, 0x031C0C6B, 0x04F80BCC, 0x06B70AE6,
		0x084D09BE, 0x09B1085C, 0x0ADB06C8, 0x0BC4050B, 0x0C660330,
		0x0CBD0141, 0x0CC8FF4B, 0x0C86FD59, 0x0BF8FB78, 0x0B23F9B1,
		0x0A0BF810, 0x08B6F69F, 0x072DF567, 0x0579F46E, 0x03A4F3BB,
		0x01B9F351, 0xFFC4F334, 0xFDD0F364, 0xFBE9F3DF, 0xFA1BF4A3,
		0xF870F5AC, 0xF6F3F6F3, 0xF5ACF870, 0xF4A3FA1B, 0xF3DFFBE9,
		0xF364FDD0, 0xF334FFC4, 0xF35101B9, 0xF3BB03A4, 0xF46E0579,
		0xF567072D, 0xF69F08B6, 0xF8100A0B, 0xF9B10B23, 0xFB780BF8,
		0xFD590C86, 0xFF4B0CC8, 0x01410CBD, 0x03300C66, 0x050B0BC4,
		0x06C80ADB, 0x085C09B1, 0x09BE084D, 0x0AE606B7, 0x0BCC04F8,
		0x0C6B031C, 0x0CBF012D, 0x0CC7FF37, 0x0C81FD46, 0x0BF1FB65,
		0x0B19F99F, 0x09FEF801, 0x08A7F692, 0x071CF55C, 0x0567F465,
		0x0391F3B5, 0x01A5F34E, 0xFFB0F334, 0xFDBCF367, 0xFBD6F3E6,
		0xFA09F4AD, 0xF860F5B8, 0xF6E5F701, 0xF5A0F881, 0xF49AFA2D,
		0xF3D9FBFC, 0xF360FDE4, 0xF334FFD8, 0xF35401CD, 0xF3C003B7,
		0xF477058B, 0xF572073E, 0xF6AD08C5, 0xF8200A17, 0xF9C20B2D,
		0xFB8A0BFF, 0xFD6D0C8A, 0xFF5F0CC9, 0x01550CBB, 0x03430C60,
		0x051D0BBC, 0x06D90AD0, 0x086B09A4, 0x09CB083E, 0x0AF006A6,
		0x0BD304E6, 0x0C6F0309, 0x0CC10119, 0x0CC5FF23, 0x0C7DFD32,
		0x0BEAFB52, 0x0B0FF98E, 0x09F2F7F1, 0x0898F684, 0x070CF550,
		0x0555F45D, 0x037DF3AF, 0x0191F34C, 0xFF9BF335, 0xFDA8F36B,
		0xFBC3F3EC, 0xF9F7F4B6, 0xF850F5C4, 0xF6D7F710, 0xF595F891,
		0xF491FA3F, 0xF3D2FC0F, 0xF35DFDF7, 0xF333FFEC, 0xF35701E1,
		0xF3C603CA, 0xF47F059D, 0xF57D074E, 0xF6BB08D3, 0xF8300A23,
		0xF9D40B37, 0xFB9D0C06, 0xFD810C8E, 0xFF730CCA, 0x01690CB9,
		0x03570C5B, 0x05300BB4, 0x06EA0AC6, 0x087B0997, 0x09D8082E,
		0x0AFB0695, 0x0BDB04D3, 0x0C7402F5, 0x0CC20105, 0x0CC4FF0F,
		0x0C79FD1E, 0x0BE2FB3F, 0x0B05F97D, 0x09E5F7E1, 0x088AF677,
		0x06FBF545, 0x0542F455, 0x036AF3AA, 0x017DF34A, 0xFF87F336,
		0xFD94F36E, 0xFBB0F3F3, 0xF9E6F4C0, 0xF840F5D0, 0xF6C9F71E,
		0xF589F8A1, 0xF488FA51, 0xF3CCFC22, 0xF35AFE0B, 0xF3330000,
		0xF35A01F5, 0xF3CC03DE, 0xF48805AF, 0xF589075F, 0xF6C908E2,
		0xF8400A30, 0xF9E60B40, 0xFBB00C0D, 0xFD940C92, 0xFF870CCA,
		0x017D0CB6, 0x036A0C56, 0x05420BAB, 0x06FB0ABB, 0x088A0989,
		0x09E5081F, 0x0B050683, 0x0BE204C1, 0x0C7902E2, 0x0CC400F1,
		0x0CC2FEFB, 0x0C74FD0B, 0x0BDBFB2D, 0x0AFBF96B, 0x09D8F7D2,
		0x087BF669, 0x06EAF53A, 0x0530F44C, 0x0357F3A5, 0x0169F347,
		0xFF73F336, 0xFD81F372, 0xFB9DF3FA, 0xF9D4F4C9, 0xF830F5DD,
		0xF6BBF72D, 0xF57DF8B2, 0xF47FFA63, 0xF3C6FC36, 0xF357FE1F,
		0xF3330014, 0xF35D0209, 0xF3D203F1, 0xF49105C1, 0xF595076F,
		0xF6D708F0, 0xF8500A3C, 0xF9F70B4A, 0xFBC30C14, 0xFDA80C95,
		0xFF9B0CCB, 0x01910CB4, 0x037D0C51, 0x05550BA3, 0x070C0AB0,
		0x0898097C, 0x09F2080F, 0x0B0F0672, 0x0BEA04AE, 0x0C7D02CE,
		0x0CC500DD, 0x0CC1FEE7, 0x0C6FFCF7, 0x0BD3FB1A, 0x0AF0F95A,
		0x09CBF7C2, 0x086BF65C, 0x06D9F530, 0x051DF444, 0x0343F3A0,
		0x0155F345, 0xFF5FF337, 0xFD6DF376, 0xFB8AF401, 0xF9C2F4D3,
		0xF820F5E9, 0xF6ADF73B, 0xF572F8C2, 0xF477FA75, 0xF3C0FC49,
		0xF354FE33, 0xF3340028, 0xF360021C, 0xF3D90404, 0xF49A05D3,
		0xF5A0077F, 0xF6E508FF, 0xF8600A48, 0xFA090B53, 0xFBD60C1A,
		0xFDBC0C99, 0xFFB00CCC, 0x01A50CB2, 0x03910C4B, 0x05670B9B,
		0x071C0AA4, 0x08A7096E, 0x09FE07FF, 0x0B190661, 0x0BF1049B,
		0x0C8102BA, 0x0CC700C9, 0x0CBFFED3, 0x0C6BFCE4, 0x0BCCFB08,
		0x0AE6F949, 0x09BEF7B3, 0x085CF64F, 0x06C8F525, 0x050BF43C,
		0x0330F39A, 0x0141F343, 0xFF4BF338, 0xFD59F37A, 0xFB78F408,
		0xF9B1F4DD, 0xF810F5F5, 0xF69FF74A, 0xF567F8D3, 0xF46EFA87,
		0xF3BBFC5C, 0xF351FE47, 0xF334003C, 0xF3640230, 0xF3DF0417,
		0xF4A305E5, 0xF5AC0790, 0xF6F3090D, 0xF8700A54, 0xFA1B0B5D,
		0xFBE90C21, 0xFDD00C9C, 0xFFC40CCC, 0x01B90CAF, 0x03A40C45,
		0x05790B92, 0x072D0A99, 0x08B60961, 0x0A0B07F0, 0x0B23064F,
		0x0BF80488, 0x0C8602A7, 0x0CC800B5, 0x0CBDFEBF, 0x0C66FCD0,
		0x0BC4FAF5, 0x0ADBF938, 0x09B1F7A4, 0x084DF642, 0x06B7F51A,
		0x04F8F434, 0x031CF395, 0x012DF341, 0xFF37F339, 0xFD46F37F,
		0xFB65F40F, 0xF99FF4E7, 0xF801F602, 0xF692F759, 0xF55CF8E4,
		0xF465FA99, 0xF3B5FC6F, 0xF34EFE5B, 0xF3340050, 0xF3670244,
		0xF3E6042A, 0xF4AD05F7, 0xF5B807A0, 0xF701091B, 0xF8810A60,
		0xFA2D0B66, 0xFBFC0C27, 0xFDE40CA0, 0xFFD80CCC, 0x01CD0CAC,
		0x03B70C40, 0x058B0B89, 0x073E0A8E, 0x08C50953, 0x0A1707E0,
		0x0B2D063E, 0x0BFF0476, 0x0C8A0293, 0x0CC900A1, 0x0CBBFEAB,
		0x0C60FCBD, 0x0BBCFAE3, 0x0AD0F927, 0x09A4F795, 0x083EF635,
		0x06A6F510, 0x04E6F42D, 0x0309F391, 0x0119F33F, 0xFF23F33B,
		0xFD32F383, 0xFB52F416, 0xF98EF4F1, 0xF7F1F60E, 0xF684F768,
		0xF550F8F4, 0xF45DFAAB, 0xF3AFFC83, 0xF34CFE6F, 0xF3350065,
		0xF36B0258, 0xF3EC043D, 0xF4B60609, 0xF5C407B0, 0xF7100929,
		0xF8910A6B, 0xFA3F0B6F, 0xFC0F0C2E, 0xFDF70CA3, 0xFFEC0CCD,
		0x01E10CA9, 0x03CA0C3A, 0x059D0B81, 0x074E0A83, 0x08D30945,
		0x0A2307D0, 0x0B37062C, 0x0C060463, 0x0C8E027F, 0x0CCA008D,
		0x0CB9FE97, 0x0C5BFCA9, 0x0BB4FAD0, 0x0AC6F916, 0x0997F785,
		0x082EF628, 0x0695F505, 0x04D3F425, 0x02F5F38C, 0x0105F33E,
		0xFF0FF33C, 0xFD1EF387, 0xFB3FF41E, 0xF97DF4FB, 0xF7E1F61B,
		0xF677F776, 0xF545F905, 0xF455FABE, 0xF3AAFC96, 0xF34AFE83,
		0xF3360079, 0xF36E026C, 0xF3F30450, 0xF4C0061A, 0xF5D007C0,
		0xF71E0937, 0xF8A10A77, 0xFA510B78, 0xFC220C34, 0xFE0B0CA6,
		0x00000CCD, 0x01F50CA6, 0x03DE0C34, 0x05AF0B78, 0x075F0A77,
		0x08E20937, 0x0A3007C0, 0x0B40061A, 0x0C0D0450, 0x0C92026C,
		0x0CCA0079, 0x0CB6FE83, 0x0C56FC96, 0x0BABFABE, 0x0ABBF905,
		0x0989F776, 0x081FF61B, 0x0683F4FB, 0x04C1F41E, 0x02E2F387,
		0x00F1F33C, 0xFEFBF33E, 0xFD0BF38C, 0xFB2DF425, 0xF96BF505,
		0xF7D2F628, 0xF669F785, 0xF53AF916, 0xF44CFAD0, 0xF3A5FCA9,
		0xF347FE97, 0xF336008D, 0xF372027F, 0xF3FA0463, 0xF4C9062C,
		0xF5DD07D0, 0xF72D0945, 0xF8B20A83, 0xFA630B81, 0xFC360C3A,
		0xFE1F0CA9, 0x00140CCD, 0x02090CA3, 0x03F10C2E, 0x05C10B6F,
		0x076F0A6B, 0x08F00929, 0x0A3C07B0, 0x0B4A0609, 0x0C14043D,
		0x0C950258, 0x0CCB0065, 0x0CB4FE6F, 0x0C51FC83, 0x0BA3FAAB,
		0x0AB0F8F4, 0x097CF768, 0x080FF60E, 0x0672F4F1, 0x04AEF416,
		0x02CEF383, 0x00DDF33B, 0xFEE7F33F, 0xFCF7F391, 0xFB1AF42D,
		0xF95AF510, 0xF7C2F635, 0xF65CF795, 0xF530F927, 0xF444FAE3,
		0xF3A0FCBD, 0xF345FEAB, 0xF33700A1, 0xF3760293, 0xF4010476,
		0xF4D3063E, 0xF5E907E0, 0xF73B0953, 0xF8C20A8E, 0xFA750B89,
		0xFC490C40, 0xFE330CAC, 0x00280CCC, 0x021C0CA0, 0x04040C27,
		0x05D30B66, 0x077F0A60, 0x08FF091B, 0x0A4807A0, 0x0B5305F7,
		0x0C1A042A, 0x0C990244, 0x0CCC0050, 0x0CB2FE5B, 0x0C4BFC6F,
		0x0B9BFA99, 0x0AA4F8E4, 0x096EF759, 0x07FFF602, 0x0661F4E7,
		0x049BF40F, 0x02BAF37F, 0x00C9F339, 0xFED3F341, 0xFCE4F395,
		0xFB08F434, 0xF949F51A, 0xF7B3F642, 0xF64FF7A4, 0xF525F938,
		0xF43CFAF5, 0xF39AFCD0, 0xF343FEBF, 0xF33800B5, 0xF37A02A7,
		0xF4080488, 0xF4DD064F, 0xF5F507F0, 0xF74A0961, 0xF8D30A99,
		0xFA870B92, 0xFC5C0C45, 0xFE470CAF, 0x003C0CCC, 0x02300C9C,
		0x04170C21, 0x05E50B5D, 0x07900A54, 0x090D090D, 0x0A540790,
		0x0B5D05E5, 0x0C210417, 0x0C9C0230, 0x0CCC003C, 0x0CAFFE47,
		0x0C45FC5C, 0x0B92FA87, 0x0A99F8D3, 0x0961F74A, 0x07F0F5F5,
		0x064FF4DD, 0x0488F408, 0x02A7F37A, 0x00B5F338, 0xFEBFF343,
		0xFCD0F39A, 0xFAF5F43C, 0xF938F525, 0xF7A4F64F, 0xF642F7B3,
		0xF51AF949, 0xF434FB08, 0xF395FCE4, 0xF341FED3, 0xF33900C9,
		0xF37F02BA, 0xF40F049B, 0xF4E70661, 0xF60207FF, 0xF759096E,
		0xF8E40AA4, 0xFA990B9B, 0xFC6F0C4B, 0xFE5B0CB2, 0x00500CCC,
		0x02440C99, 0x042A0C1A, 0x05F70B53, 0x07A00A48, 0x091B08FF,
		0x0A60077F, 0x0B6605D3, 0x0C270404, 0x0CA0021C, 0x0CCC0028,
		0x0CACFE33, 0x0C40FC49, 0x0B89FA75, 0x0A8EF8C2, 0x0953F73B,
		0x07E0F5E9, 0x063EF4D3, 0x0476F401, 0x0293F376, 0x00A1F337,
		0xFEABF345, 0xFCBDF3A0, 0xFAE3F444, 0xF927F530, 0xF795F65C,
		0xF635F7C2, 0xF510F95A, 0xF42DFB1A, 0xF391FCF7, 0xF33FFEE7,
		0xF33B00DD, 0xF38302CE, 0xF41604AE, 0xF4F10672, 0xF60E080F,
		0xF768097C, 0xF8F40AB0, 0xFAAB0BA3, 0xFC830C51, 0xFE6F0CB4,
		0x00650CCB, 0x02580C95, 0x043D0C14, 0x06090B4A, 0x07B00A3C,
		0x092908F0, 0x0A6B076F, 0x0B6F05C1, 0x0C2E03F1, 0x0CA30209,
		0x0CCD0014, 0x0CA9FE1F, 0x0C3AFC36, 0x0B81FA63, 0x0A83F8B2,
		0x0945F72D, 0x07D0F5DD, 0x062CF4C9, 0x0463F3FA, 0x027FF372,
		0x008DF336, 0xFE97F347, 0xFCA9F3A5, 0xFAD0F44C, 0xF916F53A,
		0xF785F669, 0xF628F7D2, 0xF505F96B, 0xF425FB2D, 0xF38CFD0B,
		0xF33EFEFB, 0xF33C00F1, 0xF38702E2, 0xF41E04C1, 0xF4FB0683,
		0xF61B081F, 0xF7760989, 0xF9050ABB, 0xFABE0BAB, 0xFC960C56,
		0xFE830CB6, 0x00790CCA, 0x026C0C92, 0x04500C0D, 0x061A0B40,
		0x07C00A30, 0x093708E2, 0x0A77075F, 0x0B7805AF, 0x0C3403DE,
		0x0CA601F5, 0x0CCD0000, 0x0CA6FE0B, 0x0C34FC22, 0x0B78FA51,
		0x0A77F8A1, 0x0937F71E, 0x07C0F5D0, 0x061AF4C0, 0x0450F3F3,
		0x026CF36E, 0x0079F336, 0xFE83F34A, 0xFC96F3AA, 0xFABEF455,
		0xF905F545, 0xF776F677, 0xF61BF7E1, 0xF4FBF97D, 0xF41EFB3F,
		0xF387FD1E, 0xF33CFF0F, 0xF33E0105, 0xF38C02F5, 0xF42504D3,
		0xF5050695, 0xF628082E, 0xF7850997, 0xF9160AC6, 0xFAD00BB4,
		0xFCA90C5B, 0xFE970CB9, 0x008D0CCA, 0x027F0C8E, 0x04630C06,
		0x062C0B37, 0x07D00A23, 0x094508D3, 0x0A83074E, 0x0B81059D,
		0x0C3A03CA, 0x0CA901E1, 0x0CCDFFEC, 0x0CA3FDF7, 0x0C2EFC0F,
		0x0B6FFA3F, 0x0A6BF891, 0x0929F710, 0x07B0F5C4, 0x0609F4B6,
		0x043DF3EC, 0x0258F36B, 0x0065F335, 0xFE6FF34C, 0xFC83F3AF,
		0xFAABF45D, 0xF8F4F550, 0xF768F684, 0xF60EF7F1, 0xF4F1F98E,
		0xF416FB52, 0xF383FD32, 0xF33BFF23, 0xF33F0119, 0xF3910309,
		0xF42D04E6, 0xF51006A6, 0xF635083E, 0xF79509A4, 0xF9270AD0,
		0xFAE30BBC, 0xFCBD0C60, 0xFEAB0CBB, 0x00A10CC9, 0x02930C8A,
		0x04760BFF, 0x063E0B2D, 0x07E00A17, 0x095308C5, 0x0A8E073E,
		0x0B89058B, 0x0C4003B7, 0x0CAC01CD, 0x0CCCFFD8, 0x0CA0FDE4,
		0x0C27FBFC, 0x0B66FA2D, 0x0A60F881, 0x091BF701, 0x07A0F5B8,
		0x05F7F4AD, 0x042AF3E6, 0x0244F367, 0x0050F334, 0xFE5BF34E,
		0xFC6FF3B5, 0xFA99F465, 0xF8E4F55C, 0xF759F692, 0xF602F801,
		0xF4E7F99F, 0xF40FFB65, 0xF37FFD46, 0xF339FF37, 0xF341012D,
		0xF395031C, 0xF43404F8, 0xF51A06B7, 0xF642084D, 0xF7A409B1,
		0xF9380ADB, 0xFAF50BC4, 0xFCD00C66, 0xFEBF0CBD, 0x00B50CC8,
		0x02A70C86, 0x04880BF8, 0x064F0B23, 0x07F00A0B, 0x096108B6,
		0x0A99072D, 0x0B920579, 0x0C4503A4, 0x0CAF01B9, 0x0CCCFFC4,
		0x0C9CFDD0, 0x0C21FBE9, 0x0B5DFA1B, 0x0A54F870, 0x090DF6F3,
		0x0790F5AC, 0x05E5F4A3, 0x0417F3DF, 0x0230F364, 0x003CF334,
		0xFE47F351, 0xFC5CF3BB, 0xFA87F46E, 0xF8D3F567, 0xF74AF69F,
		0xF5F5F810, 0xF4DDF9B1, 0xF408FB78, 0xF37AFD59, 0xF338FF4B,
		0xF3430141, 0xF39A0330, 0xF43C050B, 0xF52506C8, 0xF64F085C,
		0xF7B309BE, 0xF9490AE6, 0xFB080BCC, 0xFCE40C6B, 0xFED30CBF,
		0x00C90CC7, 0x02BA0C81, 0x049B0BF1, 0x06610B19, 0x07FF09FE,
		0x096E08A7, 0x0AA4071C, 0x0B9B0567, 0x0C4B0391, 0x0CB201A5,
		0x0CCCFFB0, 0x0C99FDBC, 0x0C1AFBD6, 0x0B53FA09, 0x0A48F860,
		0x08FFF6E5, 0x077FF5A0, 0x05D3F49A, 0x0404F3D9, 0x021CF360,
		0x0028F334, 0xFE33F354, 0xFC49F3C0, 0xFA75F477, 0xF8C2F572,
		0xF73BF6AD, 0xF5E9F820, 0xF4D3F9C2, 0xF401FB8A, 0xF376FD6D,
		0xF337FF5F, 0xF3450155, 0xF3A00343, 0xF444051D, 0xF53006D9,
		0xF65C086B, 0xF7C209CB, 0xF95A0AF0, 0xFB1A0BD3, 0xFCF70C6F,
		0xFEE70CC1, 0x00DD0CC5, 0x02CE0C7D, 0x04AE0BEA, 0x06720B0F,
		0x080F09F2, 0x097C0898, 0x0AB0070C, 0x0BA30555, 0x0C51037D,
		0x0CB40191, 0x0CCBFF9B, 0x0C95FDA8, 0x0C14FBC3, 0x0B4AF9F7,
		0x0A3CF850, 0x08F0F6D7, 0x076FF595, 0x05C1F491, 0x03F1F3D2,
		0x0209F35D, 0x0014F333, 0xFE1FF357, 0xFC36F3C6, 0xFA63F47F,
		0xF8B2F57D, 0xF72DF6BB, 0xF5DDF830, 0xF4C9F9D4, 0xF3FAFB9D,
		0xF372FD81, 0xF336FF73, 0xF3470169, 0xF3A50357, 0xF44C0530,
		0xF53A06EA, 0xF669087B, 0xF7D209D8, 0xF96B0AFB, 0xFB2D0BDB,
		0xFD0B0C74, 0xFEFB0CC2, 0x00F10CC4, 0x02E20C79, 0x04C10BE2,
		0x06830B05, 0x081F09E5, 0x0989088A, 0x0ABB06FB, 0x0BAB0542,
		0x0C56036A, 0x0CB6017D, 0x0CCAFF87, 0x0C92FD94, 0x0C0DFBB0,
		0x0B40F9E6, 0x0A30F840, 0x08E2F6C9, 0x075FF589, 0x05AFF488,
		0x03DEF3CC, 0x01F5F35A, 0x0000F333, 0xFE0BF35A, 0xFC22F3CC,
		0xFA51F488, 0xF8A1F589, 0xF71EF6C9, 0xF5D0F840, 0xF4C0F9E6,
		0xF3F3FBB0, 0xF36EFD94, 0xF336FF87, 0xF34A017D, 0xF3AA036A,
		0xF4550542, 0xF54506FB, 0xF677088A, 0xF7E109E5, 0xF97D0B05,
		0xFB3F0BE2, 0xFD1E0C79, 0xFF0F0CC4, 0x01050CC2, 0x02F50C74,
		0x04D30BDB, 0x06950AFB, 0x082E09D8, 0x0997087B, 0x0AC606EA,
		0x0BB40530, 0x0C5B0357, 0x0CB90169, 0x0CCAFF73, 0x0C8EFD81,
		0x0C06FB9D, 0x0B37F9D4, 0x0A23F830, 0x08D3F6BB, 0x074EF57D,
		0x059DF47F, 0x03CAF3C6, 0x01E1F357, 0xFFECF333, 0xFDF7F35D,
		0xFC0FF3D2, 0xFA3FF491, 0xF891F595, 0xF710F6D7, 0xF5C4F850,
		0xF4B6F9F7, 0xF3ECFBC3, 0xF36BFDA8, 0xF335FF9B, 0xF34C0191,
		0xF3AF037D, 0xF45D0555, 0xF550070C, 0xF6840898, 0xF7F109F2,
		0xF98E0B0F, 0xFB520BEA, 0xFD320C7D, 0xFF230CC5, 0x01190CC1,
		0x03090C6F, 0x04E60BD3, 0x06A60AF0, 0x083E09CB, 0x09A4086B,
		0x0AD006D9, 0x0BBC051D, 0x0C600343, 0x0CBB0155, 0x0CC9FF5F,
		0x0C8AFD6D, 0x0BFFFB8A, 0x0B2DF9C2, 0x0A17F820, 0x08C5F6AD,
		0x073EF572, 0x058BF477, 0x03B7F3C0, 0x01CDF354, 0xFFD8F334,
		0xFDE4F360, 0xFBFCF3D9, 0xFA2DF49A, 0xF881F5A0, 0xF701F6E5,
		0xF5B8F860, 0xF4ADFA09, 0xF3E6FBD6, 0xF367FDBC, 0xF334FFB0,
		0xF34E01A5, 0xF3B50391, 0xF4650567, 0xF55C071C, 0xF69208A7,
		0xF80109FE, 0xF99F0B19, 0xFB650BF1, 0xFD460C81, 0xFF370CC7,
		0x012D0CBF, 0x031C0C6B, 0x04F80BCC, 0x06B70AE6, 0x084D09BE,
		0x09B1085C, 0x0ADB06C8, 0x0BC4050B, 0x0C660330, 0x0CBD0141,
		0x0CC8FF4B, 0x0C86FD59, 0x0BF8FB78, 0x0B23F9B1, 0x0A0BF810,
		0x08B6F69F, 0x072DF567, 0x0579F46E, 0x03A4F3BB, 0x01B9F351,
		0xFFC4F334, 0xFDD0F364, 0xFBE9F3DF, 0xFA1BF4A3, 0xF870F5AC,
		0xF6F3F6F3, 0xF5ACF870, 0xF4A3FA1B, 0xF3DFFBE9, 0xF364FDD0,
		0xF334FFC4, 0xF35101B9, 0xF3BB03A4, 0xF46E0579, 0xF567072D,
		0xF69F08B6, 0xF8100A0B, 0xF9B10B23, 0xFB780BF8, 0xFD590C86,
		0xFF4B0CC8, 0x01410CBD, 0x03300C66, 0x050B0BC4, 0x06C80ADB,
		0x085C09B1, 0x09BE084D, 0x0AE606B7, 0x0BCC04F8, 0x0C6B031C,
		0x0CBF012D, 0x0CC7FF37, 0x0C81FD46, 0x0BF1FB65, 0x0B19F99F,
		0x09FEF801, 0x08A7F692, 0x071CF55C, 0x0567F465, 0x0391F3B5,
		0x01A5F34E, 0xFFB0F334, 0xFDBCF367, 0xFBD6F3E6, 0xFA09F4AD,
		0xF860F5B8, 0xF6E5F701, 0xF5A0F881, 0xF49AFA2D, 0xF3D9FBFC,
		0xF360FDE4, 0xF334FFD8, 0xF35401CD, 0xF3C003B7, 0xF477058B,
		0xF572073E, 0xF6AD08C5, 0xF8200A17, 0xF9C20B2D, 0xFB8A0BFF,
		0xFD6D0C8A, 0xFF5F0CC9, 0x01550CBB, 0x03430C60, 0x051D0BBC,
		0x06D90AD0, 0x086B09A4, 0x09CB083E, 0x0AF006A6, 0x0BD304E6,
		0x0C6F0309, 0x0CC10119, 0x0CC5FF23, 0x0C7DFD32, 0x0BEAFB52,
		0x0B0FF98E, 0x09F2F7F1, 0x0898F684, 0x070CF550, 0x0555F45D,
		0x037DF3AF, 0x0191F34C, 0xFF9BF335, 0xFDA8F36B, 0xFBC3F3EC,
		0xF9F7F4B6, 0xF850F5C4, 0xF6D7F710, 0xF595F891, 0xF491FA3F,
		0xF3D2FC0F, 0xF35DFDF7, 0xF333FFEC, 0xF35701E1, 0xF3C603CA,
		0xF47F059D, 0xF57D074E, 0xF6BB08D3, 0xF8300A23, 0xF9D40B37,
		0xFB9D0C06, 0xFD810C8E, 0xFF730CCA, 0x01690CB9, 0x03570C5B,
		0x05300BB4, 0x06EA0AC6, 0x087B0997, 0x09D8082E, 0x0AFB0695,
		0x0BDB04D3, 0x0C7402F5, 0x0CC20105, 0x0CC4FF0F, 0x0C79FD1E,
		0x0BE2FB3F, 0x0B05F97D, 0x09E5F7E1, 0x088AF677, 0x06FBF545,
		0x0542F455, 0x036AF3AA, 0x017DF34A, 0xFF87F336, 0xFD94F36E,
		0xFBB0F3F3, 0xF9E6F4C0, 0xF840F5D0, 0xF6C9F71E, 0xF589F8A1,
		0xF488FA51, 0xF3CCFC22, 0xF35AFE0B, 0xF3330000, 0xF35A01F5,
		0xF3CC03DE, 0xF48805AF, 0xF589075F, 0xF6C908E2, 0xF8400A30,
		0xF9E60B40, 0xFBB00C0D, 0xFD940C92, 0xFF870CCA, 0x017D0CB6,
		0x036A0C56, 0x05420BAB, 0x06FB0ABB, 0x088A0989, 0x09E5081F,
		0x0B050683, 0x0BE204C1, 0x0C7902E2, 0x0CC400F1, 0x0CC2FEFB,
		0x0C74FD0B, 0x0BDBFB2D, 0x0AFBF96B, 0x09D8F7D2, 0x087BF669,
		0x06EAF53A, 0x0530F44C, 0x0357F3A5, 0x0169F347, 0xFF73F336,
		0xFD81F372, 0xFB9DF3FA, 0xF9D4F4C9, 0xF830F5DD, 0xF6BBF72D,
		0xF57DF8B2, 0xF47FFA63, 0xF3C6FC36, 0xF357FE1F, 0xF3330014,
		0xF35D0209, 0xF3D203F1, 0xF49105C1, 0xF595076F, 0xF6D708F0,
		0xF8500A3C, 0xF9F70B4A, 0xFBC30C14, 0xFDA80C95, 0xFF9B0CCB,
		0x01910CB4, 0x037D0C51, 0x05550BA3, 0x070C0AB0, 0x0898097C,
		0x09F2080F, 0x0B0F0672, 0x0BEA04AE, 0x0C7D02CE, 0x0CC500DD,
		0x0CC1FEE7, 0x0C6FFCF7, 0x0BD3FB1A, 0x0AF0F95A, 0x09CBF7C2,
		0x086BF65C, 0x06D9F530, 0x051DF444, 0x0343F3A0, 0x0155F345,
		0xFF5FF337, 0xFD6DF376, 0xFB8AF401, 0xF9C2F4D3, 0xF820F5E9,
		0xF6ADF73B, 0xF572F8C2, 0xF477FA75, 0xF3C0FC49, 0xF354FE33,
		0xF3340028, 0xF360021C, 0xF3D90404, 0xF49A05D3, 0xF5A0077F,
		0xF6E508FF, 0xF8600A48, 0xFA090B53, 0xFBD60C1A, 0xFDBC0C99,
		0xFFB00CCC, 0x01A50CB2, 0x03910C4B, 0x05670B9B, 0x071C0AA4,
		0x08A7096E, 0x09FE07FF, 0x0B190661, 0x0BF1049B, 0x0C8102BA,
		0x0CC700C9, 0x0CBFFED3, 0x0C6BFCE4, 0x0BCCFB08, 0x0AE6F949,
		0x09BEF7B3, 0x085CF64F, 0x06C8F525, 0x050BF43C, 0x0330F39A,
		0x0141F343, 0xFF4BF338, 0xFD59F37A, 0xFB78F408, 0xF9B1F4DD,
		0xF810F5F5, 0xF69FF74A, 0xF567F8D3, 0xF46EFA87, 0xF3BBFC5C,
		0xF351FE47, 0xF334003C, 0xF3640230, 0xF3DF0417, 0xF4A305E5,
		0xF5AC0790, 0xF6F3090D, 0xF8700A54, 0xFA1B0B5D, 0xFBE90C21,
		0xFDD00C9C, 0xFFC40CCC, 0x01B90CAF, 0x03A40C45, 0x05790B92,
		0x072D0A99, 0x08B60961, 0x0A0B07F0, 0x0B23064F, 0x0BF80488,
		0x0C8602A7, 0x0CC800B5, 0x0CBDFEBF, 0x0C66FCD0, 0x0BC4FAF5,
		0x0ADBF938, 0x09B1F7A4, 0x084DF642, 0x06B7F51A, 0x04F8F434,
		0x031CF395, 0x012DF341, 0xFF37F339, 0xFD46F37F, 0xFB65F40F,
		0xF99FF4E7, 0xF801F602, 0xF692F759, 0xF55CF8E4, 0xF465FA99,
		0xF3B5FC6F, 0xF34EFE5B, 0xF3340050, 0xF3670244, 0xF3E6042A,
		0xF4AD05F7, 0xF5B807A0, 0xF701091B, 0xF8810A60, 0xFA2D0B66,
		0xFBFC0C27, 0xFDE40CA0, 0xFFD80CCC, 0x01CD0CAC, 0x03B70C40,
		0x058B0B89, 0x073E0A8E, 0x08C50953, 0x0A1707E0, 0x0B2D063E,
		0x0BFF0476, 0x0C8A0293, 0x0CC900A1, 0x0CBBFEAB, 0x0C60FCBD,
		0x0BBCFAE3, 0x0AD0F927, 0x09A4F795, 0x083EF635, 0x06A6F510,
		0x04E6F42D, 0x0309F391, 0x0119F33F, 0xFF23F33B, 0xFD32F383,
		0xFB52F416, 0xF98EF4F1, 0xF7F1F60E, 0xF684F768, 0xF550F8F4,
		0xF45DFAAB, 0xF3AFFC83, 0xF34CFE6F, 0xF3350065, 0xF36B0258,
		0xF3EC043D, 0xF4B60609, 0xF5C407B0, 0xF7100929, 0xF8910A6B,
		0xFA3F0B6F, 0xFC0F0C2E, 0xFDF70CA3, 0xFFEC0CCD, 0x01E10CA9,
		0x03CA0C3A, 0x059D0B81, 0x074E0A83, 0x08D30945, 0x0A2307D0,
		0x0B37062C, 0x0C060463, 0x0C8E027F, 0x0CCA008D, 0x0CB9FE97,
		0x0C5BFCA9, 0x0BB4FAD0, 0x0AC6F916, 0x0997F785, 0x082EF628,
		0x0695F505, 0x04D3F425, 0x02F5F38C, 0x0105F33E, 0xFF0FF33C,
		0xFD1EF387, 0xFB3FF41E, 0xF97DF4FB, 0xF7E1F61B, 0xF677F776,
		0xF545F905, 0xF455FABE, 0xF3AAFC96, 0xF34AFE83, 0xF3360079,
		0xF36E026C, 0xF3F30450, 0xF4C0061A, 0xF5D007C0, 0xF71E0937,
		0xF8A10A77, 0xFA510B78, 0xFC220C34, 0xFE0B0CA6,
};

