-13582 21647
-23506 -7983
-19240 16849
-20224 -14848
-23285 9984
-14848 -20224
-25049 2560
-7720 -23773
-24890 -5085
-344 -24764
-22074 -12476
7168 -24064
-17285 -18688
13824 -20736
-10808 -23040
19723 -15299
-3413 -25283
23259 -8644
4160 -25028
24576 -1280
11619 -22784
24064 6144
17852 -18176
20775 13072
22473 -11760
16014 19103
24871 -4449
9472 22784
24965 3072
2304 24576
22906 10752
-5178 24181
18400 17269
-12321 21334
12384 22102
-18432 16640
5068 24832
-22784 10240
-2485 25088
-24378 2974
-10040 23454
-24370 -4366
-16637 19442
-22016 -11776
-21529 13312
-17664 -17920
-24439 6144
-11141 -22119
-25193 -1383
-3934 -24375
-23608 -9015
3584 -24832
-19856 -15872
11008 -22272
-14175 -21248
17352 -17961
-7156 -24105
21511 -11965
381 -25277
24320 -5120
8071 -24064
24576 2560
15136 -20480
22699 10239
20468 -14849
18648 16434
24106 -8142
12544 21248
25195 -512
5632 24064
24169 7168
-1728 24690
20802 14194
-9058 22819
15557 20003
-15872 19200
8837 23552
-20992 13568
1268 25088
-23965 6906
-6377 24826
-24829 -850
-13622 21678
-23552 -8448
-19459 16384
-19968 -15104
-23269 9728
-14148 -20363
-25096 2165
-7607 -23562
-24712 -5386
-256 -25088
-22048 -12800
7168 -23552
-17180 -18944
14537 -20438
-10446 -22998
19692 -15022
-3228 -25262
23040 -8704
4566 -25088
24576 -1024
11884 -22528
23591 6602
18003 -17718
20612 13467
22542 -11365
15616 19200
24792 -4352
9216 22784
24890 3584
1669 24806
22751 10982
-5849 24226
18345 17314
-12800 21248
12292 22016
-18688 16384
4942 24832
-22662 10077
-2787 25181
-24459 2840
-10343 23064
-24576 -4864
-16811 18944
-22016 -12032
-21666 12800
-16928 -17993
-24641 5815
-10857 -22059
-25108 -1579
-3840 -24576
-23554 -9216
3840 -24576
-19682 -16128
11104 -22400
-13898 -21120
17363 -17867
-6732 -24523
21760 -11776
900 -25344
24320 -4608
8500 -24064
24780 3111
15194 -20441
22420 10430
20625 -14658
18176 16640
23985 -7936
12288 21504
25176 -256
5195 24227
24191 7587
-2278 24772
20631 14532
-9728 22784
15398 19968
-15872 18944
8545 23808
-21048 13359
1004 25135
-23900 6521
-6658 24441
-24832 -1280
-13824 21248
-23296 -8704
-19599 16128
-19709 -15247
-23610 9585
-14129 -20645
-25146 1883
-7168 -24064
-24664 -5888
256 -25088
-21742 -13056
7911 -23702
-16850 -18838
14767 -20243
-10282 -23059
19968 -15104
-2940 -25088
23296 -8448
4842 -24832
24713 -730
12046 -22234
23870 7094
18279 -17482
20480 13568
22794 -11264
15616 19200
24961 -4096
8855 23274
24914 4074
1286 24661
22625 11349
-6144 24064
17962 17408
-13056 20992
11956 22272
-18744 16185
4741 24889
-22849 9983
-2934 25343
-24832 2304
-10523 23040
-24320 -5120
-17042 18944
-21648 -12376
-21956 12968
-17132 -18401
-24656 5663
-10496 -22528
-25135 -2048
-3328 -24576
-23320 -9728
4257 -24564
-19461 -16372
11278 -21982
-13531 -21470
17664 -17664
-6484 -24576
21760 -11520
1185 -25344
24332 -4294
8753 -23750
24785 3289
15611 -19751
22272 10496
20846 -14336
18176 16640
24191 -7424
12413 21272
25088 24
5184 24304
24012 8176
-2304 24576
20549 14592
-9728 22784
15114 20224
-15993 18821
8304 23941
-21220 13220
742 25252
-24064 5888
-7062 24320
-24832 -1536
-14093 20992
-23264 -9067
-19746 16021
-19403 -15475
-23642 9357
-14080 -20992
-25229 1536
-7168 -24064
-24526 -6144
756 -24967
-21566 -13191
8020 -23500
-16668 -19148
14592 -19968
-10085 -23296
19968 -14592
-2623 -25344
23338 -7498
5129 -24650
24798 -369
12515 -22129
23552 7168
18394 -17408
20224 14080
22924 -11008
15211 19566
25027 -3730
8807 23364
24923 4164
1280 24576
22475 11264
-6400 24064
17880 17664
-13207 21171
11721 22451
-18923 16074
4323 25034
-23040 9472
-3297 24832
-24832 2048
-10790 22784
-24254 -5287
-17193 18521
-21714 -12298
-22103 12790
-16896 -18432
-24752 5120
-10496 -22784
-25088 -2304
-2875 -24516
-23238 -9924
4560 -24440
-19130 -16504
11520 -21760
-13262 -21760
17664 -17408
-6095 -24832
22149 -11106
1472 -25186
24545 -4040
9089 -23752
24320 3584
15793 -19712
22016 10752
20861 -14336
18164 17265
24188 -7055
12237 21864
25279 616
4864 24064
23937 7936
-2816 24576
20215 14848
-10217 22792
14787 20488
-16204 18574
7924 24206
-21248 12800
358 25088
-24064 5632
-7396 24320
-24630 -1760
-14420 20768
-22832 -9140
-20050 15692
-19456 -15872
-23855 8704
-13568 -20736
-25139 1280
-6659 -23766
-24528 -6614
969 -24732
-21440 -13724
8192 -23296
-16330 -19456
14848 -19968
-9854 -23552
20251 -14288
-2244 -25296
23606 -7454
5321 -24862
24832 0
12727 -22272
23552 7424
18589 -17408
20472 14237
22931 -10595
15149 19932
25068 -3108
8448 23040
24801 4608
768 24576
22440 11776
-6536 23975
17761 18087
-13343 20943
11481 22735
-19200 15616
4036 24576
-23296 9216
-3724 24832
-24608 1651
-10921 22899
-23884 -5842
-17494 18222
-21504 -12800
-22225 12032
-16640 -18688
-24720 4864
-9756 -22644
-25025 -2676
-2802 -24666
-23083 -10074
4864 -24576
-18960 -16896
11776 -22016
-12931 -22016
17970 -17404
-5906 -24572
22255 -10845
1630 -25181
24320 -3840
9179 -23808
24320 3840
16075 -19712
21860 10908
21319 -13924
17915 17359
24414 -6705
11520 21760
25261 768
4352 24320
23819 8448
-2858 24688
20216 15216
-10254 22629
14530 20837
-16640 18432
7728 24064
-21504 12544
136 25088
-24212 5523
-7671 24211
-24773 -1904
-14439 20880
-23040 -9472
-20087 15360
-19200 -16128
-23718 8448
-13485 -21216
-25230 1056
-6151 -23839
-24383 -6431
1024 -24832
-21085 -13824
8448 -23296
-16024 -19712
15118 -19708
-9381 -23548
20630 -14070
-1791 -25334
23552 -7424
5721 -24832
24576 0
13035 -21760
23512 7864
18915 -16968
20106 14474
23166 -10358
14848 19712
25024 -3072
7936 23296
24840 4864
570 24683
22094 12139
-6730 24029
17465 18397
-13824 20736
11217 22784
-19456 15616
3675 25088
-23073 8891
-3947 25019
-24651 1687
-11403 22679
-24064 -6144
-17772 18176
-21248 -13056
-22349 12032
-16215 -18701
-24809 4851
-9955 -22936
-25260 -2968
-2560 -24832
-23091 -10752
4864 -24576
-18770 -17152
12292 -21725
-12831 -21981
18212 -17024
-5609 -24960
22272 -11008
1925 -25344
24320 -3584
9634 -23552
24398 4139
16240 -19669
21836 11274
21417 -13814
17408 17408
24516 -6656
11264 22016
25233 1024
4125 24325
23732 8709
-3283 24580
19992 15364
-10752 22272
14453 20736
-16896 18176
7378 24064
-21351 12259
-214 25571
-24121 5215
-7843 24159
-24832 -2560
-14709 20480
-23040 -9984
-20330 15104
-18859 -16256
-23871 8320
-13059 -21173
-25159 587
-6400 -24320
-24289 -6912
1280 -25088
-20991 -14080
8798 -23045
-15765 -19461
15471 -19612
-9034 -23708
20480 -14080
-1554 -25344
23552 -7168
6223 -24576
24767 737
13142 -21535
23475 8064
19023 -16512
19712 14592
23177 -9984
14336 19968
25147 -2560
7916 23311
24710 5135
174 24584
22046 12552
-7168 23552
17265 18432
-14080 20480
10815 23040
-19714 15122
3330 25106
-23163 8772
-4356 24900
-24832 1024
-11674 22528
-24320 -6400
-17976 17920
-20962 -13508
-22416 11580
-16023 -18979
-24789 4317
-9728 -23296
-25083 -3328
-2304 -24832
-22892 -11008
5558 -24272
-18471 -17360
12415 -21439
-12492 -22207
18176 -16896
-5275 -25088
22528 -10752
2317 -25344
24500 -3246
9889 -23470
24448 4367
16375 -19441
21504 11264
21460 -13568
17152 17664
24429 -6400
11140 22033
25267 1297
3921 24352
23585 8992
-3840 24320
19694 15360
-11008 22272
13959 20992
-17100 18073
6963 24473
-21982 11777
-633 25345
-24320 4608
-8254 24064
-24832 -3072
-15070 20480
-22694 -9990
-20519 15098
-18544 -16739
-24060 8093
-12800 -21504
-25207 512
-5888 -24320
-24289 -7424
1681 -24971
-20954 -14219
9122 -22997
-15678 -19925
15616 -19456
-8924 -23808
20480 -13824
-1264 -25344
23985 -7018
6392 -24426
24752 810
13553 -21462
23040 8192
19361 -16640
19456 14848
23407 -9984
14168 19998
25142 -2274
7614 23736
24714 5560
-256 24576
21949 12288
-7424 23552
16943 18688
-14209 20301
10627 22861
-19763 14967
3142 24951
-23552 8192
-4449 24832
-24832 768
-11998 22272
-23913 -6473
-18124 17847
-20767 -13385
-22522 11447
-15872 -19456
-24884 3840
-9472 -23296
-24908 -3840
-1754 -24664
-22764 -11096
5670 -24142
-18354 -17486
12544 -21504
-12201 -22272
18432 -16640
-5041 -25088
22625 -10094
2761 -25198
24763 -2787
10217 -23523
24064 4608
16819 -19200
21504 11776
21630 -13312
17132 18081
24530 -5983
10921 22065
25244 1841
3328 24320
23558 8960
-4096 24320
19513 15872
-11010 22171
13842 21147
-17259 17692
6704 24604
-22016 11520
-992 25088
-24320 4352
-8561 23808
-24576 -2967
-15395 20073
-22471 -10437
-20776 14651
-18688 -16896
-24126 7680
-12800 -21760
-25227 -256
-5519 -24191
-24113 -7551
1982 -24819
-20600 -14835
9472 -23040
-15309 -20224
15616 -19200
-8397 -24064
20934 -13479
-1084 -25255
24044 -6220
6649 -24396
24576 1024
13661 -21504
23040 8448
19447 -16384
19398 15303
23490 -9529
13857 20385
25079 -1887
6912 23552
24565 5632
-256 24832
21742 12800
-7768 23786
16796 18922
-14522 20456
10273 23272
-20224 14848
2839 24832
-23552 8192
-4905 24832
-24814 562
-12261 22322
-23904 -6659
-18372 17661
-20736 -13824
-22895 11264
-15616 -19456
-24952 3840
-9170 -23217
-24959 -3761
-1711 -24673
-22603 -11105
5888 -24320
-18212 -17664
12800 -21248
-12026 -22528
18902 -16348
-4828 -24796
22570 -9741
2948 -25101
24320 -2816
10453 -23040
24064 5120
16880 -18944
21380 12037
21835 -13051
17074 18172
24517 -5380
10496 22528
25231 2048
3328 24576
23315 9472
-4118 24415
19390 16223
-11335 22057
13513 21545
-17664 17664
6546 24320
-22016 11264
-1214 25088
-24306 4389
-8869 23845
-24490 -3300
-15572 20252
-22528 -10752
-20805 14336
-18176 -17152
-24180 7424
-12185 -21404
-25322 -156
-5336 -24380
-24032 -7996
2304 -24832
-20550 -14848
9728 -22784
-15027 -20224
16138 -18832
-8272 -23952
21056 -13099
-597 -25131
23808 -6144
7008 -24576
24576 1536
14055 -21248
23169 8859
19767 -15717
19390 15270
23643 -9050
13568 20480
25182 -1792
6912 23552
24514 6144
-686 24706
21532 13186
-8024 23476
16466 19124
-14848 19968
9949 23296
-20224 14592
2506 25088
-23455 7705
-5254 24857
-24744 346
-12471 22106
-23808 -7168
-18599 17408
-20736 -14080
-22731 10752
-15318 -19472
-24961 3824
-8839 -23199
-24818 -4255
-1280 -25088
-22335 -11520
6144 -24064
-17921 -17920
13236 -21127
-11715 -22407
18998 -16029
-4286 -24989
22784 -9728
3297 -25088
24576 -2304
10680 -23040
24197 5147
17205 -18661
21237 12448
21939 -12384
16384 18176
24741 -5376
10240 22528
25095 2304
2954 24617
23318 9769
-4176 24258
19113 16834
-11776 21760
13176 21504
-17920 17152
6210 24576
-22299 11375
-1630 25199
-24483 3903
-9134 23871
-24576 -3840
-15817 19712
-22528 -11008
-21057 14080
-18066 -17054
-24297 7266
-12320 -21523
-25225 -531
-4864 -24576
-23940 -8448
2560 -24832
-20409 -15360
10044 -22963
-14866 -20403
16360 -18453
-8053 -24085
20992 -13056
-415 -25600
24064 -6144
7338 -24576
24752 1616
14351 -20912
22807 9087
19693 -15745
18944 15616
23730 -8960
13568 20736
25214 -1536
6609 23928
24584 6264
-981 24656
21295 13648
-8704 23552
16152 19200
-15104 19712
9711 23296
-20248 14546
2296 25298
-23414 7630
-5510 25038
-25088 0
-12749 22016
-23808 -7424
-18867 16896
-20229 -14165
-23107 10411
-15003 -19888
-24939 3152
-8448 -23552
-24941 -4608
-1280 -24832
-22307 -11776
6437 -23883
-17837 -17995
13381 -20824
-11439 -22616
18944 -16128
-4125 -24832
22784 -9472
3705 -25088
24748 -1825
11098 -22561
24313 5720
17349 -18344
20992 12544
22247 -12288
16128 18432
24654 -5120
10145 22541
25054 2573
2729 24709
23112 10117
-5120 24320
18902 16640
-12032 21760
12932 21760
-18127 17228
5852 24652
-22477 10946
-1889 25282
-24576 3584
-9456 23552
-24576 -3840
-16111 19712
-22021 -11225
-21339 13863
-17846 -17522
-24205 6798
-11776 -22016
-25348 -1024
-4864 -24832
-23853 -8448
2926 -24507
-20251 -15291
10264 -22435
-14685 -20643
16640 -18688
-7683 -24064
21248 -12800
-88 -25344
24191 -5603
7629 -24291
24448 1964
14609 -20820
22784 9216
20095 -15616
18688 15872
23847 -8704
13312 20982
25266 -778
6237 24012
24364 6860
-1280 24576
21305 13568
-8704 23040
15997 19456
-15156 19479
9389 23319
-20422 13923
1889 25443
-24064 7168
-5881 24576
-24832 -256
-13070 21760
-23483 -7614
-18998 16962
-20125 -14810
-23108 10278
-15104 -20224
-25089 2816
-8448 -23808
-24781 -4608
-758 -24696
-22230 -11896
6659 -23972
-17367 -18340
13568 -20992
-11323 -22784
19200 -15616
-3743 -25344
23152 -9167
3933 -25039
24748 -1771
11173 -22763
23808 5888
17494 -18432
20992 12800
22202 -12288
16358 18870
24722 -4682
9853 22733
25006 3021
2304 24576
23058 10496
-5120 24064
18681 16896
-12182 21619
12752 21875
-18002 16969
5563 24649
-22528 10496
-2066 25088
-24576 3328
-9601 23296
-24333 -4107
-16289 19445
-22127 -11346
-21489 13486
-17664 -17664
-24369 6400
-11776 -22272
-25372 -1280
-4130 -24460
-23714 -8588
3350 -24460
-20019 -15500
10752 -22528
-14280 -20992
16640 -18432
-7373 -24320
21670 -12206
175 -25262
24314 -5150
7777 -24094
24576 2304
14629 -20736
22528 9472
20256 -15360
18803 16316
23848 -8260
12985 21244
25136 -516
5888 23808
24295 6912
-1536 24576
20939 13824
-8910 23140
15723 19812
-15522 19702
9189 23798
-20736 13568
1570 25088
-23808 6912
-6182 24576
-24638 -681
-13322 21591
-23549 -7701
-19319 16875
-19968 -14848
-23282 9728
-14592 -20224
-25238 2560
-7708 -23701
-24846 -5013
-261 -25029
-22128 -12485
7168 -23808
-17387 -18688
14080 -20736
-10914 -23040
19611 -15337
-3654 -25065
23256 -8583
4281 -25223
24576 -1280
11601 -22528
23808 6400
17786 -18176
20929 13205
22370 -11627
15973 18976
24896 -4320
9472 22784
25019 3328
2048 24576
22711 10752
-5623 24138
18614 17226
-12459 21758
12530 22270
-18432 16384
5246 24832
-22528 10240
-2571 25088
-24349 2932
-9928 23412
-24468 -4528
-16584 19280
-22016 -12032
-21635 13312
-17408 -17920
-24383 6144
-11046 -22226
-25238 -1490
-3981 -24563
-23555 -9203
3584 -24832
-19807 -15872
11008 -22528
-13979 -21248
17292 -18040
-7100 -24440
21903 -12136
582 -25448
24064 -5120
8249 -24064
24576 2560
15170 -20736
22723 10211
20477 -14877
18486 16133
23917 -8187
12800 21248
25251 -512
5632 24064
24352 7168
-1701 24639
20786 14143
-9203 23243
15598 20171
-15872 19200
8882 23552
-20992 13312
1206 25088
-23605 6646
-6410 24822
-24595 -945
-13604 21583
-23296 -8704
-19515 16384
-19712 -15104
-23396 9728
-14120 -20249
-25226 2279
-7664 -23732
-24828 -5556
0 -25088
-21916 -12800
7424 -23808
-17091 -18688
14537 -20257
-10664 -23073
19762 -14874
-3147 -24858
23296 -8704
4505 -25088
24832 -1024
11910 -22528
24035 6784
18117 -17792
20872 13466
22741 -11622
15616 19200
24725 -4352
9216 23040
24922 3584
1823 25041
22638 11217
-5458 24239
18367 17583
-12800 21248
12276 22272
-18688 16384
5016 24832
-22566 10215
-2873 25319
-24734 2819
-10274 23043
-24576 -4864
-16795 18944
-22016 -12032
-21750 13056
-16937 -17989
-24727 6075
-10798 -22115
-25287 -1635
-3840 -24576
-23465 -9216
3840 -24576
-19640 -16128
11433 -22183
-13886 -21159
17383 -17873
-6905 -24273
21760 -11776
836 -25344
24320 -4864
8386 -23808
24656 2972
15289 -20068
22353 10123
20737 -14453
18176 16640
23971 -7936
12544 21248
25202 0
5376 24082
24005 7698
-2034 24618
20651 14634
-9472 22784
15178 20224
-16128 18944
8559 23808
-20934 13398
775 25174
-24030 6644
-6855 24564
-24832 -1280
-14002 21248
-23552 -8704
-19680 15872
-19642 -15299
-23532 9277
-14117 -20468
-25192 1804
-7424 -23808
-24634 -5888
0 -24832
-21715 -13056
7730 -23297
-16855 -18689
14370 -20085
-10283 -23157
19712 -14848
-2865 -25344
23296 -8192
4763 -24832
24625 -580
12238 -22084
23763 6959
18295 -17361
20480 13568
22712 -11264
15360 19200
24985 -3840
8896 23073
25000 3873
1633 24613
22701 11301
-6144 24064
18035 17408
-13056 20992
12068 22272
-18559 16252
4594 24956
-22574 9822
-2924 25182
-24576 2304
-10486 23040
-24320 -5120
-16957 18688
-21583 -12539
-21994 12805
-16948 -18140
-24657 5412
-10752 -22784
-25211 -2048
-3584 -24832
-23452 -9728
4221 -24468
-19430 -16276
11291 -22195
-13758 -21427
17408 -17664
-6452 -24576
22016 -11776
1149 -25344
24444 -4557
8834 -23757
24643 3111
15432 -20185
22272 10496
20842 -14592
17920 16640
24108 -7424
12479 21513
25204 265
5132 24223
24005 8095
-2560 24576
20429 14592
-9984 22528
15113 20224
-16255 18841
8294 23961
-21056 12896
664 25440
-24064 5888
-7047 24320
-25088 -1536
-14063 21248
-23049 -9075
-19822 16013
-19483 -15598
-23589 8978
-13824 -20992
-25155 1792
-7168 -24064
-24597 -6144
707 -25041
-21518 -13265
8017 -23388
-16658 -19036
14592 -20224
-9895 -23296
19968 -14592
-2654 -25344
23540 -7846
5125 -24742
24841 -495
12377 -21999
23552 7168
18503 -17408
20480 13824
22746 -11008
15206 19620
25030 -3420
8767 23256
24815 4312
1024 24576
22344 11264
-6400 23808
17890 17920
-13284 21074
11577 22354
-18749 15999
4379 24959
-23040 9472
-3391 25088
-24576 2048
-10791 22784
-24148 -5430
-17225 18890
-21462 -12466
-21958 12622
-16640 -18432
-24631 5120
-10496 -22528
-25126 -2560
-2898 -24650
-23261 -9802
4833 -24466
-19297 -16530
11520 -22016
-13348 -21760
17664 -17408
-6249 -24576
22225 -11420
1512 -25244
24462 -4320
9013 -23776
24320 3328
15885 -19968
22272 10752
20948 -14336
18125 16909
24241 -7155
12262 21771
25271 523
4608 24064
23913 7936
-2816 24576
20394 14848
-9936 22756
14783 20708
-16264 18614
7977 24246
-21504 12544
292 25088
-24064 5632
-7291 24064
-24512 -1636
-14402 21148
-22814 -9115
-20092 15717
-19200 -15872
-23860 8704
-13568 -20992
-25181 1280
-6602 -23931
-24519 -6011
971 -24594
-21242 -13330
8448 -23552
-16348 -19456
14848 -19968
-9712 -23552
20610 -14493
-2208 -25245
23656 -7650
5543 -24802
24576 -256
12791 -22016
23552 7424
18726 -17152
20028 14207
23091 -10625
14950 19576
25211 -3208
8192 23296
24814 4352
768 24832
22359 11776
-6455 24044
17667 18156
-13502 20791
11525 22583
-19200 15616
4090 24576
-23040 9216
-3565 24832
-24649 1774
-11088 22766
-23955 -5856
-17411 18464
-21248 -12800
-22164 12288
-16640 -18688
-24591 4864
-10083 -22543
-25053 -2575
-2681 -24658
-23085 -10322
4864 -24576
-19069 -16896
11776 -22016
-13066 -21760
18067 -17277
-5895 -24445
22027 -11243
1856 -25323
24320 -3840
9236 -23808
24320 3584
16023 -19712
21996 10848
21137 -13984
17727 17395
24344 -6669
11776 21760
25219 512
4608 24064
23744 8448
-2847 24346
20229 15130
-9999 22760
14581 20968
-16640 18432
7632 24064
-21504 12544
86 25344
-24152 5752
-7540 24184
-24470 -1961
-14516 20823
-22784 -9472
-20144 15360
-19200 -16128
-23729 8448
-13215 -20877
-25294 1139
-6167 -23857
-24342 -6705
1280 -24832
-21137 -14080
8704 -23296
-16100 -19712
15577 -19577
-9360 -23417
20613 -14148
-1945 -25156
23552 -7424
5750 -24832
24576 0
13071 -22016
23492 7935
18967 -16897
20165 14398
23208 -10434
14592 19968
25176 -3072
7936 23296
24832 4864
372 25036
22222 12236
-6824 23772
17488 18396
-13824 20480
11060 22528
-19456 15360
3863 24832
-23209 9099
-3975 25227
-24663 1703
-11450 22951
-24064 -6144
-17742 18176
-21248 -13056
-22346 11776
-15958 -18724
-24739 4828
-9771 -23020
-25155 -3052
-2560 -24832
-22913 -10496
4864 -24320
-18728 -17152
12335 -21518
-12804 -21518
18429 -17046
-5511 -24726
22272 -11008
2136 -25344
24576 -3584
9640 -23552
24432 4246
16415 -19306
21797 11354
21413 -13734
17408 17408
24618 -6400
11264 22016
25338 1024
4159 24445
23880 8829
-3316 24376
20103 15416
-10752 22272
14444 20736
-16896 18176
7322 24320
-21547 12090
-248 25146
-24231 5354
-7992 24298
-24576 -2560
-14780 20480
-22784 -9984
-20366 15104
-18704 -16238
-23870 8338
-13150 -21068
-25176 692
-6400 -24320
-24168 -7168
1280 -24832
-21056 -14080
9085 -22838
-15851 -19766
15527 -19293
-9082 -23645
20736 -13824
-1630 -25344
23808 -7168
6042 -24576
24814 563
13159 -21709
23426 7999
19090 -16577
19712 14592
23233 -10240
14336 19968
25068 -2560
7774 23352
24800 5176
353 24662
22088 12374
-7168 23552
17235 18432
-14080 20480
10891 23040
-19493 15332
3429 25060
-23241 8725
-4171 24853
-24832 1280
-11711 22272
-24064 -6400
-17942 17920
-20789 -13189
-22535 11899
-15963 -18987
-24961 4565
-9472 -23040
-24992 -3328
-2304 -24832
-22749 -11008
5703 -24186
-18597 -17274
12320 -21611
-12485 -22123
18432 -16896
-5262 -24832
22272 -10496
2336 -25344
24414 -3050
9844 -23274
24543 4371
16546 -19437
21504 11520
21450 -13568
17152 17664
24460 -6400
11181 22056
25110 1576
4261 24693
23583 9077
-3584 24320
19616 15616
-11008 22272
13957 20992
-17141 18091
7003 24491
-21949 12115
-683 25171
-24320 4864
-8238 23808
-24832 -2816
-15110 20224
-22792 -9899
-20526 14933
-18465 -16537
-24122 8039
-12800 -21504
-25196 256
-5888 -24320
-24157 -7424
1986 -24641
-20923 -14145
9223 -22934
-15601 -20118
15616 -19456
-8988 -23808
20480 -13824
-1290 -25344
23856 -6562
6447 -24482
24643 852
13532 -21420
23040 8192
19474 -16640
19712 14848
23293 -9728
14472 20408
25124 -2120
7457 23613
24639 5437
0 24576
22006 12544
-7424 23552
17052 18688
-14327 20344
10724 23160
-19579 15175
3162 24903
-23296 8192
-4487 24832
-24832 1024
-11872 22272
-23911 -6494
-18144 17826
-20544 -13788
-22632 11556
-15872 -19456
-24929 3840
-9216 -23040
-25083 -3584
-1655 -24694
-22738 -10870
5941 -24221
-18385 -17565
12800 -21504
-12203 -22272
18688 -16640
-4887 -24832
22618 -10015
2744 -25119
24742 -2892
10252 -23116
24064 4864
16701 -19200
21504 11776
21721 -13312
17010 17744
24538 -6064
10789 22079
25358 1599
3328 24576
23529 9216
-4096 24320
19639 15872
-11071 22330
13865 21306
-17311 17681
6930 24337
-22016 11520
-784 25088
-24576 4608
-8372 23808
-24413 -3010
-15409 20286
-22599 -10237
-20692 14339
-18432 -16640
-24069 7680
-12544 -21504
-25228 -256
-5528 -24223
-24097 -7839
2170 -24722
-20633 -14738
9472 -23040
-15386 -20224
15872 -19200
-8454 -24064
20827 -13219
-978 -25507
24080 -6636
6629 -24556
24576 1024
13698 -21504
23040 8448
19663 -16384
19457 15132
23425 -9700
14300 20329
25303 -1943
7168 23552
24641 5632
-256 24576
21791 12800
-7847 23718
16693 18854
-14470 20176
10249 23248
-19968 14592
2708 24832
-23552 7936
-4825 24832
-24597 528
-12247 22288
-23603 -6800
-18349 17520
-20736 -13824
-22765 11008
-15616 -19456
-24958 3328
-8733 -23082
-24927 -3626
-1632 -24666
-22647 -11354
5888 -24320
-18151 -17664
13056 -21248
-11899 -22528
18814 -16196
-4596 -24900
22796 -9815
2964 -24919
24576 -2560
10459 -23040
24320 4864
17043 -18944
21696 12261
21796 -12827
17064 18293
24724 -5515
10496 22528
25208 2048
3328 24576
23541 9472
-4088 24398
19280 16206
-11371 22134
13623 21366
-17408 17664
6475 24576
-22016 11520
-1233 25088
-24242 4234
-8894 23946
-24343 -3293
-15441 20003
-22528 -10752
-20821 14336
-18176 -16896
-24134 7168
-12231 -21647
-25117 -143
-5323 -24313
-24063 -8185
2304 -24832
-20400 -15104
9728 -23040
-14972 -20480
16337 -19156
-8108 -24020
21386 -13283
-666 -25571
23808 -6144
7158 -24576
24832 1536
14156 -21248
23131 8742
19862 -15834
19220 15594
23617 -8982
13824 20736
25198 -1792
6912 23552
24598 6144
-363 24784
21579 13264
-7730 23315
16500 19219
-14848 19968
9918 23040
-20224 14336
2523 25088
-23435 7825
-5311 24977
-24787 391
-12416 22151
-23808 -7424
-18563 17152
-20480 -14080
-22803 10752
-15212 -19712
-25096 3328
-8855 -23276
-24842 -4332
-1536 -24832
-22390 -11776
6400 -24064
-17984 -18176
13235 -21194
-11657 -22730
18861 -16047
-4263 -25007
22784 -9728
3313 -25344
24576 -2304
10868 -23040
24087 5400
17237 -18664
21446 12449
22150 -12639
16640 18432
24688 -5376
10240 22272
25215 2304
2900 24617
23348 9769
-4430 24378
19113 16442
-11520 21760
13379 21504
-17664 17408
6288 24320
-22067 11248
-1452 25328
-24393 4039
-9010 23751
-24576 -3840
-15734 19712
-22272 -11008
-21013 14080
-18002 -17305
-24143 7271
-11881 -21601
-25221 -353
-5120 -24576
-23992 -8448
2560 -24832
-20252 -15104
10209 -22638
-14759 -20334
16484 -18608
-7929 -23984
21248 -12800
-267 -25600
24064 -5888
7321 -24320
24599 1965
14294 -20819
22982 9166
19965 -15410
18944 15872
23595 -8960
13568 20480
25165 -1280
6533 23815
24377 6407
-831 24678
21350 13414
-8448 23296
16207 19200
-15104 19712
9785 23296
-20062 14404
2166 25156
-23652 7543
-5572 24695
-24832 0
-12631 22016
-23808 -7424
-18703 16896
-20368 -14443
-22908 10645
-14891 -19621
-25035 3163
-8448 -23552
-24820 -4608
-1024 -24832
-22390 -12032
6569 -24042
-17712 -18154
13779 -20890
-11406 -22682
18944 -15872
-3852 -25088
22784 -9472
3644 -25088
24772 -1937
11003 -22929
24005 5660
17530 -18404
21248 12800
22184 -12544
16384 18432
24748 -5120
10129 22638
25183 2670
2677 24758
23304 10422
-4864 24320
18863 16640
-12032 21760
13126 21504
-17740 17225
5933 24649
-22461 10761
-1773 25097
-24576 3584
-9375 23552
-24576 -4096
-16049 19712
-22248 -11016
-21221 14072
-17758 -17281
-24368 6783
-11776 -22016
-25270 -768
-4864 -24576
-23783 -8448
2933 -24691
-20122 -15219
10394 -22769
-14622 -20721
16640 -18432
-7535 -24320
21248 -12544
-127 -25344
24018 -5400
7706 -24088
24678 2178
14455 -20606
22528 9216
20008 -15360
18944 15872
23822 -8704
13098 21011
25167 -1005
6475 23899
24446 6747
-1280 24576
21204 13568
-8704 23040
16183 19456
-15267 19584
9395 23680
-20671 14024
1927 25288
-23808 7168
-5714 24832
-24832 -256
-12982 21760
-23413 -7786
-18921 17046
-20040 -14120
-23048 10456
-14848 -19968
-25084 2816
-8192 -23552
-24821 -5120
-618 -24786
-22092 -12242
7139 -23696
-17461 -18320
13824 -20992
-11007 -22784
19456 -15616
-3885 -25088
23233 -9077
3978 -25205
24791 -1502
11306 -22750
23808 5888
17542 -18432
20992 12800
22274 -12032
16313 18890
24754 -4662
9913 22652
25088 3196
2304 24576
22839 10240
-5120 24064
18697 16896
-12001 21561
12634 21817
-18086 16893
5555 24829
-22528 10496
-2074 25088
-24832 3328
-9630 23296
-24575 -4293
-16429 19515
-22100 -11458
-21272 13630
-17664 -17920
-24447 6400
-11520 -22272
-25201 -1280
-4245 -24569
-23664 -8697
3254 -24436
-20022 -15732
10496 -22784
-14283 -20992
16896 -18176
-7415 -24320
21686 -12060
400 -25116
24276 -5221
7867 -23909
24576 2304
14813 -20736
22528 9728
20274 -15104
18926 16340
23888 -8236
13203 21125
25241 -379
5888 24064
24335 6912
-1536 24576
21059 14080
-8881 23409
15698 19825
-15463 19456
9107 23808
-20992 13824
1512 25344
-24064 6912
-6162 24576
-25002 -523
-13342 21749
-23440 -8164
-19125 16668
-19968 -14848
-23260 9984
-14848 -20224
-25140 2304
-7857 -23544
-24735 -5112
-405 -24899
-22012 -12355
6912 -23808
-17222 -18688
13824 -20736
-10716 -23040
19593 -15346
-3492 -25074
23125 -8613
4138 -24997
24576 -1536
11593 -22528
23808 6144
17955 -18176
20795 13081
22455 -11751
16035 19105
24888 -4447
9216 22784
25137 3072
2048 24576
22747 10752
-5498 24446
18647 17278
-12296 21629
12525 22141
-18688 16640
5365 24576
-22784 10240
-2429 25088
-24546 3096
-9932 23320
-24532 -4386
-16484 19422
-22016 -11520
-21469 13312
-17664 -17920
-24432 6144
-11151 -22190
-25175 -1454
-4072 -24525
-23534 -9165
3328 -24576
-19858 -15872
10752 -22528
-14144 -21248
16959 -18018
-7069 -24418
21756 -12218
588 -25530
24320 -4864
8248 -24064
24576 2560
15066 -20736
22530 10079
20572 -15009
18764 16511
23952 -8065
12544 21248
25314 -512
5632 24064
24210 7168
-1540 24807
20958 14311
-9057 23218
15579 20146
-15872 19200
8815 23552
-20736 13312
1192 25344
-23962 6686
-6411 24606
-24579 -721
-13715 21551
-23552 -8192
-19371 16384
-19968 -15104
-23293 9728
-14392 -20345
-25121 2183
-7648 -23693
-24611 -5517
0 -24832
-21893 -12800
7424 -23808
-17038 -18944
14448 -20025
-10764 -22841
19555 -15311
-3134 -25295
23296 -8448
4461 -25088
24576 -1024
11898 -22784
23851 6615
17978 -17705
20698 13493
22615 -11339
15616 18944
24818 -4352
9216 22784
25045 3584
1797 24689
22838 10865
-5527 24150
18275 17494
-12800 21248
12294 22016
-18688 16384
4891 24576
-22636 10129
-2794 25233
-24527 2875
-10307 23099
-24320 -5120
-16838 18944
-21760 -12032
-21678 13056
-17191 -17933
-24605 5875
-10819 -22481
-25223 -1745
-3840 -24576
-23603 -9472
3840 -24576
-19602 -16128
11060 -22061
-13892 -21037
17405 -18066
-6668 -24466
21760 -11776
784 -25600
24064 -4864
8529 -24064
24421 3305
15107 -20247
22283 10203
20686 -14629
18176 16640
23906 -7936
12288 21248
25084 -256
5389 24223
24017 7583
-2084 24654
20581 14414
-9472 23040
15216 19968
-16128 18944
8406 23808
-20831 13248
987 25280
-24028 6441
-6751 24361
-24832 -1280
-13752 20992
-23296 -8704
-19620 15872
-19465 -15259
-23494 9317
-13980 -20241
-25177 2031
-7424 -23808
-24634 -5888
0 -24832
-21728 -13056
7892 -23444
-16883 -18836
14487 -20153
-10287 -22969
19712 -15104
-2886 -25344
23296 -8192
4939 -25088
24685 -619
12160 -22123
23604 6689
18255 -17631
20480 13824
22666 -11264
15360 19200
24965 -4096
9139 23129
24898 3929
1569 24633
22622 11065
-6144 23808
18137 17408
-13056 20992
11860 22272
-18655 16304
4732 25008
-22580 9950
-3122 25310
-24832 2304
-10467 23040
-24320 -5120
-17043 18688
-21522 -12042
-21955 13046
-16960 -18101
-24781 5707
-10752 -22528
-25153 -2304
-3328 -24832
-23388 -9728
4231 -24439
-19298 -16247
11279 -22215
-13565 -21447
17664 -17664
-6480 -24576
21760 -11520
1213 -25344
24371 -4334
8738 -24046
24493 3171
15602 -20125
22272 10496
20827 -14592
17920 16896
24107 -7424
12423 21547
25221 299
4964 24264
24106 7880
-2560 24576
20531 14592
-9728 22784
15095 20224
-15934 18714
8282 23834
-21113 13300
625 25332
-24320 5888
-6988 24320
-24832 -1536
-14180 20992
-23262 -8927
-19693 15905
-19329 -15497
-23597 9079
-13824 -20736
-25240 1536
-6912 -24064
-24459 -6144
729 -25037
-21392 -13261
7937 -23299
-16588 -19203
14592 -20224
-10026 -23552
19968 -14848
-2585 -25344
23300 -7875
5102 -24771
24614 -407
12374 -22167
23552 6912
18467 -17664
20224 13824
22907 -11008
15241 19467
24995 -3573
8716 23217
24931 4273
1024 24576
22461 11520
-6400 23808
17698 17664
-13281 20951
11647 22487
-18971 16122
4335 25082
-23040 9216
-3294 25088
-24832 2048
-10800 22784
-24282 -5265
-17314 18543
-21256 -12785
-22102 12559
-16896 -18688
-24706 5120
-10496 -22784
-25089 -2560
-2878 -24770
-23236 -9922
4733 -24548
-19269 -16612
11776 -22016
-13260 -21760
17664 -17664
-6119 -24832
22052 -11139
1283 -25219
24575 -3913
9007 -23625
24320 3584
15757 -19968
22272 10752
21026 -14336
17936 17267
24311 -7053
12144 21716
25301 468
4864 24320
23946 7936
-2560 24576
20227 14848
-9736 22825
14769 20521
-16233 18786
7994 24162
-21248 12800
385 25088
-24320 5632
-7328 24064
-24591 -2032
-14330 20752
-23100 -9116
-20102 15460
-19456 -15872
-23624 8704
-13824 -20992
-25242 1280
-6495 -23883
-24447 -6219
767 -24628
-21280 -13620
8192 -23552
-16304 -19712
15104 -19968
-9837 -23552
20335 -14166
-2260 -25430
23734 -7454
5460 -24606
24576 -256
12626 -22016
23552 7424
18677 -17152
20278 14118
23010 -10714
15182 19823
24917 -3217
8448 23296
24840 4352
768 24576
22256 11520
-6518 24039
17605 18151
-13498 20826
11392 22618
-19200 15616
4078 24832
-23040 9216
-3607 24832
-24643 1903
-11059 22895
-24205 -5476
-17513 18588
-21504 -12800
-22294 12032
-16640 -18688
-24767 4864
-10193 -22698
-25141 -2986
-2691 -24777
-23197 -10185
4864 -24320
-19084 -16896
11776 -21760
-13103 -21760
18051 -17199
-5925 -24623
22484 -10818
1789 -25154
24576 -3840
9382 -23552
24320 3840
15988 -19968
22086 11238
21062 -13850
17838 17626
24277 -6694
11776 21760
25170 768
4352 24320
23814 8448
-2913 24332
20218 15116
-10492 22652
14488 20604
-16640 18176
7607 23808
-21504 12544
6 25088
-24286 5536
-7626 24224
-24492 -1897
-14676 20887
-23040 -9728
-20269 15360
-18944 -16128
-23671 8448
-13260 -21088
-25232 928
-6274 -23985
-24408 -6577
1280 -24832
-21235 -14080
8704 -23552
-16167 -19712
15366 -19532
-9435 -23372
20510 -14109
-1829 -25117
23552 -7424
5751 -24832
24576 256
13098 -22016
23756 7899
18840 -16677
20139 14525
23051 -10307
14848 19968
24942 -2816
7936 23296
24794 4864
692 24724
22231 12180
-6860 23858
17388 18226
-13824 20736
11163 22528
-19456 15616
3660 24832
-23276 9170
-3934 25042
-24771 1746
-11435 22738
-24320 -6144
-17754 18176
-21248 -13312
-22302 11776
-16306 -18848
-24863 4448
-9754 -22786
-24983 -2818
-2560 -24832
-22976 -10752
4864 -24320
-18627 -17152
12119 -21303
-12714 -21815
18046 -16970
-5536 -24650
22272 -10752
2099 -25344
24320 -3584
9688 -23808
24399 4306
16245 -19502
21817 11348
21336 -13740
17408 17408
24386 -6656
11520 22016
25290 768
4297 24499
23766 8883
-3292 24618
19840 15402
-10496 22528
14398 20736
-16896 18176
7258 24064
-21527 12540
-212 25340
-24091 5302
-7930 23990
-24832 -2560
-14744 20480
-22784 -9728
-20424 15104
-18765 -16212
-23839 8108
-12962 -21071
-25316 689
-6144 -24320
-24361 -7168
1536 -24832
-21107 -14336
9086 -23055
-15907 -19727
15421 -19699
-9187 -23795
20480 -13824
-1623 -25344
23808 -7168
6111 -24832
24786 710
13110 -21818
23513 8162
19180 -16670
19712 14848
23221 -10240
14336 19968
25206 -2816
7836 23569
24690 5137
486 24782
22127 12494
-7168 23552
17192 18432
-14080 20480
10826 23040
-19706 15356
3464 25084
-23118 8761
-4325 24889
-24832 1024
-11635 22528
-24064 -6400
-18049 17920
-21191 -13387
-22428 11957
-16033 -19024
-25019 4528
-9728 -23040
-24995 -3584
-2304 -24832
-22796 -11008
5394 -24126
-18537 -17214
12705 -21648
-12574 -21904
18432 -16896
-5291 -24832
22528 -10496
2315 -25344
24624 -3290
9873 -23514
24398 4477
16533 -19075
21760 11520
21472 -13312
17408 17664
24525 -6400
11296 22429
25138 1437
3859 24494
23707 9134
-3584 24320
19721 15872
-10752 22272
14018 20992
-17009 18066
7171 24466
-21758 12088
-666 25144
-24320 4864
-8198 24064
-24832 -2816
-15101 20224
-22563 -9750
-20532 15082
-18671 -16415
-24094 8161
-13056 -21248
-25248 512
-5888 -24320
-24178 -7424
2008 -24787
-20942 -14291
9123 -22908
-15722 -19836
15616 -19200
-8799 -24064
20736 -13568
-1279 -25344
24002 -6614
6454 -24534
24823 969
13517 -21303
23040 8192
19389 -16384
19456 14848
23451 -9728
14453 20474
25081 -2054
7624 23657
24711 5481
-256 24576
21853 12544
-7424 23552
16959 18688
-14129 20281
10500 22841
-19726 15258
3035 24986
-23296 8192
-4656 24832
-24832 768
-12083 22272
-23928 -6533
-18176 17787
-20667 -13518
-22634 11314
-15872 -19456
-24887 4096
-9472 -23296
-25125 -3840
-1997 -24713
-22621 -10889
5862 -24095
-18370 -17439
12544 -21504
-12220 -22272
18432 -16640
-5005 -25088
22579 -10136
2665 -25240
24657 -2880
10075 -23104
24064 4864
16796 -19456
21504 11776
21511 -13312
17092 17938
24451 -6126
10812 22136
25148 1912
3584 24320
23473 9216
-4096 24320
19482 15872
-11015 22051
13752 21027
-17327 17799
6729 24455
-22016 11520
-847 25088
-24320 4352
-8574 23808
-24483 -2848
-15255 20448
-22468 -10289
-20765 14543
-18432 -16896
-24108 7680
-12544 -21504
-25365 0
-5129 -24144
-24165 -7504
2200 -24743
-20721 -14503
9472 -23040
-15397 -20224
15872 -19200
-8563 -24064
20930 -13065
-1027 -25353
23987 -6217
6604 -24649
24576 1024
13958 -21504
23040 8704
19552 -16384
19703 15329
23467 -9503
14063 20623
25141 -1905
7168 23552
24540 5632
-512 24832
21800 12800
-7691 23723
16700 18859
-14515 20331
10232 23147
-19968 14848
2748 25088
-23552 8192
-4864 24832
-24594 734
-12298 22238
-23568 -6690
-18463 17630
-20736 -14080
-22790 11008
-15616 -19456
-25040 3840
-8804 -23153
-25089 -3953
-1347 -24747
-22600 -11179
6144 -24064
-18234 -17664
13056 -21248
-12069 -22528
18721 -16193
-4774 -24897
23028 -9906
3017 -25266
24576 -2560
10459 -23296
24320 5120
16925 -18944
21527 12522
21762 -12822
16926 18048
24545 -5760
10496 22272
25134 1792
3328 24320
23293 9472
-4137 24499
19137 16307
-11464 22183
13401 21415
-17664 17408
6403 24320
-22272 11264
-1244 25088
-24549 4372
-8886 23828
-24424 -3105
-15691 20191
-22528 -10752
-21018 14336
-18176 -17152
-24196 7424
-12228 -21620
-25129 -116
-5301 -24225
-23929 -7841
2304 -24832
-20376 -14848
9728 -23040
-15120 -20480
16273 -18940
-8133 -24060
21011 -13144
-711 -25176
24064 -6144
6986 -24576
24832 1280
14049 -21248
23176 8756
19685 -16076
19424 15460
23525 -9116
13824 20736
25230 -1792
6912 23552
24391 6144
-639 24688
21471 13168
-8082 23381
16534 19029
-14848 19968
9963 23296
-19968 14592
2444 25088
-23371 7947
-5352 24843
-24694 430
-12517 22190
-23808 -7168
-18587 17152
-20480 -14336
-22879 10752
-15140 -19642
-25035 3398
-8491 -23251
-24790 -4307
-1280 -25088
-22408 -12032
6400 -24064
-17906 -18176
13062 -21111
-11687 -22391
19123 -16085
-4361 -25045
22784 -9728
3277 -25344
24576 -2560
10865 -23296
24100 5153
17192 -18911
21382 12432
21953 -12656
16640 18432
24587 -5632
10496 22528
24967 2048
2948 24823
23370 9975
-4366 24520
19162 16584
-11776 22016
13225 21504
-17664 17408
6199 24320
-22059 11342
-1574 25166
-24172 3870
-9073 23582
-24576 -3584
-15746 19712
-22272 -11008
-21127 13824
-17936 -17350
-24574 6970
-12202 -21889
-25363 -641
-4864 -24576
-24010 -8448
2560 -24832
-20330 -15360
10059 -22567
-14905 -20775
16402 -18742
-7898 -24118
20992 -13056
-379 -25600
24064 -6144
7381 -24576
24773 1823
14368 -21217
22842 9019
19972 -15813
18944 15616
23700 -8960
13568 20736
25140 -1536
6543 23921
24661 6257
-926 24586
21359 13322
-8448 23296
16336 19200
-15104 19712
9647 23040
-20205 14526
2126 25278
-23706 7673
-5561 24825
-24832 0
-12721 21760
-23808 -7424
-18833 16896
-20290 -14493
-23078 10595
-15138 -19918
-25025 3122
-8448 -23552
-24862 -4608
-1280 -25088
-22200 -12032
6601 -24000
-17720 -18112
13330 -20914
-11360 -22706
19200 -16128
-3996 -25088
22784 -9472
3623 -25344
24722 -1699
11055 -22947
23860 5824
17405 -18496
21248 12544
22307 -12544
16384 18432
24752 -5120
10050 22677
25193 2709
2562 24711
23148 10119
-4864 24064
18840 16640
-12032 21760
12996 21504
-17829 16929
5831 24353
-22260 10920
-1943 25256
-24576 3584
-9224 23296
-24576 -4096
-16074 19456
-22228 -11255
-21127 13833
-17864 -17267
-24359 6541
-12032 -22016
-25204 -1024
-4864 -24576
-23820 -8448
3003 -24648
-20253 -15176
10267 -22529
-14727 -20481
16640 -18688
-7614 -24320
21248 -12800
-48 -25344
24204 -5627
7519 -24315
24610 2053
14619 -20987
22784 9472
19954 -15616
18688 15872
23814 -8704
13334 20909
25169 -851
6148 24028
24322 6620
-1280 24576
21171 13568
-8704 23296
16027 19200
-15328 19663
9511 23503
-20574 14004
1865 25268
-23808 6912
-5757 24576
-24832 -512
-12991 21504
-23622 -7834
-18834 16998
-20197 -14540
-23183 10292
-14848 -20224
-25023 2560
-8192 -23552
-24769 -5120
-691 -24788
-22208 -12244
6827 -23756
-17273 -18380
13568 -20736
-11262 -23040
19456 -15872
-3632 -25088
23216 -8841
3674 -24969
24652 -1594
11386 -22586
23808 6144
17513 -18432
20992 12800
22277 -12032
16299 18702
24717 -4850
9943 22803
25042 2835
2304 24576
22955 10496
-5120 24320
18756 16896
-12192 21753
12617 22009
-18080 17189
5512 24613
-22528 10496
-2140 25344
-24576 3328
-9713 23296
-24089 -4146
-16340 19662
-22003 -11461
-21411 13627
-17664 -17664
-24549 6400
-11520 -22272
-25225 -1280
-4297 -24521
-23705 -8905
3196 -24381
-19921 -15421
10496 -22528
-14308 -20992
16896 -18432
-7344 -24320
21595 -12519
111 -25575
24298 -5331
7876 -24275
24576 2304
14761 -20992
22528 9472
20304 -15360
18782 16253
23844 -8323
13189 21174
25169 -586
6144 24064
24224 6656
-1536 24576
21093 13824
-8766 23155
15725 19827
-15517 19614
9174 23710
-20736 13824
1647 25088
-23808 6912
-6217 24576
-25060 -402
-13153 21614
-23642 -8054
-19232 16522
-19968 -15104
-23282 9984
-14592 -20224
-25296 2304
-7854 -23558
-24569 -5126
-364 -24802
-22105 -12514
7168 -23808
-17218 -18688
13824 -20736
-10859 -23040
19677 -15348
-3445 -25332
23121 -8902
4269 -25030
24576 -1280
11676 -22784
23808 6144
17814 -18176
20938 13231
22403 -11601
15887 18732
24907 -4564
9472 22784
24987 3072
2048 24576
22824 10752
-5254 24082
18502 17170
-12430 21262
12444 22030
-18432 16384
5378 24576
-22528 10240
-2395 25088
-24503 3032
-9888 23512
-24382 -4488
-16612 19320
-22016 -12032
-21613 13312
-17408 -17920
-24376 6144
-11175 -22511
-25282 -1519
-4174 -24726
-23583 -9110
3584 -24832
-19694 -15872
10752 -22528
-14117 -21248
17205 -17997
-7173 -24397
21569 -12113
488 -25169
24320 -5120
8129 -24064
24320 2560
14954 -20480
22399 9852
20449 -14980
18526 16409
24030 -7911
12544 21248
25176 -512
5632 24064
24227 7424
-2034 24780
20848 14284
-9118 23175
15516 20103
-15872 19200
8846 23808
-20992 13568
1145 25088
-23871 6721
-6475 24641
-24650 -961
-13618 21567
-23552 -8448
-19458 16384
-19712 -15104
-23469 9728
-14081 -20386
-25152 2142
-7467 -23719
-24725 -5543
0 -24832
-21946 -12800
7424 -23808
-17089 -18944
14397 -20260
-10587 -23076
19504 -15205
-3239 -25189
23296 -8448
4539 -25088
24576 -1024
11711 -22528
23874 6507
17821 -17813
20778 13451
22414 -11381
15616 19200
24743 -4352
9216 23040
24978 3584
2017 24615
22652 11047
-5451 24172
18166 17516
-13056 21248
12103 22016
-18688 16384
4859 24832
-22600 10027
-2824 25131
-24770 3025
-10329 23505
-24320 -4864
-16897 18944
-21760 -12032
-21817 13056
-17099 -18129
-24512 5679
-10762 -22118
-25186 -1638
-3840 -24832
-23500 -9472
3840 -24576
-19579 -16128
11187 -22270
-13995 -21246
17273 -17744
-6812 -24400
21760 -11776
745 -25600
24320 -4864
8312 -24064
24741 3110
15195 -20442
22473 10275
20597 -14813
18176 16640
24019 -7680
12288 21248
25147 -256
5383 24289
24041 7905
-1985 24634
20664 14650
-9728 22784
15083 19968
-16128 18944
8451 23808
-20970 13542
889 25318
-24050 6643
-6979 24563
-24832 -1280
-13847 21248
-23296 -8704
-19646 15872
-19543 -15328
-23312 9504
-14044 -20226
-25310 2046
-7424 -24064
-24539 -5888
0 -25088
-21672 -13056
7800 -23457
-16767 -19105
14542 -20276
-10376 -22836
19712 -14848
-2943 -25088
23296 -8448
4901 -24832
24642 -700
12175 -22204
23701 6798
18412 -17522
20480 13568
22782 -11264
15616 19200
24975 -3840
8866 23139
24888 3939
1670 24779
22738 11467
-6144 24064
18060 17664
-13312 21248
11849 22272
-18862 16162
4617 24866
-22779 9974
-3120 25078
-24832 2304
-10548 23040
-24320 -5120
-17115 18688
-21705 -12319
-21876 13025
-16783 -18046
-24809 5506
-10752 -22528
-25171 -2304
-3328 -24832
-23468 -9728
4287 -24390
-19409 -16198
11465 -22177
-13704 -21409
17408 -17664
-6547 -24576
22016 -11776
1234 -25600
24343 -4287
8731 -23999
24778 3161
15597 -20135
22272 10496
20728 -14592
17920 16640
24127 -7424
12407 21624
25134 376
4962 24292
23942 7908
-2304 24576
20449 14592
-9728 22784
15015 20224
-16260 18891
8138 24011
-21232 13264
557 25296
-24064 6144
-7080 24320
-24576 -1536
-14244 20992
-23225 -8726
-19841 16106
-19337 -15162
-23770 9158
-13824 -20736
-25123 1536
-6912 -24064
-24636 -6144
750 -24779
-21444 -13259
8402 -23365
-16615 -19269
14848 -19968
-9982 -23552
20224 -14848
-2576 -25344
23435 -7696
5046 -24848
25065 -305
12479 -22065
23552 7168
18465 -17408
20480 13824
22838 -11008
15457 19701
24955 -3339
8761 23289
24851 4345
1280 24576
22481 11520
-6400 23808
17821 17664
-13142 21178
11616 22714
-18814 16087
4208 25047
-23040 9472
-3479 25088
-24576 2304
-10911 22784
-24049 -5592
-17192 18472
-21450 -12363
-22125 12469
-16640 -18688
-24622 5120
-10240 -22528
-25108 -2304
-2835 -24587
-23155 -9995
4730 -24363
-19238 -16427
11776 -22016
-13145 -21760
17664 -17664
-6070 -24576
22194 -11199
1506 -25535
24339 -4240
9072 -23696
24064 3584
15730 -19968
22016 10496
21167 -14336
17790 17102
24244 -6962
11923 21562
25353 570
4608 24064
23842 8192
-2816 24576
20352 14848
-9976 22943
14821 20639
-16401 18866
8099 23986
-21504 12800
399 25088
-24320 5632
-7280 24320
-24785 -2045
-14327 20739
-22810 -9201
-20055 15375
-19200 -15872
-23704 8960
-13824 -20736
-25210 1280
-6632 -23824
-24538 -6160
930 -24699
-21330 -13691
8192 -23552
-16412 -19456
14848 -19968
-9810 -23552
20463 -14091
-2298 -25099
23744 -7614
5606 -24766
24576 0
12691 -22016
23296 7168
18757 -17152
20216 14448
22969 -10640
14866 19924
25039 -3116
8192 23296
24834 4352
768 24832
22225 11776
-6534 23895
17633 18007
-13337 20767
11328 22559
-19200 15616
3950 24832
-23040 9216
-3670 24832
-24781 1550
-11156 22798
-24221 -5870
-17565 18194
-21504 -12800
-22154 12288
-16640 -18688
-24730 4864
-10163 -22546
-25059 -2578
-2653 -24680
-23208 -10344
4864 -24320
-18871 -16896
12032 -22016
-13122 -21760
18109 -16899
-5883 -24579
22333 -10763
1724 -25355
24320 -3840
9423 -23808
24320 3584
15985 -19712
22165 11148
21072 -13940
17804 17342
24390 -6722
11520 21760
25282 768
4352 24064
23946 8448
-2925 24652
20164 15180
-10066 22631
14634 20839
-16640 18176
7710 24064
-21504 12288
50 25088
-24099 5394
-7587 24082
-24591 -1889
-14634 20895
-23040 -9728
-20224 15360
-19200 -16128
-23851 8448
-13229 -20885
-25378 875
-6326 -23896
-24380 -6488
1024 -24832
-21144 -13824
8704 -23296
-16139 -19712
15185 -19564
-9424 -23660
20470 -14085
-1807 -25349
23808 -7424
5703 -24832
24576 256
13030 -22016
23779 7716
18810 -17116
20154 14478
23203 -10354
14848 19712
25049 -3072
7936 23296
24702 4608
633 24584
22174 12040
-6817 23728
17353 18352
-13824 20480
10999 22528
-19456 15616
3708 24832
-23206 9022
-4025 24894
-24818 1583
-11412 22575
-24064 -6144
-17733 18176
-21248 -13056
-22346 11776
-16187 -18912
-24845 4640
-9583 -22670
-25054 -2958
-2560 -24832
-23034 -10752
5120 -24320
-18748 -17152
12519 -21713
-12823 -21969
18423 -16942
-5667 -24622
22528 -10752
1995 -25344
24320 -3584
9517 -23552
24398 4227
16214 -19325
22204 11350
21254 -13738
17408 17408
24364 -6656
11264 22016
25202 1024
4318 24453
23676 8581
-3158 24328
19822 15368
-10752 22272
14257 20736
-16896 18432
7286 24064
-21688 12284
-297 25340
-24067 5126
-7943 23814
-24576 -2560
-14830 20480
-22784 -9984
-20411 15104
-18730 -16286
-23944 8290
-12845 -21194
-25353 566
-6144 -24320
-24248 -7168
1536 -24832
-20993 -14080
9092 -23143
-15855 -19815
15493 -19284
-9150 -23380
20480 -13824
-1543 -25600
23552 -7168
6078 -24576
24796 538
13122 -21734
23507 8167
19192 -16665
19712 14848
23188 -10240
14336 20224
25141 -2560
7839 23724
24693 5292
265 24964
22127 12420
-7424 23808
17035 18432
-14080 20480
10822 22784
-19440 15132
3386 24860
-23185 8743
-4281 24871
-24832 1024
-11782 22528
-24064 -6400
-18009 17920
-20975 -13456
-22543 11888
-15954 -19001
-24823 4295
-9728 -23040
-24964 -3328
-2304 -25088
-22882 -11008
5285 -24171
-18659 -17003
12556 -21521
-12496 -22033
18432 -16896
-5320 -25088
22528 -10752
2456 -25344
24435 -3209
10038 -23433
24409 4723
16484 -19341
21504 11776
21517 -13568
17152 17408
24606 -6400
11516 22128
25082 1392
4087 24516
23559 9156
-3840 24320
19741 15616
-11008 22272
14013 20992
-16941 18072
7044 24472
-21850 12106
-778 25162
-24576 4864
-8310 24064
-24832 -2816
-15078 20224
-22555 -10136
-20480 14952
-18588 -16636
-24168 7684
-12800 -21504
-25294 256
-5888 -24320
-24270 -7424
1955 -24780
-21013 -14284
9341 -22821
-15817 -19749
15616 -19456
-8954 -23808
20480 -13824
-1461 -25344
24061 -6853
6271 -24517
24718 897
13476 -21631
23040 8448
19297 -16640
19456 15104
23288 -9984
14248 20276
25030 -2252
7558 23703
24611 5527
-256 24832
21846 12544
-7424 23552
16768 18688
-14387 20331
10471 22891
-19714 15289
2932 25017
-23552 8192
-4698 24832
-24832 768
-12024 22272
-24047 -6481
-18231 17839
-20970 -13353
-22688 11735
-15872 -19456
-25064 4096
-9472 -23040
-25070 -3840
-1921 -24585
-22832 -11017
5801 -23919
-18388 -17519
12544 -21504
-12292 -22272
18432 -16640
-5055 -24832
22567 -10209
2663 -25313
24403 -2613
10188 -23093
24064 4608
16698 -19200
21504 11776
21750 -13312
17074 17995
24346 -6069
10833 22366
25143 1630
3584 24320
23479 9216
-4096 24320
19558 15872
-11220 22104
13718 21336
-17340 17857
6806 24513
-22016 11520
-919 25088
-24576 4608
-8601 23808
-24775 -2978
-15344 20318
-22598 -10313
-20762 14775
-18688 -16896
-24219 7680
-12544 -21504
-25226 -256
-5507 -24091
-24163 -7451
2164 -24647
-20774 -14663
9472 -23040
-15459 -20224
15872 -19200
-8636 -24064
20909 -13345
-968 -25121
23961 -6497
6604 -24417
24576 1024
13656 -21248
23040 8448
19539 -16384
19297 15174
23419 -9658
14312 20669
25082 -1859
6912 23552
24559 5632
-256 24832
21800 12800
-7929 23691
16544 18827
-14544 20272
10306 23088
-19968 14848
2750 24832
-23552 7936
-4948 24576
-24590 582
-12243 22086
-23749 -6888
-18394 17432
-20736 -14080
-22877 11008
-15616 -19456
-25100 3584
-8758 -23214
-24987 -3758
-1765 -24639
-22597 -11327
5888 -24064
-18165 -17664
12800 -21248
-11885 -22528
18876 -16177
-4723 -24625
22771 -9816
3010 -24920
24576 -2560
10611 -23040
24064 5120
16940 -18944
21503 12209
21814 -12879
17081 18394
24659 -5414
10496 22272
25103 2048
3328 24576
23422 9472
-4301 24363
19223 16171
-11366 22036
13654 21268
-17664 17664
6469 24576
-22016 11264
-1312 25088
-24534 4130
-8850 23586
-24448 -3369
-15652 20183
-22528 -10752
-20840 14336
-18432 -16896
-24239 7168
-12247 -21637
-25180 -133
-4959 -24107
-23976 -7723
2304 -24832
-20655 -15104
9728 -23040
-15093 -20480
16325 -19026
-8277 -23890
21144 -13003
-697 -25291
23808 -6144
7022 -24576
24832 1280
14138 -21504
22881 8943
19720 -15889
19336 15533
23610 -9043
13824 20480
25080 -1792
6912 23808
24488 6144
-675 24775
21444 13255
-7885 23534
16419 19438
-14848 19968
9903 23296
-20224 14336
2427 25088
-23643 8025
-5297 24665
-24597 407
-12482 22167
-24064 -7168
-18591 17152
-20736 -14080
-22825 10752
-15530 -19545
-24970 3495
-8738 -23092
-24796 -4404
-1536 -24832
-22270 -11776
6144 -24064
-17836 -17920
13498 -21017
-11528 -22297
18818 -16033
-4198 -24993
22784 -9728
3366 -25344
24576 -2304
10791 -23296
24210 5437
17213 -18883
21351 12472
21922 -12616
16640 18432
24635 -5632
10240 22528
25068 2304
3246 24471
23208 9879
-4491 24397
19127 16461
-11776 21760
13278 21248
-17920 17152
6152 24320
-22254 11011
-1612 25091
-24475 4310
-9046 23766
-24576 -3840
-15773 19712
-22272 -11008
-20923 14080
-17927 -17077
-24374 6987
-12206 -21677
-25205 -685
-4864 -24576
-24052 -8448
2560 -24832
-20295 -15104
10192 -22766
-14860 -20718
16492 -18933
-7966 -24053
20992 -13056
-405 -25344
24064 -6144
7264 -24576
24763 1842
14315 -20942
22977 9042
19891 -15790
18944 15616
23694 -8960
13568 20736
25085 -1536
6638 23824
24393 6160
-994 24883
21313 13619
-8448 23296
16275 18944
-15104 19712
9674 23296
-20353 14450
2207 24946
-23684 7523
-5654 24675
-25088 -256
-12833 21760
-23808 -7424
-18988 16896
-20385 -14129
-23032 10703
-14920 -19878
-25092 3162
-8448 -23552
-24896 -4864
-1280 -24832
-22422 -12032
6415 -23855
-17798 -18223
13424 -20881
-11465 -22929
19200 -15872
-4219 -25088
22784 -9472
3640 -25088
24783 -1870
11108 -22862
24313 5860
17422 -18460
20992 12544
22170 -12544
16384 18688
24683 -5120
10212 22630
25105 2662
2714 24596
23145 10004
-4864 24320
18998 16640
-12032 21760
12991 21760
-18082 17173
5891 24341
-22237 10844
-1884 25180
-24576 3584
-9365 23296
-24576 -4096
-16032 19456
-22067 -11179
-21252 13909
-17874 -17542
-24475 6778
-11776 -22016
-25265 -768
-4864 -24576
-23762 -8704
2872 -24690
-20240 -15218
10477 -22566
-14505 -20518
16640 -18432
-7587 -24320
21248 -12544
-44 -25344
24115 -5564
7488 -24252
24659 2062
14576 -20978
22784 9472
20125 -15616
18944 15872
23690 -8704
13487 20781
25248 -979
6601 23852
24183 6700
-1280 24576
21159 13568
-8704 23296
15977 19456
-15263 19711
9328 23551
-20398 14275
1783 25283
-23808 7168
-5787 24576
-24832 -512
-13000 21760
-23771 -7802
-19058 17030
-20440 -14386
-23244 10446
-15104 -19968
-25073 2816
-8192 -23552
-24761 -4864
-736 -24621
-22232 -12077
6663 -23671
-17432 -18295
13568 -20736
-11124 -23040
19200 -15616
-3749 -25088
23080 -9162
3866 -25034
24821 -1741
11321 -22733
23808 5888
17677 -18432
20992 12800
22286 -12288
16176 18843
24873 -4709
9929 22691
24979 2979
2304 24576
22963 10240
-5120 24064
18636 16896
-12313 21629
12689 21885
-18124 16945
5502 24625
-22528 10496
-2233 25088
-24576 3328
-9711 23552
-24373 -4165
-16306 19643
-22241 -11369
-21444 13719
-17664 -17664
-24550 6400
-11520 -22272
-25203 -1280
-4501 -24378
-23723 -8506
3327 -24733
-19983 -15517
10496 -22528
-14388 -20992
16896 -18432
-7387 -24320
21733 -12485
271 -25285
24199 -5256
7872 -24200
24576 2304
14796 -20736
22528 9472
20315 -15360
18722 16171
23967 -8405
13088 21168
25218 -592
5888 23808
24336 6912
-1536 24576
21189 13824
-8742 23058
15771 19730
-15545 19400
9169 23752
-20736 13824
1662 25088
-23808 6912
-6057 24320
-24586 -668
-13312 21604
-23379 -8166
-19227 16410
-19968 -14848
-23205 9728
-14848 -20224
-25067 2304
-7799 -23716
-24661 -5284
-484 -24823
-22036 -12535
7168 -24064
-17339 -18688
13824 -20736
-10894 -23040
19470 -15133
-3389 -24861
23135 -8848
4288 -24976
24832 -1280
11661 -22784
23808 6144
17895 -17920
20842 13094
22485 -11738
16014 18880
24866 -4160
9472 22784
25074 3072
2048 24576
22827 10752
-5390 24117
18493 16949
-12664 21656
12401 22168
-18432 16640
5185 24576
-22784 10240
-2568 25088
-24688 3110
-9900 23334
-24399 -4591
-16569 19217
-22016 -12032
-21606 13312
-17408 -17920
-24634 6144
-10987 -22062
-25191 -1326
-4085 -24640
-23720 -9024
3584 -24576
-19661 -15872
10752 -22528
-14105 -21248
17246 -18066
-7103 -24466
21739 -12029
675 -25341
24320 -4864
8254 -24320
24320 2560
15236 -20736
22714 10050
20641 -15038
18674 16390
23988 -8186
12544 21248
25287 -512
5632 23808
24192 7168
-1863 24552
20843 14312
-8707 23097
15419 19769
-15872 19200
8867 23552
-20736 13568
1148 25344
-23983 6415
-6355 24335
-24640 -744
-13614 21272
-23552 -8448
-19366 16384
-19968 -15360
-23396 9728
-14470 -20274
-25144 2254
-7619 -23683
-24653 -5507
-256 -24832
-21862 -12800
7424 -23808
-16984 -18944
14178 -20461
-10670 -23021
19690 -15020
-3166 -25260
23296 -8448
4511 -25088
24576 -1024
11951 -22528
23872 6430
18098 -17890
20594 13472
22597 -11360
15616 18944
24873 -4096
9216 22784
24932 3584
1979 24635
22806 11067
-5497 24251
18196 17595
-12800 21248
12146 22016
-18688 16640
4962 24576
-22601 10067
-2814 24915
-24601 2884
-10333 23108
-24576 -4864
-16849 18944
-21760 -12032
-21843 13056
-17226 -18030
-24650 6034
-10878 -22401
-25198 -1665
-3840 -24576
-23513 -9472
3840 -24576
-19413 -16128
11250 -22106
-13847 -21082
17203 -17926
-6631 -24326
21760 -11776
865 -25344
24320 -4864
8531 -24064
24702 2844
15387 -20196
22312 10411
20716 -14677
18176 16640
24184 -7680
12288 21248
25177 -256
5621 24237
24098 7853
-2028 24802
20436 14562
-9472 22784
15236 20224
-16128 18944
8391 23552
-21192 13396
826 25172
-23829 6576
-6804 24496
-25088 -1280
-13805 21248
-23552 -8704
-19801 16128
-19912 -15233
-23527 9599
-14287 -20482
-25255 2046
-7424 -23808
-24750 -5888
256 -24832
-21633 -13056
7805 -23440
-16791 -19088
14388 -20078
-10194 -23150
19712 -14848
-2916 -25344
23296 -8192
4813 -25088
25025 -728
12074 -22488
23730 6801
18278 -17775
20480 13824
22745 -11264
15360 19200
24908 -3840
9066 23189
25010 3989
1708 24674
22598 11362
-6144 23808
17987 17408
-13056 21248
11920 22272
-18691 16287
4694 24991
-22641 10237
-3014 25341
-24832 2304
-10477 23040
-24320 -5120
-17060 18688
-21599 -12097
-21836 12991
-17136 -17944
-24759 5864
-10752 -22528
-25105 -2304
-3328 -24832
-23368 -9728
4197 -24404
-19383 -16468
11307 -21939
-13620 -21427
17408 -17664
-6520 -24576
21760 -11776
1304 -25344
24388 -4121
8685 -23577
24646 3506
15504 -20046
22272 10496
20710 -14592
17920 16896
24163 -7424
12358 21710
25187 462
5326 24506
24062 7866
-2560 24576
20370 14592
-9728 22784
15034 20224
-16327 18732
8260 23852
-21199 13141
584 25173
-24064 5888
-7149 24064
-24832 -1536
-14133 20992
-23230 -8710
-19734 15866
-19303 -15570
-23714 9006
-14080 -20736
-25186 1280
-6912 -23808
-24607 -6400
765 -24589
-21515 -13069
8116 -23319
-16473 -19223
14592 -19968
-9953 -23296
19968 -14592
-2447 -25344
23405 -7688
5214 -24840
24707 -408
12485 -22168
23552 7168
18400 -17408
20224 14080
22808 -11008
15267 19545
24898 -3495
8665 23132
24888 4188
1024 24576
22404 11520
-6400 24064
17807 17664
-13280 21058
11491 22594
-19152 16066
4177 25026
-23040 9472
-3374 24832
-24832 2048
-11020 22784
-24270 -5252
-17244 18556
-21414 -12498
-22200 12334
-16896 -18688
-24705 5120
-10496 -22528
-25184 -2560
-3090 -24748
-23283 -9900
4593 -24281
-19245 -16857
11520 -22016
-13386 -21760
17664 -17664
-6029 -24576
22194 -11084
1361 -25164
24527 -4001
9035 -23713
24320 3584
15740 -19968
22016 10752
21052 -14080
18102 17067
24210 -6997
11812 21679
25228 687
4608 24064
23854 7936
-2816 24576
20379 14848
-9738 22614
14836 20566
-16622 18890
7963 24266
-21504 12544
338 25088
-24320 5632
-7266 24064
-24612 -1931
-14344 20853
-23284 -8969
-20043 15863
-19456 -16128
-23761 8704
-13568 -20992
-25245 1024
-6715 -24027
-24518 -6363
545 -24726
-21306 -13718
8192 -23552
-16320 -19456
15104 -19968
-9669 -23552
20124 -14465
-2289 -25217
23609 -7513
5519 -24665
24832 -256
12621 -22016
23552 7168
18846 -17152
20086 14589
22910 -10755
15014 19858
25107 -3182
8192 23296
24778 4352
768 24576
22303 11776
-6652 23988
17629 18100
-13559 20819
11365 22867
-19456 15616
4062 24832
-23040 9216
-3754 24832
-24732 1766
-11120 23014
-24221 -5519
-17556 18545
-21504 -12800
-22126 12288
-16640 -18688
-24975 4864
-10179 -22757
-25096 -2789
-2757 -24827
-23206 -10235
4864 -24576
-19019 -16896
12032 -22016
-13141 -22016
18008 -17163
-5877 -24587
22435 -11004
1696 -25340
24320 -3840
9283 -23808
24320 3840
16022 -19712
22197 11022
21133 -14066
17785 17274
24333 -6790
11520 21760
25211 768
4608 24320
23940 8448
-2919 24679
20128 15207
-10218 22537
14502 20745
-16896 18432
7564 24064
-21504 12544
-18 25344
-24186 5569
-7739 24513
-24799 -1990
-14646 20794
-23040 -9728
-20173 15360
-19200 -16128
-23801 8704
-13115 -21090
-25345 1182
-6473 -24015
-24509 -6607
1024 -25088
-21229 -13824
8448 -23296
-16282 -19712
15317 -19493
-9436 -23333
20435 -13936
-1945 -25200
23552 -7424
5702 -24832
24576 256
13041 -22016
23445 7894
18934 -16682
20070 14654
23181 -10434
14592 19968
25127 -2816
7936 23296
24819 4864
602 24997
22127 12197
-6888 23575
17414 18455
-13824 20736
11170 22784
-19456 15360
3781 24832
-23186 9006
-3968 24878
-24761 1449
-11452 22953
-24064 -6144
-17636 18176
-21248 -13056
-22357 12032
-16193 -18917
-24819 4635
-9516 -22725
-25108 -3013
-2560 -24832
-22995 -10496
5120 -24320
-18786 -17152
12532 -21736
-12709 -21992
18402 -16979
-5542 -24659
22272 -10752
2129 -25344
24320 -3584
9628 -23552
24472 4148
16380 -19660
21878 11310
21399 -13778
17408 17408
24472 -6656
11520 21760
25243 1024
4295 24454
23715 8582
-3150 24338
19945 15378
-10752 22272
14362 20736
-16896 17920
7356 24320
-21538 12266
-287 25322
-24067 5148
-7966 23836
-24576 -2560
-14841 20480
-23040 -9984
-20339 14848
-19099 -16211
-23957 8365
-13115 -21073
-25257 687
-6144 -24320
-24308 -6912
1280 -24832
-21092 -14080
8714 -23266
-15863 -19938
15417 -19649
-9175 -23745
20480 -14080
-1650 -25344
23552 -7168
5971 -24576
24681 691
13174 -21581
23457 7968
19063 -16608
19712 14592
23118 -10240
14336 19968
25178 -2816
7481 23385
24702 5209
485 24612
22122 12324
-7424 23552
17123 18176
-14080 20480
10792 22784
-19625 15400
3503 24872
-23128 8886
-4303 25014
-24832 1024
-11580 22272
-24064 -6400
-17894 17664
-20920 -13172
-22413 11660
-16114 -18966
-24930 4586
-9728 -23040
-24961 -3584
-2304 -24832
-22827 -11008
5570 -24172
-18536 -17260
12953 -21524
-12568 -22036
18432 -16640
-5308 -24832
22528 -10496
2339 -25344
24583 -3050
9837 -23530
24417 4388
16602 -19420
21760 11520
21458 -13568
17408 17664
24453 -6400
11076 22099
25070 1619
3895 24279
23645 9175
-3584 24320
19767 15616
-10752 22272
14030 20992
-16958 17946
7136 24346
-21700 12007
-623 25319
-24320 4864
-8128 23808
-24832 -2816
-15188 20224
-22599 -10159
-20537 14929
-18445 -16393
-24039 8183
-13056 -21504
-25251 256
-5888 -24320
-24191 -7424
1537 -24998
-20771 -14246
9079 -23156
-15621 -20084
15616 -19456
-8753 -23808
20736 -13824
-1337 -25600
23715 -6719
6513 -24383
24748 938
13462 -21590
23296 8192
19284 -16640
19456 14848
23330 -9984
14450 20241
25131 -2287
7512 23686
24761 5510
-256 24576
21898 12544
-7424 23552
16920 18688
-14139 20245
10640 23061
-19935 15052
3068 25292
-23296 8192
-4629 24832
-24832 768
-12047 22528
-23637 -6636
-18198 17940
-20876 -13392
-22690 11440
-15872 -19200
-24980 4096
-9472 -23040
-24980 -3840
-1718 -24694
-22737 -10870
5878 -24184
-18317 -17528
12800 -21504
-12196 -22272
18432 -16640
-4991 -25088
22639 -10001
2653 -25105
24684 -3026
10180 -23250
24320 4864
16744 -19200
21760 11776
21604 -13312
17159 18106
24469 -5958
11117 22483
25152 1747
3584 24320
23461 9216
-4096 24320
19461 15872
-11207 22422
13828 21142
-17206 17752
6850 24408
-22016 11776
-940 25088
-24576 4608
-8486 23552
-24498 -2912
-15418 20128
-22347 -10380
-20873 14708
-18432 -16640
-24334 7680
-12544 -21504
-25188 0
-5600 -24069
-24183 -7429
2234 -24758
-20719 -14774
9472 -23040
-15443 -20480
15872 -19200
-8473 -24320
21012 -13087
-1002 -25375
24014 -6582
6679 -24758
24832 1024
13746 -21504
23040 8448
19607 -16384
19608 15208
23407 -9368
14288 20486
25242 -2042
7168 23552
24641 5632
-256 24832
21724 12800
-7738 23751
16720 19143
-14434 20263
10158 23335
-19968 14848
2709 25088
-23552 8192
-4987 24832
-24787 589
-12220 22349
-23835 -6844
-18441 17732
-20736 -14080
-22836 11264
-15616 -19456
-24947 3840
-9175 -23477
-24897 -4021
-1312 -24729
-22581 -11161
5888 -24064
-18196 -17664
13056 -21248
-11894 -22528
18901 -16141
-4629 -24589
22730 -9934
3002 -25294
24576 -2560
10531 -23040
24064 4864
17013 -18944
21455 12163
21804 -12669
16748 17936
24634 -5616
10496 22272
25357 2048
3072 24576
23415 9472
-4197 24120
19323 16184
-11350 22148
13521 21636
-17664 17408
6301 24320
-22016 11264
-1322 25344
-24370 4097
-8855 23553
-24624 -3558
-15639 20250
-22528 -10752
-20930 14336
-18432 -17152
-24271 7424
-12169 -21758
-25210 -254
-5280 -24187
-23978 -7803
2304 -24832
-20586 -14848
9728 -23040
-15207 -20480
16312 -19164
-8277 -24028
21170 -13205
-770 -25493
23808 -6400
6964 -24576
24576 1280
13964 -21504
22937 8908
19773 -15924
19427 15461
23573 -9371
13824 20480
25061 -1792
6912 23808
24413 5888
-600 24990
21408 13214
-7825 23466
16369 19370
-14848 19968
9994 23296
-20224 14336
2389 25088
-23635 8117
-5289 24757
-24664 256
-12600 22016
-23808 -7168
-18695 17152
-20480 -14080
-23016 10752
-15245 -19478
-25033 3562
-8835 -23106
-24953 -4162
-1280 -25088
-22535 -11776
6144 -24064
-18016 -17920
13092 -21105
-11753 -22385
18960 -16187
-4456 -24891
22784 -9728
3353 -25344
24576 -2304
10815 -23040
24306 5231
17183 -18577
21079 12391
22102 -12697
16640 18432
24561 -5376
10240 22272
25086 2304
2964 24697
23254 9849
-4596 24147
19071 16467
-12032 21760
13272 21504
-17920 17152
6020 24320
-22262 11069
-1616 25149
-24503 3991
-9180 23703
-24576 -3840
-15864 19712
-22528 -11008
-21122 14080
-17981 -17201
-24357 7119
-12094 -21918
-25328 -670
-4864 -24576
-23944 -8192
2560 -24832
-20332 -15360
10006 -22721
-14918 -20417
16550 -18675
-8086 -24307
21248 -13056
-504 -25344
24064 -6144
7218 -24576
24751 1983
14280 -20801
22916 9198
19836 -15634
18944 15616
23656 -8960
13568 20480
25105 -1536
6789 23877
24365 6213
-898 24740
21256 13732
-8448 23296
16197 19200
-15104 19712
9601 23296
-20124 14214
2127 25222
-23779 7477
-5639 24629
-24832 -256
-12804 22016
-23808 -7424
-18817 17152
-20454 -14478
-22991 10610
-14942 -19717
-25011 3323
-8448 -23552
-24912 -4608
-1024 -24832
-22296 -12032
6466 -24018
-17595 -18130
13548 -20931
-11379 -22723
19200 -15872
-4026 -25088
22784 -9472
3590 -25344
24780 -1906
11102 -22898
24135 5712
17448 -18608
21248 12544
22205 -12288
16384 18688
24645 -5120
10109 22648
25148 2680
2891 24751
23104 10415
-4864 24320
18827 16640
-12032 21760
12959 21760
-18046 16986
5830 24410
-22268 10900
-1983 25236
-24576 3584
-9394 23296
-24320 -4096
-16082 19712
-22200 -11012
-21426 14076
-17872 -17595
-24455 6725
-11776 -22016
-25292 -768
-4608 -24576
-23773 -8448
3178 -24715
-20325 -15243
10425 -22578
-14674 -20530
16640 -18688
-7775 -24320
21248 -12800
-47 -25344
24108 -5505
7411 -24193
24632 1834
14553 -20950
22784 9472
20092 -15616
18688 15872
23881 -8704
13428 20752
25204 -752
6448 23921
24441 6769
-1280 24576
21229 13568
-8704 23296
16076 19456
-15163 19604
9448 23700
-20225 14224
1921 25232
-23808 7168
-5760 24576
-24832 -256
-12940 21504
-23603 -7771
-18950 16805
-20005 -14446
-23121 10386
-14848 -19968
-25136 2560
-8192 -23552
-24922 -5120
-759 -24639
-22259 -12095
6872 -23917
-17433 -18285
13824 -20736
-11118 -23040
19456 -15872
-3710 -25344
23142 -8713
3893 -24841
24982 -1570
11445 -22562
23808 5888
17565 -18432
20992 12800
22158 -12032
16280 18759
24690 -4537
9765 22770
25023 3058
2304 24576
22897 10496
-5120 24064
18693 16640
-12167 21665
12710 22177
-17931 16968
5484 24648
-22528 10496
-2127 25088
-24576 3328
-9727 23552
-24559 -4308
-16294 19500
-21954 -11327
-21398 13761
-17664 -17920
-24298 6400
-11520 -22272
-25160 -1280
-4206 -24361
-23604 -8745
3326 -24455
-19886 -15495
10496 -22528
-14325 -20992
16896 -18432
-7261 -24320
21723 -12307
381 -25363
24350 -5219
8006 -24163
24576 2304
14804 -20992
22528 9728
20423 -15360
18877 16011
23881 -8309
13128 21129
25309 -631
6144 23808
24362 6912
-1536 24576
20922 13824
-8725 23248
15874 19920
-15360 19616
9060 23456
-20736 13568
1714 25088
-24064 6912
-6022 24576
-24590 -554
-13185 21718
-23493 -8052
-19121 16780
-19968 -14848
-23223 9984
-14592 -20480
-25167 2560
-7698 -23725
-24581 -5037
-315 -24984
-22002 -12440
6912 -24064
-17261 -18432
13824 -20736
-10697 -22784
19545 -15290
-3561 -25274
23216 -8927
4400 -25055
24576 -1536
11633 -22528
23808 6144
18043 -18176
20898 13290
22346 -11798
16069 18771
24948 -4525
9472 22784
25038 3328
2048 24576
23075 10496
-5371 23886
18617 17230
-12251 21675
12519 22187
-18432 16384
5292 24576
-22528 10240
-2519 25088
-24487 2826
-9928 23306
-24227 -4548
-16661 19260
-22016 -12032
-21547 13312
-17664 -17920
-24607 6144
-11193 -22438
-25142 -1446
-4034 -24405
-23522 -9045
3584 -24576
-19677 -15872
10752 -22528
-14022 -21248
17114 -18020
-7052 -24164
21669 -12161
555 -25217
24064 -5120
8251 -24064
24576 2560
15095 -20480
22470 10023
20513 -14809
18554 16276
24006 -8044
12544 21248
25221 -512
5632 24064
24224 7424
-1809 24671
20847 14175
-9054 22974
15668 20158
-15616 19200
8929 23808
-20736 13568
1235 25344
-23736 6574
-6465 24750
-24637 -884
-13435 21644
-23296 -8448
-19188 16384
-19712 -15104
-23339 9728
-14366 -20421
-25148 2107
-7576 -23718
-24645 -5542
0 -25088
-21902 -12800
7424 -23808
-17023 -18944
14393 -20305
-10616 -22865
19732 -15249
-3134 -25233
23296 -8704
4476 -25088
24832 -1024
11954 -22528
23835 6563
18074 -17757
20863 13501
22630 -11331
15616 19200
24871 -4352
9216 23040
25007 3584
1729 24740
22767 10916
-5575 24180
18194 17524
-12800 21248
12119 22272
-18688 16384
4932 24576
-22567 10159
-2801 25007
-24469 2990
-10345 23214
-24320 -4864
-16891 18944
-21760 -12032
-21750 13056
-16969 -18143
-24619 5921
-10521 -22404
-25234 -1668
-3584 -24576
-23536 -9472
4096 -24576
-19660 -16128
11066 -22266
-13770 -21242
17439 -17909
-6729 -24309
21760 -12032
814 -25600
24320 -4864
8470 -23808
24521 3302
15258 -20250
22509 10263
20759 -14825
18176 16640
23972 -7936
12544 21248
25270 -256
5594 24194
23953 7554
-2039 24697
20612 14713
-9472 22784
15123 20224
-15872 18944
8617 23808
-20957 13474
873 25250
-24043 6327
-6829 24503
-24832 -1280
-13850 21248
-23296 -8704
-19561 16128
-19297 -15347
-23465 9485
-13887 -20449
-25094 1823
-7168 -23808
-24698 -5888
0 -25088
-21706 -13056
7900 -23692
-16989 -18828
14721 -20062
-10353 -23134
19968 -15104
-2852 -25088
23296 -8192
4921 -24832
24727 -764
12194 -22268
23564 6911
18353 -17409
20480 13568
22666 -11264
15360 19200
24975 -3840
8936 23211
24856 4267
1563 24777
22678 11721
-5888 23808
18094 17664
-13056 20992
12011 22272
-18891 16288
4709 24992
-22605 9948
-3069 25308
-24832 2304
-10587 23040
-24320 -5376
-16965 18944
-21747 -12437
-21790 12907
-16886 -18395
-24664 5413
-10496 -22784
-25042 -2304
-3584 -24832
-23222 -9728
4308 -24402
-19245 -16210
11344 -22136
-13522 -21368
17408 -17920
-6420 -24576
21760 -11520
1133 -25344
24497 -4528
8743 -23984
24372 3122
15647 -20174
22272 10496
20801 -14848
18176 16640
24124 -7424
12215 21577
25166 329
5084 24236
24080 8108
-2560 24576
20450 14592
-9728 22784
15084 20480
-16279 18883
8280 24003
-21025 12812
686 25356
-24064 5888
-7056 24320
-24832 -1536
-14080 20992
-23126 -8812
-19684 16020
-19612 -15664
-23587 9424
-13824 -20736
-25079 1536
-7168 -24064
-24558 -6144
703 -25015
-21445 -13239
8076 -23390
-16632 -19038
14848 -20224
-10031 -23296
19968 -14848
-2435 -25344
23337 -8168
5136 -24808
24769 -294
12457 -22054
23552 6912
18605 -17408
20224 13824
22839 -11008
15140 19679
25033 -3361
8473 23188
24894 4244
1024 24576
22520 11520
-6400 23808
18043 17920
-13179 21193
11786 22729
-19162 15950
4454 24910
-23040 9216
-3292 25088
-24832 2048
-10866 23040
-24130 -5297
-17203 18511
-21388 -12667
-21956 12677
-16896 -18432
-24671 5376
-10496 -22784
-25056 -2560
-2940 -24801
-23096 -9953
4481 -24347
-19070 -16411
11520 -22016
-13323 -21504
17664 -17664
-6044 -24832
22220 -11021
1406 -25101
24267 -3875
8999 -23587
24320 3328
15712 -19968
22016 10752
20966 -14336
18083 16964
24145 -7100
11875 21589
25196 597
4608 24320
23918 7936
-2816 24576
20173 14848
-9927 22806
14747 20502
-16304 18753
7891 23873
-21248 12544
285 25344
-24064 5888
-7410 24320
-24826 -1716
-14335 21068
-22945 -9063
-20096 15769
-19456 -15872
-23666 8704
-13568 -20736
-25392 1024
-6876 -23885
-24537 -6221
1011 -24657
-21359 -13393
8192 -23552
-16243 -19200
14848 -19968
-9670 -23552
20240 -14430
-2320 -25182
23553 -7811
5627 -24707
24576 -256
12729 -22016
23552 7168
18827 -17152
20064 14247
23122 -10585
14907 19856
25053 -3184
8192 23296
24891 4352
768 24576
22327 11776
-6489 23813
17801 17925
-13335 20962
11492 22754
-19456 15616
4102 24832
-23040 9216
-3771 25088
-24585 1803
-11188 22795
-23956 -5827
-17452 18493
-21504 -12800
-22237 12288
-16640 -18688
-24727 4864
-10202 -22729
-25155 -2761
-2566 -24718
-23126 -10382
4864 -24576
-18998 -16896
12032 -21760
-12998 -21760
18227 -17377
-5897 -24545
22525 -10803
1809 -25139
24576 -4096
9313 -23552
24320 3840
16071 -19712
22139 11237
21139 -13851
17868 17232
24375 -6832
11520 21760
25249 1024
4352 24064
23789 8448
-2834 24749
20205 15277
-9999 22531
14573 20739
-16896 18176
7581 24064
-21504 12288
46 25344
-23977 5537
-7689 24225
-24507 -2130
-14654 20910
-23040 -9472
-20190 15360
-18944 -16128
-23902 8448
-13309 -21170
-25238 1102
-6153 -24229
-24318 -6821
1024 -24832
-21345 -14080
8704 -23552
-16003 -19712
15109 -19525
-9397 -23365
20520 -13857
-1798 -25377
23808 -7424
5757 -24832
24832 0
13099 -22016
23802 7932
18767 -16900
20154 14395
23139 -10437
14848 19968
24973 -3072
8192 23296
24860 4608
531 24747
22087 12203
-6690 23928
17459 18296
-13824 20736
11153 22784
-19456 15360
3728 24832
-23120 8948
-3958 25076
-24802 1783
-11387 22775
-23808 -6144
-17801 18176
-21248 -13056
-22398 12032
-16131 -18940
-24913 4612
-9710 -22871
-25104 -2903
-2560 -24832
-23107 -10496
4864 -24320
-18802 -17152
12396 -21696
-12914 -21952
18324 -16843
-5618 -24779
22272 -10752
2112 -25344
24576 -3584
9701 -23552
24561 4280
16261 -19528
22141 11380
21369 -13708
17408 17408
24285 -6656
11264 22016
25125 1024
4131 24445
23634 8829
-3218 24447
19928 15487
-10496 22272
14279 20992
-16896 18176
7376 24320
-21293 12518
-378 25318
-24315 5367
-8056 24311
-24576 -2560
-14916 20480
-23040 -9984
-20442 15104
-18813 -16196
-24025 8380
-13083 -21146
-25302 614
-6144 -24320
-24307 -7168
1280 -25088
-20997 -14080
9206 -23204
-15890 -19876
15496 -19483
-9122 -23579
20480 -13824
-1719 -25344
23808 -7168
6166 -24832
24825 529
13318 -21743
23548 8185
19173 -16391
19712 14592
23194 -10240
14336 20224
25085 -2560
7744 23372
24749 5196
345 24970
22042 12426
-7168 23808
17223 18432
-14080 20480
10912 22784
-19692 15263
3481 25247
-23141 8846
-4273 24974
-24832 1280
-11759 22528
-24064 -6400
-18017 17920
-21097 -13526
-22557 11818
-15896 -19036
-25042 4516
-9472 -23040
-25152 -3328
-2304 -24832
-22899 -10752
5521 -24221
-18637 -17053
12578 -21422
-12624 -21934
18432 -16896
-5265 -24832
22528 -10496
2296 -25344
24344 -3293
9997 -23517
24362 4450
16359 -19358
21504 11520
21576 -13568
17408 17664
24392 -6144
11139 21933
25239 1709
4153 24259
23576 9155
-3840 24320
19770 15616
-11008 22272
14006 21248
-16960 18159
7032 24559
-21776 12225
-623 25537
-24320 4864
-8203 24064
-24832 -2816
-15078 20480
-22779 -10035
-20525 15053
-18796 -16446
-24009 8386
-13056 -21504
-25318 256
-5888 -24320
-24161 -7424
2037 -24736
-20907 -14240
9293 -23253
-15618 -19925
15616 -19456
-8827 -23808
20736 -13824
-1308 -25344
24016 -6860
6232 -24524
24729 889
13463 -21383
23296 8192
19293 -16384
19456 14848
23340 -9984
14422 20065
25002 -2207
7632 23557
24667 5381
0 24576
21900 12544
-7424 23552
16954 18688
-14196 20380
10490 23196
-19700 15229
3089 25213
-23296 8192
-4610 24832
-24832 768
-11943 22528
-23988 -6647
-18173 17673
-20933 -13424
-22586 11664
-15872 -19456
-24916 4096
-9472 -23040
-25022 -3840
-1968 -24801
-22635 -10977
5597 -24154
-18332 -17498
12800 -21504
-12150 -22272
18432 -16640
-4924 -25088
22607 -10145
2686 -25249
24637 -2652
10278 -23132
24320 4864
16705 -19200
21760 11520
21684 -13056
16946 17937
24657 -6127
11176 22245
25224 2021
3584 24576
23567 9216
-3840 24320
19534 16128
-11030 22519
13967 21495
-17343 17736
6845 24392
-22016 11776
-875 25088
-24576 4352
-8430 23808
-24465 -2851
-15342 20189
-22726 -10069
-20646 14763
-18432 -16896
-23984 7680
-12544 -21760
-25227 0
-5604 -24161
-23995 -7521
2176 -24716
-20562 -14732
9472 -23040
-15385 -20224
15616 -19200
-8555 -23808
21104 -13240
-873 -25272
23813 -6418
6798 -24338
24576 1024
13753 -21504
23040 8448
19690 -16384
19559 15199
23505 -9377
14297 20639
25208 -1889
7168 23552
24811 5632
-256 24576
21842 12800
-7818 23486
16809 18878
-14446 20345
10223 23161
-19968 14592
2770 24832
-23552 7936
-4986 24576
-24817 709
-12225 22213
-23670 -6752
-18464 17568
-20736 -13824
-22744 11008
-15616 -19712
-25048 3584
-9193 -23077
-24919 -3877
-1645 -24901
-22676 -11333
5888 -24320
-18155 -17920
13056 -21248
-12126 -22528
18856 -16275
-4778 -24979
22742 -10197
3052 -25301
24576 -2816
10588 -23296
24320 4864
17072 -18944
21336 12220
21902 -12868
17057 18353
24805 -5455
10496 22272
25298 1792
3328 24320
23421 9728
-4352 24331
19399 16139
-11287 22067
13498 21299
-17664 17408
6526 24320
-22272 11264
-1263 25088
-24114 4445
-8944 23901
-24740 -3135
-15617 20161
-22784 -10752
-21025 14080
-18176 -16896
-24202 7424
-12208 -21508
-25202 -260
-5274 -24065
-24029 -7681
2304 -24832
-20512 -15104
9728 -23040
-15009 -20480
16180 -18770
-8165 -23890
21180 -12846
-615 -25134
23808 -6400
7072 -24576
24576 1280
14109 -21504
23063 8947
19826 -15885
19368 15444
23567 -9132
13568 20480
25102 -1792
6912 23552
24517 6144
-647 24616
21574 13096
-8017 23400
16486 19048
-14848 19712
9983 23296
-19968 14336
2556 25088
-23482 7696
-5263 24592
-24680 400
-12463 22160
-23808 -7168
-18533 17152
-20480 -14080
-22840 10752
-15182 -19550
-24945 3490
-8771 -23447
-24872 -4247
-1280 -24832
-22547 -11776
6144 -24064
-17868 -18176
13494 -20782
-11653 -22318
18957 -16021
-4419 -24981
22784 -9728
3267 -25344
24576 -2304
10723 -23040
24157 5573
17229 -18491
21499 12524
21995 -12564
16640 18176
24704 -5376
10240 22528
25183 2304
3005 24658
23305 9810
-4508 24409
19203 16473
-11520 21760
13386 21504
-17664 17408
6212 24320
-22145 11080
-1537 25160
-24122 3958
-9136 23670
-24576 -3840
-15676 19712
-22272 -11008
-21115 14080
-17960 -17245
-24234 7075
-11956 -21931
-25235 -683
-4864 -24320
-23866 -8192
2560 -24832
-20214 -15104
10236 -22971
-14801 -20411
16436 -18768
-7818 -24144
20992 -13056
-315 -25600
24064 -5888
7374 -24320
24697 1679
14410 -20849
22953 9212
20005 -15620
18944 15616
23691 -8960
13568 20736
25374 -1536
6744 23900
24600 6236
-691 24808
21421 13800
-8448 23296
16334 19200
-14848 19712
9860 23296
-20312 14464
2246 25216
-23510 7515
-5579 24923
-24832 -256
-12761 21760
-23808 -7424
-18783 17152
-20193 -14292
-22968 10540
-14852 -19765
-25142 3275
-8448 -23552
-24833 -4608
-1024 -25088
-22276 -11776
6821 -23847
-17758 -17959
13743 -20795
-11318 -22587
19200 -15872
-4147 -25088
23040 -9472
3727 -25088
24874 -2032
11012 -23024
24316 5734
17367 -18586
21248 12544
22090 -12288
16384 18432
24801 -5120
10490 22754
25082 2786
2674 24690
23096 10354
-4864 24320
18913 16640
-12032 21760
13129 21504
-17848 17240
5955 24408
-22132 11226
-1687 25306
-24576 3584
-9340 23552
-24576 -3840
-16047 19456
-22137 -11077
-21202 14011
-17679 -17189
-24316 6875
-11776 -22016
-25146 -1024
-4608 -24576
-23798 -8704
2924 -24399
-20066 -15183
10404 -22735
-14476 -20687
16640 -18688
-7505 -24320
21504 -12544
-80 -25600
24218 -5598
7583 -24286
24694 2290
14638 -20750
22784 9216
20198 -15616
18944 15872
23789 -8704
13320 21120
25236 -1152
6234 23840
24472 6688
-1280 24576
21170 13568
-8704 23296
16071 19456
-15160 19493
9373 23589
-20462 14029
1822 25293
-23808 7168
-5881 24576
-24832 -512
-13067 21504
-23484 -7810
-18997 17022
-20159 -14496
-23102 10336
-15104 -19968
-24979 2816
-8448 -23552
-24671 -4864
-654 -25020
-21957 -12220
6844 -23900
-17461 -18268
13568 -20736
-11013 -22784
19200 -15616
-3699 -25344
23234 -9047
4047 -24919
24786 -1663
11333 -22655
24064 5888
17719 -18432
20992 12800
22302 -12032
16296 18836
24782 -4716
9957 22981
25104 3269
2304 24576
23135 10240
-5120 24064
18775 16896
-12136 21941
12817 21941
-17969 16940
5512 24876
-22528 10496
-2259 25088
-24576 3328
-9718 23552
-24384 -4330
-16337 19478
-21936 -11471
-21363 13617
-17664 -17664
-24470 6400
-11520 -22272
-25313 -1280
-4331 -24631
-23694 -8759
3533 -24810
-19964 -15594
10496 -22528
-14441 -20992
16896 -18432
-7315 -24320
21638 -12355
308 -25155
24067 -5291
7983 -24235
24576 2304
14802 -20736
22528 9472
20399 -15360
18850 16139
23875 -8437
12852 21124
25263 -636
5888 23808
24189 6912
-1536 24576
20962 13824
-9062 23047
15777 19719
-15420 19513
9152 23609
-20736 13568
1559 25088
-23808 6912
-6194 24576
-24729 -638
-13319 21634
-23524 -8023
-19159 16809
-19968 -14848
-23270 9984
-14592 -20224
-24971 2304
-7790 -23529
-24697 -5353
-12 -24944
-22042 -12400
7168 -23808
-17253 -18688
14080 -20736
-10842 -23296
19649 -15508
-3414 -25236
23247 -8807
4260 -24935
24576 -1280
11639 -22784
23808 6144
17834 -18432
20972 13058
22413 -11774
15935 19157
24797 -4395
9472 22784
25016 3328
2048 24576
22865 10752
-5152 24158
18458 17246
-12103 21408
12404 22176
-18432 16640
5327 24576
-22528 10240
-2580 25088
-24504 3178
-9922 23402
-24147 -4389
-16569 19419
-22016 -11776
-21631 13312
-17408 -17920
-24594 6144
-11181 -22175
-25212 -1439
-3923 -24729
-23499 -8857
3584 -24576
-19794 -15872
10752 -22528
-13976 -20992
17291 -18111
-6940 -24511
21692 -12101
647 -25157
24320 -5120
8069 -24064
24320 2560
15053 -20480
22629 9912
20434 -14920
18614 16277
24015 -8043
12800 21248
25142 -512
5632 23808
24107 7168
-1611 24751
20943 14255
-9153 22833
15571 20017
-15616 19200
8860 23808
-20736 13312
1214 25088
-23999 6899
-6524 24819
-24408 -904
-13586 21624
-23552 -8448
-19556 16384
-19968 -15104
-23453 9728
-14358 -20425
-25275 2103
-7623 -23683
-24697 -5507
-256 -25088
-21935 -12800
7424 -23808
-17057 -18944
14585 -20468
-10720 -23028
19836 -15251
-3117 -25235
23296 -8448
4492 -25088
24576 -1280
11861 -22528
23679 6480
17953 -17840
20484 13434
22551 -11398
15616 18944
24921 -4096
8960 22784
24919 3584
1632 24623
22665 11055
-5824 24220
18264 17308
-12800 21248
12220 22016
-18688 16384
4931 24576
-22749 10227
-2731 25331
-24815 2960
-10333 23440
-24576 -5120
-16761 18944
-21760 -12032
-21709 13056
-17317 -17986
-24627 5822
-10862 -22326
-25268 -1846
-3840 -24576
-23464 -9472
3840 -24576
-19631 -16128
11067 -22089
-13845 -21065
17283 -17680
-6665 -24336
21760 -11776
827 -25344
24320 -4864
8448 -24064
24690 2904
15220 -20136
22753 10387
20852 -14701
18176 16640
24094 -7680
12288 21504
25363 0
5408 24129
24213 7489
-1825 24584
20709 14344
-9472 22784
15336 19968
-16128 18944
8585 23808
-21132 13320
991 25096
-23953 6220
-6808 24396
-24832 -1280
-13927 21248
-23296 -8704
-19578 16128
-19550 -15313
-23352 9519
-14100 -20560
-25206 1968
-7424 -23808
-24526 -5888
0 -24832
-21617 -13056
7882 -23696
-16764 -18832
14548 -20121
-10286 -23193
19712 -14848
-2812 -25088
23296 -8192
4847 -25088
24972 -526
12112 -22030
23750 6860
18261 -17460
20480 13568
22649 -11264
15360 19200
24991 -3840
8982 23056
24888 3856
1556 24676
22547 11364
-6144 23808
18024 17408
-13056 20992
11830 22272
-18657 15914
4588 24618
-22756 9974
-3124 25334
-24576 2304
-10550 22784
-24064 -5120
-17073 18688
-21600 -12430
-21869 12658
-17052 -18343
-24540 5465
-10752 -22528
-25012 -2304
-3328 -24832
-23345 -9984
4229 -24539
-19302 -16347
11426 -22182
-13605 -21414
17408 -17664
-6504 -24576
22016 -11776
1310 -25600
24411 -4284
8790 -23996
24807 3083
15643 -20213
22272 10240
20786 -14336
18176 16640
24206 -7424
12373 21409
25281 417
5233 24069
24108 7685
-2304 24576
20472 14592
-9728 22784
15032 20224
-16174 18895
8073 24015
-21049 13175
567 25207
-24064 5888
-7071 24064
-24832 -1536
-14082 20992
-23046 -8747
-19802 16085
-19223 -15604
-23640 8972
-13824 -20736
-25222 1536
-6912 -23808
-24447 -6144
722 -24953
-21563 -13177
8034 -23369
-16618 -19017
14848 -19968
-10093 -23296
19968 -14592
-2526 -25344
23494 -7818
5030 -24714
24665 -328
12526 -22088
23552 7168
18403 -17408
20224 13824
22832 -11008
15508 19600
24971 -3440
8770 23216
24854 4272
1024 24576
22516 11520
-6400 23808
17833 17664
-13149 21089
11663 22369
-18925 16033
4257 24993
-23040 9472
-3403 24832
-24576 2048
-10847 22784
-24251 -5254
-17180 18554
-21487 -12723
-21993 12621
-16896 -18432
-24732 5120
-10240 -22784
-25044 -2560
-3057 -24649
-23168 -10057
4564 -24400
-19169 -16464
11776 -22016
-13302 -21760
17664 -17664
-6106 -24576
22244 -11159
1455 -25239
24475 -4125
9233 -23581
24320 3584
15782 -19968
22272 10752
21141 -14336
18166 17003
24210 -7061
12133 21791
25241 543
4864 24320
23872 7936
-2816 24576
20321 14848
-9937 22630
14880 20582
-16138 18508
7885 24140
-21248 12544
408 25088
-24064 5888
-7479 24320
-24612 -1659
-14386 20869
-22807 -8983
-20100 15593
-19200 -15872
-23739 8704
-13568 -20992
-25276 1280
-6638 -23831
-24480 -6167
800 -24599
-21391 -13335
8448 -23552
-16303 -19456
15104 -19968
-9700 -23552
20477 -14492
-2199 -25244
23574 -7484
5589 -24636
24576 -256
12760 -22272
23552 7168
18731 -17152
20260 14304
22989 -10528
15005 19731
25165 -3309
8448 23296
24999 4608
768 24576
22452 11776
-6593 23992
17515 18360
-13469 20945
11412 22737
-19200 15616
4104 25088
-23296 9216
-3686 24832
-24586 1880
-11057 22872
-24172 -5772
-17463 18548
-21504 -12800
-22121 12288
-16640 -18688
-24716 4864
-10084 -22726
-25006 -2758
-2737 -24673
-23083 -10081
4864 -24320
-18951 -16896
11776 -22016
-13062 -21760
18148 -17096
-5846 -24776
22165 -11159
1783 -25239
24576 -3840
9312 -23552
24320 3584
16151 -19712
22106 11229
21254 -13859
17409 17385
24317 -6679
11520 21504
25146 768
4352 24320
23852 8448
-3207 24428
20166 15468
-10122 22675
14538 20883
-16640 18176
7760 24064
-21504 12288
59 25088
-23904 5617
-7633 24305
-24440 -1987
-14628 20797
-23040 -9728
-20224 15360
-19200 -16128
-23792 8448
-13536 -21116
-25195 1156
-6381 -23823
-24370 -6415
1024 -24832
-21050 -13824
8448 -23552
-16126 -19456
15256 -19682
-9407 -23522
20378 -14103
-1874 -25111
23552 -7424
5723 -24832
24576 0
13077 -22016
23455 8128
18964 -16960
19980 14353
23199 -10479
14592 19968
25143 -3072
7936 23296
24800 4864
517 24650
22241 12106
-7128 23884
17503 18252
-14080 20736
11316 22784
-19456 15360
3881 25088
-23250 8990
-3972 24862
-25072 1760
-11363 22752
-24064 -6144
-17666 17920
-21248 -13312
-22285 12032
-16337 -18562
-24896 4734
-9930 -22835
-25057 -2867
-2560 -24832
-22985 -10496
5120 -24320
-18768 -16896
12373 -21405
-12743 -21917
18050 -17073
-5452 -24753
22272 -10752
2157 -25088
24576 -3584
9644 -23552
24553 4272
16210 -19280
21930 11367
21418 -13465
17408 17408
24347 -6656
11264 21760
25200 1024
4280 24455
23686 9095
-3222 24787
19925 15571
-10496 22272
14338 20992
-16896 18176
7400 24320
-21748 12152
-162 25464
-24090 5163
-7940 24107
-24832 -2560
-14760 20480
-22784 -9984
-20382 15104
-18883 -16271
-23904 8305
-13140 -21051
-25232 965
-6400 -24320
-24112 -6912
1280 -24832
-21054 -14080
8921 -23095
-15940 -19511
15470 -19210
-9098 -23562
20480 -13824
-1685 -25344
23552 -7168
6199 -24576
24794 663
13283 -21353
23168 8177
19151 -16399
19712 14848
23308 -9984
14336 19968
25177 -2816
7694 23795
24829 5363
465 24576
22164 12288
-7168 23808
17199 18432
-14080 20480
10843 22784
-19479 15182
3511 25166
-23107 8935
-4284 25063
-24832 1024
-11467 22528
-24064 -6400
-17916 17920
-21065 -13353
-22493 11991
-15961 -19186
-24880 4366
-9728 -23040
-24976 -3328
-2304 -24832
-22835 -10752
5161 -24278
-18519 -17366
12407 -21354
-12441 -21866
18432 -16896
-5205 -24832
22272 -10496
2383 -25344
24594 -2970
9917 -23450
24469 4855
16481 -18953
21504 11520
21485 -13568
17152 17664
24443 -6144
11248 22240
25174 1760
4083 24388
23640 9028
-3840 24320
19748 15616
-11008 22272
14018 20992
-17076 17988
7102 24388
-21715 12202
-667 25258
-24320 4864
-8223 24064
-24832 -2816
-15162 20480
-22577 -10178
-20539 14910
-18560 -16625
-24000 7951
-13056 -21248
-25229 256
-5888 -24320
-24103 -7168
1836 -24612
-20891 -14116
9219 -23271
-15624 -19943
15616 -19456
-8871 -23808
20736 -13824
-1236 -25088
24059 -6625
6381 -24545
24662 887
13529 -21385
23296 8192
19321 -16384
19456 14848
23418 -9984
14452 20144
25117 -2128
7614 23623
24718 5447
0 24576
21879 12544
-7680 23552
17042 18688
-14113 20425
10456 23241
-19842 15249
3131 24977
-23552 8192
-4693 24832
-24832 1024
-12051 22272
-23961 -6464
-18193 17856
-20798 -13430
-22682 11402
-15872 -19456
-24989 4096
-9472 -23040
-25056 -3584
-1818 -24674
-22727 -11106
5852 -23839
-18528 -17183
12544 -21504
-12297 -22272
18432 -16640
-5143 -24832
22778 -10096
2795 -25200
24773 -3060
10302 -23284
24064 4864
16737 -19200
21504 11776
21689 -13056
16942 18158
24523 -5650
10793 22525
25113 2045
3328 24320
23348 9216
-4096 24320
19579 15872
-11035 22041
13830 21017
-17479 17807
6795 24463
-22016 11776
-951 25088
-24576 4608
-8574 23808
-24446 -2937
-15256 20359
-22560 -10399
-20830 14689
-18432 -16896
-24119 7680
-12544 -21504
-25300 0
-5425 -24166
-24141 -7526
1889 -24733
-20682 -14493
9216 -23040
-15450 -20224
15872 -19200
-8655 -23808
20865 -13109
-1106 -25397
23948 -6218
6576 -24394
24576 1280
13674 -21504
23040 8448
19458 -16128
19415 15217
23365 -9359
14134 20479
25311 -1793
7168 23552
24554 5632
-512 24576
21780 12800
-7871 23714
16674 18850
-14534 20289
10181 23105
-20224 14592
2799 25088
-23552 8192
-4825 24832
-24801 669
-12225 22173
-23607 -6829
-18381 17491
-20736 -13824
-22761 11264
-15616 -19456
-25023 3840
-8907 -23042
-25002 -3586
-1567 -24619
-22612 -11307
6144 -24064
-18081 -17664
13056 -21248
-11911 -22528
18697 -16303
-4643 -24751
22935 -9730
2978 -25090
24576 -2560
10517 -23296
24064 4864
17083 -18944
21652 12528
21715 -12816
17076 18091
24589 -5461
10496 22272
25029 2048
3328 24576
23397 9472
-4313 24326
19157 16134
-11491 22132
13313 21620
-17664 17408
6331 24320
-22272 11264
-1271 25088
-24535 4370
-8890 23826
-24528 -3230
-15530 20066
-22528 -10752
-20890 14592
-18176 -17152
-24273 7424
-12205 -21697
-25169 -193
-4952 -24246
-24120 -8118
2560 -24832
-20527 -14848
9728 -23040
-15239 -20480
16147 -18843
-8347 -23963
21089 -13008
-646 -25296
23808 -6400
6933 -24576
24832 1280
14085 -21248
23170 8931
19858 -15901
19209 15414
23535 -9162
13824 20736
25185 -1792
6912 23552
24578 6144
-607 24615
21613 13095
-7771 23616
16431 19264
-14848 19968
10084 23040
-20224 14336
2536 25088
-23415 7842
-5291 24738
-24659 218
-12471 22234
-23808 -7424
-18648 17152
-20736 -14080
-22879 10752
-15335 -19607
-25030 3689
-8905 -23532
-24891 -4332
-1280 -25088
-22443 -11520
6144 -24064
-17878 -17920
13189 -21251
-11489 -22275
19008 -16346
-4358 -25050
22784 -9728
3376 -25088
24576 -2304
10825 -23040
24076 5312
17267 -18496
21332 12389
21984 -12699
16384 18176
24780 -5376
10240 22272
25229 2304
2964 24630
23344 9782
-4509 24406
19228 16470
-12032 21760
13192 21504
-17920 17152
6089 24320
-22053 11026
-1497 25106
-24491 4056
-9151 23768
-24576 -3584
-15805 19712
-22528 -11008
-21000 14080
-18029 -17017
-24289 7303
-12261 -21553
-25230 -305
-4864 -24576
-23929 -8192
2560 -24576
-20310 -15360
10020 -22568
-14891 -20520
16482 -18641
-8019 -24017
21248 -13056
-342 -25344
24064 -5888
7262 -24320
24724 1631
14319 -20897
22973 9071
19934 -15761
19200 15616
23714 -8960
13312 20736
25142 -1536
6776 23863
24514 6199
-675 24916
21321 13396
-8448 23296
16303 19200
-14848 19712
9752 23296
-19979 14285
2152 25293
-23754 7616
-5590 24768
-24832 0
-12754 22016
-23808 -7424
-18810 17152
-20400 -14226
-22956 10606
-14938 -19886
-24989 3154
-8448 -23552
-24800 -4608
-1024 -24832
-22313 -12032
6455 -23847
-17650 -17959
13617 -20959
-11273 -22751
18944 -15872
-3979 -25088
22784 -9472
3648 -25088
24651 -2016
11153 -23008
24079 5726
17485 -18594
20992 12544
22271 -12288
16384 18688
24796 -5120
10031 22707
25166 2739
2591 24562
23094 10226
-4864 24320
18998 16640
-12032 21760
13022 21760
-18110 17036
5829 24460
-22229 10863
-1931 25455
-24576 3584
-9398 23296
-24576 -4096
-16082 19456
-22097 -10885
-21321 13947
-17766 -17308
-24374 6756
-11776 -22016
-25324 -1024
-4864 -24576
-23746 -8704
2987 -24705
-20136 -15233
10241 -22708
-14602 -20916
16640 -18432
-7748 -24064
21248 -12800
-8 -25600
24250 -5432
7566 -24120
24401 2206
14579 -20834
22784 9216
20122 -15616
18688 15872
23762 -8704
13539 20845
25185 -915
6251 24089
24308 6681
-1280 24576
21289 13824
-8704 23296
15957 19456
-15359 19910
9505 23750
-20364 14022
1995 25286
-23808 7424
-5741 24576
-24832 -256
-12970 21760
-23728 -7728
-18942 16848
-20097 -14354
-23080 10478
-14848 -20224
-25056 2560
-8192 -23808
-24770 -5120
-636 -25015
-22064 -12215
6819 -23856
-17339 -18224
13824 -20736
-11103 -23040
19456 -15616
-3696 -25344
23380 -9095
3881 -24967
24624 -1575
11456 -22567
24064 5888
17716 -18432
20992 12800
22296 -12288
16230 18858
24847 -4694
9933 22644
25059 3188
2304 24576
22944 10240
-5120 24064
18650 16896
-12042 21694
12803 21950
-18167 17051
5558 24731
-22528 10496
-2211 24832
-24576 3328
-9654 23296
-24500 -4280
-16279 19272
-22005 -11283
-21393 13805
-17664 -17664
-24403 6400
-11520 -22272
-25251 -1280
-4202 -24531
-23737 -8915
3546 -24727
-19958 -15767
10752 -22528
-14422 -20992
16640 -18432
-7261 -24320
21569 -12155
285 -25211
24072 -5332
7869 -24020
24576 2304
14738 -20736
22528 9472
20421 -15104
18798 16187
23861 -8389
13178 21204
25260 -556
5888 23808
24356 6656
-1536 24576
21005 13824
-8938 23061
15709 19733
-15323 19689
9121 24041
-20736 13824
1512 25088
-23808 6912
-6140 24576
-24757 -665
-13314 21607
-23481 -8082
-19290 16750
-19968 -15104
-23296 9984
-14592 -20224
-25308 2304
-7820 -23533
-24698 -5101
-355 -24769
-21981 -12481
7168 -23808
-17334 -18688
14080 -20736
-10825 -23040
19646 -15136
-3466 -24864
23436 -8454
4225 -24838
24576 -1280
11622 -22784
23808 6144
17798 -18176
21211 13175
22505 -11657
15903 19101
24925 -4451
9472 22784
25017 3328
2048 24576
22890 10752
-5311 24365
18463 17197
-12175 21531
12307 22043
-18432 16640
5199 24832
-22528 10496
-2565 25088
-24448 2932
-10031 23412
-24554 -4373
-16678 19435
-22016 -11776
-21696 13312
-17408 -17920
-24577 6144
-11139 -22054
-25141 -1318
-4032 -24773
-23497 -9157
3584 -24576
-19801 -15872
10752 -22528
-14168 -21248
17133 -18104
-7061 -24504
21816 -11906
634 -25474
24320 -5120
8136 -24064
24320 2560
15159 -20480
22776 9925
20636 -14907
18411 16428
24096 -8148
12544 21248
25263 -512
5632 24064
24241 7168
-1546 24590
20892 14094
-9045 23080
15547 20008
-15872 19200
8848 23808
-20992 13568
1256 25344
-23926 6767
-6358 24431
-24808 -979
-13568 21293
-23552 -8448
-19490 16128
-19968 -15104
-23360 9472
-14144 -20322
-25256 2462
-7247 -23664
-24690 -5488
0 -25088
-21902 -12800
7424 -23808
-17087 -18944
14455 -20232
-10470 -22792
19937 -14975
-3195 -25215
23296 -8448
4473 -25088
24832 -1024
11829 -22272
23897 6548
18074 -17772
20525 13503
22606 -11329
15616 18944
25042 -4352
9216 23040
25102 3584
1777 24687
22815 10863
-5827 24199
18300 17543
-12800 21248
12185 22272
-18688 16128
4930 24832
-22668 9996
-2903 25100
-24642 2677
-10188 23157
-24320 -4864
-16790 18944
-22016 -12032
-21795 13056
-17323 -18175
-24485 5889
-10854 -22062
-25212 -1582
-3840 -24576
-23412 -9472
3840 -24576
-19445 -16384
11142 -22205
-13862 -21181
17513 -17831
-6719 -24487
21760 -12032
854 -25344
24320 -4864
8439 -24064
24688 3095
15243 -20457
22708 10456
20688 -14632
18176 16640
24043 -7936
12544 21504
25085 -256
5503 24166
24292 7526
-1838 24645
20627 14661
-9728 22784
15378 19968
-16128 18944
8652 23808
-20940 13507
1012 25283
-23890 6509
-6595 24429
-24832 -1280
-13751 21248
-23296 -8704
-19479 16128
-19543 -15070
-23353 9506
-14037 -20243
-24992 2029
-7424 -23808
-24545 -5888
0 -24832
-21604 -13056
7747 -23460
-16693 -19108
14345 -20149
-10150 -23221
19968 -14848
-2831 -25344
23296 -8192
4840 -24832
24976 -621
12178 -22125
23571 6739
18138 -17581
20480 13824
22643 -11264
15360 19200
24911 -3840
9044 23151
25026 3951
1637 24768
22682 11456
-6144 24064
18046 17408
-13056 21248
11935 22272
-18738 16204
4784 24652
-22733 9930
-3115 25290
-24832 2304
-10568 23040
-24320 -5120
-17035 18688
-21366 -12153
-21932 12935
-17135 -17987
-24635 5565
-10752 -22528
-25078 -2048
-3584 -24832
-23315 -9728
4331 -24495
-19385 -16303
11683 -22040
-13607 -21272
17664 -17920
-6418 -24576
21760 -11776
1142 -25600
24497 -4519
8790 -23975
24600 3391
15430 -20161
22272 10240
20864 -14592
18176 16640
24086 -7424
12411 21569
25205 65
5331 24303
23955 7919
-2560 24576
20477 14592
-9728 22784
14985 20224
-16056 18940
8273 24060
-20833 13256
666 25288
-24064 5888
-7055 24064
-24832 -1536
-14041 20992
-23068 -8875
-19873 15701
-19333 -15447
-23574 9129
-13824 -20736
-25251 1536
-7168 -24064
-24479 -6144
601 -25014
-21535 -13238
8017 -23429
-16658 -19333
14848 -20224
-10014 -23296
19968 -14592
-2624 -25344
23303 -8123
5142 -24763
24683 -510
12388 -22270
23552 7168
18554 -17408
20224 14080
22877 -11008
15349 19706
25044 -3334
8577 23437
24912 4237
1024 24576
22554 11520
-6400 23808
17770 17920
-13159 20789
11684 22325
-18729 15975
4224 24935
-23296 9472
-3371 24832
-24832 2048
-10791 22784
-24106 -5274
-17366 18534
-21277 -12318
-21973 12770
-16640 -18688
-24672 5120
-10496 -22784
-24998 -2560
-2819 -24797
-23323 -9949
4510 -24544
-19190 -16608
11776 -22016
-13341 -21504
17664 -17664
-6092 -24832
22059 -11066
1384 -25146
24383 -3863
9150 -23575
24320 3584
15843 -19968
22016 10752
21039 -14336
17741 16967
24277 -7097
12087 21889
25215 641
4608 24320
24134 7936
-2816 24576
20341 14848
-9927 22681
14883 20633
-16238 18575
7882 24207
-21248 12544
399 25088
-24064 5632
-7423 24320
-24730 -1589
-14375 20939
-22826 -9403
-19954 15685
-19200 -15872
-23873 8704
-13568 -20992
-25172 1024
-6577 -23828
-24577 -6164
1020 -24918
-21293 -13398
8192 -23296
-16273 -19456
14848 -19968
-9649 -23552
20281 -14408
-2196 -25160
23627 -7578
5501 -24730
24832 0
12677 -22016
23552 7424
18758 -17408
20342 14161
23092 -10671
15223 19834
25013 -3206
8192 23040
24873 4608
768 24832
22404 11776
-6596 23978
17737 18090
-13535 20819
11372 22611
-19200 15616
4102 24832
-23296 9216
-3753 24832
-24663 1868
-11063 22860
-23863 -5803
-17448 18517
-21504 -12800
-22181 12288
-16640 -18688
-24717 4864
-9743 -22578
-25042 -2610
-2655 -24663
-23087 -10071
4608 -24320
-19186 -16640
12032 -21760
-13053 -21760
18052 -17111
-5984 -24535
22064 -10969
1694 -25305
24320 -3840
9325 -23808
24320 3840
16092 -19968
22069 11037
21152 -13795
17741 17304
24297 -6760
11520 21760
25290 768
4352 24320
23722 8448
-3060 24674
20081 15202
-10161 22613
14442 20821
-16896 18432
7633 24064
-21504 12544
10 25344
-24182 5502
-7636 24190
-24623 -1901
-14625 20883
-23296 -9728
-20143 15360
-19200 -16128
-23789 8704
-13360 -20901
-25208 1115
-6650 -23854
-24396 -6446
1024 -24832
-21230 -13824
8448 -23296
-16035 -19712
15218 -19612
-9505 -23708
20450 -14225
-1894 -25233
23808 -7424
5652 -24832
24576 0
12985 -22016
23540 7697
18857 -17135
20179 14500
23143 -10332
14592 19712
24987 -3072
7936 23296
24738 4864
572 24660
22084 11860
-6825 23995
17400 18363
-14080 20480
11136 22528
-19456 15616
3667 25088
-23045 9213
-3971 25085
-24578 1557
-11461 22549
-24320 -6144
-17742 18176
-21248 -13056
-22409 11776
-16262 -18868
-24988 4684
-9655 -22687
-25020 -2975
-2560 -24832
-23098 -10752
5120 -24320
-18801 -17152
12456 -21581
-12948 -21837
18312 -17075
-5629 -24755
22272 -10752
1998 -25344
24320 -3328
9730 -23552
24492 4318
16156 -19490
21807 11239
21423 -13593
17408 17664
24368 -6656
11520 21760
25257 1024
4447 24370
23676 8754
-2939 24624
20015 15408
-10496 22272
14306 20992
-16896 18176
7384 24064
-21752 12380
-284 25436
-24197 5455
-7892 24143
-24832 -2560
-14810 20480
-22784 -9984
-20330 15104
-18769 -16341
-23944 8235
-13225 -21490
-25262 526
-6144 -24320
-24289 -7168
1536 -24832
-21121 -14080
8774 -23057
-15867 -19473
15478 -19636
-9128 -23732
20736 -13824
-1514 -25344
23552 -7168
6115 -24832
24621 517
13128 -21755
23732 8132
19113 -16444
19712 14592
23232 -10240
14336 19968
25092 -2560
7699 23456
24752 5280
383 24670
22112 12382
-7168 23552
17211 18432
-14080 20480
10830 22784
-19615 15214
3516 24942
-23159 8876
-4335 25004
-24832 1280
-11676 22528
-24064 -6400
-17950 17920
-20913 -13264
-22496 11568
-15960 -19157
-24910 4395
-9728 -23040
-25018 -3328
-2304 -24832
-22985 -11008
5403 -24119
-18632 -17207
12646 -21555
-12553 -21811
18176 -16896
-5346 -24832
22272 -10496
2455 -25344
24784 -3019
9858 -23499
24485 4421
16603 -19387
21760 11520
21544 -13568
17408 17664
24587 -6400
11082 22181
25149 1445
4063 24513
23499 9153
-3840 24320
19755 15616
-11008 22272
14141 20992
-17127 17932
7091 24332
-21532 12203
-587 25259
-24320 4864
-8207 23808
-24832 -2816
-15162 20480
-22682 -10097
-20485 14991
-18809 -16441
-24169 8135
-12800 -21504
-25189 256
-5888 -24320
-24246 -7168
1762 -24643
-20835 -14147
9320 -23235
-15665 -19907
15616 -19200
-8887 -23808
20736 -13568
-1230 -25344
23953 -6408
6363 -24328
24788 770
13545 -21502
23040 8448
19372 -16384
19456 15104
23420 -9728
14465 20277
25165 -2251
7364 23759
24613 5583
0 24832
21819 12544
-7424 23808
17046 18688
-14310 20300
10609 23116
-19609 15139
3233 24867
-23296 8448
-4654 24832
-24832 768
-11909 22272
-23945 -6590
-18111 17730
-20796 -13416
-22593 11416
-16128 -19200
-24997 3840
-9216 -23296
-24905 -3840
-2008 -24764
-22727 -10940
5789 -24016
-18459 -17616
12544 -21504
-12247 -22272
18688 -16384
-4976 -24832
22542 -10071
2600 -25175
24793 -2739
10341 -23219
24064 4608
16778 -19200
21504 11776
21783 -13312
16975 17985
24511 -6079
11015 22135
25229 1911
3328 24576
23447 9216
-4096 24576
19435 15872
-11138 22409
13784 21385
-17299 17820
6795 24476
-22016 11520
-828 25344
-24320 4608
-8542 23808
-24620 -2846
-15339 20194
-22469 -10001
-20741 14831
-18432 -16896
-24006 7680
-12544 -21504
-25390 0
-5321 -24112
-24129 -7472
2133 -24683
-20838 -14443
9728 -23040
-15520 -20480
15872 -19200
-8693 -23808
21171 -13188
-1117 -25476
24270 -6434
6510 -24354
24576 1024
13693 -21504
23296 8448
19479 -16384
19591 15320
23441 -9512
14191 20302
25120 -1970
7168 23808
24411 5632
-256 24576
21583 13056
-7506 23594
16762 18986
-14516 20268
10149 23084
-19968 14848
2679 25088
-23552 7936
-4926 24832
-24758 597
-12183 22357
-23686 -6725
-18595 17595
-20736 -14080
-22809 11008
-15616 -19456
-25089 3840
-8937 -23093
-25023 -3637
-1747 -24823
-22646 -11511
5888 -24064
-18232 -17920
13056 -21248
-12023 -22528
18936 -16379
-4678 -25083
22903 -9952
3025 -25056
24576 -2560
10437 -23040
24320 5120
16925 -18944
21252 12435
21717 -12909
16978 18129
24689 -5423
10496 22272
25027 2048
3072 24576
23461 9728
-4341 24492
19337 16300
-11358 22039
13565 21271
-17664 17664
6491 24320
-22016 11264
-1297 25088
-24396 4338
-8868 23794
-24473 -3276
-15601 20020
-22528 -10752
-20873 14592
-18432 -17152
-24164 7168
-12085 -21652
-25188 -148
-5359 -24335
-24040 -7695
2304 -24832
-20436 -14848
9728 -23040
-15113 -20480
16129 -18926
-8263 -24046
21089 -13206
-690 -25238
23808 -6400
6975 -24576
24576 1280
14043 -21248
23251 8772
19639 -16060
19241 15510
23591 -9066
13824 20480
25070 -1792
6912 23808
24510 5888
-630 24766
21494 13246
-7721 23575
16516 19223
-14848 19712
9957 23296
-20224 14592
2566 25088
-23510 7827
-5213 24979
-24702 404
-12543 22164
-23808 -7168
-18673 17152
-20736 -14080
-22900 10752
-15226 -19566
-25011 3730
-8583 -23385
-24996 -4185
-1536 -24832
-22527 -11776
6144 -24064
-18009 -17920
13058 -21190
-11584 -22470
19007 -15942
-4241 -24902
22784 -9728
3289 -25344
24576 -2304
10793 -23040
24242 5445
17339 -18619
21440 12394
22009 -12694
16640 18432
24659 -5376
10240 22528
25137 2304
3072 24623
23246 9775
-4367 24464
19269 16528
-11776 22016
13229 21504
-17920 17408
6210 24320
-22217 11228
-1533 25308
-24461 4270
-9017 23726
-24576 -3584
-15901 19968
-22528 -10752
-21137 14080
-18167 -17002
-24293 7062
-12283 -21538
-25254 -546
-5120 -24320
-23875 -8192
2560 -24832
-20305 -15360
9818 -22540
-14748 -20492
16473 -18468
-7852 -24100
20992 -13056
-335 -25600
23808 -5888
7293 -24320
24755 2027
14336 -20757
22867 9357
19982 -15731
18944 15616
23703 -8960
13312 20736
25200 -1536
6630 23954
24530 6546
-783 24675
21392 13411
-8448 23296
16249 19200
-15360 19712
9714 23296
-20382 14517
2192 25269
-23707 7784
-5522 24680
-24832 0
-12788 21760
-23808 -7424
-18853 17152
-20269 -14191
-23019 10641
-14880 -19804
-25019 3236
-8704 -23552
-24835 -4608
-1280 -25088
-22260 -12032
6632 -23960
-17708 -18072
13506 -20751
-11307 -22543
18944 -15872
-4123 -25088
22784 -9216
3628 -25344
24705 -1848
11125 -22840
23828 5872
17603 -18192
20992 12544
22211 -12544
16384 18432
24819 -5120
10383 22686
25148 2718
2856 24592
23175 10256
-4864 24320
19013 16384
-11776 21760
12933 21760
-17776 16976
5779 24656
-22112 10790
-1751 25126
-24576 3584
-9362 23552
-24576 -4096
-16082 19712
-22070 -11058
-21245 14030
-17871 -17220
-24398 6844
-11776 -22016
-25206 -768
-4864 -24576
-23758 -8704
3125 -24651
-20171 -15179
10308 -22680
-14664 -20632
16640 -18432
-7700 -24320
21248 -12544
-142 -25344
24073 -5872
7464 -24304
24787 2062
14515 -20978
22784 9216
20078 -15616
18944 15872
23693 -8704
13456 20784
25097 -976
6291 23950
24370 6798
-1280 24576
21110 13568
-8704 23296
16042 19456
-15173 19474
9342 23314
-20509 14259
1888 25267
-23808 7168
-5807 24576
-24832 -256
-13117 21760
-23331 -7613
-19021 16963
-20026 -14592
-23280 10240
-14848 -20224
-24978 2816
-8192 -23552
-24877 -4864
-718 -24830
-22197 -12286
7033 -23965
-17504 -18333
13568 -20736
-11110 -23040
19200 -15616
-3810 -25088
22864 -9097
3954 -24969
24749 -1359
11395 -22607
23808 5888
17704 -18432
20992 12800
22335 -12032
16281 18743
24748 -4809
9854 22565
25183 3109
2304 24576
23093 10240
-5120 24064
18885 16896
-12273 21536
12858 22048
-18211 16924
5671 24604
-22528 10496
-2101 25088
-24576 3328
-9654 23296
-24509 -4046
-16319 19506
-21914 -11471
-21482 13617
-17664 -17664
-24430 6400
-11520 -22016
-25154 -1024
-4270 -24522
-23619 -8906
3282 -24573
-19997 -15613
10496 -22528
-14356 -20992
16896 -18432
-7384 -24320
21651 -12240
173 -25296
24288 -5336
7955 -24280
24832 2304
14831 -20736
22784 9728
20364 -15360
18920 16173
23814 -8403
13248 21321
25278 -695
5888 24064
24378 6912
-1536 24576
20933 13824
-8722 23502
15789 19918
-15419 19394
9251 23746
-20736 13824
1523 25088
-23808 6912
-6205 24576
-24606 -266