-24722 8269
-24923 7531
-24923 7531
-25215 6652
-25215 6652
-25344 6025
-25344 6025
-25558 5269
-25558 5269
-25816 4404
-25816 4404
-25743 3617
-25743 3617
-25891 2882
-25891 2882
-26061 1936
-26061 1936
-25967 1313
-25967 1313
-25932 634
-25932 634
-26017 -309
-26017 -309
-25995 -1105
-25995 -1105
-25923 -1863
-25923 -1863
-25995 -2780
-25995 -2780
-25753 -3483
-25753 -3483
-25624 -4336
-25624 -4336
-25477 -5077
-25477 -5077
-25288 -5767
-25288 -5767
-25068 -6762
-25068 -6762
-24863 -7526
-24863 -7526
-24525 -8269
-24525 -8269
-24265 -9023
-24265 -9023
-24139 -9726
-24139 -9726
-23858 -10505
-23858 -10505
-23334 -11169
-23334 -11169
-23061 -12035
-23061 -12035
-22825 -12576
-22825 -12576
-22288 -13321
-22288 -13321
-22086 -13943
-22086 -13943
-21492 -14695
-21492 -14695
-21078 -15365
-21078 -15365
-20591 -15924
-20591 -15924
-19993 -16593
-19993 -16593
-19455 -17016
-19455 -17016
-18989 -17720
-18989 -17720
-18439 -18452
-18439 -18452
-17848 -18908
-17848 -18908
-17152 -19460
-17152 -19460
-16667 -20092
-16667 -20092
-16016 -20489
-16016 -20489
-15424 -21020
-15424 -21020
-14687 -21464
-14687 -21464
-14079 -22031
-14079 -22031
-13439 -22457
-13439 -22457
-12780 -22791
-12780 -22791
-12004 -23238
-12004 -23238
-11353 -23678
-11353 -23678
-10649 -23981
-10649 -23981
-9842 -24210
-9842 -24210
-9066 -24484
-9066 -24484
-8481 -24666
-8481 -24666
-7595 -24823
-7595 -24823
-6954 -25104
-6954 -25104
-6064 -25316
-6064 -25316
-5439 -25463
-5439 -25463
-4597 -25574
-4597 -25574
-3695 -25706
-3695 -25706
-2936 -25905
-2936 -25905
-2106 -25921
-2106 -25921
-1386 -25973
-1386 -25973
-418 -25985
-418 -25985
254 -26123
254 -26123
967 -26094
967 -26094
1802 -25865
1802 -25865
2547 -25873
2547 -25873
3338 -25716
3338 -25716
4288 -25649
4288 -25649
5076 -25624
5076 -25624
5914 -25365
5914 -25365
6606 -25197
6606 -25197
7392 -25004
7392 -25004
8131 -24807
8131 -24807
8894 -24662
8894 -24662
9645 -24321
9645 -24321
10448 -24055
10448 -24055
11114 -23744
11114 -23744
11872 -23447
11872 -23447
12636 -23046
12636 -23046
13197 -22648
13197 -22648
14009 -22115
14009 -22115
14512 -21582
14512 -21582
15292 -21289
15292 -21289
15966 -20961
15966 -20961
16509 -20271
16509 -20271
17250 -19893
17250 -19893
17847 -19228
17847 -19228
18375 -18688
18375 -18688
18871 -18022
18871 -18022
19457 -17404
19457 -17404
20155 -17011
20155 -17011
20523 -16332
20523 -16332
21089 -15628
21089 -15628
21479 -15178
21479 -15178
22074 -14327
22074 -14327
22393 -13806
22393 -13806
22577 -12997
22577 -12997
23102 -12288
23102 -12288
23478 -11547
23478 -11547
23787 -10857
23787 -10857
24226 -10224
24226 -10224
24462 -9356
24462 -9356
24722 -8682
24722 -8682
24993 -7928
24993 -7928
25130 -7190
25130 -7190
25328 -6393
25328 -6393
25624 -5581
25624 -5581
25705 -4854
25705 -4854
25837 -3981
25837 -3981
25800 -3182
25800 -3182
25943 -2337
25943 -2337
26017 -1624
26017 -1624
25952 -678
25952 -678
25927 125
25927 125
26076 740
26076 740
25972 1495
25972 1495
25912 2288
25912 2288
25765 3234
25765 3234
25794 3998
25794 3998
25527 4700
25527 4700
25451 5590
25451 5590
25261 6387
25261 6387
25039 7154
25039 7154
24863 8039
24863 8039
24558 8803
24558 8803
24208 9456
24208 9456
23913 10285
23913 10285
23519 10948
23519 10948
23434 11587
23434 11587
22945 12305
22945 12305
22463 13236
22463 13236
22288 13932
22288 13932
21780 14538
21780 14538
21362 15188
21362 15188
20890 15862
20890 15862
20434 16426
20434 16426
19838 17040
19838 17040
19446 17588
19446 17588
18775 18252
18775 18252
18139 18793
18139 18793
17691 19250
17691 19250
17019 19787
17019 19787
16391 20358
16391 20358
15894 20826
15894 20826
15214 21268
15214 21268
14446 21757
14446 21757
13799 22279
13799 22279
13103 22526
13103 22526
12382 22884
12382 22884
11701 23334
11701 23334
10818 23665
10818 23665
10239 23920
10239 23920
9498 24354
9498 24354
8697 24583
8697 24583
7923 24824
7923 24824
7095 25115
7095 25115
6411 25227
6411 25227
5596 25468
5596 25468
4843 25598
4843 25598
3999 25751
3999 25751
3325 25873
3325 25873
2487 26025
2487 26025
1658 25976
1658 25976
948 25982
948 25982
226 26004
226 26004
-579 26066
-579 26066
-1451 26008
-1451 26008
-2217 25972
-2217 25972
-3044 25939
-3044 25939
-3697 25835
-3697 25835
-4597 25697
-4597 25697
-5323 25552
-5323 25552
-6284 25349
-6284 25349
-6929 25242
-6929 25242
-7837 24887
-7837 24887
-8521 24733
-8521 24733
-9327 24483
-9327 24483
-10055 24143
-10055 24143
-10878 23765
-10878 23765
-11393 23555
-11393 23555
-12260 23167
-12260 23167
-12958 22702
-12958 22702
-13658 22311
-13658 22311
-14273 21905
-14273 21905
-15001 21477
-15001 21477
-15593 21172
-15593 21172
-16325 20601
-16325 20601
-16906 20137
-16906 20137
-17410 19404
-17410 19404
-18046 18944
-18046 18944
-18704 18557
-18704 18557
-19091 17821
-19091 17821
-19621 17194
-19621 17194
-20229 16618
-20229 16618
-20807 15935
-20807 15935
-21202 15385
-21202 15385
-21703 14783
-21703 14783
-22254 13912
-22254 13912
-22527 13296
-22527 13296
-22851 12719
-22851 12719
-23252 11982
-23252 11982
-23503 11160
-23503 11160
-23904 10441
-23904 10441
-24222 9640
-24222 9640
-24492 9075
-24492 9075
-24672 8226
-24672 8226
-25050 7517
-25050 7517
-25174 6738
-25174 6738
-25387 5826
-25387 5826
-25526 5266
-25526 5266
-25679 4250
-25679 4250
-25782 3504
-25782 3504
-25876 2588
-25876 2588
-25941 2074
-25941 2074
-26029 1035
-26029 1035
-25982 347
-25982 347
-26037 -680
-26037 -680
-25951 -1203
-25951 -1203
-25853 -2059
-25853 -2059
-25898 -2971
-25898 -2971
-25857 -3740
-25857 -3740
-25591 -4524
-25591 -4524
-25330 -5238
-25330 -5238
-25237 -6102
-25237 -6102
-25090 -6905
-25090 -6905
-24942 -7574
-24942 -7574
-24682 -8348
-24682 -8348
-24418 -9118
-24418 -9118
-24225 -9927
-24225 -9927
-23798 -10670
-23798 -10670
-23488 -11371
-23488 -11371
-22994 -12062
-22994 -12062
-22783 -12728
-22783 -12728
-22329 -13497
-22329 -13497
-21859 -14080
-21859 -14080
-21470 -14845
-21470 -14845
-21077 -15498
-21077 -15498
-20526 -15943
-20526 -15943
-19977 -16598
-19977 -16598
-19525 -17113
-19525 -17113
-18943 -18017
-18943 -18017
-18407 -18391
-18407 -18391
-17833 -19063
-17833 -19063
-17235 -19603
-17235 -19603
-16545 -20085
-16545 -20085
-15947 -20664
-15947 -20664
-15229 -21071
-15229 -21071
-14625 -21559
-14625 -21559
-13862 -22003
-13862 -22003
-13364 -22384
-13364 -22384
-12628 -22902
-12628 -22902
-11913 -23315
-11913 -23315
-11092 -23600
-11092 -23600
-10458 -23997
-10458 -23997
-9701 -24290
-9701 -24290
-8976 -24535
-8976 -24535
-8391 -24779
-8391 -24779
-7499 -25031
-7499 -25031
-6649 -25228
-6649 -25228
-6012 -25356
-6012 -25356
-5148 -25578
-5148 -25578
-4316 -25665
-4316 -25665
-3553 -25908
-3553 -25908
-2762 -25840
-2762 -25840
-1867 -25940
-1867 -25940
-1104 -26073
-1104 -26073
-259 -25969
-259 -25969
347 -26022
347 -26022
1237 -26054
1237 -26054
2030 -25923
2030 -25923
2761 -25858
2761 -25858
3482 -25927
3482 -25927
4317 -25672
4317 -25672
5096 -25684
5096 -25684
5944 -25379
5944 -25379
6669 -25182
6669 -25182
7598 -24998
7598 -24998
8297 -24714
8297 -24714
8986 -24509
8986 -24509
9838 -24190
9838 -24190
10607 -23900
10607 -23900
11234 -23465
11234 -23465
11980 -23152
11980 -23152
12808 -22754
12808 -22754
13517 -22483
13517 -22483
14091 -22024
14091 -22024
14694 -21494
14694 -21494
15440 -21082
15440 -21082
16145 -20660
16145 -20660
16658 -20166
16658 -20166
17361 -19641
17361 -19641
17847 -19130
17847 -19130
18532 -18625
18532 -18625
18988 -17955
18988 -17955
19597 -17267
19597 -17267
20272 -16744
20272 -16744
20636 -16068
20636 -16068
21182 -15534
21182 -15534
21643 -14837
21643 -14837
21942 -14186
21942 -14186
22357 -13485
22357 -13485
22848 -12804
22848 -12804
23107 -12055
23107 -12055
23565 -11351
23565 -11351
23818 -10596
23818 -10596
24164 -9893
24164 -9893
24507 -9147
24507 -9147
24713 -8384
24713 -8384
24910 -7629
24910 -7629
25184 -6806
25184 -6806
25311 -6113
25311 -6113
25515 -5350
25515 -5350
25685 -4589
25685 -4589
25823 -3748
25823 -3748
25945 -2861
25945 -2861
26141 -2257
26141 -2257
26154 -1351
26154 -1351
26077 -670
26077 -670
26153 137
26153 137
26210 897
26210 897
26098 1796
26098 1796
26096 2522
26096 2522
25888 3390
25888 3390
25756 4215
25756 4215
25619 4872
25619 4872
25505 5780
25505 5780
25414 6493
25414 6493
24980 7355
24980 7355
24853 8084
24853 8084
24587 8856
24587 8856
24330 9528
24330 9528
23917 10309
23917 10309
23675 10889
23675 10889
23441 11660
23441 11660
22898 12442
22898 12442
22632 13120
22632 13120
22177 13872
22177 13872
21802 14456
21802 14456
21277 15238
21277 15238
20652 15858
20652 15858
20240 16449
20240 16449
19789 17009
19789 17009
19132 17640
19132 17640
18516 18292
18516 18292
17965 18797
17965 18797
17345 19456
17345 19456
16929 19917
16929 19917
16301 20451
16301 20451
15599 20982
15599 20982
14881 21445
14881 21445
14250 21805
14250 21805
13682 22305
13682 22305
12963 22755
12963 22755
12382 23048
12382 23048
11543 23426
11543 23426
10781 23672
10781 23672
10032 24169
10032 24169
9339 24437
9339 24437
8469 24753
8469 24753
7778 24929
7778 24929
6965 25152
6965 25152
6281 25403
6281 25403
5561 25441
5561 25441
4820 25680
4820 25680
3947 25883
3947 25883
3163 25820
3163 25820
2310 26048
2310 26048
1602 26205
1602 26205
748 26105
748 26105
83 26162
83 26162
-800 26120
-800 26120
-1504 26079
-1504 26079
-2464 25970
-2464 25970
-3269 25943
-3269 25943
-3947 25879
-3947 25879
-4869 25663
-4869 25663
-5607 25562
-5607 25562
-6307 25311
-6307 25311
-7337 25073
-7337 25073
-8044 25002
-8044 25002
-8812 24534
-8812 24534
-9547 24472
-9547 24472
-10297 24146
-10297 24146
-10990 23680
-10990 23680
-11672 23281
-11672 23281
-12436 23015
-12436 23015
-13121 22582
-13121 22582
-13820 22364
-13820 22364
-14589 21828
-14589 21828
-15184 21411
-15184 21411
-15689 20911
-15689 20911
-16510 20480
-16510 20480
-17060 19843
-17060 19843
-17579 19388
-17579 19388
-18234 18782
-18234 18782
-18720 18164
-18720 18164
-19250 17599
-19250 17599
-19662 17024
-19662 17024
-20240 16344
-20240 16344
-20707 15611
-20707 15611
-21224 15072
-21224 15072
-21565 14523
-21565 14523
-22005 13836
-22005 13836
-22488 13068
-22488 13068
-22837 12283
-22837 12283
-23177 11661
-23177 11661
-23646 10959
-23646 10959
-23891 10256
-23891 10256
-24249 9532
-24249 9532
-24471 8834
-24471 8834
-24692 8091
-24692 8091
-25033 7347
-25033 7347
-25192 6483
-25192 6483
-25406 5774
-25406 5774
-25542 4882
-25542 4882
-25630 4097
-25630 4097
-25697 3110
-25697 3110
-25936 2566
-25936 2566
-25997 1555
-25997 1555
-26018 875
-26018 875
-26050 165
-26050 165
-26115 -728
-26115 -728
-26186 -1513
-26186 -1513
-25951 -2303
-25951 -2303
-25865 -3112
-25865 -3112
-25683 -3942
-25683 -3942
-25440 -4686
-25440 -4686
-25411 -5545
-25411 -5545
-25238 -6208
-25238 -6208
-25088 -7010
-25088 -7010
-24857 -7778
-24857 -7778
-24575 -8446
-24575 -8446
-24420 -9262
-24420 -9262
-24112 -9967
-24112 -9967
-23741 -10682
-23741 -10682
-23379 -11483
-23379 -11483
-23038 -12269
-23038 -12269
-22675 -12991
-22675 -12991
-22318 -13657
-22318 -13657
-21773 -14303
-21773 -14303
-21400 -14993
-21400 -14993
-20949 -15559
-20949 -15559
-20495 -16261
-20495 -16261
-19772 -16857
-19772 -16857
-19406 -17567
-19406 -17567
-18766 -18088
-18766 -18088
-18205 -18682
-18205 -18682
-17815 -19037
-17815 -19037
-17058 -19731
-17058 -19731
-16481 -20211
-16481 -20211
-15816 -20677
-15816 -20677
-15088 -21189
-15088 -21189
-14468 -21783
-14468 -21783
-13835 -22224
-13835 -22224
-13215 -22435
-13215 -22435
-12527 -22962
-12527 -22962
-11642 -23378
-11642 -23378
-11060 -23714
-11060 -23714
-10194 -24042
-10194 -24042
-9549 -24396
-9549 -24396
-8909 -24637
-8909 -24637
-8152 -24769
-8152 -24769
-7294 -25158
-7294 -25158
-6547 -25357
-6547 -25357
-5693 -25383
-5693 -25383
-5024 -25658
-5024 -25658
-4194 -25805
-4194 -25805
-3455 -25700
-3455 -25700
-2766 -25871
-2766 -25871
-1980 -25990
-1980 -25990
-1087 -26033
-1087 -26033
-215 -25946
-215 -25946
550 -26108
550 -26108
1257 -26052
1257 -26052
2224 -25928
2224 -25928
2879 -25938
2879 -25938
3691 -25955
3691 -25955
4516 -25610
4516 -25610
5470 -25549
5470 -25549
6087 -25365
6087 -25365
6984 -25174
6984 -25174
7721 -24864
7721 -24864
8414 -24652
8414 -24652
9179 -24401
9179 -24401
9905 -24160
9905 -24160
10698 -23863
10698 -23863
11341 -23440
11341 -23440
12104 -23218
12104 -23218
12887 -22842
12887 -22842
13462 -22384
13462 -22384
14268 -22005
14268 -22005
14837 -21520
14837 -21520
15524 -21010
15524 -21010
16165 -20501
16165 -20501
16906 -20091
16906 -20091
17596 -19637
17596 -19637
18014 -18965
18014 -18965
18510 -18483
18510 -18483
19166 -17885
19166 -17885
19709 -17231
19709 -17231
20214 -16698
20214 -16698
20691 -15996
20691 -15996
21194 -15336
21194 -15336
21585 -14695
21585 -14695
22028 -14050
22028 -14050
22511 -13467
22511 -13467
22804 -12790
22804 -12790
23168 -12053
23168 -12053
23683 -11209
23683 -11209
24006 -10638
24006 -10638
24312 -9777
24312 -9777
24569 -9043
24569 -9043
24901 -8195
24901 -8195
25144 -7569
25144 -7569
25412 -6645
25412 -6645
25473 -5950
25473 -5950
25604 -5278
25604 -5278
25644 -4419
25644 -4419
26013 -3604
26013 -3604
25984 -2757
25984 -2757
26042 -2029
26042 -2029
26054 -1202
26054 -1202
26054 -403
26054 -403
26162 260
26162 260
26149 1128
26149 1128
25941 1799
25941 1799
25976 2780
25976 2780
25917 3449
25917 3449
25785 4321
25785 4321
25533 5038
25533 5038
25408 5990
25408 5990
25205 6645
25205 6645
24837 7479
24837 7479
24738 8224
24738 8224
24424 9058
24424 9058
24185 9688
24185 9688
23814 10582
23814 10582
23494 11199
23494 11199
23330 12080
23330 12080
22943 12677
22943 12677
22368 13358
22368 13358
22072 14084
22072 14084
21631 14825
21631 14825
21157 15329
21157 15329
20694 15988
20694 15988
20121 16710
20121 16710
19624 17329
19624 17329
18894 17823
18894 17823
18473 18438
18473 18438
17847 19091
17847 19091
17507 19509
17507 19509
16892 20013
16892 20013
16152 20514
16152 20514
15495 21044
15495 21044
14820 21472
14820 21472
14115 21858
14115 21858
13500 22386
13500 22386
12912 22822
12912 22822
12041 23090
12041 23090
11413 23610
11413 23610
10587 23740
10587 23740
9953 24078
9953 24078
9146 24444
9146 24444
8303 24820
8303 24820
7650 24969
7650 24969
6744 25221
6744 25221
6022 25306
6022 25306
5465 25528
5465 25528
4498 25880
4498 25880
3863 25926
3863 25926
3022 26026
3022 26026
2255 26083
2255 26083
1346 26201
1346 26201
596 26232
596 26232
-279 26316
-279 26316
-1028 26332
-1028 26332
-1765 26158
-1765 26158
-2556 26053
-2556 26053
-3466 26006
-3466 26006
-4163 25852
-4163 25852
-5107 25757
-5107 25757
-5809 25556
-5809 25556
-6566 25436
-6566 25436
-7258 25244
-7258 25244
-8032 24910
-8032 24910
-8819 24697
-8819 24697
-9555 24330
-9555 24330
-10228 24035
-10228 24035
-10953 23720
-10953 23720
-11828 23477
-11828 23477
-12468 22981
-12468 22981
-13346 22487
-13346 22487
-13973 22183
-13973 22183
-14602 21756
-14602 21756
-15345 21399
-15345 21399
-15949 20943
-15949 20943
-16515 20332
-16515 20332
-17208 19861
-17208 19861
-17887 19323
-17887 19323
-18351 18820
-18351 18820
-18876 18204
-18876 18204
-19509 17736
-19509 17736
-19866 17125
-19866 17125
-20404 16441
-20404 16441
-21049 15779
-21049 15779
-21530 15131
-21530 15131
-22067 14416
-22067 14416
-22436 13817
-22436 13817
-22714 13208
-22714 13208
-23139 12382
-23139 12382
-23508 11593
-23508 11593
-23826 10860
-23826 10860
-24058 10206
-24058 10206
-24394 9314
-24394 9314
-24582 8577
-24582 8577
-24842 7894
-24842 7894
-25053 7032
-25053 7032
-25278 6430
-25278 6430
-25527 5611
-25527 5611
-25579 4802
-25579 4802
-25626 3951
-25626 3951
-25691 3131
-25691 3131
-25883 2407
-25883 2407
-25859 1566
-25859 1566
-25895 678
-25895 678
-26053 -32
-26053 -32
-25961 -879
-25961 -879
-26008 -1641
-26008 -1641
-26065 -2484
-26065 -2484
-25833 -3297
-25833 -3297
-25717 -4021
-25717 -4021
-25524 -4816
-25524 -4816
-25365 -5536
-25365 -5536
-25363 -6396
-25363 -6396
-25111 -7161
-25111 -7161
-24879 -7847
-24879 -7847
-24521 -8758
-24521 -8758
-24323 -9474
-24323 -9474
-24028 -10222
-24028 -10222
-23671 -10890
-23671 -10890
-23241 -11670
-23241 -11670
-22946 -12356
-22946 -12356
-22580 -13173
-22580 -13173
-22195 -13735
-22195 -13735
-21800 -14476
-21800 -14476
-21157 -15021
-21157 -15021
-20717 -15741
-20717 -15741
-20302 -16387
-20302 -16387
-19834 -16942
-19834 -16942
-19172 -17479
-19172 -17479
-18648 -18063
-18648 -18063
-18173 -18659
-18173 -18659
-17541 -19354
-17541 -19354
-17040 -19904
-17040 -19904
-16370 -20330
-16370 -20330
-15808 -20932
-15808 -20932
-15189 -21230
-15189 -21230
-14441 -21808
-14441 -21808
-13778 -22154
-13778 -22154
-13055 -22516
-13055 -22516
-12406 -22986
-12406 -22986
-11679 -23473
-11679 -23473
-10913 -23811
-10913 -23811
-10270 -24144
-10270 -24144
-9406 -24451
-9406 -24451
-8778 -24607
-8778 -24607
-8048 -24845
-8048 -24845
-7245 -25092
-7245 -25092
-6449 -25302
-6449 -25302
-5738 -25531
-5738 -25531
-4839 -25545
-4839 -25545
-4065 -25732
-4065 -25732
-3311 -25883
-3311 -25883
-2306 -26067
-2306 -26067
-1745 -26101
-1745 -26101
-881 -26060
-881 -26060
-93 -25954
-93 -25954
693 -26119
693 -26119
1459 -26075
1459 -26075
2252 -25957
2252 -25957
3200 -25959
3200 -25959
3861 -25750
3861 -25750
4781 -25684
4781 -25684
5557 -25507
5557 -25507
6363 -25327
6363 -25327
7019 -25218
7019 -25218
7878 -24912
7878 -24912
8476 -24658
8476 -24658
9382 -24357
9382 -24357
9993 -24104
9993 -24104
10675 -23755
10675 -23755
11518 -23429
11518 -23429
12222 -23163
12222 -23163
12898 -22580
12898 -22580
13681 -22220
13681 -22220
14268 -21845
14268 -21845
14807 -21349
14807 -21349
15523 -20988
15523 -20988
16208 -20322
16208 -20322
16934 -19973
16934 -19973
17618 -19359
17618 -19359
18087 -18938
18087 -18938
18729 -18449
18729 -18449
19317 -17736
19317 -17736
20018 -17061
20018 -17061
20417 -16534
20417 -16534
20867 -15955
20867 -15955
21296 -15360
21296 -15360
21841 -14715
21841 -14715
22229 -13991
22229 -13991
22568 -13387
22568 -13387
22987 -12582
22987 -12582
23433 -11758
23433 -11758
23692 -11135
23692 -11135
24062 -10425
24062 -10425
24311 -9734
24311 -9734
24741 -8885
24741 -8885
25042 -8194
25042 -8194
25142 -7420
25142 -7420
25351 -6626
25351 -6626
25512 -5851
25512 -5851
25653 -5108
25653 -5108
25775 -4162
25775 -4162
25858 -3406
25858 -3406
25927 -2556
25927 -2556
26062 -1746
26062 -1746
26069 -1030
26069 -1030
26168 -346
26168 -346
26167 493
26167 493
26104 1307
26104 1307
26172 2045
26172 2045
26000 2821
26000 2821
25875 3528
25875 3528
25751 4494
25751 4494
25535 5245
25535 5245
25389 5998
25389 5998
25200 6752
25200 6752
25048 7601
25048 7601
24758 8438
24758 8438
24561 9070
24561 9070
24335 9846
24335 9846
23783 10679
23783 10679
23533 11310
23533 11310
23208 12051
23208 12051
22737 12842
22737 12842
22330 13443
22330 13443
21987 14242
21987 14242
21597 14881
21597 14881
20973 15553
20973 15553
20564 16184
20564 16184
20108 16834
20108 16834
19713 17460
19713 17460
19103 17845
19103 17845
18421 18490
18421 18490
17804 19075
17804 19075
17241 19663
17241 19663
16585 20066
16585 20066
15939 20570
15939 20570
15396 21104
15396 21104
14615 21535
14615 21535
14047 21933
14047 21933
13300 22497
13300 22497
12589 22947
12589 22947
12036 23269
12036 23269
11179 23652
11179 23652
10452 23886
10452 23886
9774 24206
9774 24206
9028 24551
9028 24551
8307 24705
8307 24705
7578 24972
7578 24972
6681 25265
6681 25265
6016 25380
6016 25380
5120 25486
5120 25486
4391 25774
4391 25774
3584 25801
3584 25801
2955 25838
2955 25838
2107 26047
2107 26047
1320 26143
1320 26143
524 25999
524 25999
-193 26044
-193 26044
-1083 26039
-1083 26039
-1887 25998
-1887 25998
-2679 25829
-2679 25829
-3537 25837
-3537 25837
-4303 25673
-4303 25673
-5170 25506
-5170 25506
-5994 25392
-5994 25392
-6677 25256
-6677 25256
-7523 25008
-7523 25008
-8301 24776
-8301 24776
-9005 24490
-9005 24490
-9811 24329
-9811 24329
-10429 24036
-10429 24036
-11185 23742
-11185 23742
-11818 23399
-11818 23399
-12614 22950
-12614 22950
-13304 22578
-13304 22578
-14003 22112
-14003 22112
-14700 21668
-14700 21668
-15357 21231
-15357 21231
-16061 20745
-16061 20745
-16514 20167
-16514 20167
-17186 19699
-17186 19699
-17858 19256
-17858 19256
-18356 18686
-18356 18686
-18928 18098
-18928 18098
-19458 17479
-19458 17479
-20028 16889
-20028 16889
-20618 16213
-20618 16213
-20923 15516
-20923 15516
-21580 14924
-21580 14924
-21828 14271
-21828 14271
-22306 13492
-22306 13492
-22712 12881
-22712 12881
-23104 12167
-23104 12167
-23535 11333
-23535 11333
-23791 10661
-23791 10661
-24119 9911
-24119 9911
-24485 9120
-24485 9120
-24649 8433
-24649 8433
-25023 7630
-25023 7630
-25188 6936
-25188 6936
-25335 6069
-25335 6069
-25569 5421
-25569 5421
-25831 4513
-25831 4513
-25813 3694
-25813 3694
-25950 2940
-25950 2940
-26072 2194
-26072 2194
-26093 1383
-26093 1383
-26080 647
-26080 647
-26170 -155
-26170 -155
-26038 -902
-26038 -902
-26165 -1663
-26165 -1663
-25886 -2555
-25886 -2555
-25829 -3393
-25829 -3393
-25692 -4108
-25692 -4108
-25464 -5019
-25464 -5019
-25421 -5824
-25421 -5824
-25148 -6532
-25148 -6532
-25032 -7370
-25032 -7370
-24583 -8154
-24583 -8154
-24388 -8846
-24388 -8846
-24265 -9633
-24265 -9633
-23925 -10460
-23925 -10460
-23569 -11116
-23569 -11116
-23237 -11777
-23237 -11777
-22754 -12551
-22754 -12551
-22390 -13202
-22390 -13202
-22131 -14035
-22131 -14035
-21567 -14538
-21567 -14538
-21206 -15185
-21206 -15185
-20762 -15776
-20762 -15776
-20225 -16388
-20225 -16388
-19715 -16969
-19715 -16969
-19084 -17820
-19084 -17820
-18584 -18263
-18584 -18263
-17987 -18927
-17987 -18927
-17505 -19424
-17505 -19424
-16760 -19975
-16760 -19975
-16181 -20583
-16181 -20583
-15689 -21056
-15689 -21056
-14974 -21327
-14974 -21327
-14312 -21945
-14312 -21945
-13685 -22140
-13685 -22140
-12927 -22734
-12927 -22734
-12236 -23071
-12236 -23071
-11394 -23586
-11394 -23586
-10782 -23862
-10782 -23862
-10033 -24178
-10033 -24178
-9194 -24445
-9194 -24445
-8548 -24567
-8548 -24567
-7902 -24831
-7902 -24831
-7017 -25110
-7017 -25110
-6314 -25307
-6314 -25307
-5426 -25541
-5426 -25541
-4685 -25669
-4685 -25669
-3895 -25812
-3895 -25812
-3110 -25884
-3110 -25884
-2298 -25912
-2298 -25912
-1425 -25963
-1425 -25963
-552 -26100
-552 -26100
123 -25994
123 -25994
923 -25919
923 -25919
1687 -26002
1687 -26002
2424 -25906
2424 -25906
3335 -25873
3335 -25873
4147 -25634
4147 -25634
4948 -25637
4948 -25637
5704 -25348
5704 -25348
6501 -25262
6501 -25262
7367 -25190
7367 -25190
8063 -24830
8063 -24830
8897 -24603
8897 -24603
9581 -24307
9581 -24307
10250 -23993
10250 -23993
11082 -23680
11082 -23680
11908 -23305
11908 -23305
12432 -22983
12432 -22983
13179 -22468
13179 -22468
13830 -22213
13830 -22213
14497 -21778
14497 -21778
15149 -21277
15149 -21277
15783 -20927
15783 -20927
16495 -20361
16495 -20361
17142 -19828
17142 -19828
17684 -19290
17684 -19290
18344 -18816
18344 -18816
18828 -18244
18828 -18244
19417 -17542
19417 -17542
19929 -16961
19929 -16961
20537 -16336
20537 -16336
20842 -15764
20842 -15764
21339 -15028
21339 -15028
21767 -14470
21767 -14470
22196 -13778
22196 -13778
22544 -13159
22544 -13159
22893 -12343
22893 -12343
23328 -11657
23328 -11657
23657 -11081
23657 -11081
24021 -10335
24021 -10335
24314 -9524
24314 -9524
24591 -8711
24591 -8711
24849 -7943
24849 -7943
25114 -7142
25114 -7142
25343 -6478
25343 -6478
25643 -5693
25643 -5693
25626 -4927
25626 -4927
25792 -4174
25792 -4174
25779 -3359
25779 -3359
25976 -2520
25976 -2520
26086 -1791
26086 -1791
26009 -990
26009 -990
26142 -169
26142 -169
26086 640
26086 640
25986 1415
25986 1415
25920 2204
25920 2204
25938 3095
25938 3095
25745 3705
25745 3705
25600 4764
25600 4764
25530 5456
25530 5456
25294 6175
25294 6175
25117 6913
25117 6913
24960 7810
24960 7810
24637 8617
24637 8617
24429 9244
24429 9244
24018 9935
24018 9935
23705 10742
23705 10742
23349 11508
23349 11508
22976 12255
22976 12255
22778 13011
22778 13011
22239 13701
22239 13701
21826 14399
21826 14399
21312 15013
21312 15013
20986 15770
20986 15770
20431 16369
20431 16369
19984 16896
19984 16896
19473 17534
19473 17534
18744 18118
18744 18118
18359 18703
18359 18703
17673 19192
17673 19192
17074 19767
17074 19767
16497 20220
16497 20220
15908 20866
15908 20866
15381 21262
15381 21262
14631 21677
14631 21677
13942 22172
13942 22172
13282 22546
13282 22546
12539 22913
12539 22913
11736 23233
11736 23233
11033 23596
11033 23596
10283 23919
10283 23919
9682 24285
9682 24285
8910 24594
8910 24594
8039 24932
8039 24932
7318 25132
7318 25132
6588 25338
6588 25338
5851 25415
5851 25415
5023 25658
5023 25658
4206 25842
4206 25842
3485 25883
3485 25883
2717 26017
2717 26017
1810 26102
1810 26102
1112 26057
1112 26057
206 26050
206 26050
-507 26024
-507 26024
-1216 26104
-1216 26104
-2145 26024
-2145 26024
-2830 25909
-2830 25909
-3796 25887
-3796 25887
-4547 25644
-4547 25644
-5379 25617
-5379 25617
-6090 25364
-6090 25364
-6796 25189
-6796 25189
-7558 25018
-7558 25018
-8330 24649
-8330 24649
-9089 24419
-9089 24419
-9923 24135
-9923 24135
-10700 23811
-10700 23811
-11378 23471
-11378 23471
-12028 23108
-12028 23108
-12904 22755
-12904 22755
-13580 22376
-13580 22376
-14235 21918
-14235 21918
-14911 21558
-14911 21558
-15480 21011
-15480 21011
-16064 20533
-16064 20533
-16668 20251
-16668 20251
-17351 19614
-17351 19614
-17968 19071
-17968 19071
-18443 18520
-18443 18520
-19092 17845
-19092 17845
-19557 17149
-19557 17149
-20150 16581
-20150 16581
-20387 16025
-20387 16025
-21081 15284
-21081 15284
-21625 14783
-21625 14783
-21966 14090
-21966 14090
-22505 13449
-22505 13449
-22811 12726
-22811 12726
-23137 12064
-23137 12064
-23520 11282
-23520 11282
-23748 10667
-23748 10667
-24057 9675
-24057 9675
-24248 9159
-24248 9159
-24592 8362
-24592 8362
-24914 7481
-24914 7481
-25146 6637
-25146 6637
-25215 6102
-25215 6102
-25493 5143
-25493 5143
-25715 4393
-25715 4393
-25732 3629
-25732 3629
-25858 2772
-25858 2772
-25972 1961
-25972 1961
-26117 1228
-26117 1228
-26032 423
-26032 423
-26081 -394
-26081 -394
-26019 -1126
-26019 -1126
-25896 -1962
-25896 -1962
-25840 -2900
-25840 -2900
-25802 -3669
-25802 -3669
-25691 -4363
-25691 -4363
-25420 -5270
-25420 -5270
-25273 -5977
-25273 -5977
-25184 -6680
-25184 -6680
-24904 -7514
-24904 -7514
-24640 -8325
-24640 -8325
-24301 -8839
-24301 -8839
-24093 -9654
-24093 -9654
-23834 -10454
-23834 -10454
-23422 -11247
-23422 -11247
-23208 -12035
-23208 -12035
-22792 -12681
-22792 -12681
-22450 -13402
-22450 -13402
-22152 -13955
-22152 -13955
-21624 -14827
-21624 -14827
-21077 -15391
-21077 -15391
-20533 -16017
-20533 -16017
-19987 -16662
-19987 -16662
-19526 -17312
-19526 -17312
-18940 -17778
-18940 -17778
-18364 -18530
-18364 -18530
-17947 -19018
-17947 -19018
-17258 -19535
-17258 -19535
-16691 -20123
-16691 -20123
-15983 -20613
-15983 -20613
-15471 -21050
-15471 -21050
-14701 -21588
-14701 -21588
-14095 -21967
-14095 -21967
-13387 -22316
-13387 -22316
-12775 -22735
-12775 -22735
-12090 -23243
-12090 -23243
-11319 -23600
-11319 -23600
-10538 -23836
-10538 -23836
-9882 -24321
-9882 -24321
-9039 -24456
-9039 -24456
-8380 -24655
-8380 -24655
-7593 -24873
-7593 -24873
-6697 -25150
-6697 -25150
-6060 -25346
-6060 -25346
-5318 -25381
-5318 -25381
-4546 -25618
-4546 -25618
-3761 -25722
-3761 -25722
-2823 -25902
-2823 -25902
-2115 -25898
-2115 -25898
-1230 -26023
-1230 -26023
-477 -25952
-477 -25952
285 -26059
285 -26059
1103 -26028
1103 -26028
1889 -26014
1889 -26014
2767 -25921
2767 -25921
3610 -25800
3610 -25800
4271 -25624
4271 -25624
5089 -25571
5089 -25571
5810 -25425
5810 -25425
6660 -25209
6660 -25209
7282 -25070
7282 -25070
8050 -24736
8050 -24736
8816 -24516
8816 -24516
9707 -24279
9707 -24279
10307 -23981
10307 -23981
11100 -23635
11100 -23635
11769 -23325
11769 -23325
12659 -23025
12659 -23025
13358 -22569
13358 -22569
13984 -22098
13984 -22098
14570 -21631
14570 -21631
15248 -21310
15248 -21310
15905 -20740
15905 -20740
16526 -20263
16526 -20263
17224 -19764
17224 -19764
17753 -19233
17753 -19233
18250 -18647
18250 -18647
18766 -18089
18766 -18089
19527 -17466
19527 -17466
20076 -16999
20076 -16999
20445 -16299
20445 -16299
20968 -15525
20968 -15525
21361 -15077
21361 -15077
21896 -14231
21896 -14231
22274 -13588
22274 -13588
22656 -12940
22656 -12940
22973 -12342
22973 -12342
23428 -11491
23428 -11491
23817 -10864
23817 -10864
24016 -10046
24016 -10046
24351 -9331
24351 -9331
24623 -8509
24623 -8509
24937 -7913
24937 -7913
25146 -7007
25146 -7007
25443 -6362
25443 -6362
25558 -5602
25558 -5602
25675 -4719
25675 -4719
25881 -4051
25881 -4051
25952 -3176
25952 -3176
26055 -2264
26055 -2264
26140 -1648
26140 -1648
26193 -770
26193 -770
26107 -73
26107 -73
26144 816
26144 816
26061 1480
26061 1480
26010 2476
26010 2476
25987 3249
25987 3249
25763 4092
25763 4092
25688 4713
25688 4713
25559 5686
25559 5686
25349 6236
25349 6236
25058 7224
25058 7224
24867 7998
24867 7998
24486 8713
24486 8713
24347 9484
24347 9484
23963 10255
23963 10255
23670 10942
23670 10942
23365 11701
23365 11701
22996 12310
22996 12310
22562 13069
22562 13069
22177 13713
22177 13713
21659 14478
21659 14478
21175 15026
21175 15026
20817 15849
20817 15849
20321 16455
20321 16455
19845 17011
19845 17011
19302 17644
19302 17644
18752 18289
18752 18289
18197 18826
18197 18826
17610 19250
17610 19250
17094 19766
17094 19766
16319 20339
16319 20339
15751 20863
15751 20863
15215 21347
15215 21347
14501 21849
14501 21849
13750 22189
13750 22189
13242 22677
13242 22677
12499 22939
12499 22939
11692 23293
11692 23293
10909 23722
10909 23722
10172 24074
10172 24074
9460 24449
9460 24449
8769 24657
8769 24657
8104 24847
8104 24847
7327 25060
7327 25060
6558 25315
6558 25315
5835 25457
5835 25457
4882 25649
4882 25649
4314 25849
4314 25849
3422 25919
3422 25919
2599 26031
2599 26031
1747 26053
1747 26053
901 26187
901 26187
56 26005
56 26005
-653 26025
-653 26025
-1499 25937
-1499 25937
-2264 26011
-2264 26011
-3021 25968
-3021 25968
-3781 25805
-3781 25805
-4657 25729
-4657 25729
-5477 25517
-5477 25517
-6321 25336
-6321 25336
-6984 25055
-6984 25055
-7820 24977
-7820 24977
-8554 24687
-8554 24687
-9237 24389
-9237 24389
-10061 24200
-10061 24200
-10894 23708
-10894 23708
-11508 23486
-11508 23486
-12267 23183
-12267 23183
-12982 22735
-12982 22735
-13617 22373
-13617 22373
-14234 21843
-14234 21843
-14861 21284
-14861 21284
-15490 21009
-15490 21009
-16214 20600
-16214 20600
-16784 19981
-16784 19981
-17248 19470
-17248 19470
-18079 18851
-18079 18851
-18672 18358
-18672 18358
-19168 17713
-19168 17713
-19707 17169
-19707 17169
-20155 16639
-20155 16639
-20782 15904
-20782 15904
-21142 15180
-21142 15180
-21647 14632
-21647 14632
-22139 13840
-22139 13840
-22378 13265
-22378 13265
-22882 12587
-22882 12587
-23212 11910
-23212 11910
-23541 11181
-23541 11181
-23927 10443
-23927 10443
-24167 9624
-24167 9624
-24542 9013
-24542 9013
-24661 8253
-24661 8253
-25092 7432
-25092 7432
-25156 6607
-25156 6607
-25388 5695
-25388 5695
-25567 5048
-25567 5048
-25687 4293
-25687 4293
-25825 3553
-25825 3553
-25954 2771
-25954 2771
-26022 1893
-26022 1893
-26049 1064
-26049 1064
-26029 145
-26029 145
-25955 -521
-25955 -521
-25947 -1362
-25947 -1362
-25870 -2030
-25870 -2030
-25734 -2857
-25734 -2857
-25892 -3774
-25892 -3774
-25497 -4466
-25497 -4466
-25436 -5350
-25436 -5350
-25337 -5990
-25337 -5990
-24907 -6737
-24907 -6737
-24803 -7629
-24803 -7629
-24597 -8252
-24597 -8252
-24332 -9076
-24332 -9076
-24109 -9836
-24109 -9836
-23809 -10462
-23809 -10462
-23438 -11270
-23438 -11270
-23053 -12056
-23053 -12056
-22773 -12654
-22773 -12654
-22379 -13385
-22379 -13385
-21943 -14088
-21943 -14088
-21425 -14713
-21425 -14713
-21022 -15415
-21022 -15415
-20590 -16122
-20590 -16122
-19849 -16674
-19849 -16674
-19458 -17213
-19458 -17213
-18925 -17951
-18925 -17951
-18394 -18517
-18394 -18517
-17823 -19120
-17823 -19120
-17220 -19567
-17220 -19567
-16639 -20094
-16639 -20094
-16017 -20726
-16017 -20726
-15319 -21200
-15319 -21200
-14743 -21722
-14743 -21722
-14001 -22167
-14001 -22167
-13250 -22521
-13250 -22521
-12499 -22865
-12499 -22865
-11996 -23290
-11996 -23290
-11234 -23727
-11234 -23727
-10553 -23917
-10553 -23917
-9832 -24440
-9832 -24440
-8986 -24609
-8986 -24609
-8378 -24765
-8378 -24765
-7571 -25096
-7571 -25096
-6853 -25165
-6853 -25165
-6066 -25406
-6066 -25406
-5202 -25494
-5202 -25494
-4344 -25778
-4344 -25778
-3530 -25877
-3530 -25877
-2776 -26015
-2776 -26015
-1973 -26133
-1973 -26133
-1063 -25946
-1063 -25946
-371 -26034
-371 -26034
336 -26063
336 -26063
1233 -26104
1233 -26104
1996 -25985
1996 -25985
2791 -25936
2791 -25936
3532 -25974
3532 -25974
4337 -25675
4337 -25675
5157 -25502
5157 -25502
5916 -25328
5916 -25328
6777 -25153
6777 -25153
7558 -24943
7558 -24943
8195 -24732
8195 -24732
9067 -24481
9067 -24481
9700 -24259
9700 -24259
10531 -23840
10531 -23840
11386 -23584
11386 -23584
12009 -23231
12009 -23231
12749 -22865
12749 -22865
13379 -22416
13379 -22416
14081 -22156
14081 -22156
14746 -21531
14746 -21531
15306 -21065
15306 -21065
16125 -20548
16125 -20548
16669 -20132
16669 -20132
17247 -19696
17247 -19696
17805 -19010
17805 -19010
18437 -18479
18437 -18479
18952 -17984
18952 -17984
19613 -17426
19613 -17426
20179 -16863
20179 -16863
20611 -16308
20611 -16308
21066 -15523
21066 -15523
21677 -14826
21677 -14826
22008 -14206
22008 -14206
22435 -13553
22435 -13553
22695 -12714
22695 -12714
23182 -12107
23182 -12107
23508 -11425
23508 -11425
23922 -10700
23922 -10700
24110 -9872
24110 -9872
24552 -9051
24552 -9051
24808 -8382
24808 -8382
24991 -7714
24991 -7714
25215 -6900
25215 -6900
25369 -6036
25369 -6036
25553 -5399
25553 -5399
25759 -4601
25759 -4601
25791 -3845
25791 -3845
25897 -2948
25897 -2948
25945 -2240
25945 -2240
25843 -1386
25843 -1386
26066 -705
26066 -705
26107 97
26107 97
25999 891
25999 891
25944 1737
25944 1737
25886 2472
25886 2472
25872 3330
25872 3330
25682 4054
25682 4054
25446 4987
25446 4987
25408 5794
25408 5794
25301 6541
25301 6541
25022 7389
25022 7389
24831 8163
24831 8163
24508 8894
24508 8894
24248 9605
24248 9605
24012 10282
24012 10282
23537 11067
23537 11067
23186 11670
23186 11670
22860 12466
22860 12466
22450 13230
22450 13230
22069 13909
22069 13909
21748 14547
21748 14547
21208 15230
21208 15230
20737 15804
20737 15804
20120 16608
20120 16608
19740 17071
19740 17071
19254 17674
19254 17674
18562 18190
18562 18190
18018 18799
18018 18799
17509 19425
17509 19425
16897 19916
16897 19916
16396 20498
16396 20498
15640 20913
15640 20913
14995 21252
14995 21252
14352 21854
14352 21854
13674 22160
13674 22160
12977 22707
12977 22707
12404 23061
12404 23061
11519 23402
11519 23402
10832 23588
10832 23588
10081 24068
10081 24068
9406 24318
9406 24318
8373 24638
8373 24638
7701 24737
7701 24737
6884 25119
6884 25119
6252 25308
6252 25308
5484 25394
5484 25394
4740 25643
4740 25643
3808 25814
3808 25814
2964 25745
2964 25745
2317 26021
2317 26021
1447 26083
1447 26083
748 26182
748 26182
-79 26190
-79 26190
-887 26134
-887 26134
-1641 26082
-1641 26082
-2461 25978
-2461 25978
-3211 25909
-3211 25909
-4005 25827
-4005 25827
-4841 25701
-4841 25701
-5608 25575
-5608 25575
-6381 25409
-6381 25409
-7065 25167
-7065 25167
-7945 24992
-7945 24992
-8787 24625
-8787 24625
-9470 24411
-9470 24411
-10336 24114
-10336 24114
-10955 23683
-10955 23683
-11773 23358
-11773 23358
-12412 23141
-12412 23141
-13179 22633
-13179 22633
-13676 22189
-13676 22189
-14429 21853
-14429 21853
-15017 21266
-15017 21266
-15560 20931
-15560 20931
-16355 20466
-16355 20466
-16868 19733
-16868 19733
-17568 19186
-17568 19186
-18152 18608
-18152 18608
-18732 18143
-18732 18143
-19300 17538
-19300 17538
-19900 17090
-19900 17090
-20286 16334
-20286 16334
-20858 15797
-20858 15797
-21421 15199
-21421 15199
-21693 14483
-21693 14483
-22197 13713
-22197 13713
-22568 13200
-22568 13200
-22940 12350
-22940 12350
-23431 11646
-23431 11646
-23689 10974
-23689 10974
-24008 10301
-24008 10301
-24302 9494
-24302 9494
-24567 8720
-24567 8720
-24766 8004
-24766 8004
-25057 7155
-25057 7155
-25287 6413
-25287 6413
-25461 5553
-25461 5553
-25488 4701
-25488 4701
-25722 4076
-25722 4076
-25811 3136
-25811 3136
-26016 2563
-26016 2563
-26003 1624
-26003 1624
-26006 987
-26006 987
-26134 29
-26134 29
-26085 -821
-26085 -821
-25986 -1476
-25986 -1476
-26024 -2352
-26024 -2352
-25864 -3126
-25864 -3126
-25718 -3849
-25718 -3849
-25615 -4666
-25615 -4666
-25514 -5503
-25514 -5503
-25364 -6258
-25364 -6258
-25016 -7068
-25016 -7068
-24822 -7811
-24822 -7811
-24558 -8660
-24558 -8660
-24365 -9308
-24365 -9308
-24116 -10072
-24116 -10072
-23627 -10669
-23627 -10669
-23403 -11532
-23403 -11532
-22912 -12238
-22912 -12238
-22656 -13039
-22656 -13039
-22174 -13707
-22174 -13707
-21675 -14346
-21675 -14346
-21381 -15170
-21381 -15170
-20962 -15749
-20962 -15749
-20391 -16416
-20391 -16416
-19890 -16819
-19890 -16819
-19280 -17453
-19280 -17453
-18802 -18009
-18802 -18009
-18225 -18678
-18225 -18678
-17800 -19180
-17800 -19180
-17072 -19763
-17072 -19763
-16422 -20275
-16422 -20275
-15768 -20740
-15768 -20740
-15172 -21200
-15172 -21200
-14542 -21700
-14542 -21700
-13847 -22278
-13847 -22278
-13118 -22622
-13118 -22622
-12511 -22948
-12511 -22948
-11814 -23324
-11814 -23324
-11061 -23673
-11061 -23673
-10340 -23926
-10340 -23926
-9631 -24231
-9631 -24231
-8683 -24494
-8683 -24494
-8061 -24728
-8061 -24728
-7279 -25003
-7279 -25003
-6483 -25238
-6483 -25238
-5688 -25286
-5688 -25286
-4876 -25432
-4876 -25432
-4193 -25709
-4193 -25709
-3314 -25961
-3314 -25961
-2523 -25938
-2523 -25938
-1664 -26107
-1664 -26107
-1039 -26048
-1039 -26048
-49 -25958
-49 -25958
650 -26075
650 -26075
1450 -26117
1450 -26117
2271 -26071
2271 -26071
3076 -25878
3076 -25878
3937 -25827
3937 -25827
4545 -25697
4545 -25697
5287 -25585
5287 -25585
6111 -25448
6111 -25448
6925 -25166
6925 -25166
7646 -24954
7646 -24954
8545 -24751
8545 -24751
9126 -24478
9126 -24478
9913 -24197
9913 -24197
10658 -23971
10658 -23971
11410 -23520
11410 -23520
12115 -23244
12115 -23244
12841 -22802
12841 -22802
13509 -22479
13509 -22479
14307 -22036
14307 -22036
14781 -21424
14781 -21424
15599 -20943
15599 -20943
16059 -20539
16059 -20539
16839 -19943
16839 -19943
17430 -19511
17430 -19511
17994 -18961
17994 -18961
18544 -18477
18544 -18477
19097 -17849
19097 -17849
19718 -17115
19718 -17115
20333 -16694
20333 -16694
20594 -15977
20594 -15977
21118 -15433
21118 -15433
21591 -14735
21591 -14735
22031 -14096
22031 -14096
22479 -13398
22479 -13398
22905 -12730
22905 -12730
23155 -12051
23155 -12051
23621 -11365
23621 -11365
23968 -10685
23968 -10685
24182 -9891
24182 -9891
24545 -9093
24545 -9093
24791 -8287
24791 -8287
25029 -7670
25029 -7670
25302 -6653
25302 -6653
25367 -6075
25367 -6075
25515 -5324
25515 -5324
25678 -4390
25678 -4390
25860 -3646
25860 -3646
25928 -2760
25928 -2760
25930 -1947
25930 -1947
26006 -1205
26006 -1205
26126 -409
26126 -409
26175 288
26175 288
26194 1190
26194 1190
25938 1954
25938 1954
25883 2787
25883 2787
25871 3616
25871 3616
25730 4421
25730 4421
25592 5168
25592 5168
25415 6017
25415 6017
25203 6706
25203 6706
25013 7468
25013 7468
24678 8247
24678 8247
24407 8971
24407 8971
24253 9733
24253 9733
23921 10469
23921 10469
23575 11183
23575 11183
23147 11945
23147 11945
22766 12689
22766 12689
22348 13457
22348 13457
22101 14130
22101 14130
21540 14783
21540 14783
21109 15531
21109 15531
20666 16184
20666 16184
20180 16642
20180 16642
19551 17345
19551 17345
19108 17791
19108 17791
18390 18550
18390 18550
17949 19051
17949 19051
17365 19577
17365 19577
16736 20078
16736 20078
16181 20639
16181 20639
15603 21134
15603 21134
14941 21578
14941 21578
14233 21981
14233 21981
13531 22409
13531 22409
12906 22792
12906 22792
12177 23230
12177 23230
11312 23544
11312 23544
10687 23888
10687 23888
9908 24108
9908 24108
9025 24507
9025 24507
8350 24759
8350 24759
7595 25010
7595 25010
6845 25294
6845 25294
6191 25408
6191 25408
5313 25648
5313 25648
4572 25712
4572 25712
3851 25868
3851 25868
2947 26058
2947 26058
2094 26062
2094 26062
1369 26035
1369 26035
588 26117
588 26117
-202 26170
-202 26170
-1001 26156
-1001 26156
-1841 26015
-1841 26015
-2538 25820
-2538 25820
-3385 25844
-3385 25844
-4173 25809
-4173 25809
-4980 25692
-4980 25692
-5810 25592
-5810 25592
-6612 25299
-6612 25299
-7177 25147
-7177 25147
-8119 25064
-8119 25064
-8802 24701
-8802 24701
-9627 24420
-9627 24420
-10289 24061
-10289 24061
-11127 23697
-11127 23697
-11728 23451
-11728 23451
-12536 22971
-12536 22971
-13089 22584
-13089 22584
-14012 22252
-14012 22252
-14613 21674
-14613 21674
-15283 21232
-15283 21232
-15906 20938
-15906 20938
-16536 20340
-16536 20340
-17092 19642
-17092 19642
-17749 19072
-17749 19072
-18323 18658
-18323 18658
-18877 18159
-18877 18159
-19381 17539
-19381 17539
-19886 16840
-19886 16840
-20439 16342
-20439 16342
-20897 15633
-20897 15633
-21457 14988
-21457 14988
-21900 14357
-21900 14357
-22461 13722
-22461 13722
-22679 12934
-22679 12934
-22974 12256
-22974 12256
-23287 11429
-23287 11429
-23766 10944
-23766 10944
-23988 10197
-23988 10197
-24299 9301
-24299 9301
-24661 8572
-24661 8572
-24845 7812
-24845 7812
-25133 7001
-25133 7001
-25269 6255
-25269 6255
-25475 5430
-25475 5430
-25466 4754
-25466 4754
-25708 3859
-25708 3859
-25814 3027
-25814 3027
-25986 2344
-25986 2344
-26138 1537
-26138 1537
-26066 767
-26066 767
-26061 -103
-26061 -103
-25977 -904
-25977 -904
-26081 -1687
-26081 -1687
-26067 -2470
-26067 -2470
-25799 -3290
-25799 -3290
-25723 -4171
-25723 -4171
-25495 -4940
-25495 -4940
-25358 -5738
-25358 -5738
-25215 -6474
-25215 -6474
-25019 -7200
-25019 -7200
-24863 -8000
-24863 -8000
-24581 -8695
-24581 -8695
-24321 -9380
-24321 -9380
-24016 -10293
-24016 -10293
-23593 -10864
-23593 -10864
-23214 -11602
-23214 -11602
-22847 -12269
-22847 -12269
-22562 -13047
-22562 -13047
-22268 -13666
-22268 -13666
-21708 -14378
-21708 -14378
-21264 -15105
-21264 -15105
-20876 -15711
-20876 -15711
-20330 -16393
-20330 -16393
-19692 -16969
-19692 -16969
-19190 -17484
-19190 -17484
-18555 -18211
-18555 -18211
-18124 -18778
-18124 -18778
-17615 -19295
-17615 -19295
-16879 -19899
-16879 -19899
-16305 -20404
-16305 -20404
-15710 -20878
-15710 -20878
-15048 -21447
-15048 -21447
-14433 -21902
-14433 -21902
-13734 -22298
-13734 -22298
-13100 -22603
-13100 -22603
-12270 -23004
-12270 -23004
-11615 -23349
-11615 -23349
-10917 -23869
-10917 -23869
-10169 -24054
-10169 -24054
-9334 -24376
-9334 -24376
-8651 -24637
-8651 -24637
-8040 -24763
-8040 -24763
-7288 -25088
-7288 -25088
-6371 -25271
-6371 -25271
-5714 -25527
-5714 -25527
-4870 -25602
-4870 -25602
-4031 -25800
-4031 -25800
-3276 -25944
-3276 -25944
-2431 -26041
-2431 -26041
-1650 -26027
-1650 -26027
-794 -26071
-794 -26071
-36 -26079
-36 -26079
753 -26068
753 -26068
1488 -26072
1488 -26072
2302 -26052
2302 -26052
3106 -25955
3106 -25955
3975 -25900
3975 -25900
4698 -25722
4698 -25722
5439 -25587
5439 -25587
6244 -25261
6244 -25261
7164 -25191
7164 -25191
7998 -24836
7998 -24836
8640 -24684
8640 -24684
9354 -24498
9354 -24498
10060 -24115
10060 -24115
10940 -23802
10940 -23802
11507 -23477
11507 -23477
12313 -23074
12313 -23074
13019 -22599
13019 -22599
13705 -22207
13705 -22207
14358 -21825
14358 -21825
14996 -21308
14996 -21308
15813 -20868
15813 -20868
16350 -20469
16350 -20469
16922 -20036
16922 -20036
17576 -19400
17576 -19400
18165 -18905
18165 -18905
18784 -18348
18784 -18348
19236 -17716
19236 -17716
19926 -17172
19926 -17172
20336 -16568
20336 -16568
20899 -15886
20899 -15886
21283 -15254
21283 -15254
21693 -14613
21693 -14613
22292 -14076
22292 -14076
22564 -13301
22564 -13301
22950 -12649
22950 -12649
23359 -11854
23359 -11854
23717 -11239
23717 -11239
24006 -10460
24006 -10460
24344 -9759
24344 -9759
24553 -8863
24553 -8863
24751 -8128
24751 -8128
25164 -7360
25164 -7360
25314 -6622
25314 -6622
25622 -5762
25622 -5762
25590 -5103
25590 -5103
25789 -4182
25789 -4182
25956 -3467
25956 -3467
25919 -2492
25919 -2492
26191 -1837
26191 -1837
26080 -1142
26080 -1142
26144 -310
26144 -310
26130 342
26130 342
26052 1283
26052 1283
26142 2073
26142 2073
25937 2890
25937 2890
25946 3736
25946 3736
25876 4513
25876 4513
25625 5372
25625 5372
25469 6008
25469 6008
25108 6822
25108 6822
24887 7696
24887 7696
24654 8453
24654 8453
24472 9208
24472 9208
24170 9915
24170 9915
23867 10698
23867 10698
23496 11408
23496 11408
22997 11979
22997 11979
22643 12837
22643 12837
22362 13636
22362 13636
21816 14322
21816 14322
21336 14834
21336 14834
20898 15499
20898 15499
20533 16265
20533 16265
20000 16747
20000 16747
19537 17376
19537 17376
18927 17975
18927 17975
18340 18511
18340 18511
17818 19109
17818 19109
17235 19525
17235 19525
16685 20126
16685 20126
15895 20537
15895 20537
15512 21106
15512 21106
14664 21507
14664 21507
13948 21999
13948 21999
13398 22392
13398 22392
12616 22865
12616 22865
12091 23275
12091 23275
11245 23593
11245 23593
10441 23854
10441 23854
9675 24284
9675 24284
9028 24519
9028 24519
8263 24766
8263 24766
7560 25097
7560 25097
6770 25271
6770 25271
6027 25316
6027 25316
5259 25588
5259 25588
4448 25721
4448 25721
3672 25807
3672 25807
2953 25999
2953 25999
2046 26050
2046 26050
1338 26091
1338 26091
465 26103
465 26103
-368 26277
-368 26277
-1032 26221
-1032 26221
-1821 26035
-1821 26035
-2647 25949
-2647 25949
-3465 25834
-3465 25834
-4336 25847
-4336 25847
-5186 25682
-5186 25682
-5888 25482
-5888 25482
-6778 25340
-6778 25340
-7369 25224
-7369 25224
-8299 24810
-8299 24810
-8891 24571
-8891 24571
-9590 24305
-9590 24305
-10443 23867
-10443 23867
-11131 23587
-11131 23587
-11923 23248
-11923 23248
-12550 22859
-12550 22859
-13373 22573
-13373 22573
-14006 22090
-14006 22090
-14673 21673
-14673 21673
-15352 21224
-15352 21224
-16040 20891
-16040 20891
-16594 20170
-16594 20170
-17315 19664
-17315 19664
-17923 19128
-17923 19128
-18518 18547
-18518 18547
-18973 17950
-18973 17950
-19620 17384
-19620 17384
-20039 16810
-20039 16810
-20601 16269
-20601 16269
-21107 15535
-21107 15535
-21516 14853
-21516 14853
-21974 14237
-21974 14237
-22286 13527
-22286 13527
-22687 12812
-22687 12812
-23119 11955
-23119 11955
-23467 11487
-23467 11487
-23832 10771
-23832 10771
-24049 9953
-24049 9953
-24393 9189
-24393 9189
-24653 8489
-24653 8489
-24843 7715
-24843 7715
-25101 6939
-25101 6939
-25317 6211
-25317 6211
-25404 5429
-25404 5429
-25559 4697
-25559 4697
-25923 3786
-25923 3786
-25957 2876
-25957 2876
-26065 2286
-26065 2286
-26076 1318
-26076 1318
-26119 679
-26119 679
-26171 -290
-26171 -290
-26028 -961
-26028 -961
-26047 -1772
-26047 -1772
-25985 -2578
-25985 -2578
-25820 -3463
-25820 -3463
-25841 -4171
-25841 -4171
-25530 -4952
-25530 -4952
-25479 -5805
-25479 -5805
-25225 -6592
-25225 -6592
-24822 -7330
-24822 -7330
-24806 -7946
-24806 -7946
-24486 -8815
-24486 -8815
-24234 -9394
-24234 -9394
-23962 -10213
-23962 -10213
-23449 -10907
-23449 -10907
-23144 -11705
-23144 -11705
-22837 -12534
-22837 -12534
-22380 -13154
-22380 -13154
-21893 -13939
-21893 -13939
-21612 -14573
-21612 -14573
-21126 -15291
-21126 -15291
-20623 -15870
-20623 -15870
-20056 -16546
-20056 -16546
-19690 -16935
-19690 -16935
-19159 -17720
-19159 -17720
-18456 -18260
-18456 -18260
-18017 -18772
-18017 -18772
-17403 -19383
-17403 -19383
-16827 -19841
-16827 -19841
-16175 -20428
-16175 -20428
-15634 -20967
-15634 -20967
-15024 -21470
-15024 -21470
-14376 -21827
-14376 -21827
-13645 -22252
-13645 -22252
-12894 -22599
-12894 -22599
-12259 -23142
-12259 -23142
-11377 -23527
-11377 -23527
-10953 -23735
-10953 -23735
-10061 -24101
-10061 -24101
-9354 -24673
-9354 -24673
-8660 -24576
-8660 -24576
-7855 -24956
-7855 -24956
-7112 -25217
-7112 -25217
-6379 -25291
-6379 -25291
-5499 -25575
-5499 -25575
-4682 -25723
-4682 -25723
-3963 -25896
-3963 -25896
-3201 -25948
-3201 -25948
-2170 -26054
-2170 -26054
-1462 -26160
-1462 -26160
-686 -26118
-686 -26118
111 -26046
111 -26046
925 -25988
925 -25988
1699 -26085
1699 -26085
2526 -26069
2526 -26069
3300 -25885
3300 -25885
4144 -25724
4144 -25724
4862 -25532
4862 -25532
5723 -25357
5723 -25357
6422 -25256
6422 -25256
7253 -25105
7253 -25105
7879 -24777
7879 -24777
8754 -24695
8754 -24695
9434 -24301
9434 -24301
10268 -24094
10268 -24094
11023 -23665
11023 -23665
11805 -23371
11805 -23371
12447 -22911
12447 -22911
13065 -22486
13065 -22486
13799 -22249
13799 -22249
14483 -21728
14483 -21728
15014 -21273
15014 -21273
15666 -20881
15666 -20881
16437 -20327
16437 -20327
17059 -19772
17059 -19772
17673 -19399
17673 -19399
18125 -18788
18125 -18788
18786 -18243
18786 -18243
19420 -17593
19420 -17593
19978 -17097
19978 -17097
20469 -16416
20469 -16416
20821 -15902
20821 -15902
21451 -15231
21451 -15231
21748 -14574
21748 -14574
22085 -13794
22085 -13794
22564 -13211
22564 -13211
23035 -12457
23035 -12457
23451 -11767
23451 -11767
23700 -11132
23700 -11132
23956 -10322
23956 -10322
24398 -9469
24398 -9469
24567 -8714
24567 -8714
24893 -7994
24893 -7994
25186 -7239
25186 -7239
25341 -6461
25341 -6461
25509 -5805
25509 -5805
25603 -4924
25603 -4924
25755 -4082
25755 -4082
25875 -3322
25875 -3322
25945 -2504
25945 -2504
26154 -1783
26154 -1783
26126 -1057
26126 -1057
26030 -235
26030 -235
26039 635
26039 635
25914 1466
25914 1466
25919 2356
25919 2356
25841 3144
25841 3144
25847 4007
25847 4007
25630 4700
25630 4700
25441 5487
25441 5487
25276 6233
25276 6233
25014 7145
25014 7145
24863 7840
24863 7840
24596 8456
24596 8456
24445 9289
24445 9289
24104 9914
24104 9914
23680 10852
23680 10852
23411 11372
23411 11372
23135 12312
23135 12312
22751 12962
22751 12962
22196 13658
22196 13658
21982 14375
21982 14375
21349 14968
21349 14968
21027 15591
21027 15591
20498 16345
20498 16345
20020 16911
20020 16911
19468 17552
19468 17552
18888 18071
18888 18071
18357 18782
18357 18782
17790 19257
17790 19257
17124 19839
17124 19839
16538 20317
16538 20317
15939 20924
15939 20924
15256 21330
15256 21330
14582 21754
14582 21754
13889 22192
13889 22192
13235 22525
13235 22525
12489 23034
12489 23034
11759 23312
11759 23312
11065 23680
11065 23680
10317 24000
10317 24000
9564 24330
9564 24330
8868 24576
8868 24576
8060 24937
8060 24937
7418 25059
7418 25059
6628 25293
6628 25293
5826 25502
5826 25502
5024 25605
5024 25605
4212 25835
4212 25835
3594 26004
3594 26004
2635 26009
2635 26009
1869 26138
1869 26138
1176 26076
1176 26076
277 26112
277 26112
-516 26153
-516 26153
-1317 26151
-1317 26151
-2053 26117
-2053 26117
-2880 26071
-2880 26071
-3699 25905
-3699 25905
-4514 25783
-4514 25783
-5300 25512
-5300 25512
-6043 25385
-6043 25385
-6883 25303
-6883 25303
-7531 25067
-7531 25067
-8388 24921
-8388 24921
-9137 24558
-9137 24558
-9892 24259
-9892 24259
-10598 23943
-10598 23943
-11330 23601
-11330 23601
-12051 23214
-12051 23214
-12746 22865
-12746 22865
-13417 22474
-13417 22474
-14145 22116
-14145 22116
-14831 21624
-14831 21624
-15465 21227
-15465 21227
-16082 20813
-16082 20813
-16639 20083
-16639 20083
-17316 19655
-17316 19655
-17830 18974
-17830 18974
-18357 18506
-18357 18506
-19049 17886
-19049 17886
-19502 17268
-19502 17268
-20061 16779
-20061 16779
-20593 16111
-20593 16111
-21137 15519
-21137 15519
-21556 14868
-21556 14868
-21983 14094
-21983 14094
-22454 13476
-22454 13476
-22802 12728
-22802 12728
-23126 11956
-23126 11956
-23496 11202
-23496 11202
-23823 10531
-23823 10531
-24083 9614
-24083 9614
-24452 9002
-24452 9002
-24796 8251
-24796 8251
-24966 7474
-24966 7474
-25161 6750
-25161 6750
-25316 6086
-25316 6086
-25441 5195
-25441 5195
-25590 4397
-25590 4397
-25694 3562
-25694 3562
-25894 2885
-25894 2885
-25971 1992
-25971 1992
-26079 1284
-26079 1284
-25966 418
-25966 418
-25970 -376
-25970 -376
-26066 -1216
-26066 -1216
-25857 -1989
-25857 -1989
-25746 -2746
-25746 -2746
-25751 -3539
-25751 -3539
-25553 -4278
-25553 -4278
-25469 -5299
-25469 -5299
-25273 -5828
-25273 -5828
-25103 -6648
-25103 -6648
-24815 -7488
-24815 -7488
-24651 -8172
-24651 -8172
-24427 -9054
-24427 -9054
-24211 -9781
-24211 -9781
-23866 -10279
-23866 -10279
-23460 -11198
-23460 -11198
-23179 -11932
-23179 -11932
-22648 -12556
-22648 -12556
-22258 -13383
-22258 -13383
-21818 -14048
-21818 -14048
-21432 -14709
-21432 -14709
-21095 -15197
-21095 -15197
-20607 -16043
-20607 -16043
-20092 -16529
-20092 -16529
-19375 -17238
-19375 -17238
-18971 -17800
-18971 -17800
-18329 -18484
-18329 -18484
-17820 -18907
-17820 -18907
-17289 -19518
-17289 -19518
-16675 -19921
-16675 -19921
-16126 -20530
-16126 -20530
-15509 -21072
-15509 -21072
-14798 -21541
-14798 -21541
-14092 -21957
-14092 -21957
-13453 -22381
-13453 -22381
-12804 -22820
-12804 -22820
-12075 -23126
-12075 -23126
-11366 -23544
-11366 -23544
-10608 -23848
-10608 -23848
-9965 -24202
-9965 -24202
-9162 -24353
-9162 -24353
-8498 -24804
-8498 -24804
-7782 -24858
-7782 -24858
-6941 -25149
-6941 -25149
-6115 -25219
-6115 -25219
-5304 -25481
-5304 -25481
-4605 -25491
-4605 -25491
-3740 -25663
-3740 -25663
-2969 -25940
-2969 -25940
-2239 -25831
-2239 -25831
-1422 -26129
-1422 -26129
-658 -26120
-658 -26120
185 -26026
185 -26026
1009 -25927
1009 -25927
1795 -26039
1795 -26039
2652 -25972
2652 -25972
3559 -25903
3559 -25903
4206 -25753
4206 -25753
5099 -25701
5099 -25701
5875 -25578
5875 -25578
6626 -25366
6626 -25366
7382 -25224
7382 -25224
8157 -24824
8157 -24824
8938 -24550
8938 -24550
9594 -24431
9594 -24431
10386 -23985
10386 -23985
11290 -23726
11290 -23726
11805 -23318
11805 -23318
12570 -22961
12570 -22961
13245 -22578
13245 -22578
14098 -22160
14098 -22160
14612 -21793
14612 -21793
15159 -21063
15159 -21063
15934 -20689
15934 -20689
16545 -20206
16545 -20206
17088 -19764
17088 -19764
17755 -19186
17755 -19186
18273 -18730
18273 -18730
18849 -18102
18849 -18102
19360 -17565
19360 -17565
20006 -16914
20006 -16914
20501 -16302
20501 -16302
20774 -15583
20774 -15583
21411 -15116
21411 -15116
21825 -14312
21825 -14312
22319 -13613
22319 -13613
22647 -13070
22647 -13070
22943 -12335
22943 -12335
23396 -11573
23396 -11573
23738 -10905
23738 -10905
24063 -10213
24063 -10213
24353 -9380
24353 -9380
24659 -8649
24659 -8649
24934 -7946
24934 -7946
25047 -7062
25047 -7062
25215 -6364
25215 -6364
25439 -5396
25439 -5396
25574 -4756
25574 -4756
25644 -3998
25644 -3998
25892 -3154
25892 -3154
25915 -2231
25915 -2231
25985 -1542
25985 -1542
25954 -622
25954 -622
26065 -40
26065 -40
25966 892
25966 892
25967 1642
25967 1642
26024 2364
26024 2364
25844 3224
25844 3224
25936 3922
25936 3922
25707 4804
25707 4804
25420 5611
25420 5611
25421 6358
25421 6358
25094 7150
25094 7150
24891 7800
24891 7800
24719 8702
24719 8702
24413 9398
24413 9398
24150 10250
24150 10250
23748 10908
23748 10908
23317 11707
23317 11707
22922 12406
22922 12406
22611 13052
22611 13052
22280 13939
22280 13939
21747 14435
21747 14435
21296 15136
21296 15136
20736 15688
20736 15688
20307 16293
20307 16293
19839 17056
19839 17056
19341 17637
19341 17637
18700 18305
18700 18305
18207 18774
18207 18774
17624 19381
17624 19381
17143 19893
17143 19893
16328 20424
16328 20424
15846 20976
15846 20976
15217 21420
15217 21420
14500 21742
14500 21742
13890 22328
13890 22328
13153 22583
13153 22583
12418 23012
12418 23012
11692 23413
11692 23413
11044 23715
11044 23715
10289 24073
10289 24073
9527 24459
9527 24459
8798 24708
8798 24708
8024 24893
8024 24893
7308 25224
7308 25224
6476 25494
6476 25494
5718 25533
5718 25533
4853 25713
4853 25713
4185 25717
4185 25717
3192 25752
3192 25752
2633 25947
2633 25947
1713 26045
1713 26045
905 26108
905 26108
14 26121
14 26121
-688 26211
-688 26211
-1564 26142
-1564 26142
-2208 25979
-2208 25979
-3138 25859
-3138 25859
-3933 25830
-3933 25830
-4711 25691
-4711 25691
-5540 25513
-5540 25513
-6199 25543
-6199 25543
-7015 25242
-7015 25242
-7776 25043
-7776 25043
-8581 24707
-8581 24707
-9324 24469
-9324 24469
-9957 24187
-9957 24187
-10574 23868
-10574 23868
-11373 23574
-11373 23574
-12229 23198
-12229 23198
-12908 22697
-12908 22697
-13604 22328
-13604 22328
-14300 22008
-14300 22008
-15007 21530
-15007 21530
-15588 21102
-15588 21102
-16312 20509
-16312 20509
-16887 20024
-16887 20024
-17536 19408
-17536 19408
-18121 18822
-18121 18822
-18704 18323
-18704 18323
-19215 17769
-19215 17769
-19716 17101
-19716 17101
-20411 16646
-20411 16646
-20975 15885
-20975 15885
-21316 15238
-21316 15238
-21732 14585
-21732 14585
-22193 13856
-22193 13856
-22666 13289
-22666 13289
-22897 12444
-22897 12444
-23274 11801
-23274 11801
-23633 11129
-23633 11129
-23914 10320
-23914 10320
-24251 9572
-24251 9572
-24499 9038
-24499 9038
-24795 8311
-24795 8311
-25025 7533
-25025 7533
-25232 6688
-25232 6688
-25395 5796
-25395 5796
-25646 5175
-25646 5175
-25628 4190
-25628 4190
-25824 3292
-25824 3292
-26012 2677
-26012 2677
-25929 1869
-25929 1869
-26099 1125
-26099 1125
-26151 186
-26151 186
-26012 -680
-26012 -680
-26142 -1445
-26142 -1445
-26014 -2243
-26014 -2243
-25931 -2979
-25931 -2979
-25798 -3825
-25798 -3825
-25613 -4587
-25613 -4587
-25429 -5427
-25429 -5427
-25355 -6088
-25355 -6088
-25134 -6963
-25134 -6963
-24946 -7757
-24946 -7757
-24637 -8559
-24637 -8559
-24441 -9204
-24441 -9204
-24235 -9968
-24235 -9968
-23854 -10789
-23854 -10789
-23377 -11397
-23377 -11397
-23001 -12050
-23001 -12050
-22642 -12859
-22642 -12859
-22333 -13522
-22333 -13522
-21848 -14190
-21848 -14190
-21370 -14828
-21370 -14828
-20937 -15438
-20937 -15438
-20436 -16089
-20436 -16089
-19898 -16718
-19898 -16718
-19531 -17336
-19531 -17336
-18862 -17934
-18862 -17934
-18329 -18585
-18329 -18585
-17666 -19181
-17666 -19181
-17261 -19716
-17261 -19716
-16567 -20216
-16567 -20216
-15881 -20649
-15881 -20649
-15228 -21104
-15228 -21104
-14539 -21699
-14539 -21699
-13960 -22049
-13960 -22049
-13293 -22543
-13293 -22543
-12642 -22904
-12642 -22904
-12061 -23237
-12061 -23237
-11101 -23622
-11101 -23622
-10435 -23940
-10435 -23940
-9717 -24272
-9717 -24272
-8985 -24479
-8985 -24479
-8317 -24870
-8317 -24870
-7536 -25032
-7536 -25032
-6640 -25262
-6640 -25262
-5924 -25352
-5924 -25352
-5189 -25538
-5189 -25538
-4286 -25600
-4286 -25600
-3509 -25689
-3509 -25689
-2761 -25926
-2761 -25926
-1973 -25929
-1973 -25929
-1211 -25992
-1211 -25992
-308 -26099
-308 -26099
472 -26158
472 -26158
1321 -25983
1321 -25983
2147 -26031
2147 -26031
2969 -25970
2969 -25970
3693 -25793
3693 -25793
4559 -25626
4559 -25626
5257 -25552
5257 -25552
6005 -25330
6005 -25330
6746 -25179
6746 -25179
7670 -25061
7670 -25061
8327 -24747
8327 -24747
9163 -24530
9163 -24530
9890 -24266
9890 -24266
10548 -23910
10548 -23910
11339 -23635
11339 -23635
11938 -23249
11938 -23249
12766 -22911
12766 -22911
13502 -22553
13502 -22553
14192 -22200
14192 -22200
14617 -21500
14617 -21500
15382 -20963
15382 -20963
16089 -20699
16089 -20699
16650 -20207
16650 -20207
17346 -19651
17346 -19651
17937 -19184
17937 -19184
18519 -18559
18519 -18559
18956 -17906
18956 -17906
19472 -17315
19472 -17315
20193 -16728
20193 -16728
20602 -16150
20602 -16150
21147 -15469
21147 -15469
21661 -14910
21661 -14910
21882 -14368
21882 -14368
22300 -13609
22300 -13609
22636 -12832
22636 -12832
23160 -12061
23160 -12061
23463 -11349
23463 -11349
23870 -10591
23870 -10591
24129 -9998
24129 -9998
24436 -9190
24436 -9190
24722 -8460
24722 -8460
24990 -7740
24990 -7740
25163 -6800
25163 -6800
25405 -6089
25405 -6089
25616 -5441
25616 -5441
25659 -4547
25659 -4547
25752 -3776
25752 -3776
25922 -3041
25922 -3041
25967 -2200
25967 -2200
25975 -1300
25975 -1300
25863 -672
25863 -672
25970 147
25970 147
25946 859
25946 859
25911 1716
25911 1716
25789 2525
25789 2525
25734 3402
25734 3402
25598 4108
25598 4108
25450 4954
25450 4954
25396 5730
25396 5730
25204 6435
25204 6435
25016 7160
25016 7160
24759 7951
24759 7951
24527 8646
24527 8646
24417 9433
24417 9433
23972 10178
23972 10178
23663 10977
23663 10977
23279 11716
23279 11716
22837 12339
22837 12339
22508 13075
22508 13075
22183 13856
22183 13856
21766 14612
21766 14612
21178 15324
21178 15324
20855 15829
20855 15829
20174 16428
20174 16428
19783 17136
19783 17136
19206 17705
19206 17705
18516 18258
18516 18258
18020 18971
18020 18971
17528 19437
17528 19437
16829 19845
16829 19845
16317 20349
16317 20349
15544 20863
15544 20863
14935 21287
14935 21287
14357 21768
14357 21768
13665 22191
13665 22191
12976 22669
12976 22669
12215 23011
12215 23011
11552 23313
11552 23313
10722 23657
10722 23657
9924 24022
9924 24022
9341 24394
9341 24394
8568 24672
8568 24672
7807 24866
7807 24866
6968 25142
6968 25142
6379 25355
6379 25355
5479 25496
5479 25496
4808 25611
4808 25611
3821 25810
3821 25810
3137 25849
3137 25849
2409 26112
2409 26112
1413 26111
1413 26111
748 26139
748 26139
-95 26186
-95 26186
-887 26107
-887 26107
-1549 26028
-1549 26028
-2516 25999
-2516 25999
-3228 25898
-3228 25898
-4186 25811
-4186 25811
-5018 25682
-5018 25682
-5731 25449
-5731 25449
-6355 25384
-6355 25384
-7155 25012
-7155 25012
-8030 24954
-8030 24954
-8709 24689
-8709 24689
-9368 24305
-9368 24305
-10160 24118
-10160 24118
-10887 23812
-10887 23812
-11804 23360
-11804 23360
-12478 23125
-12478 23125
-13322 22760
-13322 22760
-13912 22330
-13912 22330
-14680 21867
-14680 21867
-15108 21366
-15108 21366
-15718 20882
-15718 20882
-16460 20512
-16460 20512
-16913 19894
-16913 19894
-17595 19212
-17595 19212
-18238 18831
-18238 18831
-18686 18293
-18686 18293
-19239 17581
-19239 17581
-19719 17081
-19719 17081
-20317 16366
-20317 16366
-20812 15676
-20812 15676
-21240 15118
-21240 15118
-21786 14549
-21786 14549
-22127 13703
-22127 13703
-22706 13042
-22706 13042
-23011 12308
-23011 12308
-23327 11674
-23327 11674
-23718 10941
-23718 10941
-24013 10154
-24013 10154
-24372 9538
-24372 9538
-24574 8875
-24574 8875
-24893 8147
-24893 8147
-25063 7342
-25063 7342
-25301 6418
-25301 6418
-25388 5678
-25388 5678
-25583 4805
-25583 4805
-25678 4162
-25678 4162
-25855 3224
-25855 3224
-25964 2407
-25964 2407
-26009 1696
-26009 1696
-25963 955
-25963 955
-26027 45
-26027 45
-25900 -840
-25900 -840
-25881 -1611
-25881 -1611
-25894 -2273
-25894 -2273
-25780 -3276
-25780 -3276
-25809 -3977
-25809 -3977
-25599 -4745
-25599 -4745
-25356 -5519
-25356 -5519
-25186 -6356
-25186 -6356
-25055 -7135
-25055 -7135
-24804 -7864
-24804 -7864
-24490 -8551
-24490 -8551
-24388 -9426
-24388 -9426
-24177 -10109
-24177 -10109
-23655 -10894
-23655 -10894
-23355 -11534
-23355 -11534
-23023 -12217
-23023 -12217
-22575 -12975
-22575 -12975
-22308 -13703
-22308 -13703
-21655 -14380
-21655 -14380
-21325 -15022
-21325 -15022
-20934 -15680
-20934 -15680
-20406 -16312
-20406 -16312
-19819 -16746
-19819 -16746
-19255 -17431
-19255 -17431
-18739 -17976
-18739 -17976
-18276 -18710
-18276 -18710
-17726 -19031
-17726 -19031
-17038 -19645
-17038 -19645
-16287 -20252
-16287 -20252
-15809 -20622
-15809 -20622
-15199 -21287
-15199 -21287
-14392 -21679
-14392 -21679
-13835 -22199
-13835 -22199
-12998 -22568
-12998 -22568
-12350 -22834
-12350 -22834
-11698 -23380
-11698 -23380
-10923 -23667
-10923 -23667
-10177 -24160
-10177 -24160
-9489 -24434
-9489 -24434
-8730 -24491
-8730 -24491
-8008 -24732
-8008 -24732
-7136 -25054
-7136 -25054
-6558 -25296
-6558 -25296
-5731 -25475
-5731 -25475
-5011 -25493
-5011 -25493
-4097 -25712
-4097 -25712
-3289 -25887
-3289 -25887
-2484 -25917
-2484 -25917
-1796 -26099
-1796 -26099
-1079 -26053
-1079 -26053
-151 -26073
-151 -26073
649 -26130
649 -26130
1444 -26033
1444 -26033
2244 -25981
2244 -25981
3000 -25889
3000 -25889
3752 -25827
3752 -25827
4450 -25598
4450 -25598
5518 -25524
5518 -25524
6137 -25433
6137 -25433
6943 -25147
6943 -25147
7674 -24887
7674 -24887
8476 -24715
8476 -24715
9086 -24445
9086 -24445
10018 -24216
10018 -24216
10706 -23920
10706 -23920
11462 -23480
11462 -23480
12187 -23294
12187 -23294
12888 -22781
12888 -22781
13622 -22461
13622 -22461
14280 -22062
14280 -22062
14841 -21560
14841 -21560
15493 -21025
15493 -21025
16189 -20559
16189 -20559
16810 -20082
16810 -20082
17365 -19598
17365 -19598
18121 -19105
18121 -19105
18439 -18447
18439 -18447
19209 -17923
19209 -17923
19703 -17228
19703 -17228
20316 -16633
20316 -16633
20695 -16042
20695 -16042
21250 -15480
21250 -15480
21757 -14691
21757 -14691
21982 -14108
21982 -14108
22425 -13380
22425 -13380
22849 -12502
22849 -12502
23240 -11950
23240 -11950
23538 -11236
23538 -11236
24006 -10491
24006 -10491
24236 -9733
24236 -9733
24643 -9054
24643 -9054
24900 -8183
24900 -8183
25005 -7539
25005 -7539
25242 -6826
25242 -6826
25495 -6050
25495 -6050
25630 -5260
25630 -5260
25811 -4469
25811 -4469
25879 -3689
25879 -3689
25936 -2776
25936 -2776
26017 -2072
26017 -2072
25993 -1198
25993 -1198
26046 -503
26046 -503
26091 206
26091 206
26034 958
26034 958
26093 1786
26093 1786
25928 2689
25928 2689
25756 3319
25756 3319
25675 4320
25675 4320
25543 4926
25543 4926
25480 5821
25480 5821
25161 6634
25161 6634
24972 7440
24972 7440
24780 8093
24780 8093
24419 8987
24419 8987
24230 9697
24230 9697
23897 10412
23897 10412
23546 11050
23546 11050
23205 11865
23205 11865
22924 12607
22924 12607
22497 13396
22497 13396
22048 13986
22048 13986
21577 14696
21577 14696
21095 15250
21095 15250
20635 15983
20635 15983
20117 16604
20117 16604
19589 17221
19589 17221
18991 17899
18991 17899
18433 18411
18433 18411
17905 19024
17905 19024
17319 19536
17319 19536
16804 20114
16804 20114
16137 20633
16137 20633
15595 21028
15595 21028
14742 21525
14742 21525
14217 21905
14217 21905
13405 22465
13405 22465
12745 22760
12745 22760
12202 23156
12202 23156
11405 23528
11405 23528
10536 23945
10536 23945
9913 23997
9913 23997
9043 24508
9043 24508
8322 24796
8322 24796
7568 24904
7568 24904
6976 25235
6976 25235
6305 25433
6305 25433
5454 25676
5454 25676
4645 25619
4645 25619
3730 25916
3730 25916
3083 26100
3083 26100
2216 25934
2216 25934
1335 25986
1335 25986
667 26205
667 26205
-161 26213
-161 26213
-760 26146
-760 26146
-1694 26049
-1694 26049
-2569 25897
-2569 25897
-3403 25966
-3403 25966
-4152 25889
-4152 25889
-5029 25709
-5029 25709
-5691 25491
-5691 25491
-6571 25287
-6571 25287
-7330 25138
-7330 25138
-7949 25004
-7949 25004
-8854 24633
-8854 24633
-9609 24339
-9609 24339
-10262 23990
-10262 23990
-11096 23751
-11096 23751
-11807 23441
-11807 23441
-12478 23003
-12478 23003
-13257 22541
-13257 22541
-13907 22170
-13907 22170
-14600 21687
-14600 21687
-15320 21455
-15320 21455
-15764 20955
-15764 20955
-16495 20255
-16495 20255
-17004 19794
-17004 19794
-17768 19246
-17768 19246
-18294 18745
-18294 18745
-18912 18157
-18912 18157
-19454 17540
-19454 17540
-19885 16920
-19885 16920
-20532 16324
-20532 16324
-21003 15509
-21003 15509
-21281 14938
-21281 14938
-21785 14254
-21785 14254
-22271 13594
-22271 13594
-22723 12902
-22723 12902
-23090 12269
-23090 12269
-23521 11474
-23521 11474
-23910 10822
-23910 10822
-24052 10043
-24052 10043
-24383 9286
-24383 9286
-24705 8568
-24705 8568
-24924 7740
-24924 7740
-25127 6969
-25127 6969
-25267 6211
-25267 6211
-25421 5355
-25421 5355
-25732 4614
-25732 4614
-25861 3859
-25861 3859
-25888 2965
-25888 2965
-26115 2239
-26115 2239
-26052 1496
-26052 1496
-26077 706
-26077 706
-25972 -118
-25972 -118
-25882 -967
-25882 -967
-25976 -1735
-25976 -1735
-25926 -2421
-25926 -2421
-25768 -3238
-25768 -3238
-25777 -4185
-25777 -4185
-25608 -4930
-25608 -4930
-25478 -5777
-25478 -5777
-25085 -6399
-25085 -6399
-25053 -7270
-25053 -7270
-24810 -7917
-24810 -7917
-24459 -8803
-24459 -8803
-24177 -9453
-24177 -9453
-23938 -10273
-23938 -10273
-23575 -11051
-23575 -11051
-23085 -11785
-23085 -11785
-22782 -12459
-22782 -12459
-22368 -12950
-22368 -12950
-22080 -13800
-22080 -13800
-21661 -14461
-21661 -14461
-21260 -15127
-21260 -15127
-20657 -15800
-20657 -15800
-20244 -16375
-20244 -16375
-19635 -16922
-19635 -16922
-19186 -17493
-19186 -17493
-18558 -18166
-18558 -18166
-18094 -18722
-18094 -18722
-17508 -19243
-17508 -19243
-16898 -19776
-16898 -19776
-16201 -20305
-16201 -20305
-15630 -20871
-15630 -20871
-14923 -21377
-14923 -21377
-14295 -21911
-14295 -21911
-13629 -22245
-13629 -22245
-13072 -22559
-13072 -22559
-12271 -23141
-12271 -23141
-11545 -23484
-11545 -23484
-10918 -23719
-10918 -23719
-10151 -24114
-10151 -24114
-9483 -24433
-9483 -24433
-8679 -24777
-8679 -24777
-7950 -24909
-7950 -24909
-7073 -25093
-7073 -25093
-6381 -25403
-6381 -25403
-5588 -25568
-5588 -25568
-4825 -25648
-4825 -25648
-4087 -25839
-4087 -25839
-3233 -25830
-3233 -25830
-2488 -25994
-2488 -25994
-1549 -26005
-1549 -26005
-818 -26025
-818 -26025
-34 -26008
-34 -26008
776 -25976
776 -25976
1560 -26068
1560 -26068
2294 -25969
2294 -25969
3141 -25908
3141 -25908
3809 -25983
3809 -25983
4707 -25737
4707 -25737
5513 -25537
5513 -25537
6273 -25348
6273 -25348
7071 -25184
7071 -25184
7823 -24936
7823 -24936
8599 -24859
8599 -24859
9453 -24508
9453 -24508
10231 -24250
10231 -24250
10839 -23845
10839 -23845
11515 -23504
11515 -23504
12360 -23142
12360 -23142
12946 -22664
12946 -22664
13744 -22323
13744 -22323
14303 -21973
14303 -21973
14988 -21401
14988 -21401
15646 -20978
15646 -20978
16351 -20573
16351 -20573
16926 -19976
16926 -19976
17559 -19493
17559 -19493
18070 -18885
18070 -18885
18792 -18264
18792 -18264
19145 -17842
19145 -17842
19868 -17073
19868 -17073
20333 -16586
20333 -16586
20839 -15945
20839 -15945
21318 -15310
21318 -15310
21685 -14724
21685 -14724
22163 -13866
22163 -13866
22566 -13242
22566 -13242
22986 -12690
22986 -12690
23438 -11869
23438 -11869
23741 -11087
23741 -11087
23953 -10276
23953 -10276
24247 -9628
24247 -9628
24564 -8829
24564 -8829
24930 -8093
24930 -8093
25015 -7336
25015 -7336
25186 -6620
25186 -6620
25389 -5771
25389 -5771
25637 -5025
25637 -5025
25690 -4243
25690 -4243
25879 -3517
25879 -3517
25953 -2672
25953 -2672
26008 -1797
26008 -1797
25987 -1125
25987 -1125
26033 -218
26033 -218
26017 388
26017 388
25941 1305
25941 1305
25961 2125
25961 2125
25779 2828
25779 2828
25647 3676
25647 3676
25671 4440
25671 4440
25376 5368
25376 5368
25362 6008
25362 6008
25104 6867
25104 6867
24888 7622
24888 7622
24642 8506
24642 8506
24355 9137
24355 9137
24132 9860
24132 9860
23801 10592
23801 10592
23436 11329
23436 11329
23008 12020
23008 12020
22679 12804
22679 12804
22394 13502
22394 13502
21995 14240
21995 14240
21522 14838
21522 14838
21048 15514
21048 15514
20469 16030
20469 16030
20017 16776
20017 16776
19503 17341
19503 17341
18857 17892
18857 17892
18345 18520
18345 18520
17777 19103
17777 19103
17180 19524
17180 19524
16655 20096
16655 20096
15981 20710
15981 20710
15423 21127
15423 21127
14648 21671
14648 21671
14069 22088
14069 22088
13332 22474
13332 22474
12571 22941
12571 22941
11927 23280
11927 23280
11050 23655
11050 23655
10432 23992
10432 23992
9608 24344
9608 24344
9017 24457
9017 24457
8283 24745
8283 24745
7471 24881
7471 24881
6718 25139
6718 25139
5984 25457
5984 25457
5071 25633
5071 25633
4263 25727
4263 25727
3706 25870
3706 25870
2819 25890
2819 25890
2033 26020
2033 26020
1264 26064
1264 26064
470 26073
470 26073
-319 26042
-319 26042
-1222 26001
-1222 26001
-1894 25946
-1894 25946
-2807 25832
-2807 25832
-3527 25782
-3527 25782
-4360 25785
-4360 25785
-5188 25646
-5188 25646
-5925 25420
-5925 25420
-6805 25297
-6805 25297
-7534 25045
-7534 25045
-8290 24801
-8290 24801
-9096 24712
-9096 24712
-9749 24289
-9749 24289
-10589 23921
-10589 23921
-11273 23717
-11273 23717
-12022 23454
-12022 23454
-12675 22988
-12675 22988
-13449 22596
-13449 22596
-14106 22170
-14106 22170
-14739 21781
-14739 21781
-15470 21261
-15470 21261
-16189 20863
-16189 20863
-16652 20267
-16652 20267
-17224 19701
-17224 19701
-17874 19053
-17874 19053
-18400 18583
-18400 18583
-18922 18038
-18922 18038
-19504 17347
-19504 17347
-20078 16802
-20078 16802
-20685 16156
-20685 16156
-21066 15473
-21066 15473
-21548 14922
-21548 14922
-21962 14237
-21962 14237
-22442 13421
-22442 13421
-22823 12900
-22823 12900
-23174 12151
-23174 12151
-23500 11318
-23500 11318
-23764 10654
-23764 10654
-24204 10023
-24204 10023
-24504 9117
-24504 9117
-24738 8500
-24738 8500
-24860 7814
-24860 7814
-25157 6930
-25157 6930
-25308 6254
-25308 6254
-25533 5484
-25533 5484
-25617 4584
-25617 4584
-25798 3770
-25798 3770
-25863 3002
-25863 3002
-25873 2232
-25873 2232
-26004 1458
-26004 1458
-25964 561
-25964 561
-26051 -321
-26051 -321
-25925 -1030
-25925 -1030
-25937 -1896
-25937 -1896
-25846 -2562
-25846 -2562
-25600 -3484
-25600 -3484
-25690 -4268
-25690 -4268
-25512 -5080
-25512 -5080
-25258 -5861
-25258 -5861
-25201 -6592
-25201 -6592
-24893 -7245
-24893 -7245
-24746 -8164
-24746 -8164
-24411 -8848
-24411 -8848
-24225 -9643
-24225 -9643
-23925 -10477
-23925 -10477
-23570 -11058
-23570 -11058
-23201 -11776
-23201 -11776
-22864 -12554
-22864 -12554
-22314 -13016
-22314 -13016
-22098 -13837
-22098 -13837
-21665 -14514
-21665 -14514
-21070 -15211
-21070 -15211
-20663 -15905
-20663 -15905
-20203 -16474
-20203 -16474
-19581 -17043
-19581 -17043
-19103 -17707
-19103 -17707
-18564 -18346
-18564 -18346
-18039 -18904
-18039 -18904
-17410 -19497
-17410 -19497
-16690 -19913
-16690 -19913
-16066 -20581
-16066 -20581
-15573 -20944
-15573 -20944
-14845 -21355
-14845 -21355
-14082 -21974
-14082 -21974
-13525 -22216
-13525 -22216
-12876 -22765
-12876 -22765
-12088 -23212
-12088 -23212
-11415 -23466
-11415 -23466
-10726 -23910
-10726 -23910
-9915 -24176
-9915 -24176
-9077 -24404
-9077 -24404
-8480 -24711
-8480 -24711
-7862 -24882
-7862 -24882
-6913 -25103
-6913 -25103
-6224 -25364
-6224 -25364
-5422 -25486
-5422 -25486
-4756 -25798
-4756 -25798
-3682 -25704
-3682 -25704
-3011 -25924
-3011 -25924
-2274 -25993
-2274 -25993
-1294 -26082
-1294 -26082
-614 -26134
-614 -26134
150 -26136
150 -26136
889 -26015
889 -26015
1671 -25898
1671 -25898
2462 -26051
2462 -26051
3280 -25896
3280 -25896
4068 -25656
4068 -25656
4872 -25623
4872 -25623
5631 -25413
5631 -25413
6438 -25354
6438 -25354
7232 -25063
7232 -25063
8015 -24879
8015 -24879
8836 -24612
8836 -24612
9470 -24305
9470 -24305
10266 -24006
10266 -24006
11148 -23729
11148 -23729
11680 -23429
11680 -23429
12499 -22983
12499 -22983
13201 -22581
13201 -22581
13979 -22197
13979 -22197
14494 -21794
14494 -21794
15160 -21196
15160 -21196
15797 -20899
15797 -20899
16383 -20320
16383 -20320
17160 -19704
17160 -19704
17709 -19309
17709 -19309
18343 -18814
18343 -18814
18872 -18292
18872 -18292
19367 -17687
19367 -17687
19828 -17073
19828 -17073
20477 -16370
20477 -16370
20981 -15748
20981 -15748
21548 -15134
21548 -15134
21828 -14515
21828 -14515
22186 -13692
22186 -13692
22615 -13008
22615 -13008
22935 -12370
22935 -12370
23379 -11734
23379 -11734
23763 -10982
23763 -10982
24082 -10260
24082 -10260
24434 -9360
24434 -9360
24704 -8664
24704 -8664
24929 -7935
24929 -7935
25128 -7133
25128 -7133
25417 -6282
25417 -6282
25549 -5607
25549 -5607
25601 -4788
25601 -4788
25771 -4126
25771 -4126
25947 -3237
25947 -3237
26032 -2429
26032 -2429
26062 -1567
26062 -1567
26051 -853
26051 -853
26077 -194
26077 -194
26084 643
26084 643
26098 1473
26098 1473
26094 2152
26094 2152
25968 2987
25968 2987
25852 3833
25852 3833
25656 4664
25656 4664
25431 5329
25431 5329
25290 6258
25290 6258
25042 6993
25042 6993
24962 7746
24962 7746
24618 8533
24618 8533
24407 9367
24407 9367
24119 10028
24119 10028
23726 10853
23726 10853
23486 11585
23486 11585
23095 12286
23095 12286
22696 13013
22696 13013
22162 13690
22162 13690
21956 14308
21956 14308
21435 15073
21435 15073
20953 15586
20953 15586
20454 16442
20454 16442
20062 16956
20062 16956
19581 17410
19581 17410
18936 18074
18936 18074
18382 18701
18382 18701
17798 19208
17798 19208
17170 19691
17170 19691
16574 20249
16574 20249
15950 20698
15950 20698
15293 21170
15293 21170
14622 21725
14622 21725
13863 22065
13863 22065
13248 22589
13248 22589
12575 22908
12575 22908
11889 23341
11889 23341
11068 23599
11068 23599
10507 23942
10507 23942
9736 24278
9736 24278
8916 24680
8916 24680
8246 24762
8246 24762
7359 25056
7359 25056
6603 25324
6603 25324
5907 25434
5907 25434
5194 25644
5194 25644
4246 25686
4246 25686
3590 25827
3590 25827
2686 26050
2686 26050
1967 26235
1967 26235
1100 26150
1100 26150
186 26151
186 26151
-477 26099
-477 26099
-1418 26148
-1418 26148
-2209 25964
-2209 25964
-2899 26022
-2899 26022
-3814 25831
-3814 25831
-4500 25773
-4500 25773
-5440 25558
-5440 25558
-6003 25274
-6003 25274
-6924 25150
-6924 25150
-7684 24823
-7684 24823
-8484 24629
-8484 24629
-9202 24488
-9202 24488
-9903 24173
-9903 24173
-10773 23890
-10773 23890
-11377 23654
-11377 23654
-12101 23220
-12101 23220
-12899 22867
-12899 22867
-13489 22411
-13489 22411
-14245 21933
-14245 21933
-14902 21557
-14902 21557
-15425 21096
-15425 21096
-16093 20564
-16093 20564
-16646 20135
-16646 20135
-17227 19553
-17227 19553
-18053 18999
-18053 18999
-18519 18498
-18519 18498
-19112 17883
-19112 17883
-19541 17306
-19541 17306
-20229 16721
-20229 16721
-20697 15980
-20697 15980
-21155 15337
-21155 15337
-21714 14864
-21714 14864
-22076 14052
-22076 14052
-22501 13402
-22501 13402
-22885 12708
-22885 12708
-23284 11965
-23284 11965
-23541 11246
-23541 11246
-23922 10593
-23922 10593
-24261 9763
-24261 9763
-24426 8928
-24426 8928
-24744 8463
-24744 8463
-24994 7545
-24994 7545
-25282 6700
-25282 6700
-25365 6114
-25365 6114
-25582 5260
-25582 5260
-25778 4400
-25778 4400
-25751 3570
-25751 3570
-25991 2800
-25991 2800
-26021 1910
-26021 1910
-25931 1194
-25931 1194
-26000 315
-26000 315
-25970 -372
-25970 -372
-26024 -1278
-26024 -1278
-25948 -1937
-25948 -1937
-25799 -2868
-25799 -2868
-25808 -3600
-25808 -3600
-25679 -4360
-25679 -4360
-25535 -5085
-25535 -5085
-25328 -6008
-25328 -6008
-25184 -6738
-25184 -6738
-24908 -7576
-24908 -7576
-24618 -8181
-24618 -8181
-24386 -8972
-24386 -8972
-24125 -9742
-24125 -9742
-23781 -10323
-23781 -10323
-23368 -11239
-23368 -11239
-23151 -11951
-23151 -11951
-22781 -12654
-22781 -12654
-22312 -13389
-22312 -13389
-22073 -14059
-22073 -14059
-21505 -14751
-21505 -14751
-21094 -15288
-21094 -15288
-20491 -15959
-20491 -15959
-20125 -16689
-20125 -16689
-19632 -17267
-19632 -17267
-19047 -17812
-19047 -17812
-18438 -18442
-18438 -18442
-17867 -18967
-17867 -18967
-17302 -19591
-17302 -19591
-16699 -20018
-16699 -20018
-16061 -20438
-16061 -20438
-15495 -20997
-15495 -20997
-14785 -21519
-14785 -21519
-14138 -21885
-14138 -21885
-13393 -22478
-13393 -22478
-12845 -22797
-12845 -22797
-11911 -23175
-11911 -23175
-11306 -23601
-11306 -23601
-10610 -23977
-10610 -23977
-9808 -24263
-9808 -24263
-9110 -24629
-9110 -24629
-8394 -24790
-8394 -24790
-7603 -24905
-7603 -24905
-6901 -25293
-6901 -25293
-5907 -25305
-5907 -25305
-5236 -25552
-5236 -25552
-4348 -25666
-4348 -25666
-3588 -25729
-3588 -25729
-2834 -25759
-2834 -25759
-1994 -25958
-1994 -25958
-1181 -25999
-1181 -25999
-448 -26046
-448 -26046
286 -25919
286 -25919
1148 -25926
1148 -25926
1873 -25995
1873 -25995
2696 -25827
2696 -25827
3518 -25745
3518 -25745
4325 -25707
4325 -25707
5129 -25534
5129 -25534
6020 -25295
6020 -25295
6778 -25136
6778 -25136
7430 -25022
7430 -25022
8287 -24716
8287 -24716
9046 -24582
9046 -24582
9749 -24210
9749 -24210
10388 -24017
10388 -24017
11245 -23652
11245 -23652
11836 -23264
11836 -23264
12698 -22681
12698 -22681
13362 -22471
13362 -22471
13991 -22056
13991 -22056
14617 -21717
14617 -21717
15397 -21094
15397 -21094
15967 -20768
15967 -20768
16494 -20351
16494 -20351
17253 -19809
17253 -19809
17778 -19263
17778 -19263
18398 -18694
18398 -18694
18932 -18126
18932 -18126
19429 -17560
19429 -17560
20133 -16972
20133 -16972
20538 -16329
20538 -16329
20976 -15727
20976 -15727
21547 -15123
21547 -15123
21984 -14382
21984 -14382
22263 -13765
22263 -13765
22716 -13020
22716 -13020
23138 -12238
23138 -12238
23710 -11672
23710 -11672
23858 -11029
23858 -11029
24196 -10155
24196 -10155
24458 -9422
24458 -9422
24683 -8613
24683 -8613
24900 -7875
24900 -7875
25120 -7098
25120 -7098
25391 -6276
25391 -6276
25534 -5517
25534 -5517
25794 -4856
25794 -4856
25910 -4033
25910 -4033
26059 -3209
26059 -3209
26083 -2300
26083 -2300
26157 -1582
26157 -1582
26118 -713
26118 -713
26138 -17
26138 -17
26136 765
26136 765
26094 1498
26094 1498
26042 2302
26042 2302
25923 3170
25923 3170
25776 4045
25776 4045
25596 4871
25596 4871
25405 5594
25405 5594
25320 6339
25320 6339
25153 7097
25153 7097
24920 7792
24920 7792
24633 8537
24633 8537
24321 9319
24321 9319
24002 10206
24002 10206
23710 10903
23710 10903
23247 11600
23247 11600
23025 12273
23025 12273
22588 12905
22588 12905
22322 13664
22322 13664
21789 14380
21789 14380
21392 15039
21392 15039
20877 15749
20877 15749
20353 16385
20353 16385
19908 17005
19908 17005
19363 17618
19363 17618
18699 18278
18699 18278
18109 18838
18109 18838
17656 19390
17656 19390
17014 19824
17014 19824
16396 20311
16396 20311
15808 20819
15808 20819
15088 21262
15088 21262
14400 21738
14400 21738
13778 22290
13778 22290
13107 22628
13107 22628
12349 23007
12349 23007
11635 23351
11635 23351
10881 23696
10881 23696
10161 24036
10161 24036
9412 24330
9412 24330
8676 24583
8676 24583
7828 24901
7828 24901
7152 25068
7152 25068
6411 25279
6411 25279
5691 25456
5691 25456
4926 25597
4926 25597
4315 25633
4315 25633
3375 25837
3375 25837
2587 26029
2587 26029
1779 26032
1779 26032
1057 25992
1057 25992
208 26004
208 26004
-621 25898
-621 25898
-1492 25876
-1492 25876
-2354 25910
-2354 25910
-3041 25935
-3041 25935
-3885 25712
-3885 25712
-4740 25687
-4740 25687
-5445 25526
-5445 25526
-6259 25351
-6259 25351
-7020 25170
-7020 25170
-7753 24737
-7753 24737
-8613 24560
-8613 24560
-9336 24416
-9336 24416
-10131 24113
-10131 24113
-10840 23729
-10840 23729
-11540 23473
-11540 23473
-12257 23078
-12257 23078
-12952 22661
-12952 22661
-13676 22200
-13676 22200
-14340 21866
-14340 21866
-15019 21502
-15019 21502
-15672 21049
-15672 21049
-16297 20511
-16297 20511
-16814 19878
-16814 19878
-17392 19352
-17392 19352
-18121 18835
-18121 18835
-18606 18444
-18606 18444
-19146 17733
-19146 17733
-19622 17162
-19622 17162
-20077 16603
-20077 16603
-20786 15997
-20786 15997
-21222 15413
-21222 15413
-21469 14677
-21469 14677
-22105 14004
-22105 14004
-22516 13324
-22516 13324
-22967 12469
-22967 12469
-23350 11783
-23350 11783
-23484 11089
-23484 11089
-23885 10334
-23885 10334
-24244 9622
-24244 9622
-24520 8836
-24520 8836
-24651 8181
-24651 8181
-24914 7434
-24914 7434
-25060 6713
-25060 6713
-25341 5768
-25341 5768
-25407 5071
-25407 5071
-25748 4255
-25748 4255
-25870 3388
-25870 3388
-25950 2643
-25950 2643
-26155 1809
-26155 1809
-26038 1076
-26038 1076
-26117 255
-26117 255
-25980 -633
-25980 -633
-26072 -1314
-26072 -1314
-25993 -2162
-25993 -2162
-25838 -2890
-25838 -2890
-25815 -3727
-25815 -3727
-25639 -4580
-25639 -4580
-25498 -5419
-25498 -5419
-25261 -6071
-25261 -6071
-25043 -6805
-25043 -6805
-24877 -7603
-24877 -7603
-24545 -8593
-24545 -8593
-24411 -9244
-24411 -9244
-24107 -9945
-24107 -9945
-23793 -10785
-23793 -10785
-23419 -11436
-23419 -11436
-22975 -12144
-22975 -12144
-22760 -12790
-22760 -12790
-22298 -13617
-22298 -13617
-21860 -14314
-21860 -14314
-21463 -14878
-21463 -14878
-20843 -15446
-20843 -15446
-20499 -16177
-20499 -16177
-19791 -16846
-19791 -16846
-19396 -17319
-19396 -17319
-18760 -18049
-18760 -18049
-18350 -18583
-18350 -18583
-17737 -19187
-17737 -19187
-17115 -19656
-17115 -19656
-16557 -20164
-16557 -20164
-15869 -20598
-15869 -20598
-15307 -21044
-15307 -21044
-14523 -21498
-14523 -21498
-13915 -22128
-13915 -22128
-13264 -22487
-13264 -22487
-12595 -22800
-12595 -22800
-11941 -23284
-11941 -23284
-11160 -23669
-11160 -23669
-10443 -23930
-10443 -23930
-9641 -24371
-9641 -24371
-9062 -24589
-9062 -24589
-8178 -24732
-8178 -24732
-7402 -24941
-7402 -24941
-6564 -25226
-6564 -25226
-6037 -25489
-6037 -25489
-5222 -25625
-5222 -25625
-4172 -25618
-4172 -25618
-3411 -25831
-3411 -25831
-2667 -25973
-2667 -25973
-1869 -26001
-1869 -26001
-1123 -26054
-1123 -26054
-287 -26093
-287 -26093
458 -26096
458 -26096
1311 -26003
1311 -26003
2131 -25934
2131 -25934
2915 -25957
2915 -25957
3619 -25825
3619 -25825
4423 -25606
4423 -25606
5352 -25517
5352 -25517
6016 -25378
6016 -25378
6864 -25184
6864 -25184
7686 -25027
7686 -25027
8347 -24767
8347 -24767
9123 -24481
9123 -24481
9805 -24131
9805 -24131
10535 -23816
10535 -23816
11339 -23500
11339 -23500
12129 -23105
12129 -23105
12697 -22835
12697 -22835
13468 -22226
13468 -22226
14225 -21949
14225 -21949
14760 -21536
14760 -21536
15380 -21048
15380 -21048
15961 -20577
15961 -20577
16662 -20096
16662 -20096
17177 -19564
17177 -19564
17837 -19011
17837 -19011
18475 -18533
18475 -18533
18991 -17979
18991 -17979
19770 -17418
19770 -17418
20107 -16792
20107 -16792
20627 -16028
20627 -16028
21031 -15533
21031 -15533
21645 -14872
21645 -14872
21994 -14246
21994 -14246
22427 -13621
22427 -13621
22679 -12946
22679 -12946
23269 -12163
23269 -12163
23647 -11536
23647 -11536
23913 -10797
23913 -10797
24210 -9940
24210 -9940
24542 -9106
24542 -9106
24872 -8446
24872 -8446
25000 -7615
25000 -7615
25260 -6884
25260 -6884
25554 -6059
25554 -6059
25640 -5344
25640 -5344
25761 -4503
25761 -4503
25860 -3731
25860 -3731
25981 -2976
25981 -2976
26116 -2094
26116 -2094
26137 -1356
26137 -1356
26045 -653
26045 -653
26193 228
26193 228
25977 906
25977 906
25967 1699
25967 1699
25876 2581
25876 2581
25868 3404
25868 3404
25744 4126
25744 4126
25623 4876
25623 4876
25481 5786
25481 5786
25272 6626
25272 6626
25162 7242
25162 7242
24722 8094
24722 8094
24493 8787
24493 8787
24350 9497
24350 9497
23890 10220
23890 10220
23610 11038
23610 11038
23262 11775
23262 11775
22839 12539
22839 12539
22499 13158
22499 13158
22067 14020
22067 14020
21717 14538
21717 14538
21185 15218
21185 15218
20748 15940
20748 15940
20245 16433
20245 16433
19890 17086
19890 17086
19198 17775
19198 17775
18637 18301
18637 18301
18112 18959
18112 18959
17474 19424
17474 19424
16969 19862
16969 19862
16364 20382
16364 20382
15684 21004
15684 21004
15071 21198
15071 21198
14370 21749
14370 21749
13684 22169
13684 22169
12865 22609
12865 22609
12362 22973
12362 22973
11408 23435
11408 23435
10713 23726
10713 23726
9999 24163
9999 24163
9311 24512
9311 24512
8404 24704
8404 24704
7837 24981
7837 24981
7053 25345
7053 25345
6247 25434
6247 25434
5442 25575
5442 25575
4703 25724
4703 25724
3934 25909
3934 25909
2984 25915
2984 25915
2266 25974
2266 25974
1560 26072
1560 26072
715 26102
715 26102
43 26130
43 26130
-849 26174
-849 26174
-1610 26146
-1610 26146
-2458 26040
-2458 26040
-3231 26046
-3231 26046
-4026 25790
-4026 25790
-4892 25597
-4892 25597
-5753 25349
-5753 25349
-6399 25218
-6399 25218
-7156 25043
-7156 25043
-8082 24826
-8082 24826
-8764 24577
-8764 24577
-9490 24279
-9490 24279
-10231 23999
-10231 23999
-10847 23722
-10847 23722
-11698 23394
-11698 23394
-12441 23024
-12441 23024
-13072 22649
-13072 22649
-13853 22231
-13853 22231
-14478 21826
-14478 21826
-15122 21411
-15122 21411
-15710 20923
-15710 20923
-16337 20366
-16337 20366
-16933 19986
-16933 19986
-17584 19446
-17584 19446
-18224 18849
-18224 18849
-18698 18337
-18698 18337
-19314 17720
-19314 17720
-19740 17051
-19740 17051
-20374 16367
-20374 16367
-20900 15817
-20900 15817
-21321 15126
-21321 15126
-21693 14483
-21693 14483
-22263 13865
-22263 13865
-22737 13238
-22737 13238
-22915 12424
-22915 12424
-23142 11655
-23142 11655
-23635 10910
-23635 10910
-23963 10258
-23963 10258
-24322 9493
-24322 9493
-24590 8661
-24590 8661
-24875 7936
-24875 7936
-24911 7237
-24911 7237
-25165 6286
-25165 6286
-25496 5556
-25496 5556
-25541 4795
-25541 4795
-25730 4111
-25730 4111
-25734 3234
-25734 3234
-25914 2577
-25914 2577
-25988 1588
-25988 1588
-25951 798
-25951 798
-26120 74
-26120 74
-25965 -821
-25965 -821
-25930 -1628
-25930 -1628
-25910 -2318
-25910 -2318
-25831 -3201
-25831 -3201
-25670 -3931
-25670 -3931
-25581 -4751
-25581 -4751
-25413 -5528
-25413 -5528
-25226 -6320
-25226 -6320
-25040 -7166
-25040 -7166
-24744 -7933
-24744 -7933
-24497 -8649
-24497 -8649
-24288 -9336
-24288 -9336
-23891 -9966
-23891 -9966
-23560 -10821
-23560 -10821
-23333 -11520
-23333 -11520
-22825 -12292
-22825 -12292
-22568 -13006
-22568 -13006
-22200 -13564
-22200 -13564
-21694 -14237
-21694 -14237
-21332 -14961
-21332 -14961
-20796 -15589
-20796 -15589
-20339 -16346
-20339 -16346
-19879 -16830
-19879 -16830
-19306 -17552
-19306 -17552
-18714 -17981
-18714 -17981
-18167 -18572
-18167 -18572
-17685 -19204
-17685 -19204
-16945 -19868
-16945 -19868
-16521 -20230
-16521 -20230
-15767 -20639
-15767 -20639
-15086 -21138
-15086 -21138
-14543 -21565
-14543 -21565
-13797 -22242
-13797 -22242
-13173 -22421
-13173 -22421
-12449 -22945
-12449 -22945
-11675 -23342
-11675 -23342
-10940 -23658
-10940 -23658
-10192 -23895
-10192 -23895
-9569 -24377
-9569 -24377
-8769 -24639
-8769 -24639
-8030 -24831
-8030 -24831
-7178 -25112
-7178 -25112
-6538 -25207
-6538 -25207
-5788 -25455
-5788 -25455
-4946 -25617
-4946 -25617
-4078 -25696
-4078 -25696
-3287 -25873
-3287 -25873
-2566 -26057
-2566 -26057
-1849 -26075
-1849 -26075
-1013 -26183
-1013 -26183
-224 -26091
-224 -26091
533 -25966
533 -25966
1321 -26091
1321 -26091
2121 -26097
2121 -26097
2954 -26021
2954 -26021
3813 -25775
3813 -25775
4658 -25683
4658 -25683
5382 -25561
5382 -25561
6222 -25379
6222 -25379
7080 -25226
7080 -25226
7786 -24995
7786 -24995
8472 -24814
8472 -24814
9227 -24432
9227 -24432
10008 -24280
10008 -24280
10723 -23868
10723 -23868
11467 -23625
11467 -23625
12333 -23159
12333 -23159
12873 -22643
12873 -22643
13630 -22341
13630 -22341
14390 -21940
14390 -21940
14851 -21613
14851 -21613
15519 -20980
15519 -20980
16137 -20557
16137 -20557
16829 -20014
16829 -20014
17363 -19528
17363 -19528
18024 -19001
18024 -19001
18584 -18518
18584 -18518
19196 -17855
19196 -17855
19810 -17154
19810 -17154
20232 -16663
20232 -16663
20601 -16001
20601 -16001
21228 -15313
21228 -15313
21665 -14814
21665 -14814
22013 -13959
22013 -13959
22530 -13376
22530 -13376
22902 -12611
22902 -12611
23267 -11965
23267 -11965
23619 -11233
23619 -11233
24009 -10533
24009 -10533
24172 -9793
24172 -9793
24563 -9113
24563 -9113
24855 -8390
24855 -8390
25061 -7561
25061 -7561
25169 -6678
25169 -6678
25351 -6049
25351 -6049
25562 -5350
25562 -5350
25694 -4459
25694 -4459
25889 -3698
25889 -3698
25898 -2862
25898 -2862
25999 -2038
25999 -2038
25937 -1231
25937 -1231
25992 -387
25992 -387
26147 311
26147 311
26037 975
26037 975
25999 1974
25999 1974
25979 2663
25979 2663
25850 3489
25850 3489
25704 4346
25704 4346
25509 5054
25509 5054
25339 5856
25339 5856
25149 6665
25149 6665
25064 7503
25064 7503
24718 8231
24718 8231
24413 9015
24413 9015
24184 9743
24184 9743
23829 10524
23829 10524
23441 11245
23441 11245
23065 11907
23065 11907
22745 12604
22745 12604
22391 13489
22391 13489
22207 14189
22207 14189
21513 14844
21513 14844
21098 15279
21098 15279
20651 16109
20651 16109
20111 16661
20111 16661
19687 17281
19687 17281
19094 17861
19094 17861
18417 18438
18417 18438
18002 19057
18002 19057
17350 19551
17350 19551
16735 20032
16735 20032
16160 20585
16160 20585
15507 21079
15507 21079
14798 21505
14798 21505
14213 21904
14213 21904
13517 22381
13517 22381
12887 22741
12887 22741
12048 23165
12048 23165
11436 23514
11436 23514
10703 23805
10703 23805
9945 24117
9945 24117
9130 24472
9130 24472
8326 24629
8326 24629
7760 25034
7760 25034
6938 25256
6938 25256
6196 25387
6196 25387
5521 25529
5521 25529
4566 25620
4566 25620
3886 25862
3886 25862
2978 25897
2978 25897
2195 25980
2195 25980
1413 25893
1413 25893
615 26031
615 26031
-183 26003
-183 26003
-954 26109
-954 26109
-1853 25870
-1853 25870
-2611 25892
-2611 25892
-3517 25786
-3517 25786
-4083 25776
-4083 25776
-5005 25556
-5005 25556
-5698 25379
-5698 25379
-6541 25340
-6541 25340
-7383 25048
-7383 25048
-8055 24889
-8055 24889
-8780 24598
-8780 24598
-9569 24249
-9569 24249
-10412 24021
-10412 24021
-11009 23685
-11009 23685
-11923 23321
-11923 23321
-12533 22948
-12533 22948
-13163 22600
-13163 22600
-13878 22161
-13878 22161
-14493 21766
-14493 21766
-15249 21318
-15249 21318
-15833 20841
-15833 20841
-16600 20333
-16600 20333
-17219 19797
-17219 19797
-17847 19204
-17847 19204
-18365 18693
-18365 18693
-18970 18075
-18970 18075
-19417 17566
-19417 17566
-19854 16885
-19854 16885
-20353 16388
-20353 16388
-20891 15611
-20891 15611
-21373 14998
-21373 14998
-21845 14335
-21845 14335
-22233 13698
-22233 13698
-22648 12919
-22648 12919
-23065 12210
-23065 12210
-23387 11417
-23387 11417
-23755 10975
-23755 10975
-23873 10115
-23873 10115
-24287 9329
-24287 9329
-24499 8589
-24499 8589
-24780 7983
-24780 7983
-25073 7066
-25073 7066
-25097 6265
-25097 6265
-25340 5474
-25340 5474
-25437 4672
-25437 4672
-25649 3999
-25649 3999
-25809 3217
-25809 3217
-25870 2267
-25870 2267
-25961 1646
-25961 1646
-26006 856
-26006 856
-26001 62
-26001 62
-25875 -840
-25875 -840
-25910 -1554
-25910 -1554
-25932 -2369
-25932 -2369
-25802 -3271
-25802 -3271
-25584 -3983
-25584 -3983
-25569 -4768
-25569 -4768
-25246 -5615
-25246 -5615
-25045 -6316
-25045 -6316
-24919 -7135
-24919 -7135
-24587 -7830
-24587 -7830
-24438 -8678
-24438 -8678
-24321 -9424
-24321 -9424
-23899 -10023
-23899 -10023
-23481 -10873
-23481 -10873
-23068 -11716
-23068 -11716
-22844 -12277
-22844 -12277
-22391 -13195
-22391 -13195
-22016 -13779
-22016 -13779
-21550 -14549
-21550 -14549
-21180 -15266
-21180 -15266
-20680 -15743
-20680 -15743
-20118 -16369
-20118 -16369
-19719 -17039
-19719 -17039
-19140 -17425
-19140 -17425
-18482 -18215
-18482 -18215
-17991 -18767
-17991 -18767
-17402 -19334
-17402 -19334
-16847 -19823
-16847 -19823
-16128 -20481
-16128 -20481
-15673 -20836
-15673 -20836
-15038 -21311
-15038 -21311
-14362 -21725
-14362 -21725
-13751 -22135
-13751 -22135
-13038 -22621
-13038 -22621
-12307 -23100
-12307 -23100
-11487 -23464
-11487 -23464
-10737 -23773
-10737 -23773
-10205 -24029
-10205 -24029
-9456 -24322
-9456 -24322
-8653 -24639
-8653 -24639
-8005 -24876
-8005 -24876
-7101 -25049
-7101 -25049
-6324 -25325
-6324 -25325
-5553 -25413
-5553 -25413
-4636 -25616
-4636 -25616
-3978 -25634
-3978 -25634
-3225 -25800
-3225 -25800
-2358 -25972
-2358 -25972
-1618 -26029
-1618 -26029
-670 -26032
-670 -26032
39 -26007
39 -26007
821 -26096
821 -26096
1518 -26018
1518 -26018
2385 -26030
2385 -26030
3185 -25895
3185 -25895
3854 -25950
3854 -25950
4719 -25695
4719 -25695
5346 -25533
5346 -25533
6272 -25268
6272 -25268
7094 -25148
7094 -25148
7812 -24868
7812 -24868
8604 -24614
8604 -24614
9428 -24480
9428 -24480
9987 -24071
9987 -24071
10965 -23688
10965 -23688
11533 -23493
11533 -23493
12328 -23062
12328 -23062
13069 -22666
13069 -22666
13714 -22276
13714 -22276
14457 -21819
14457 -21819
14981 -21422
14981 -21422
15601 -21036
15601 -21036
16426 -20401
16426 -20401
16966 -20031
16966 -20031
17649 -19448
17649 -19448
18217 -18950
18217 -18950
18729 -18220
18729 -18220
19342 -17877
19342 -17877
19942 -17020
19942 -17020
20425 -16520
20425 -16520
20963 -15800
20963 -15800
21512 -15188
21512 -15188
21949 -14588
21949 -14588
22283 -13840
22283 -13840
22578 -13139
22578 -13139
23021 -12413
23021 -12413
23423 -11867
23423 -11867
23610 -11000
23610 -11000
24031 -10260
24031 -10260
24296 -9555
24296 -9555
24506 -8780
24506 -8780
24912 -8074
24912 -8074
25001 -7280
25001 -7280
25194 -6564
25194 -6564
25540 -5797
25540 -5797
25623 -5034
25623 -5034
25718 -4196
25718 -4196
25903 -3468
25903 -3468
25868 -2589
25868 -2589
26042 -1737
26042 -1737
26030 -1057
26030 -1057
26193 -293
26193 -293
26012 557
26012 557
26014 1357
26014 1357
26008 2238
26008 2238
25869 2919
25869 2919
25825 3779
25825 3779
25644 4508
25644 4508
25516 5365
25516 5365
25434 6097
25434 6097
25213 6863
25213 6863
24992 7559
24992 7559
24713 8400
24713 8400
24392 9009
24392 9009
24160 9856
24160 9856
23775 10631
23775 10631
23508 11286
23508 11286
23100 12046
23100 12046
22779 12839
22779 12839
22259 13477
22259 13477
21937 14231
21937 14231
21435 14792
21435 14792
21064 15517
21064 15517
20574 16266
20574 16266
20205 16806
20205 16806
19549 17396
19549 17396
18995 17950
18995 17950
18396 18522
18396 18522
17817 19159
17817 19159
17289 19589
17289 19589
16626 20165
16626 20165
16101 20639
16101 20639
15478 21165
15478 21165
14818 21602
14818 21602
14065 22030
14065 22030
13630 22424
13630 22424
12823 22895
12823 22895
12063 23162
12063 23162
11335 23635
11335 23635
10596 23937
10596 23937
9773 24292
9773 24292
8960 24621
8960 24621
8289 24920
8289 24920
7563 25019
7563 25019
6579 25463
6579 25463
5935 25390
5935 25390
5168 25600
5168 25600
4305 25772
4305 25772
3521 25822
3521 25822
2833 25947
2833 25947
2112 25993
2112 25993
1151 26096
1151 26096
432 26024
432 26024
-425 26147
-425 26147
-1260 26182
-1260 26182
-2018 26014
-2018 26014
-2757 25887
-2757 25887
-3510 25832
-3510 25832
-4284 25760
-4284 25760
-5180 25620
-5180 25620
-5959 25415
-5959 25415
-6676 25374
-6676 25374
-7414 25046
-7414 25046
-8134 24690
-8134 24690
-9086 24557
-9086 24557
-9793 24245
-9793 24245
-10620 23910
-10620 23910
-11268 23586
-11268 23586
-11980 23325
-11980 23325
-12684 22929
-12684 22929
-13325 22477
-13325 22477
-14022 22120
-14022 22120
-14702 21624
-14702 21624
-15358 21335
-15358 21335
-15943 20647
-15943 20647
-16671 20348
-16671 20348
-17242 19680
-17242 19680
-17790 19125
-17790 19125
-18307 18607
-18307 18607
-18947 17950
-18947 17950
-19504 17434
-19504 17434
-19904 16856
-19904 16856
-20475 16250
-20475 16250
-21083 15596
-21083 15596
-21491 14976
-21491 14976
-21817 14182
-21817 14182
-22325 13504
-22325 13504
-22754 12822
-22754 12822
-23186 12122
-23186 12122
-23306 11507
-23306 11507
-23806 10678
-23806 10678
-24073 9902
-24073 9902
-24460 9173
-24460 9173
-24609 8578
-24609 8578
-24834 7793
-24834 7793
-25082 7016
-25082 7016
-25438 6177
-25438 6177
-25474 5481
-25474 5481
-25606 4668
-25606 4668
-25862 3712
-25862 3712
-25976 2995
-25976 2995
-26000 2319
-26000 2319
-26053 1500
-26053 1500
-26164 645
-26164 645
-26075 -237
-26075 -237
-25980 -952
-25980 -952
-25978 -1814
-25978 -1814
-25786 -2532
-25786 -2532
-25799 -3439
-25799 -3439
-25650 -4203
-25650 -4203
-25526 -5003
-25526 -5003
-25290 -5806
-25290 -5806
-25175 -6625
-25175 -6625
-24997 -7399
-24997 -7399
-24619 -7936
-24619 -7936
-24441 -8815
-24441 -8815
-24211 -9626
-24211 -9626
-24004 -10231
-24004 -10231
-23455 -10972
-23455 -10972
-23321 -11737
-23321 -11737
-22779 -12442
-22779 -12442
-22366 -13082
-22366 -13082
-22086 -13843
-22086 -13843
-21555 -14490
-21555 -14490
-21105 -15261
-21105 -15261
-20560 -15907
-20560 -15907
-20181 -16464
-20181 -16464
-19601 -17127
-19601 -17127
-19043 -17788
-19043 -17788
-18642 -18175
-18642 -18175
-18023 -18690
-18023 -18690
-17428 -19234
-17428 -19234
-16804 -19926
-16804 -19926
-16293 -20349
-16293 -20349
-15551 -20983
-15551 -20983
-14718 -21441
-14718 -21441
-14216 -21946
-14216 -21946
-13523 -22305
-13523 -22305
-12901 -22680
-12901 -22680
-12205 -23075
-12205 -23075
-11439 -23396
-11439 -23396
-10620 -23696
-10620 -23696
-9991 -24155
-9991 -24155
-9193 -24421
-9193 -24421
-8648 -24637
-8648 -24637
-7797 -24787
-7797 -24787
-7003 -25040
-7003 -25040
-6282 -25368
-6282 -25368
-5383 -25524
-5383 -25524
-4634 -25656
-4634 -25656
-3757 -25814
-3757 -25814
-3151 -26056
-3151 -26056
-2292 -25927
-2292 -25927
-1521 -25931
-1521 -25931
-528 -26028
-528 -26028
84 -25929
84 -25929
913 -26060
913 -26060
1563 -25979
1563 -25979
2485 -25927
2485 -25927
3218 -25847
3218 -25847
4042 -25626
4042 -25626
4962 -25616
4962 -25616
5636 -25460
5636 -25460
6450 -25258
6450 -25258
7333 -25097
7333 -25097
8089 -24863
8089 -24863
8801 -24556
8801 -24556
9465 -24269
9465 -24269
10351 -24034
10351 -24034
11066 -23746
11066 -23746
11854 -23248
11854 -23248
12473 -22919
12473 -22919
13224 -22548
13224 -22548
13999 -22280
13999 -22280
14443 -21730
14443 -21730
15197 -21244
15197 -21244
15725 -20757
15725 -20757
16467 -20454
16467 -20454
17087 -19877
17087 -19877
17644 -19241
17644 -19241
18178 -18748
18178 -18748
18835 -18205
18835 -18205
19476 -17532
19476 -17532
19977 -17061
19977 -17061
20431 -16334
20431 -16334
20965 -15693
20965 -15693
21495 -15058
21495 -15058
21841 -14583
21841 -14583
22268 -13781
22268 -13781
22704 -13107
22704 -13107
23083 -12367
23083 -12367
23522 -11626
23522 -11626
23916 -10944
23916 -10944
24227 -10182
24227 -10182
24443 -9393
24443 -9393
24678 -8643
24678 -8643
24882 -7952
24882 -7952
25037 -7266
25037 -7266
25429 -6496
25429 -6496
25563 -5727
25563 -5727
25680 -4968
25680 -4968
25758 -4157
25758 -4157
25869 -3259
25869 -3259
25979 -2553
25979 -2553
26039 -1606
26039 -1606
26057 -793
26057 -793
26062 -129
26062 -129
26059 640
26059 640
26067 1450
26067 1450
26142 2183
26142 2183
25926 3162
25926 3162
25835 3803
25835 3803
25604 4554
25604 4554
25573 5369
25573 5369
25358 6210
25358 6210
25117 6996
25117 6996
25001 7761
25001 7761
24745 8614
24745 8614
24334 9308
24334 9308
24158 10048
24158 10048
23755 10836
23755 10836
23507 11415
23507 11415
23097 12252
23097 12252
22649 12870
22649 12870
22320 13628
22320 13628
21805 14348
21805 14348
21368 15061
21368 15061
20934 15648
20934 15648
20563 16291
20563 16291
20008 16892
20008 16892
19430 17709
19430 17709
18716 18281
18716 18281
18257 18636
18257 18636
17674 19172
17674 19172
17044 19897
17044 19897
16485 20287
16485 20287
15931 20910
15931 20910
15319 21346
15319 21346
14559 21727
14559 21727
13783 22263
13783 22263
13202 22647
13202 22647
12650 23010
12650 23010
11732 23399
11732 23399
10988 23583
10988 23583
10378 23967
10378 23967
9665 24260
9665 24260
8874 24586
8874 24586
8207 24800
8207 24800
7286 24939
7286 24939
6603 25342
6603 25342
5823 25455
5823 25455
4983 25611
4983 25611
4144 25701
4144 25701
3384 25824
3384 25824
2599 26045
2599 26045
1703 26091
1703 26091
1060 26080
1060 26080
154 26163
154 26163
-610 26240
-610 26240
-1290 26147
-1290 26147
-2280 26001
-2280 26001
-3033 25967
-3033 25967
-3666 25865
-3666 25865
-4493 25655
-4493 25655
-5254 25582
-5254 25582
-5992 25442
-5992 25442
-6847 25276
-6847 25276
-7698 25079
-7698 25079
-8548 24707
-8548 24707
-9138 24431
-9138 24431
-9937 24143
-9937 24143
-10727 23884
-10727 23884
-11380 23581
-11380 23581
-12226 23331
-12226 23331
-12847 22763
-12847 22763
-13456 22413
-13456 22413
-14215 22032
-14215 22032
-14851 21656
-14851 21656
-15398 21129
-15398 21129
-16096 20629
-16096 20629
-16668 20016
-16668 20016
-17263 19622
-17263 19622
-17874 19050
-17874 19050
-18512 18630
-18512 18630
-18992 17936
-18992 17936
-19480 17331
-19480 17331
-20188 16714
-20188 16714
-20663 16030
-20663 16030
-21147 15412
-21147 15412
-21609 14824
-21609 14824
-21982 14107
-21982 14107
-22413 13439
-22413 13439
-22862 12628
-22862 12628
-23099 12044
-23099 12044
-23538 11364
-23538 11364
-23852 10562
-23852 10562
-24097 9807
-24097 9807
-24420 9079
-24420 9079
-24696 8290